filename,column_index,original_header,canonical_header,dataset_type,distribution,revenue_band
Balance_sheet_2024_5M_20M.csv,0,Incorporation Status / Status d'incorporation,incorporation_status_status_d_incorporation,balance,total_revenue,5m_20m
Balance_sheet_2024_5M_20M.csv,1,NAICS code / Code SCIAN,naics_code_code_scian,balance,total_revenue,5m_20m
Balance_sheet_2024_5M_20M.csv,2,Province / Canada,province_canada,balance,total_revenue,5m_20m
Balance_sheet_2024_5M_20M.csv,3,Total assets / Actif total,total_assets_actif_total,balance,total_revenue,5m_20m
Balance_sheet_2024_5M_20M.csv,4,Quality Indicator / Indicateurs de qualité,quality_indicator_indicateurs_de_qualit,balance,total_revenue,5m_20m
Balance_sheet_2024_5M_20M.csv,5,Bottom Quartile Total assets / Quart inférieur Actif total,bottom_quartile_total_assets_quart_inf_rieur_actif_total,balance,total_revenue,5m_20m
Balance_sheet_2024_5M_20M.csv,6,Lower Middle Total assets / 2e quart Actif total,lower_middle_total_assets_2e_quart_actif_total,balance,total_revenue,5m_20m
Balance_sheet_2024_5M_20M.csv,7,Upper Middle Total assets / 3e quart Actif total,upper_middle_total_assets_3e_quart_actif_total,balance,total_revenue,5m_20m
Balance_sheet_2024_5M_20M.csv,8,Top quartile Total assets / Quart supérieur Actif total,top_quartile_total_assets_quart_sup_rieur_actif_total,balance,total_revenue,5m_20m
Balance_sheet_2024_5M_20M.csv,9,Total current assets / Actif total … court terme,total_current_assets_actif_total_court_terme,balance,total_revenue,5m_20m
Balance_sheet_2024_5M_20M.csv,10,Quality Indicator / Indicateurs de qualité,quality_indicator_indicateurs_de_qualit_2,balance,total_revenue,5m_20m
Balance_sheet_2024_5M_20M.csv,11,Bottom Quartile Total current assets / Quart inférieur Actif total … court terme,bottom_quartile_total_current_assets_quart_inf_rieur_actif_total_court_terme,balance,total_revenue,5m_20m
Balance_sheet_2024_5M_20M.csv,12,Lower Middle Total current assets / 2e quart Actif total … court terme,lower_middle_total_current_assets_2e_quart_actif_total_court_terme,balance,total_revenue,5m_20m
Balance_sheet_2024_5M_20M.csv,13,Upper Middle Total current assets / 3e quart Actif total … court terme,upper_middle_total_current_assets_3e_quart_actif_total_court_terme,balance,total_revenue,5m_20m
Balance_sheet_2024_5M_20M.csv,14,Top quartile Total current assets / Quart supérieur Actif total … court terme,top_quartile_total_current_assets_quart_sup_rieur_actif_total_court_terme,balance,total_revenue,5m_20m
Balance_sheet_2024_5M_20M.csv,15,Accounts receivable / Comptes clients,accounts_receivable_comptes_clients,balance,total_revenue,5m_20m
Balance_sheet_2024_5M_20M.csv,16,Quality Indicator / Indicateurs de qualité,quality_indicator_indicateurs_de_qualit_3,balance,total_revenue,5m_20m
Balance_sheet_2024_5M_20M.csv,17,Bottom Quartile Accounts receivable / Quart inférieur Comptes clients,bottom_quartile_accounts_receivable_quart_inf_rieur_comptes_clients,balance,total_revenue,5m_20m
Balance_sheet_2024_5M_20M.csv,18,Lower Middle Accounts receivable / 2e quart Comptes clients,lower_middle_accounts_receivable_2e_quart_comptes_clients,balance,total_revenue,5m_20m
Balance_sheet_2024_5M_20M.csv,19,Upper Middle Accounts receivable / 3e quart Comptes clients,upper_middle_accounts_receivable_3e_quart_comptes_clients,balance,total_revenue,5m_20m
Balance_sheet_2024_5M_20M.csv,20,Top quartile Accounts receivable / Quart supérieur Comptes clients,top_quartile_accounts_receivable_quart_sup_rieur_comptes_clients,balance,total_revenue,5m_20m
Balance_sheet_2024_5M_20M.csv,21,Closing inventory / Stocks de fermeture,closing_inventory_stocks_de_fermeture,balance,total_revenue,5m_20m
Balance_sheet_2024_5M_20M.csv,22,Quality Indicator / Indicateurs de qualité,quality_indicator_indicateurs_de_qualit_4,balance,total_revenue,5m_20m
Balance_sheet_2024_5M_20M.csv,23,Bottom Quartile Closing inventory / Quart inférieur Stocks de fermeture,bottom_quartile_closing_inventory_quart_inf_rieur_stocks_de_fermeture,balance,total_revenue,5m_20m
Balance_sheet_2024_5M_20M.csv,24,Lower Middle Closing inventory / 2e quart Stocks de fermeture,lower_middle_closing_inventory_2e_quart_stocks_de_fermeture,balance,total_revenue,5m_20m
Balance_sheet_2024_5M_20M.csv,25,Upper Middle Closing inventory / 3e quart Stocks de fermeture,upper_middle_closing_inventory_3e_quart_stocks_de_fermeture,balance,total_revenue,5m_20m
Balance_sheet_2024_5M_20M.csv,26,Top quartile Closing inventory / Quart supérieur,top_quartile_closing_inventory_quart_sup_rieur,balance,total_revenue,5m_20m
Balance_sheet_2024_5M_20M.csv,27,Other current assets / Autres éléments d'actif … court terme,other_current_assets_autres_l_ments_d_actif_court_terme,balance,total_revenue,5m_20m
Balance_sheet_2024_5M_20M.csv,28,Quality Indicator /  Indicateurs de qualité Indicateurs de qualité,quality_indicator_indicateurs_de_qualit_indicateurs_de_qualit,balance,total_revenue,5m_20m
Balance_sheet_2024_5M_20M.csv,29,Bottom Quartile Other current assets / Quart inférieur Autres éléments d'actif … court terme,bottom_quartile_other_current_assets_quart_inf_rieur_autres_l_ments_d_actif_court_terme,balance,total_revenue,5m_20m
Balance_sheet_2024_5M_20M.csv,30,Lower Middle Other current assets / 2e quart Autres éléments d'actif … court terme,lower_middle_other_current_assets_2e_quart_autres_l_ments_d_actif_court_terme,balance,total_revenue,5m_20m
Balance_sheet_2024_5M_20M.csv,31,Upper Middle Other current assets / 3e quart Autres éléments d'actif … court terme,upper_middle_other_current_assets_3e_quart_autres_l_ments_d_actif_court_terme,balance,total_revenue,5m_20m
Balance_sheet_2024_5M_20M.csv,32,Top quartile Other current assets / Quart supérieur Autres éléments d'actif … court terme,top_quartile_other_current_assets_quart_sup_rieur_autres_l_ments_d_actif_court_terme,balance,total_revenue,5m_20m
Balance_sheet_2024_5M_20M.csv,33,Net tangible and intagible assets / Bien corporel et incorporels en valeur nette,net_tangible_and_intagible_assets_bien_corporel_et_incorporels_en_valeur_nette,balance,total_revenue,5m_20m
Balance_sheet_2024_5M_20M.csv,34,Quality Indicator / Indicateurs de qualité,quality_indicator_indicateurs_de_qualit_5,balance,total_revenue,5m_20m
Balance_sheet_2024_5M_20M.csv,35,Bottom Quartile Net tangible and intagible assets / Quart inférieur Bien corporel et incorporels en valeur nette,bottom_quartile_net_tangible_and_intagible_assets_quart_inf_rieur_bien_corporel_et_incorporels_en_valeur_nette,balance,total_revenue,5m_20m
Balance_sheet_2024_5M_20M.csv,36,Lower Middle Net tangible and intagible assets / 2e quart Bien corporel et incorporels en valeur nette,lower_middle_net_tangible_and_intagible_assets_2e_quart_bien_corporel_et_incorporels_en_valeur_nette,balance,total_revenue,5m_20m
Balance_sheet_2024_5M_20M.csv,37,Upper Middle Net tangible and intagible assets / 3e quart Bien corporel et incorporels en valeur nette,upper_middle_net_tangible_and_intagible_assets_3e_quart_bien_corporel_et_incorporels_en_valeur_nette,balance,total_revenue,5m_20m
Balance_sheet_2024_5M_20M.csv,38,Top quartile Net tangible and intagible assets / Quart supérieur Bien corporel et incorporels en valeur nette,top_quartile_net_tangible_and_intagible_assets_quart_sup_rieur_bien_corporel_et_incorporels_en_valeur_nette,balance,total_revenue,5m_20m
Balance_sheet_2024_5M_20M.csv,39,All other assets and adjustments / Tous les autres actifs et les ajustements,all_other_assets_and_adjustments_tous_les_autres_actifs_et_les_ajustements,balance,total_revenue,5m_20m
Balance_sheet_2024_5M_20M.csv,40,Quality Indicator / Indicateurs de qualité,quality_indicator_indicateurs_de_qualit_6,balance,total_revenue,5m_20m
Balance_sheet_2024_5M_20M.csv,41,Bottom Quartile  All other assets and adjustments / Quart inférieur Tous les autres actifs et les ajustements,bottom_quartile_all_other_assets_and_adjustments_quart_inf_rieur_tous_les_autres_actifs_et_les_ajustements,balance,total_revenue,5m_20m
Balance_sheet_2024_5M_20M.csv,42,Lower Middle All other assets and adjustments / 2e quart Tous les autres actifs et les ajustements,lower_middle_all_other_assets_and_adjustments_2e_quart_tous_les_autres_actifs_et_les_ajustements,balance,total_revenue,5m_20m
Balance_sheet_2024_5M_20M.csv,43,Upper Middle All other assets and adjustments / 3e quart Tous les autres actifs et les ajustements,upper_middle_all_other_assets_and_adjustments_3e_quart_tous_les_autres_actifs_et_les_ajustements,balance,total_revenue,5m_20m
Balance_sheet_2024_5M_20M.csv,44,Top quartile All other assets and adjustments / Quart supérieur Tous les autres actifs et les ajustements,top_quartile_all_other_assets_and_adjustments_quart_sup_rieur_tous_les_autres_actifs_et_les_ajustements,balance,total_revenue,5m_20m
Balance_sheet_2024_5M_20M.csv,45,Total liabilities / Passif total,total_liabilities_passif_total,balance,total_revenue,5m_20m
Balance_sheet_2024_5M_20M.csv,46,Quality Indicator / Indicateurs de qualité,quality_indicator_indicateurs_de_qualit_7,balance,total_revenue,5m_20m
Balance_sheet_2024_5M_20M.csv,47,Bottom Quartile Total liabilities / Quart inférieur Passif total,bottom_quartile_total_liabilities_quart_inf_rieur_passif_total,balance,total_revenue,5m_20m
Balance_sheet_2024_5M_20M.csv,48,Lower Middle Total liabilities / 2e quart Passif total,lower_middle_total_liabilities_2e_quart_passif_total,balance,total_revenue,5m_20m
Balance_sheet_2024_5M_20M.csv,49,Upper Middle Total liabilities / 3e quart Passif total,upper_middle_total_liabilities_3e_quart_passif_total,balance,total_revenue,5m_20m
Balance_sheet_2024_5M_20M.csv,50,Top quartile Total liabilities / quart supérieur Passif total,top_quartile_total_liabilities_quart_sup_rieur_passif_total,balance,total_revenue,5m_20m
Balance_sheet_2024_5M_20M.csv,51,Total current liabilities / Passif … court terme total,total_current_liabilities_passif_court_terme_total,balance,total_revenue,5m_20m
Balance_sheet_2024_5M_20M.csv,52,Quality Indicator / Indicateurs de qualité,quality_indicator_indicateurs_de_qualit_8,balance,total_revenue,5m_20m
Balance_sheet_2024_5M_20M.csv,53,Bottom Quartile Total current liabilities / quart inférieur Passif … court terme total,bottom_quartile_total_current_liabilities_quart_inf_rieur_passif_court_terme_total,balance,total_revenue,5m_20m
Balance_sheet_2024_5M_20M.csv,54,Lower Middle Total current liabilities / 2e quart Passif … court terme total,lower_middle_total_current_liabilities_2e_quart_passif_court_terme_total,balance,total_revenue,5m_20m
Balance_sheet_2024_5M_20M.csv,55,Upper Middle Total current liabilities / 3e quart Passif … court terme total,upper_middle_total_current_liabilities_3e_quart_passif_court_terme_total,balance,total_revenue,5m_20m
Balance_sheet_2024_5M_20M.csv,56,Top quartile Total current liabilities / Quart supérieur Passif … court terme total,top_quartile_total_current_liabilities_quart_sup_rieur_passif_court_terme_total,balance,total_revenue,5m_20m
Balance_sheet_2024_5M_20M.csv,57,Current bank loans / Emprunts bancaires … court terme,current_bank_loans_emprunts_bancaires_court_terme,balance,total_revenue,5m_20m
Balance_sheet_2024_5M_20M.csv,58,Quality Indicator / Indicateurs de qualité,quality_indicator_indicateurs_de_qualit_9,balance,total_revenue,5m_20m
Balance_sheet_2024_5M_20M.csv,59,Bottom Quartile Current bank loans / Quart inférieur Emprunts bancaires … court terme,bottom_quartile_current_bank_loans_quart_inf_rieur_emprunts_bancaires_court_terme,balance,total_revenue,5m_20m
Balance_sheet_2024_5M_20M.csv,60,Lower Middle Current bank loans / 2e quart Emprunts bancaires … court terme,lower_middle_current_bank_loans_2e_quart_emprunts_bancaires_court_terme,balance,total_revenue,5m_20m
Balance_sheet_2024_5M_20M.csv,61,Upper Middle Current bank loans / 3e quart Emprunts bancaires … court terme,upper_middle_current_bank_loans_3e_quart_emprunts_bancaires_court_terme,balance,total_revenue,5m_20m
Balance_sheet_2024_5M_20M.csv,62,Top quartile Current bank loans / Quart supérieur Emprunts bancaires … court terme,top_quartile_current_bank_loans_quart_sup_rieur_emprunts_bancaires_court_terme,balance,total_revenue,5m_20m
Balance_sheet_2024_5M_20M.csv,63,Other current liabilities / Autres éléments de passif … court terme,other_current_liabilities_autres_l_ments_de_passif_court_terme,balance,total_revenue,5m_20m
Balance_sheet_2024_5M_20M.csv,64,Quality Indicator / Indicateurs de qualité,quality_indicator_indicateurs_de_qualit_10,balance,total_revenue,5m_20m
Balance_sheet_2024_5M_20M.csv,65,Bottom Quartile Other current liabilities / Quart inférieur Autres éléments de passif … court terme,bottom_quartile_other_current_liabilities_quart_inf_rieur_autres_l_ments_de_passif_court_terme,balance,total_revenue,5m_20m
Balance_sheet_2024_5M_20M.csv,66,Lower Middle Other current liabilities / 2e quart Autres éléments de passif … court terme,lower_middle_other_current_liabilities_2e_quart_autres_l_ments_de_passif_court_terme,balance,total_revenue,5m_20m
Balance_sheet_2024_5M_20M.csv,67,Upper Middle Other current liabilities / 3e quart Autres éléments de passif … court terme,upper_middle_other_current_liabilities_3e_quart_autres_l_ments_de_passif_court_terme,balance,total_revenue,5m_20m
Balance_sheet_2024_5M_20M.csv,68,Top quartile Other current liabilities / Quart supérieur Autres éléments de passif … court terme,top_quartile_other_current_liabilities_quart_sup_rieur_autres_l_ments_de_passif_court_terme,balance,total_revenue,5m_20m
Balance_sheet_2024_5M_20M.csv,69,Long term liabilities / Passif … long terme,long_term_liabilities_passif_long_terme,balance,total_revenue,5m_20m
Balance_sheet_2024_5M_20M.csv,70,Quality Indicator / Indicateurs de qualité,quality_indicator_indicateurs_de_qualit_11,balance,total_revenue,5m_20m
Balance_sheet_2024_5M_20M.csv,71,Bottom Quartile Long term liabilities / quart inférieur Passif … long terme,bottom_quartile_long_term_liabilities_quart_inf_rieur_passif_long_terme,balance,total_revenue,5m_20m
Balance_sheet_2024_5M_20M.csv,72,Lower Middle Long term liabilities / 2e quart Passif … long terme,lower_middle_long_term_liabilities_2e_quart_passif_long_terme,balance,total_revenue,5m_20m
Balance_sheet_2024_5M_20M.csv,73,Upper Middle Long term liabilities / 3e quart Passif … long terme,upper_middle_long_term_liabilities_3e_quart_passif_long_terme,balance,total_revenue,5m_20m
Balance_sheet_2024_5M_20M.csv,74,Top quartile Long term liabilities / Quart supérieur Passif … long terme,top_quartile_long_term_liabilities_quart_sup_rieur_passif_long_terme,balance,total_revenue,5m_20m
Balance_sheet_2024_5M_20M.csv,75,Total equity / Avoir des actionnaires en valeur totale,total_equity_avoir_des_actionnaires_en_valeur_totale,balance,total_revenue,5m_20m
Balance_sheet_2024_5M_20M.csv,76,Quality Indicator /  Indicateurs de qualité,quality_indicator_indicateurs_de_qualit_12,balance,total_revenue,5m_20m
Balance_sheet_2024_5M_20M.csv,77,Bottom Quartile Total equity / Quart inférieur Avoir des actionnaires en valeur totale,bottom_quartile_total_equity_quart_inf_rieur_avoir_des_actionnaires_en_valeur_totale,balance,total_revenue,5m_20m
Balance_sheet_2024_5M_20M.csv,78,Lower Middle Total equity / 2e quart Avoir des actionnaires en valeur totale,lower_middle_total_equity_2e_quart_avoir_des_actionnaires_en_valeur_totale,balance,total_revenue,5m_20m
Balance_sheet_2024_5M_20M.csv,79,Upper Middle Total equity / 3e quart Avoir des actionnaires en valeur totale,upper_middle_total_equity_3e_quart_avoir_des_actionnaires_en_valeur_totale,balance,total_revenue,5m_20m
Balance_sheet_2024_5M_20M.csv,80,Top quartile Total equity / Quart supérieur Avoir des actionnaires en valeur totale,top_quartile_total_equity_quart_sup_rieur_avoir_des_actionnaires_en_valeur_totale,balance,total_revenue,5m_20m
Balance_sheet_2024_5M_20M.csv,81,Year  / Année,year_ann_e,balance,total_revenue,5m_20m
Financial_ratios_2024_5M_20M.csv,0,Incorporation Status / Status d'incorporation,incorporation_status_status_d_incorporation,ratios,total_revenue,5m_20m
Financial_ratios_2024_5M_20M.csv,1,Naics code / Code Scian,naics_code_code_scian,ratios,total_revenue,5m_20m
Financial_ratios_2024_5M_20M.csv,2,Canada / Province,canada_province,ratios,total_revenue,5m_20m
Financial_ratios_2024_5M_20M.csv,3,Current ratio / Ratio de la liquidité générale,current_ratio_ratio_de_la_liquidit_g_n_rale,ratios,total_revenue,5m_20m
Financial_ratios_2024_5M_20M.csv,4,Bottom Quartile Current ratio / Quart inférieur Ratio de la liquidité générale,bottom_quartile_current_ratio_quart_inf_rieur_ratio_de_la_liquidit_g_n_rale,ratios,total_revenue,5m_20m
Financial_ratios_2024_5M_20M.csv,5,Lower Middle Current ratio / 2e quart Ratio de la liquidité générale,lower_middle_current_ratio_2e_quart_ratio_de_la_liquidit_g_n_rale,ratios,total_revenue,5m_20m
Financial_ratios_2024_5M_20M.csv,6,Upper Middle Current Ratio / 3e quart Ratio de la liquidité générale,upper_middle_current_ratio_3e_quart_ratio_de_la_liquidit_g_n_rale,ratios,total_revenue,5m_20m
Financial_ratios_2024_5M_20M.csv,7,Top Quartile Current ratio / Quart supérieurRatio de la liquidité générale,top_quartile_current_ratio_quart_sup_rieurratio_de_la_liquidit_g_n_rale,ratios,total_revenue,5m_20m
Financial_ratios_2024_5M_20M.csv,8,Debt to equity ratio / Ratio d'endettement passif-avoir,debt_to_equity_ratio_ratio_d_endettement_passif_avoir,ratios,total_revenue,5m_20m
Financial_ratios_2024_5M_20M.csv,9,Bottom Quartile Debt to equity ratio / quart inférieur Ratio d'endettement passif-avoir,bottom_quartile_debt_to_equity_ratio_quart_inf_rieur_ratio_d_endettement_passif_avoir,ratios,total_revenue,5m_20m
Financial_ratios_2024_5M_20M.csv,10,Lower Middle Debt to equity ratio / 2e quart Ratio d'endettement passif-avoir,lower_middle_debt_to_equity_ratio_2e_quart_ratio_d_endettement_passif_avoir,ratios,total_revenue,5m_20m
Financial_ratios_2024_5M_20M.csv,11,Upper Middle Debt to equity ratio / 3e quart Ratio d'endettement passif-avoir,upper_middle_debt_to_equity_ratio_3e_quart_ratio_d_endettement_passif_avoir,ratios,total_revenue,5m_20m
Financial_ratios_2024_5M_20M.csv,12,Top Quartile Debt to equity ratio / quart supérieur Ratio d'endettement passif-avoir,top_quartile_debt_to_equity_ratio_quart_sup_rieur_ratio_d_endettement_passif_avoir,ratios,total_revenue,5m_20m
Financial_ratios_2024_5M_20M.csv,13,Interest coverage ratio / Ratio de couverture des intérêts,interest_coverage_ratio_ratio_de_couverture_des_int_r_ts,ratios,total_revenue,5m_20m
Financial_ratios_2024_5M_20M.csv,14,Bottom Quartile Interest coverage ratio / Quart inférieur Ratio de couverture des intérêts,bottom_quartile_interest_coverage_ratio_quart_inf_rieur_ratio_de_couverture_des_int_r_ts,ratios,total_revenue,5m_20m
Financial_ratios_2024_5M_20M.csv,15,Lower Middle Interest coverage ratio / 2e quart Ratio de couverture des intérêts,lower_middle_interest_coverage_ratio_2e_quart_ratio_de_couverture_des_int_r_ts,ratios,total_revenue,5m_20m
Financial_ratios_2024_5M_20M.csv,16,Upper Middle Interest coverage ratio / 3e quart Ratio de couverture des intérêts,upper_middle_interest_coverage_ratio_3e_quart_ratio_de_couverture_des_int_r_ts,ratios,total_revenue,5m_20m
Financial_ratios_2024_5M_20M.csv,17,Top Quartile Interest coverage ratio / Quart supérieur,top_quartile_interest_coverage_ratio_quart_sup_rieur,ratios,total_revenue,5m_20m
Financial_ratios_2024_5M_20M.csv,18,Debt ratio / Ratio d'endettement passif-actif,debt_ratio_ratio_d_endettement_passif_actif,ratios,total_revenue,5m_20m
Financial_ratios_2024_5M_20M.csv,19,Bottom Quartile Debt ratio / Quart inférieur Ratio d'endettement passif-actif,bottom_quartile_debt_ratio_quart_inf_rieur_ratio_d_endettement_passif_actif,ratios,total_revenue,5m_20m
Financial_ratios_2024_5M_20M.csv,20,Lower Middle Debt ratio / 2e quart Ratio d'endettement passif-actif,lower_middle_debt_ratio_2e_quart_ratio_d_endettement_passif_actif,ratios,total_revenue,5m_20m
Financial_ratios_2024_5M_20M.csv,21,Upper Middle Debt ratio / 3e quart Ratio d'endettement passif-actif,upper_middle_debt_ratio_3e_quart_ratio_d_endettement_passif_actif,ratios,total_revenue,5m_20m
Financial_ratios_2024_5M_20M.csv,22,Top Quartile Debt ratio / Quart supérieur Ratio d'endettement passif-actif,top_quartile_debt_ratio_quart_sup_rieur_ratio_d_endettement_passif_actif,ratios,total_revenue,5m_20m
Financial_ratios_2024_5M_20M.csv,23,Revenue to equity ratioRatio recettes-capitaux propres,revenue_to_equity_ratioratio_recettes_capitaux_propres,ratios,total_revenue,5m_20m
Financial_ratios_2024_5M_20M.csv,24,Bottom Quartile Revenue to equity ratio / quart inférieur Ratio recettes-capitaux propres,bottom_quartile_revenue_to_equity_ratio_quart_inf_rieur_ratio_recettes_capitaux_propres,ratios,total_revenue,5m_20m
Financial_ratios_2024_5M_20M.csv,25,Lower Middle Revenue to equity ratio / 2e quart Ratio recettes-capitaux propres,lower_middle_revenue_to_equity_ratio_2e_quart_ratio_recettes_capitaux_propres,ratios,total_revenue,5m_20m
Financial_ratios_2024_5M_20M.csv,26,Upper Middle Revenue to equity ratio / 3e quart Ratio recettes-capitaux propres,upper_middle_revenue_to_equity_ratio_3e_quart_ratio_recettes_capitaux_propres,ratios,total_revenue,5m_20m
Financial_ratios_2024_5M_20M.csv,27,Top Quartile Revenue to equity ratio / Quart supérieur Ratio recettes-capitaux propres,top_quartile_revenue_to_equity_ratio_quart_sup_rieur_ratio_recettes_capitaux_propres,ratios,total_revenue,5m_20m
Financial_ratios_2024_5M_20M.csv,28,Revenue to closing inventory ratio / Ratio recettes-stocks de fermeture,revenue_to_closing_inventory_ratio_ratio_recettes_stocks_de_fermeture,ratios,total_revenue,5m_20m
Financial_ratios_2024_5M_20M.csv,29,Bottom Quartile Revenue to closing inventory ratio / quart inférieur Ratio recettes-stocks de fermeture,bottom_quartile_revenue_to_closing_inventory_ratio_quart_inf_rieur_ratio_recettes_stocks_de_fermeture,ratios,total_revenue,5m_20m
Financial_ratios_2024_5M_20M.csv,30,Lower Middle Revenue to closing inventory ratio / 2e quart Ratio recettes-stocks de fermeture,lower_middle_revenue_to_closing_inventory_ratio_2e_quart_ratio_recettes_stocks_de_fermeture,ratios,total_revenue,5m_20m
Financial_ratios_2024_5M_20M.csv,31,Upper Middle Revenue to closing inventory ratio / 3e quart Ratio recettes-stocks de fermeture,upper_middle_revenue_to_closing_inventory_ratio_3e_quart_ratio_recettes_stocks_de_fermeture,ratios,total_revenue,5m_20m
Financial_ratios_2024_5M_20M.csv,32,Top Quartile Revenue to closing inventory ratio / Quart supérieur Ratio recettes-stocks de fermeture,top_quartile_revenue_to_closing_inventory_ratio_quart_sup_rieur_ratio_recettes_stocks_de_fermeture,ratios,total_revenue,5m_20m
Financial_ratios_2024_5M_20M.csv,33,Current debt to equity (%) / Ratio créances à court terme-capitaux propres (%),current_debt_to_equity_ratio_cr_ances_court_terme_capitaux_propres,ratios,total_revenue,5m_20m
Financial_ratios_2024_5M_20M.csv,34,Bottom Quartile Current debt to equity (%) / Quart inférieur Ratio créances à court terme-capitaux propres (%),bottom_quartile_current_debt_to_equity_quart_inf_rieur_ratio_cr_ances_court_terme_capitaux_propres,ratios,total_revenue,5m_20m
Financial_ratios_2024_5M_20M.csv,35,Lower Middle Current debt to equity (%) / 2e quart Ratio créances à court terme-capitaux propres (%),lower_middle_current_debt_to_equity_2e_quart_ratio_cr_ances_court_terme_capitaux_propres,ratios,total_revenue,5m_20m
Financial_ratios_2024_5M_20M.csv,36,Upper Middle Current debt to equity (%) / 3e quart Ratio créances à court terme-capitaux propres (%),upper_middle_current_debt_to_equity_3e_quart_ratio_cr_ances_court_terme_capitaux_propres,ratios,total_revenue,5m_20m
Financial_ratios_2024_5M_20M.csv,37,Top Quartile Current debt to equity (%) /  Quart supérieur Ratio créances à court terme-capitaux propres (%),top_quartile_current_debt_to_equity_quart_sup_rieur_ratio_cr_ances_court_terme_capitaux_propres,ratios,total_revenue,5m_20m
Financial_ratios_2024_5M_20M.csv,38,Net profit to equity (%) / Ratio bénéfice net-capitaux propres (%),net_profit_to_equity_ratio_b_n_fice_net_capitaux_propres,ratios,total_revenue,5m_20m
Financial_ratios_2024_5M_20M.csv,39,Bottom Quartile Net profit to equity (%) Quart inférieur Ratio bénéfice net-capitaux propres (%),bottom_quartile_net_profit_to_equity_quart_inf_rieur_ratio_b_n_fice_net_capitaux_propres,ratios,total_revenue,5m_20m
Financial_ratios_2024_5M_20M.csv,40,Lower Middle Net profit to equity (%) / 2e quart Ratio bénéfice net-capitaux propres (%),lower_middle_net_profit_to_equity_2e_quart_ratio_b_n_fice_net_capitaux_propres,ratios,total_revenue,5m_20m
Financial_ratios_2024_5M_20M.csv,41,Upper Middle Net profit to equity (%) / 3e quart Ratio bénéfice net-capitaux propres (%),upper_middle_net_profit_to_equity_3e_quart_ratio_b_n_fice_net_capitaux_propres,ratios,total_revenue,5m_20m
Financial_ratios_2024_5M_20M.csv,42,Top Quartile Net profit to equity (%) / quart supérieur Ratio bénéfice net-capitaux propres (%),top_quartile_net_profit_to_equity_quart_sup_rieur_ratio_b_n_fice_net_capitaux_propres,ratios,total_revenue,5m_20m
Financial_ratios_2024_5M_20M.csv,43,Net fixed assets to equity (%) / Ratio immobilisé net-capitaux propres (%),net_fixed_assets_to_equity_ratio_immobilis_net_capitaux_propres,ratios,total_revenue,5m_20m
Financial_ratios_2024_5M_20M.csv,44,Bottom Quartile Net fixed assets to equity (%) / Quart inférieur Ratio immobilisé net-capitaux propres (%),bottom_quartile_net_fixed_assets_to_equity_quart_inf_rieur_ratio_immobilis_net_capitaux_propres,ratios,total_revenue,5m_20m
Financial_ratios_2024_5M_20M.csv,45,Lower Middle Net fixed assets to equity (%) / 2e quart Ratio immobilisé net-capitaux propres (%),lower_middle_net_fixed_assets_to_equity_2e_quart_ratio_immobilis_net_capitaux_propres,ratios,total_revenue,5m_20m
Financial_ratios_2024_5M_20M.csv,46,Upper Middle Net fixed assets to equity (%) / 3e quart Ratio immobilisé net-capitaux propres (%),upper_middle_net_fixed_assets_to_equity_3e_quart_ratio_immobilis_net_capitaux_propres,ratios,total_revenue,5m_20m
Financial_ratios_2024_5M_20M.csv,47,Top Quartile Net fixed assets to equity (%) / Quart supérieur Ratio immobilisé net-capitaux propres (%),top_quartile_net_fixed_assets_to_equity_quart_sup_rieur_ratio_immobilis_net_capitaux_propres,ratios,total_revenue,5m_20m
Financial_ratios_2024_5M_20M.csv,48,Gross margin (%) / Marge bénéficiaire brute (%),gross_margin_marge_b_n_ficiaire_brute,ratios,total_revenue,5m_20m
Financial_ratios_2024_5M_20M.csv,49,Bottom Quartile Gross margin (%) / Quart inférieur Marge bénéficiaire brute (%),bottom_quartile_gross_margin_quart_inf_rieur_marge_b_n_ficiaire_brute,ratios,total_revenue,5m_20m
Financial_ratios_2024_5M_20M.csv,50,Lower Middle Gross margin (%) / 2e quart Marge bénéficiaire brute (%),lower_middle_gross_margin_2e_quart_marge_b_n_ficiaire_brute,ratios,total_revenue,5m_20m
Financial_ratios_2024_5M_20M.csv,51,Upper Middle Gross margin (%) / 3e quart Marge bénéficiaire brute (%),upper_middle_gross_margin_3e_quart_marge_b_n_ficiaire_brute,ratios,total_revenue,5m_20m
Financial_ratios_2024_5M_20M.csv,52,Top Quartile Gross margin (%) / Quart supérieur Marge bénéficiaire brute (%),top_quartile_gross_margin_quart_sup_rieur_marge_b_n_ficiaire_brute,ratios,total_revenue,5m_20m
Financial_ratios_2024_5M_20M.csv,53,Return on total assets (%) / Rendement de l'actif total (%),return_on_total_assets_rendement_de_l_actif_total,ratios,total_revenue,5m_20m
Financial_ratios_2024_5M_20M.csv,54,Bottom Quartile Return on total assets (%) Quart inférieur Rendement de l'actif total (%),bottom_quartile_return_on_total_assets_quart_inf_rieur_rendement_de_l_actif_total,ratios,total_revenue,5m_20m
Financial_ratios_2024_5M_20M.csv,55,Lower Middle Return on total assets (%) / 2e quart Rendement de l'actif total (%),lower_middle_return_on_total_assets_2e_quart_rendement_de_l_actif_total,ratios,total_revenue,5m_20m
Financial_ratios_2024_5M_20M.csv,56,Upper Middle Return on total assets (%) / 3e quart Rendement de l'actif total (%),upper_middle_return_on_total_assets_3e_quart_rendement_de_l_actif_total,ratios,total_revenue,5m_20m
Financial_ratios_2024_5M_20M.csv,57,Top Quartile Return on total assets (%) / Quart supérieur Rendement de l'actif total (%),top_quartile_return_on_total_assets_quart_sup_rieur_rendement_de_l_actif_total,ratios,total_revenue,5m_20m
Financial_ratios_2024_5M_20M.csv,58,Collection period for accounts receivable (days) / Délai moyen de recouvrement des créances (jours),collection_period_for_accounts_receivable_days_d_lai_moyen_de_recouvrement_des_cr_ances_jours,ratios,total_revenue,5m_20m
Financial_ratios_2024_5M_20M.csv,59,Bottom Quartile Collection period for accounts receivable (days) / Quart inférieur Délai moyen de recouvrement des créances (jours),bottom_quartile_collection_period_for_accounts_receivable_days_quart_inf_rieur_d_lai_moyen_de_recouvrement_des_cr_ances_jours,ratios,total_revenue,5m_20m
Financial_ratios_2024_5M_20M.csv,60,Lower Middle Collection period for accounts receivable (days)  / 2e quart Délai moyen de recouvrement des créances (jours),lower_middle_collection_period_for_accounts_receivable_days_2e_quart_d_lai_moyen_de_recouvrement_des_cr_ances_jours,ratios,total_revenue,5m_20m
Financial_ratios_2024_5M_20M.csv,61,Upper Middle Collection period for accounts receivable (days) / 3e quart Délai moyen de recouvrement des créances (jours),upper_middle_collection_period_for_accounts_receivable_days_3e_quart_d_lai_moyen_de_recouvrement_des_cr_ances_jours,ratios,total_revenue,5m_20m
Financial_ratios_2024_5M_20M.csv,62,Top Quartile Collection period for accounts receivable (days) / Quart supérieur Délai moyen de recouvrement des créances (jours),top_quartile_collection_period_for_accounts_receivable_days_quart_sup_rieur_d_lai_moyen_de_recouvrement_des_cr_ances_jours,ratios,total_revenue,5m_20m
Financial_ratios_2024_5M_20M.csv,63,Year / Année,year_ann_e,ratios,total_revenue,5m_20m
Profit_Margin_Total_expenses_percentage_2024_5M_20M.csv,0,Incorporation Status /  / Etat d'incorporation,incorporation_status_etat_d_incorporation,expenses_pct,profit_margin,5m_20m
Profit_Margin_Total_expenses_percentage_2024_5M_20M.csv,1,Naics code /  / Code Scian,naics_code_code_scian,expenses_pct,profit_margin,5m_20m
Profit_Margin_Total_expenses_percentage_2024_5M_20M.csv,2,Province/Canada / ,province,expenses_pct,profit_margin,5m_20m
Profit_Margin_Total_expenses_percentage_2024_5M_20M.csv,3,Cost of Sales (direct expenses) / Coût de ventes (frais direct),cost_of_sales_direct_expenses_co_t_de_ventes_frais_direct,expenses_pct,profit_margin,5m_20m
Profit_Margin_Total_expenses_percentage_2024_5M_20M.csv,4,Quality Indicator / Indicateurs de qualité,quality_indicator_indicateurs_de_qualit,expenses_pct,profit_margin,5m_20m
Profit_Margin_Total_expenses_percentage_2024_5M_20M.csv,5,Bottom Quartile Cost of Sales / Quart inférieur Coût de ventes (frais direct),bottom_quartile_cost_of_sales_quart_inf_rieur_co_t_de_ventes_frais_direct,expenses_pct,profit_margin,5m_20m
Profit_Margin_Total_expenses_percentage_2024_5M_20M.csv,6,Lower Middle Cost of Sales / 2e quart Coût de ventes (frais direct),lower_middle_cost_of_sales_2e_quart_co_t_de_ventes_frais_direct,expenses_pct,profit_margin,5m_20m
Profit_Margin_Total_expenses_percentage_2024_5M_20M.csv,7,Upper Middle cost of Sales / 3e quart Coût de ventes (frais direct),upper_middle_cost_of_sales_3e_quart_co_t_de_ventes_frais_direct,expenses_pct,profit_margin,5m_20m
Profit_Margin_Total_expenses_percentage_2024_5M_20M.csv,8,Top Quartile Cost of Sales / Quart supérieur Coût de ventes (frais direct),top_quartile_cost_of_sales_quart_sup_rieur_co_t_de_ventes_frais_direct,expenses_pct,profit_margin,5m_20m
Profit_Margin_Total_expenses_percentage_2024_5M_20M.csv,9,% of Businesses Reporting / % des entreprises déclarantes Coût de ventes (frais direct),of_businesses_reporting_des_entreprises_d_clarantes_co_t_de_ventes_frais_direct,expenses_pct,profit_margin,5m_20m
Profit_Margin_Total_expenses_percentage_2024_5M_20M.csv,10,Wages and Benefits / Salaires et avantages sociaux,wages_and_benefits_salaires_et_avantages_sociaux,expenses_pct,profit_margin,5m_20m
Profit_Margin_Total_expenses_percentage_2024_5M_20M.csv,11,Quality Indicator / Indicateurs de qualité,quality_indicator_indicateurs_de_qualit_2,expenses_pct,profit_margin,5m_20m
Profit_Margin_Total_expenses_percentage_2024_5M_20M.csv,12,Bottom Quartile Wages and Benefits / quart inférieur Salaires et avantages sociaux,bottom_quartile_wages_and_benefits_quart_inf_rieur_salaires_et_avantages_sociaux,expenses_pct,profit_margin,5m_20m
Profit_Margin_Total_expenses_percentage_2024_5M_20M.csv,13,Lower Middle Wages and Benefits / 2e quart Salaires et avantages sociaux,lower_middle_wages_and_benefits_2e_quart_salaires_et_avantages_sociaux,expenses_pct,profit_margin,5m_20m
Profit_Margin_Total_expenses_percentage_2024_5M_20M.csv,14,Upper Middle Wages and Benefits / 3e quart Salaires et avantages sociaux,upper_middle_wages_and_benefits_3e_quart_salaires_et_avantages_sociaux,expenses_pct,profit_margin,5m_20m
Profit_Margin_Total_expenses_percentage_2024_5M_20M.csv,15,Top Quartile Wages and Benefits / Quart supérieur Salaires et avantages sociaux,top_quartile_wages_and_benefits_quart_sup_rieur_salaires_et_avantages_sociaux,expenses_pct,profit_margin,5m_20m
Profit_Margin_Total_expenses_percentage_2024_5M_20M.csv,16,% of Businesses Reporting / % des entreprises déclarantes,of_businesses_reporting_des_entreprises_d_clarantes,expenses_pct,profit_margin,5m_20m
Profit_Margin_Total_expenses_percentage_2024_5M_20M.csv,17,"Purchases, materials and sub-contracts / Achats, matériaux et sous-traitances",purchases_materials_and_sub_contracts_achats_mat_riaux_et_sous_traitances,expenses_pct,profit_margin,5m_20m
Profit_Margin_Total_expenses_percentage_2024_5M_20M.csv,18,Quality Indicator / Indicateurs de qualité,quality_indicator_indicateurs_de_qualit_3,expenses_pct,profit_margin,5m_20m
Profit_Margin_Total_expenses_percentage_2024_5M_20M.csv,19,"Bottom Quartile Purchases, materials and sub-contracts / Quart inférieurs Achats, matériaux et sous-traitances",bottom_quartile_purchases_materials_and_sub_contracts_quart_inf_rieurs_achats_mat_riaux_et_sous_traitances,expenses_pct,profit_margin,5m_20m
Profit_Margin_Total_expenses_percentage_2024_5M_20M.csv,20,"Lower Middle Purchases, materials and sub-contracts / 2e quart Achats, matériaux et sous-traitances",lower_middle_purchases_materials_and_sub_contracts_2e_quart_achats_mat_riaux_et_sous_traitances,expenses_pct,profit_margin,5m_20m
Profit_Margin_Total_expenses_percentage_2024_5M_20M.csv,21,"Upper Middle Purchases, materials and sub-contracts / 3e quart Achats, matériaux et sous-traitances",upper_middle_purchases_materials_and_sub_contracts_3e_quart_achats_mat_riaux_et_sous_traitances,expenses_pct,profit_margin,5m_20m
Profit_Margin_Total_expenses_percentage_2024_5M_20M.csv,22,"Top Quartile Purchases, materials and sub-contracts / quart supérieurs Achats, matériaux et sous-traitances",top_quartile_purchases_materials_and_sub_contracts_quart_sup_rieurs_achats_mat_riaux_et_sous_traitances,expenses_pct,profit_margin,5m_20m
Profit_Margin_Total_expenses_percentage_2024_5M_20M.csv,23,% of Businesses Reporting / % des entreprises déclarantes,of_businesses_reporting_des_entreprises_d_clarantes_2,expenses_pct,profit_margin,5m_20m
Profit_Margin_Total_expenses_percentage_2024_5M_20M.csv,24,Opening Inventory / Stocks d'ouverture,opening_inventory_stocks_d_ouverture,expenses_pct,profit_margin,5m_20m
Profit_Margin_Total_expenses_percentage_2024_5M_20M.csv,25,Quality Indicator / Indicateurs de qualité,quality_indicator_indicateurs_de_qualit_4,expenses_pct,profit_margin,5m_20m
Profit_Margin_Total_expenses_percentage_2024_5M_20M.csv,26,Bottom Quartile Opening Inventory / Quart inférieurs Stocks d'ouverture,bottom_quartile_opening_inventory_quart_inf_rieurs_stocks_d_ouverture,expenses_pct,profit_margin,5m_20m
Profit_Margin_Total_expenses_percentage_2024_5M_20M.csv,27,Lower Middle Opening Inventory / 2e quart Stocks d'ouverture,lower_middle_opening_inventory_2e_quart_stocks_d_ouverture,expenses_pct,profit_margin,5m_20m
Profit_Margin_Total_expenses_percentage_2024_5M_20M.csv,28,Upper Middle Opening Inventory / 3e quart Stocks d'ouverture,upper_middle_opening_inventory_3e_quart_stocks_d_ouverture,expenses_pct,profit_margin,5m_20m
Profit_Margin_Total_expenses_percentage_2024_5M_20M.csv,29,Top Quartile Opening Inventory / Quart supérieurs Stocks d'ouverture,top_quartile_opening_inventory_quart_sup_rieurs_stocks_d_ouverture,expenses_pct,profit_margin,5m_20m
Profit_Margin_Total_expenses_percentage_2024_5M_20M.csv,30,% of Businesses Reporting / % des entreprises déclarantes,of_businesses_reporting_des_entreprises_d_clarantes_3,expenses_pct,profit_margin,5m_20m
Profit_Margin_Total_expenses_percentage_2024_5M_20M.csv,31,Closing Inventory / Stock de fermeture,closing_inventory_stock_de_fermeture,expenses_pct,profit_margin,5m_20m
Profit_Margin_Total_expenses_percentage_2024_5M_20M.csv,32,Quality Indicator / Indicateurs de qualité,quality_indicator_indicateurs_de_qualit_5,expenses_pct,profit_margin,5m_20m
Profit_Margin_Total_expenses_percentage_2024_5M_20M.csv,33,Bottom Quartile Closing Inventory / Quart inférieurs Stock de fermeture,bottom_quartile_closing_inventory_quart_inf_rieurs_stock_de_fermeture,expenses_pct,profit_margin,5m_20m
Profit_Margin_Total_expenses_percentage_2024_5M_20M.csv,34,Lower Middle Closing Inventory / 2e quart Stock de fermeture,lower_middle_closing_inventory_2e_quart_stock_de_fermeture,expenses_pct,profit_margin,5m_20m
Profit_Margin_Total_expenses_percentage_2024_5M_20M.csv,35,Upper Middle Closing Inventory / 3e quart Stock de fermeture,upper_middle_closing_inventory_3e_quart_stock_de_fermeture,expenses_pct,profit_margin,5m_20m
Profit_Margin_Total_expenses_percentage_2024_5M_20M.csv,36,Top Quartile Closing Inventory / Quart supérieurs Stock de fermeture,top_quartile_closing_inventory_quart_sup_rieurs_stock_de_fermeture,expenses_pct,profit_margin,5m_20m
Profit_Margin_Total_expenses_percentage_2024_5M_20M.csv,37,% of Businesses Reporting / % des entreprises déclarantes,of_businesses_reporting_des_entreprises_d_clarantes_4,expenses_pct,profit_margin,5m_20m
Profit_Margin_Total_expenses_percentage_2024_5M_20M.csv,38,Operating expenses (indirect)  / Dépenses d'exploitation (frais indirects),operating_expenses_indirect_d_penses_d_exploitation_frais_indirects,expenses_pct,profit_margin,5m_20m
Profit_Margin_Total_expenses_percentage_2024_5M_20M.csv,39,Quality Indicator / Indicateurs de qualité,quality_indicator_indicateurs_de_qualit_6,expenses_pct,profit_margin,5m_20m
Profit_Margin_Total_expenses_percentage_2024_5M_20M.csv,40,Bottom Quartile Operating Expenses (indirect) / Quart inférieurs Dépenses d'exploitation (frais indirects),bottom_quartile_operating_expenses_indirect_quart_inf_rieurs_d_penses_d_exploitation_frais_indirects,expenses_pct,profit_margin,5m_20m
Profit_Margin_Total_expenses_percentage_2024_5M_20M.csv,41,Lower Middle Operating Expenses (indirect) / 2e Quart Dépenses d'exploitation (frais indirects),lower_middle_operating_expenses_indirect_2e_quart_d_penses_d_exploitation_frais_indirects,expenses_pct,profit_margin,5m_20m
Profit_Margin_Total_expenses_percentage_2024_5M_20M.csv,42,Upper Middle Operating Expenses (indirect) / 3e quart Dépenses d'exploitation (frais indirects),upper_middle_operating_expenses_indirect_3e_quart_d_penses_d_exploitation_frais_indirects,expenses_pct,profit_margin,5m_20m
Profit_Margin_Total_expenses_percentage_2024_5M_20M.csv,43,Top Quartile Operating Expenses (indirect) / Quart supérieur Dépenses d'exploitation (frais indirects),top_quartile_operating_expenses_indirect_quart_sup_rieur_d_penses_d_exploitation_frais_indirects,expenses_pct,profit_margin,5m_20m
Profit_Margin_Total_expenses_percentage_2024_5M_20M.csv,44,% of Businesses Reporting / % des entreprises déclarantes,of_businesses_reporting_des_entreprises_d_clarantes_5,expenses_pct,profit_margin,5m_20m
Profit_Margin_Total_expenses_percentage_2024_5M_20M.csv,45,Labour and Commissions  / Traitements et commissions,labour_and_commissions_traitements_et_commissions,expenses_pct,profit_margin,5m_20m
Profit_Margin_Total_expenses_percentage_2024_5M_20M.csv,46,Quality Indicator / Indicateurs de qualité,quality_indicator_indicateurs_de_qualit_7,expenses_pct,profit_margin,5m_20m
Profit_Margin_Total_expenses_percentage_2024_5M_20M.csv,47,Bottom Quartile Labour and Commissions / Quart inférieur Traitements et commissions,bottom_quartile_labour_and_commissions_quart_inf_rieur_traitements_et_commissions,expenses_pct,profit_margin,5m_20m
Profit_Margin_Total_expenses_percentage_2024_5M_20M.csv,48,Lower Middle Labour and Commissions / 2e quart Traitements et commissions,lower_middle_labour_and_commissions_2e_quart_traitements_et_commissions,expenses_pct,profit_margin,5m_20m
Profit_Margin_Total_expenses_percentage_2024_5M_20M.csv,49,Upper Middle Labour and Commissions / 3e quart Traitements et commissions,upper_middle_labour_and_commissions_3e_quart_traitements_et_commissions,expenses_pct,profit_margin,5m_20m
Profit_Margin_Total_expenses_percentage_2024_5M_20M.csv,50,Top Quartile Labour and Commissions / Quart supérieur Traitements et commissions,top_quartile_labour_and_commissions_quart_sup_rieur_traitements_et_commissions,expenses_pct,profit_margin,5m_20m
Profit_Margin_Total_expenses_percentage_2024_5M_20M.csv,51,% of Businesses Reporting / % des entreprises déclarantes,of_businesses_reporting_des_entreprises_d_clarantes_6,expenses_pct,profit_margin,5m_20m
Profit_Margin_Total_expenses_percentage_2024_5M_20M.csv,52,Amortization and depletion / Amortissement et tarissement,amortization_and_depletion_amortissement_et_tarissement,expenses_pct,profit_margin,5m_20m
Profit_Margin_Total_expenses_percentage_2024_5M_20M.csv,53,Quality Indicator / Indicateurs de qualité,quality_indicator_indicateurs_de_qualit_8,expenses_pct,profit_margin,5m_20m
Profit_Margin_Total_expenses_percentage_2024_5M_20M.csv,54,Bottom Quartile Amortization and depletion / Quart inférieur Amortissement et tarissement,bottom_quartile_amortization_and_depletion_quart_inf_rieur_amortissement_et_tarissement,expenses_pct,profit_margin,5m_20m
Profit_Margin_Total_expenses_percentage_2024_5M_20M.csv,55,Lower Middle Amortization and depletion / 2e quart Amortissement et tarissement,lower_middle_amortization_and_depletion_2e_quart_amortissement_et_tarissement,expenses_pct,profit_margin,5m_20m
Profit_Margin_Total_expenses_percentage_2024_5M_20M.csv,56,Upper Middle Amortization and depletion / 3e quart Amortissement et tarissement,upper_middle_amortization_and_depletion_3e_quart_amortissement_et_tarissement,expenses_pct,profit_margin,5m_20m
Profit_Margin_Total_expenses_percentage_2024_5M_20M.csv,57,Top Quartile Amortization and depletion / Quart supérieur Amortissement et tarissement,top_quartile_amortization_and_depletion_quart_sup_rieur_amortissement_et_tarissement,expenses_pct,profit_margin,5m_20m
Profit_Margin_Total_expenses_percentage_2024_5M_20M.csv,58,% of Businesses Reporting  / % des entreprises déclarantes,of_businesses_reporting_des_entreprises_d_clarantes_7,expenses_pct,profit_margin,5m_20m
Profit_Margin_Total_expenses_percentage_2024_5M_20M.csv,59,Repairs and maintenance  / Réparations et entretien,repairs_and_maintenance_r_parations_et_entretien,expenses_pct,profit_margin,5m_20m
Profit_Margin_Total_expenses_percentage_2024_5M_20M.csv,60,Quality Indicator / Indicateurs de qualité,quality_indicator_indicateurs_de_qualit_9,expenses_pct,profit_margin,5m_20m
Profit_Margin_Total_expenses_percentage_2024_5M_20M.csv,61,Bottom Quartile Repairs and maintenance / Quart inférieur Réparations et entretien,bottom_quartile_repairs_and_maintenance_quart_inf_rieur_r_parations_et_entretien,expenses_pct,profit_margin,5m_20m
Profit_Margin_Total_expenses_percentage_2024_5M_20M.csv,62,Lower Middle Repairs and maintenance / 2e quart Réparations et entretien,lower_middle_repairs_and_maintenance_2e_quart_r_parations_et_entretien,expenses_pct,profit_margin,5m_20m
Profit_Margin_Total_expenses_percentage_2024_5M_20M.csv,63,Upper Middle Repairs and maintenance / 3e quart Réparations et entretien,upper_middle_repairs_and_maintenance_3e_quart_r_parations_et_entretien,expenses_pct,profit_margin,5m_20m
Profit_Margin_Total_expenses_percentage_2024_5M_20M.csv,64,Top Quartile Repairs and maintenance / Quart supérieur Réparations et entretien,top_quartile_repairs_and_maintenance_quart_sup_rieur_r_parations_et_entretien,expenses_pct,profit_margin,5m_20m
Profit_Margin_Total_expenses_percentage_2024_5M_20M.csv,65,% of Businesses Reporting / % des entreprises déclarantes,of_businesses_reporting_des_entreprises_d_clarantes_8,expenses_pct,profit_margin,5m_20m
Profit_Margin_Total_expenses_percentage_2024_5M_20M.csv,66,Utilities and telephone/telecommunication  / Services publics et téléphone / télécommunication,utilities_and_telephone,expenses_pct,profit_margin,5m_20m
Profit_Margin_Total_expenses_percentage_2024_5M_20M.csv,67,Quality Indicator / Indicateurs de qualité,quality_indicator_indicateurs_de_qualit_10,expenses_pct,profit_margin,5m_20m
Profit_Margin_Total_expenses_percentage_2024_5M_20M.csv,68,Bottom Quartile Utilities and telephone/telecommunication /  Quart inférieur Services publics et téléphone / télécommunication,bottom_quartile_utilities_and_telephone,expenses_pct,profit_margin,5m_20m
Profit_Margin_Total_expenses_percentage_2024_5M_20M.csv,69,Lower Middle Utilities and telephone/telecommunication / 2e quart Services publics et téléphone / télécommunication,lower_middle_utilities_and_telephone,expenses_pct,profit_margin,5m_20m
Profit_Margin_Total_expenses_percentage_2024_5M_20M.csv,70,Upper Middle Utilities and telephone/telecommunication / 3e quart Services publics et téléphone / télécommunication,upper_middle_utilities_and_telephone,expenses_pct,profit_margin,5m_20m
Profit_Margin_Total_expenses_percentage_2024_5M_20M.csv,71,Top Quartile Utilities and telephone/telecommunication / Quart supérieur Services publics et téléphone / télécommunication,top_quartile_utilities_and_telephone,expenses_pct,profit_margin,5m_20m
Profit_Margin_Total_expenses_percentage_2024_5M_20M.csv,72,% of Businesses Reporting / % des entreprises déclarantes,of_businesses_reporting_des_entreprises_d_clarantes_9,expenses_pct,profit_margin,5m_20m
Profit_Margin_Total_expenses_percentage_2024_5M_20M.csv,73,Rent / Location,rent_location,expenses_pct,profit_margin,5m_20m
Profit_Margin_Total_expenses_percentage_2024_5M_20M.csv,74,Quality Indicator / Indicateurs de qualité,quality_indicator_indicateurs_de_qualit_11,expenses_pct,profit_margin,5m_20m
Profit_Margin_Total_expenses_percentage_2024_5M_20M.csv,75,Bottom Quartile Rent / Quart inférieur Location,bottom_quartile_rent_quart_inf_rieur_location,expenses_pct,profit_margin,5m_20m
Profit_Margin_Total_expenses_percentage_2024_5M_20M.csv,76,Lower Middle Rent / 2e quart Location,lower_middle_rent_2e_quart_location,expenses_pct,profit_margin,5m_20m
Profit_Margin_Total_expenses_percentage_2024_5M_20M.csv,77,Upper Middle Rent / 3e quart Location,upper_middle_rent_3e_quart_location,expenses_pct,profit_margin,5m_20m
Profit_Margin_Total_expenses_percentage_2024_5M_20M.csv,78,Top Quartile Rent / Quart supérieur Location,top_quartile_rent_quart_sup_rieur_location,expenses_pct,profit_margin,5m_20m
Profit_Margin_Total_expenses_percentage_2024_5M_20M.csv,79,% of Businesses Reporting / % des entreprises déclarantes,of_businesses_reporting_des_entreprises_d_clarantes_10,expenses_pct,profit_margin,5m_20m
Profit_Margin_Total_expenses_percentage_2024_5M_20M.csv,80,Interest and bank charges / Intérêts et frais bancaires,interest_and_bank_charges_int_r_ts_et_frais_bancaires,expenses_pct,profit_margin,5m_20m
Profit_Margin_Total_expenses_percentage_2024_5M_20M.csv,81,Quality Indicator / Indicateurs de qualité,quality_indicator_indicateurs_de_qualit_12,expenses_pct,profit_margin,5m_20m
Profit_Margin_Total_expenses_percentage_2024_5M_20M.csv,82,Bottom Quartile Interest and bank charges / Quart inférieur Intérêts et frais bancaires,bottom_quartile_interest_and_bank_charges_quart_inf_rieur_int_r_ts_et_frais_bancaires,expenses_pct,profit_margin,5m_20m
Profit_Margin_Total_expenses_percentage_2024_5M_20M.csv,83,Lower Middle Interest and bank charges / 2e quart Intérêts et frais bancaires,lower_middle_interest_and_bank_charges_2e_quart_int_r_ts_et_frais_bancaires,expenses_pct,profit_margin,5m_20m
Profit_Margin_Total_expenses_percentage_2024_5M_20M.csv,84,Upper Middle Interest and bank charges / 3e quart Intérêts et frais bancaires,upper_middle_interest_and_bank_charges_3e_quart_int_r_ts_et_frais_bancaires,expenses_pct,profit_margin,5m_20m
Profit_Margin_Total_expenses_percentage_2024_5M_20M.csv,85,Top Quartile Interest and bank charges / Quart supérieur Intérêts et frais bancaires,top_quartile_interest_and_bank_charges_quart_sup_rieur_int_r_ts_et_frais_bancaires,expenses_pct,profit_margin,5m_20m
Profit_Margin_Total_expenses_percentage_2024_5M_20M.csv,86,% of Businesses Reporting /  % des entreprises déclarantes,of_businesses_reporting_des_entreprises_d_clarantes_11,expenses_pct,profit_margin,5m_20m
Profit_Margin_Total_expenses_percentage_2024_5M_20M.csv,87,Professional and business fees / Intérêts et frais bancaires,professional_and_business_fees_int_r_ts_et_frais_bancaires,expenses_pct,profit_margin,5m_20m
Profit_Margin_Total_expenses_percentage_2024_5M_20M.csv,88,Quality Indicator / Indicateurs de qualité,quality_indicator_indicateurs_de_qualit_13,expenses_pct,profit_margin,5m_20m
Profit_Margin_Total_expenses_percentage_2024_5M_20M.csv,89,Bottom Quartile Professional and business fees / Quart inférieur Intérêts et frais bancaires,bottom_quartile_professional_and_business_fees_quart_inf_rieur_int_r_ts_et_frais_bancaires,expenses_pct,profit_margin,5m_20m
Profit_Margin_Total_expenses_percentage_2024_5M_20M.csv,90,Lower Middle Professional and business fees / 2e quart Intérêts et frais bancaires,lower_middle_professional_and_business_fees_2e_quart_int_r_ts_et_frais_bancaires,expenses_pct,profit_margin,5m_20m
Profit_Margin_Total_expenses_percentage_2024_5M_20M.csv,91,Upper Middle Professional and business fees / 3e quart Intérêts et frais bancaires,upper_middle_professional_and_business_fees_3e_quart_int_r_ts_et_frais_bancaires,expenses_pct,profit_margin,5m_20m
Profit_Margin_Total_expenses_percentage_2024_5M_20M.csv,92,Top Quartile Professional and business fees / Quart supérieur Intérêts et frais bancaires,top_quartile_professional_and_business_fees_quart_sup_rieur_int_r_ts_et_frais_bancaires,expenses_pct,profit_margin,5m_20m
Profit_Margin_Total_expenses_percentage_2024_5M_20M.csv,93,% of Businesses Reporting / % des entreprises déclarantes,of_businesses_reporting_des_entreprises_d_clarantes_12,expenses_pct,profit_margin,5m_20m
Profit_Margin_Total_expenses_percentage_2024_5M_20M.csv,94,Advertising and promotion / Publicité et promotion,advertising_and_promotion_publicit_et_promotion,expenses_pct,profit_margin,5m_20m
Profit_Margin_Total_expenses_percentage_2024_5M_20M.csv,95,Quality Indicator / Indicateurs de qualité,quality_indicator_indicateurs_de_qualit_14,expenses_pct,profit_margin,5m_20m
Profit_Margin_Total_expenses_percentage_2024_5M_20M.csv,96,Bottom Quartile Advertising and promotion / Quart inférieur Publicité et promotion,bottom_quartile_advertising_and_promotion_quart_inf_rieur_publicit_et_promotion,expenses_pct,profit_margin,5m_20m
Profit_Margin_Total_expenses_percentage_2024_5M_20M.csv,97,Lower Middle Advertising and promotion / 2e quart Publicité et promotion,lower_middle_advertising_and_promotion_2e_quart_publicit_et_promotion,expenses_pct,profit_margin,5m_20m
Profit_Margin_Total_expenses_percentage_2024_5M_20M.csv,98,Upper Middle Advertising and promotion / 3e quart Publicité et promotion,upper_middle_advertising_and_promotion_3e_quart_publicit_et_promotion,expenses_pct,profit_margin,5m_20m
Profit_Margin_Total_expenses_percentage_2024_5M_20M.csv,99,Top Quartile Advertising and promotion / Quart supérieur Publicité et promotion,top_quartile_advertising_and_promotion_quart_sup_rieur_publicit_et_promotion,expenses_pct,profit_margin,5m_20m
Profit_Margin_Total_expenses_percentage_2024_5M_20M.csv,100,% of Businesses Reporting / % des entreprises déclarantes,of_businesses_reporting_des_entreprises_d_clarantes_13,expenses_pct,profit_margin,5m_20m
Profit_Margin_Total_expenses_percentage_2024_5M_20M.csv,101,"Delivery, shipping and warehouse / Livraison, expédition et entreposage",delivery_shipping_and_warehouse_livraison_exp_dition_et_entreposage,expenses_pct,profit_margin,5m_20m
Profit_Margin_Total_expenses_percentage_2024_5M_20M.csv,102,Quality Indicator / Indicateurs de qualité,quality_indicator_indicateurs_de_qualit_15,expenses_pct,profit_margin,5m_20m
Profit_Margin_Total_expenses_percentage_2024_5M_20M.csv,103,"Bottom Quartile Delivery, shipping and warehouse expense / Quart inférieur Livraison, expédition et entreposage",bottom_quartile_delivery_shipping_and_warehouse_expense_quart_inf_rieur_livraison_exp_dition_et_entreposage,expenses_pct,profit_margin,5m_20m
Profit_Margin_Total_expenses_percentage_2024_5M_20M.csv,104,"Lower Middle Delivery, shipping and warehouse expense / 2e quart Livraison, expédition et entreposage",lower_middle_delivery_shipping_and_warehouse_expense_2e_quart_livraison_exp_dition_et_entreposage,expenses_pct,profit_margin,5m_20m
Profit_Margin_Total_expenses_percentage_2024_5M_20M.csv,105,"Upper Middle Delivery, shipping and warehouse expense / 3e quart Livraison, expédition et entreposage",upper_middle_delivery_shipping_and_warehouse_expense_3e_quart_livraison_exp_dition_et_entreposage,expenses_pct,profit_margin,5m_20m
Profit_Margin_Total_expenses_percentage_2024_5M_20M.csv,106,"Top Quartile Delivery, shipping and warehouse expense / Quart supérieur Livraison, expédition et entreposage",top_quartile_delivery_shipping_and_warehouse_expense_quart_sup_rieur_livraison_exp_dition_et_entreposage,expenses_pct,profit_margin,5m_20m
Profit_Margin_Total_expenses_percentage_2024_5M_20M.csv,107,% of Businesses Reporting / % des entreprises déclarantes,of_businesses_reporting_des_entreprises_d_clarantes_14,expenses_pct,profit_margin,5m_20m
Profit_Margin_Total_expenses_percentage_2024_5M_20M.csv,108,Insurance / Assurances,insurance_assurances,expenses_pct,profit_margin,5m_20m
Profit_Margin_Total_expenses_percentage_2024_5M_20M.csv,109,Quality Indicator / Indicateurs de qualité,quality_indicator_indicateurs_de_qualit_16,expenses_pct,profit_margin,5m_20m
Profit_Margin_Total_expenses_percentage_2024_5M_20M.csv,110,Bottom Quartile Insurance / Quart inférieur Assurances,bottom_quartile_insurance_quart_inf_rieur_assurances,expenses_pct,profit_margin,5m_20m
Profit_Margin_Total_expenses_percentage_2024_5M_20M.csv,111,Lower Middle Insurance / 2e quart Assurances,lower_middle_insurance_2e_quart_assurances,expenses_pct,profit_margin,5m_20m
Profit_Margin_Total_expenses_percentage_2024_5M_20M.csv,112,Upper Middle Insurance / 3e quart Assurances,upper_middle_insurance_3e_quart_assurances,expenses_pct,profit_margin,5m_20m
Profit_Margin_Total_expenses_percentage_2024_5M_20M.csv,113,Top Quartile Insurance / Quart supérieur Assurances,top_quartile_insurance_quart_sup_rieur_assurances,expenses_pct,profit_margin,5m_20m
Profit_Margin_Total_expenses_percentage_2024_5M_20M.csv,114,% of Businesses Reporting / % des entreprises déclarantes,of_businesses_reporting_des_entreprises_d_clarantes_15,expenses_pct,profit_margin,5m_20m
Profit_Margin_Total_expenses_percentage_2024_5M_20M.csv,115,Other expenses / Autres dépenses,other_expenses_autres_d_penses,expenses_pct,profit_margin,5m_20m
Profit_Margin_Total_expenses_percentage_2024_5M_20M.csv,116,Quality Indicator / Indicateurs de qualité,quality_indicator_indicateurs_de_qualit_17,expenses_pct,profit_margin,5m_20m
Profit_Margin_Total_expenses_percentage_2024_5M_20M.csv,117,Bottom Quartile Other expenses / Quart infoerieur Autres dépenses,bottom_quartile_other_expenses_quart_infoerieur_autres_d_penses,expenses_pct,profit_margin,5m_20m
Profit_Margin_Total_expenses_percentage_2024_5M_20M.csv,118,Lower Middle Other expenses / 2e quart Autres dépenses,lower_middle_other_expenses_2e_quart_autres_d_penses,expenses_pct,profit_margin,5m_20m
Profit_Margin_Total_expenses_percentage_2024_5M_20M.csv,119,Upper Middle Other expenses / 3e quart Autres dépenses,upper_middle_other_expenses_3e_quart_autres_d_penses,expenses_pct,profit_margin,5m_20m
Profit_Margin_Total_expenses_percentage_2024_5M_20M.csv,120,Top Quartile Other expenses / Quart supérieur Autres dépenses,top_quartile_other_expenses_quart_sup_rieur_autres_d_penses,expenses_pct,profit_margin,5m_20m
Profit_Margin_Total_expenses_percentage_2024_5M_20M.csv,121,% of Businesses Reporting / % des entreprises déclarantes,of_businesses_reporting_des_entreprises_d_clarantes_16,expenses_pct,profit_margin,5m_20m
Profit_Margin_Total_expenses_percentage_2024_5M_20M.csv,122,Total expenses / Dépenses totales,total_expenses_d_penses_totales,expenses_pct,profit_margin,5m_20m
Profit_Margin_Total_expenses_percentage_2024_5M_20M.csv,123,Quality Indicator / Indicateurs de qualité,quality_indicator_indicateurs_de_qualit_18,expenses_pct,profit_margin,5m_20m
Profit_Margin_Total_expenses_percentage_2024_5M_20M.csv,124,Bottom Quartile Total expenses / quart inférieur Dépenses totales,bottom_quartile_total_expenses_quart_inf_rieur_d_penses_totales,expenses_pct,profit_margin,5m_20m
Profit_Margin_Total_expenses_percentage_2024_5M_20M.csv,125,Lower Middle Total expenses / 2e quart Dépenses totales,lower_middle_total_expenses_2e_quart_d_penses_totales,expenses_pct,profit_margin,5m_20m
Profit_Margin_Total_expenses_percentage_2024_5M_20M.csv,126,Upper Middle Total expenses / 3e quart Dépenses totales,upper_middle_total_expenses_3e_quart_d_penses_totales,expenses_pct,profit_margin,5m_20m
Profit_Margin_Total_expenses_percentage_2024_5M_20M.csv,127,Top Quartile Total expenses / Quart supérieur,top_quartile_total_expenses_quart_sup_rieur,expenses_pct,profit_margin,5m_20m
Profit_Margin_Total_expenses_percentage_2024_5M_20M.csv,128,% of Businesses Reporting / % des entreprises déclarantes,of_businesses_reporting_des_entreprises_d_clarantes_17,expenses_pct,profit_margin,5m_20m
Profit_Margin_Total_expenses_percentage_2024_5M_20M.csv,129,Net Profit/Loss / Bénéfice/perte net,net_profit,expenses_pct,profit_margin,5m_20m
Profit_Margin_Total_expenses_percentage_2024_5M_20M.csv,130,Quality Indicator / Indicateurs de qualité,quality_indicator_indicateurs_de_qualit_19,expenses_pct,profit_margin,5m_20m
Profit_Margin_Total_expenses_percentage_2024_5M_20M.csv,131,Bottom Quartile Net Profit/Loss / quart inférieur Bénéfice/perte net,bottom_quartile_net_profit,expenses_pct,profit_margin,5m_20m
Profit_Margin_Total_expenses_percentage_2024_5M_20M.csv,132,Lower Middle Net Profit/Loss / 2e quart Bénéfice/perte net,lower_middle_net_profit,expenses_pct,profit_margin,5m_20m
Profit_Margin_Total_expenses_percentage_2024_5M_20M.csv,133,Upper Middle Net Profit/Loss / 3e quart Bénéfice/perte net,upper_middle_net_profit,expenses_pct,profit_margin,5m_20m
Profit_Margin_Total_expenses_percentage_2024_5M_20M.csv,134,Top Quartile Net Profit/Loss / Quart supérieur Bénéfice/perte net,top_quartile_net_profit,expenses_pct,profit_margin,5m_20m
Profit_Margin_Total_expenses_percentage_2024_5M_20M.csv,135,% of Businesses Reporting / % des entreprises déclarantes,of_businesses_reporting_des_entreprises_d_clarantes_18,expenses_pct,profit_margin,5m_20m
Profit_Margin_Total_expenses_percentage_2024_5M_20M.csv,136,Year / Année,year_ann_e,expenses_pct,profit_margin,5m_20m
Total_expenses_percentage_2024_5M_20M.csv,0,Incorporation Status /  / Etat d'incorporation,incorporation_status_etat_d_incorporation,expenses_pct,total_revenue,5m_20m
Total_expenses_percentage_2024_5M_20M.csv,1,Naics code /  / Code Scian,naics_code_code_scian,expenses_pct,total_revenue,5m_20m
Total_expenses_percentage_2024_5M_20M.csv,2,Province/Canada / ,province,expenses_pct,total_revenue,5m_20m
Total_expenses_percentage_2024_5M_20M.csv,3,Cost of Sales (direct expenses) / Coût de ventes (frais direct),cost_of_sales_direct_expenses_co_t_de_ventes_frais_direct,expenses_pct,total_revenue,5m_20m
Total_expenses_percentage_2024_5M_20M.csv,4,Quality Indicator / Indicateurs de qualité,quality_indicator_indicateurs_de_qualit,expenses_pct,total_revenue,5m_20m
Total_expenses_percentage_2024_5M_20M.csv,5,Bottom Quartile Cost of Sales / Quart inférieur Coût de ventes (frais direct),bottom_quartile_cost_of_sales_quart_inf_rieur_co_t_de_ventes_frais_direct,expenses_pct,total_revenue,5m_20m
Total_expenses_percentage_2024_5M_20M.csv,6,Lower Middle Cost of Sales / 2e quart Coût de ventes (frais direct),lower_middle_cost_of_sales_2e_quart_co_t_de_ventes_frais_direct,expenses_pct,total_revenue,5m_20m
Total_expenses_percentage_2024_5M_20M.csv,7,Upper Middle cost of Sales / 3e quart Coût de ventes (frais direct),upper_middle_cost_of_sales_3e_quart_co_t_de_ventes_frais_direct,expenses_pct,total_revenue,5m_20m
Total_expenses_percentage_2024_5M_20M.csv,8,Top Quartile Cost of Sales / Quart supérieur Coût de ventes (frais direct),top_quartile_cost_of_sales_quart_sup_rieur_co_t_de_ventes_frais_direct,expenses_pct,total_revenue,5m_20m
Total_expenses_percentage_2024_5M_20M.csv,9,% of Businesses Reporting / % des entreprises déclarantes Coût de ventes (frais direct),of_businesses_reporting_des_entreprises_d_clarantes_co_t_de_ventes_frais_direct,expenses_pct,total_revenue,5m_20m
Total_expenses_percentage_2024_5M_20M.csv,10,Wages and Benefits / Salaires et avantages sociaux,wages_and_benefits_salaires_et_avantages_sociaux,expenses_pct,total_revenue,5m_20m
Total_expenses_percentage_2024_5M_20M.csv,11,Quality Indicator / Indicateurs de qualité,quality_indicator_indicateurs_de_qualit_2,expenses_pct,total_revenue,5m_20m
Total_expenses_percentage_2024_5M_20M.csv,12,Bottom Quartile Wages and Benefits / quart inférieur Salaires et avantages sociaux,bottom_quartile_wages_and_benefits_quart_inf_rieur_salaires_et_avantages_sociaux,expenses_pct,total_revenue,5m_20m
Total_expenses_percentage_2024_5M_20M.csv,13,Lower Middle Wages and Benefits / 2e quart Salaires et avantages sociaux,lower_middle_wages_and_benefits_2e_quart_salaires_et_avantages_sociaux,expenses_pct,total_revenue,5m_20m
Total_expenses_percentage_2024_5M_20M.csv,14,Upper Middle Wages and Benefits / 3e quart Salaires et avantages sociaux,upper_middle_wages_and_benefits_3e_quart_salaires_et_avantages_sociaux,expenses_pct,total_revenue,5m_20m
Total_expenses_percentage_2024_5M_20M.csv,15,Top Quartile Wages and Benefits / Quart supérieur Salaires et avantages sociaux,top_quartile_wages_and_benefits_quart_sup_rieur_salaires_et_avantages_sociaux,expenses_pct,total_revenue,5m_20m
Total_expenses_percentage_2024_5M_20M.csv,16,% of Businesses Reporting / % des entreprises déclarantes,of_businesses_reporting_des_entreprises_d_clarantes,expenses_pct,total_revenue,5m_20m
Total_expenses_percentage_2024_5M_20M.csv,17,"Purchases, materials and sub-contracts / Achats, matériaux et sous-traitances",purchases_materials_and_sub_contracts_achats_mat_riaux_et_sous_traitances,expenses_pct,total_revenue,5m_20m
Total_expenses_percentage_2024_5M_20M.csv,18,Quality Indicator / Indicateurs de qualité,quality_indicator_indicateurs_de_qualit_3,expenses_pct,total_revenue,5m_20m
Total_expenses_percentage_2024_5M_20M.csv,19,"Bottom Quartile Purchases, materials and sub-contracts / Quart inférieurs Achats, matériaux et sous-traitances",bottom_quartile_purchases_materials_and_sub_contracts_quart_inf_rieurs_achats_mat_riaux_et_sous_traitances,expenses_pct,total_revenue,5m_20m
Total_expenses_percentage_2024_5M_20M.csv,20,"Lower Middle Purchases, materials and sub-contracts / 2e quart Achats, matériaux et sous-traitances",lower_middle_purchases_materials_and_sub_contracts_2e_quart_achats_mat_riaux_et_sous_traitances,expenses_pct,total_revenue,5m_20m
Total_expenses_percentage_2024_5M_20M.csv,21,"Upper Middle Purchases, materials and sub-contracts / 3e quart Achats, matériaux et sous-traitances",upper_middle_purchases_materials_and_sub_contracts_3e_quart_achats_mat_riaux_et_sous_traitances,expenses_pct,total_revenue,5m_20m
Total_expenses_percentage_2024_5M_20M.csv,22,"Top Quartile Purchases, materials and sub-contracts / quart supérieurs Achats, matériaux et sous-traitances",top_quartile_purchases_materials_and_sub_contracts_quart_sup_rieurs_achats_mat_riaux_et_sous_traitances,expenses_pct,total_revenue,5m_20m
Total_expenses_percentage_2024_5M_20M.csv,23,% of Businesses Reporting / % des entreprises déclarantes,of_businesses_reporting_des_entreprises_d_clarantes_2,expenses_pct,total_revenue,5m_20m
Total_expenses_percentage_2024_5M_20M.csv,24,Opening Inventory / Stocks d'ouverture,opening_inventory_stocks_d_ouverture,expenses_pct,total_revenue,5m_20m
Total_expenses_percentage_2024_5M_20M.csv,25,Quality Indicator / Indicateurs de qualité,quality_indicator_indicateurs_de_qualit_4,expenses_pct,total_revenue,5m_20m
Total_expenses_percentage_2024_5M_20M.csv,26,Bottom Quartile Opening Inventory / Quart inférieurs Stocks d'ouverture,bottom_quartile_opening_inventory_quart_inf_rieurs_stocks_d_ouverture,expenses_pct,total_revenue,5m_20m
Total_expenses_percentage_2024_5M_20M.csv,27,Lower Middle Opening Inventory / 2e quart Stocks d'ouverture,lower_middle_opening_inventory_2e_quart_stocks_d_ouverture,expenses_pct,total_revenue,5m_20m
Total_expenses_percentage_2024_5M_20M.csv,28,Upper Middle Opening Inventory / 3e quart Stocks d'ouverture,upper_middle_opening_inventory_3e_quart_stocks_d_ouverture,expenses_pct,total_revenue,5m_20m
Total_expenses_percentage_2024_5M_20M.csv,29,Top Quartile Opening Inventory / Quart supérieurs Stocks d'ouverture,top_quartile_opening_inventory_quart_sup_rieurs_stocks_d_ouverture,expenses_pct,total_revenue,5m_20m
Total_expenses_percentage_2024_5M_20M.csv,30,% of Businesses Reporting / % des entreprises déclarantes,of_businesses_reporting_des_entreprises_d_clarantes_3,expenses_pct,total_revenue,5m_20m
Total_expenses_percentage_2024_5M_20M.csv,31,Closing Inventory / Stock de fermeture,closing_inventory_stock_de_fermeture,expenses_pct,total_revenue,5m_20m
Total_expenses_percentage_2024_5M_20M.csv,32,Quality Indicator / Indicateurs de qualité,quality_indicator_indicateurs_de_qualit_5,expenses_pct,total_revenue,5m_20m
Total_expenses_percentage_2024_5M_20M.csv,33,Bottom Quartile Closing Inventory / Quart inférieurs Stock de fermeture,bottom_quartile_closing_inventory_quart_inf_rieurs_stock_de_fermeture,expenses_pct,total_revenue,5m_20m
Total_expenses_percentage_2024_5M_20M.csv,34,Lower Middle Closing Inventory / 2e quart Stock de fermeture,lower_middle_closing_inventory_2e_quart_stock_de_fermeture,expenses_pct,total_revenue,5m_20m
Total_expenses_percentage_2024_5M_20M.csv,35,Upper Middle Closing Inventory / 3e quart Stock de fermeture,upper_middle_closing_inventory_3e_quart_stock_de_fermeture,expenses_pct,total_revenue,5m_20m
Total_expenses_percentage_2024_5M_20M.csv,36,Top Quartile Closing Inventory / Quart supérieurs Stock de fermeture,top_quartile_closing_inventory_quart_sup_rieurs_stock_de_fermeture,expenses_pct,total_revenue,5m_20m
Total_expenses_percentage_2024_5M_20M.csv,37,% of Businesses Reporting / % des entreprises déclarantes,of_businesses_reporting_des_entreprises_d_clarantes_4,expenses_pct,total_revenue,5m_20m
Total_expenses_percentage_2024_5M_20M.csv,38,Operating expenses (indirect)  / Dépenses d'exploitation (frais indirects),operating_expenses_indirect_d_penses_d_exploitation_frais_indirects,expenses_pct,total_revenue,5m_20m
Total_expenses_percentage_2024_5M_20M.csv,39,Quality Indicator / Indicateurs de qualité,quality_indicator_indicateurs_de_qualit_6,expenses_pct,total_revenue,5m_20m
Total_expenses_percentage_2024_5M_20M.csv,40,Bottom Quartile Operating Expenses (indirect) / Quart inférieurs Dépenses d'exploitation (frais indirects),bottom_quartile_operating_expenses_indirect_quart_inf_rieurs_d_penses_d_exploitation_frais_indirects,expenses_pct,total_revenue,5m_20m
Total_expenses_percentage_2024_5M_20M.csv,41,Lower Middle Operating Expenses (indirect) / 2e Quart Dépenses d'exploitation (frais indirects),lower_middle_operating_expenses_indirect_2e_quart_d_penses_d_exploitation_frais_indirects,expenses_pct,total_revenue,5m_20m
Total_expenses_percentage_2024_5M_20M.csv,42,Upper Middle Operating Expenses (indirect) / 3e quart Dépenses d'exploitation (frais indirects),upper_middle_operating_expenses_indirect_3e_quart_d_penses_d_exploitation_frais_indirects,expenses_pct,total_revenue,5m_20m
Total_expenses_percentage_2024_5M_20M.csv,43,Top Quartile Operating Expenses (indirect) / Quart supérieur Dépenses d'exploitation (frais indirects),top_quartile_operating_expenses_indirect_quart_sup_rieur_d_penses_d_exploitation_frais_indirects,expenses_pct,total_revenue,5m_20m
Total_expenses_percentage_2024_5M_20M.csv,44,% of Businesses Reporting / % des entreprises déclarantes,of_businesses_reporting_des_entreprises_d_clarantes_5,expenses_pct,total_revenue,5m_20m
Total_expenses_percentage_2024_5M_20M.csv,45,Labour and Commissions  / Traitements et commissions,labour_and_commissions_traitements_et_commissions,expenses_pct,total_revenue,5m_20m
Total_expenses_percentage_2024_5M_20M.csv,46,Quality Indicator / Indicateurs de qualité,quality_indicator_indicateurs_de_qualit_7,expenses_pct,total_revenue,5m_20m
Total_expenses_percentage_2024_5M_20M.csv,47,Bottom Quartile Labour and Commissions / Quart inférieur Traitements et commissions,bottom_quartile_labour_and_commissions_quart_inf_rieur_traitements_et_commissions,expenses_pct,total_revenue,5m_20m
Total_expenses_percentage_2024_5M_20M.csv,48,Lower Middle Labour and Commissions / 2e quart Traitements et commissions,lower_middle_labour_and_commissions_2e_quart_traitements_et_commissions,expenses_pct,total_revenue,5m_20m
Total_expenses_percentage_2024_5M_20M.csv,49,Upper Middle Labour and Commissions / 3e quart Traitements et commissions,upper_middle_labour_and_commissions_3e_quart_traitements_et_commissions,expenses_pct,total_revenue,5m_20m
Total_expenses_percentage_2024_5M_20M.csv,50,Top Quartile Labour and Commissions / Quart supérieur Traitements et commissions,top_quartile_labour_and_commissions_quart_sup_rieur_traitements_et_commissions,expenses_pct,total_revenue,5m_20m
Total_expenses_percentage_2024_5M_20M.csv,51,% of Businesses Reporting / % des entreprises déclarantes,of_businesses_reporting_des_entreprises_d_clarantes_6,expenses_pct,total_revenue,5m_20m
Total_expenses_percentage_2024_5M_20M.csv,52,Amortization and depletion / Amortissement et tarissement,amortization_and_depletion_amortissement_et_tarissement,expenses_pct,total_revenue,5m_20m
Total_expenses_percentage_2024_5M_20M.csv,53,Quality Indicator / Indicateurs de qualité,quality_indicator_indicateurs_de_qualit_8,expenses_pct,total_revenue,5m_20m
Total_expenses_percentage_2024_5M_20M.csv,54,Bottom Quartile Amortization and depletion / Quart inférieur Amortissement et tarissement,bottom_quartile_amortization_and_depletion_quart_inf_rieur_amortissement_et_tarissement,expenses_pct,total_revenue,5m_20m
Total_expenses_percentage_2024_5M_20M.csv,55,Lower Middle Amortization and depletion / 2e quart Amortissement et tarissement,lower_middle_amortization_and_depletion_2e_quart_amortissement_et_tarissement,expenses_pct,total_revenue,5m_20m
Total_expenses_percentage_2024_5M_20M.csv,56,Upper Middle Amortization and depletion / 3e quart Amortissement et tarissement,upper_middle_amortization_and_depletion_3e_quart_amortissement_et_tarissement,expenses_pct,total_revenue,5m_20m
Total_expenses_percentage_2024_5M_20M.csv,57,Top Quartile Amortization and depletion / Quart supérieur Amortissement et tarissement,top_quartile_amortization_and_depletion_quart_sup_rieur_amortissement_et_tarissement,expenses_pct,total_revenue,5m_20m
Total_expenses_percentage_2024_5M_20M.csv,58,% of Businesses Reporting  / % des entreprises déclarantes,of_businesses_reporting_des_entreprises_d_clarantes_7,expenses_pct,total_revenue,5m_20m
Total_expenses_percentage_2024_5M_20M.csv,59,Repairs and maintenance  / Réparations et entretien,repairs_and_maintenance_r_parations_et_entretien,expenses_pct,total_revenue,5m_20m
Total_expenses_percentage_2024_5M_20M.csv,60,Quality Indicator / Indicateurs de qualité,quality_indicator_indicateurs_de_qualit_9,expenses_pct,total_revenue,5m_20m
Total_expenses_percentage_2024_5M_20M.csv,61,Bottom Quartile Repairs and maintenance / Quart inférieur Réparations et entretien,bottom_quartile_repairs_and_maintenance_quart_inf_rieur_r_parations_et_entretien,expenses_pct,total_revenue,5m_20m
Total_expenses_percentage_2024_5M_20M.csv,62,Lower Middle Repairs and maintenance / 2e quart Réparations et entretien,lower_middle_repairs_and_maintenance_2e_quart_r_parations_et_entretien,expenses_pct,total_revenue,5m_20m
Total_expenses_percentage_2024_5M_20M.csv,63,Upper Middle Repairs and maintenance / 3e quart Réparations et entretien,upper_middle_repairs_and_maintenance_3e_quart_r_parations_et_entretien,expenses_pct,total_revenue,5m_20m
Total_expenses_percentage_2024_5M_20M.csv,64,Top Quartile Repairs and maintenance / Quart supérieur Réparations et entretien,top_quartile_repairs_and_maintenance_quart_sup_rieur_r_parations_et_entretien,expenses_pct,total_revenue,5m_20m
Total_expenses_percentage_2024_5M_20M.csv,65,% of Businesses Reporting / % des entreprises déclarantes,of_businesses_reporting_des_entreprises_d_clarantes_8,expenses_pct,total_revenue,5m_20m
Total_expenses_percentage_2024_5M_20M.csv,66,Utilities and telephone/telecommunication  / Services publics et téléphone / télécommunication,utilities_and_telephone,expenses_pct,total_revenue,5m_20m
Total_expenses_percentage_2024_5M_20M.csv,67,Quality Indicator / Indicateurs de qualité,quality_indicator_indicateurs_de_qualit_10,expenses_pct,total_revenue,5m_20m
Total_expenses_percentage_2024_5M_20M.csv,68,Bottom Quartile Utilities and telephone/telecommunication /  Quart inférieur Services publics et téléphone / télécommunication,bottom_quartile_utilities_and_telephone,expenses_pct,total_revenue,5m_20m
Total_expenses_percentage_2024_5M_20M.csv,69,Lower Middle Utilities and telephone/telecommunication / 2e quart Services publics et téléphone / télécommunication,lower_middle_utilities_and_telephone,expenses_pct,total_revenue,5m_20m
Total_expenses_percentage_2024_5M_20M.csv,70,Upper Middle Utilities and telephone/telecommunication / 3e quart Services publics et téléphone / télécommunication,upper_middle_utilities_and_telephone,expenses_pct,total_revenue,5m_20m
Total_expenses_percentage_2024_5M_20M.csv,71,Top Quartile Utilities and telephone/telecommunication / Quart supérieur Services publics et téléphone / télécommunication,top_quartile_utilities_and_telephone,expenses_pct,total_revenue,5m_20m
Total_expenses_percentage_2024_5M_20M.csv,72,% of Businesses Reporting / % des entreprises déclarantes,of_businesses_reporting_des_entreprises_d_clarantes_9,expenses_pct,total_revenue,5m_20m
Total_expenses_percentage_2024_5M_20M.csv,73,Rent / Location,rent_location,expenses_pct,total_revenue,5m_20m
Total_expenses_percentage_2024_5M_20M.csv,74,Quality Indicator / Indicateurs de qualité,quality_indicator_indicateurs_de_qualit_11,expenses_pct,total_revenue,5m_20m
Total_expenses_percentage_2024_5M_20M.csv,75,Bottom Quartile Rent / Quart inférieur Location,bottom_quartile_rent_quart_inf_rieur_location,expenses_pct,total_revenue,5m_20m
Total_expenses_percentage_2024_5M_20M.csv,76,Lower Middle Rent / 2e quart Location,lower_middle_rent_2e_quart_location,expenses_pct,total_revenue,5m_20m
Total_expenses_percentage_2024_5M_20M.csv,77,Upper Middle Rent / 3e quart Location,upper_middle_rent_3e_quart_location,expenses_pct,total_revenue,5m_20m
Total_expenses_percentage_2024_5M_20M.csv,78,Top Quartile Rent / Quart supérieur Location,top_quartile_rent_quart_sup_rieur_location,expenses_pct,total_revenue,5m_20m
Total_expenses_percentage_2024_5M_20M.csv,79,% of Businesses Reporting / % des entreprises déclarantes,of_businesses_reporting_des_entreprises_d_clarantes_10,expenses_pct,total_revenue,5m_20m
Total_expenses_percentage_2024_5M_20M.csv,80,Interest and bank charges / Intérêts et frais bancaires,interest_and_bank_charges_int_r_ts_et_frais_bancaires,expenses_pct,total_revenue,5m_20m
Total_expenses_percentage_2024_5M_20M.csv,81,Quality Indicator / Indicateurs de qualité,quality_indicator_indicateurs_de_qualit_12,expenses_pct,total_revenue,5m_20m
Total_expenses_percentage_2024_5M_20M.csv,82,Bottom Quartile Interest and bank charges / Quart inférieur Intérêts et frais bancaires,bottom_quartile_interest_and_bank_charges_quart_inf_rieur_int_r_ts_et_frais_bancaires,expenses_pct,total_revenue,5m_20m
Total_expenses_percentage_2024_5M_20M.csv,83,Lower Middle Interest and bank charges / 2e quart Intérêts et frais bancaires,lower_middle_interest_and_bank_charges_2e_quart_int_r_ts_et_frais_bancaires,expenses_pct,total_revenue,5m_20m
Total_expenses_percentage_2024_5M_20M.csv,84,Upper Middle Interest and bank charges / 3e quart Intérêts et frais bancaires,upper_middle_interest_and_bank_charges_3e_quart_int_r_ts_et_frais_bancaires,expenses_pct,total_revenue,5m_20m
Total_expenses_percentage_2024_5M_20M.csv,85,Top Quartile Interest and bank charges / Quart supérieur Intérêts et frais bancaires,top_quartile_interest_and_bank_charges_quart_sup_rieur_int_r_ts_et_frais_bancaires,expenses_pct,total_revenue,5m_20m
Total_expenses_percentage_2024_5M_20M.csv,86,% of Businesses Reporting /  % des entreprises déclarantes,of_businesses_reporting_des_entreprises_d_clarantes_11,expenses_pct,total_revenue,5m_20m
Total_expenses_percentage_2024_5M_20M.csv,87,Professional and business fees / Intérêts et frais bancaires,professional_and_business_fees_int_r_ts_et_frais_bancaires,expenses_pct,total_revenue,5m_20m
Total_expenses_percentage_2024_5M_20M.csv,88,Quality Indicator / Indicateurs de qualité,quality_indicator_indicateurs_de_qualit_13,expenses_pct,total_revenue,5m_20m
Total_expenses_percentage_2024_5M_20M.csv,89,Bottom Quartile Professional and business fees / Quart inférieur Intérêts et frais bancaires,bottom_quartile_professional_and_business_fees_quart_inf_rieur_int_r_ts_et_frais_bancaires,expenses_pct,total_revenue,5m_20m
Total_expenses_percentage_2024_5M_20M.csv,90,Lower Middle Professional and business fees / 2e quart Intérêts et frais bancaires,lower_middle_professional_and_business_fees_2e_quart_int_r_ts_et_frais_bancaires,expenses_pct,total_revenue,5m_20m
Total_expenses_percentage_2024_5M_20M.csv,91,Upper Middle Professional and business fees / 3e quart Intérêts et frais bancaires,upper_middle_professional_and_business_fees_3e_quart_int_r_ts_et_frais_bancaires,expenses_pct,total_revenue,5m_20m
Total_expenses_percentage_2024_5M_20M.csv,92,Top Quartile Professional and business fees / Quart supérieur Intérêts et frais bancaires,top_quartile_professional_and_business_fees_quart_sup_rieur_int_r_ts_et_frais_bancaires,expenses_pct,total_revenue,5m_20m
Total_expenses_percentage_2024_5M_20M.csv,93,% of Businesses Reporting / % des entreprises déclarantes,of_businesses_reporting_des_entreprises_d_clarantes_12,expenses_pct,total_revenue,5m_20m
Total_expenses_percentage_2024_5M_20M.csv,94,Advertising and promotion / Publicité et promotion,advertising_and_promotion_publicit_et_promotion,expenses_pct,total_revenue,5m_20m
Total_expenses_percentage_2024_5M_20M.csv,95,Quality Indicator / Indicateurs de qualité,quality_indicator_indicateurs_de_qualit_14,expenses_pct,total_revenue,5m_20m
Total_expenses_percentage_2024_5M_20M.csv,96,Bottom Quartile Advertising and promotion / Quart inférieur Publicité et promotion,bottom_quartile_advertising_and_promotion_quart_inf_rieur_publicit_et_promotion,expenses_pct,total_revenue,5m_20m
Total_expenses_percentage_2024_5M_20M.csv,97,Lower Middle Advertising and promotion / 2e quart Publicité et promotion,lower_middle_advertising_and_promotion_2e_quart_publicit_et_promotion,expenses_pct,total_revenue,5m_20m
Total_expenses_percentage_2024_5M_20M.csv,98,Upper Middle Advertising and promotion / 3e quart Publicité et promotion,upper_middle_advertising_and_promotion_3e_quart_publicit_et_promotion,expenses_pct,total_revenue,5m_20m
Total_expenses_percentage_2024_5M_20M.csv,99,Top Quartile Advertising and promotion / Quart supérieur Publicité et promotion,top_quartile_advertising_and_promotion_quart_sup_rieur_publicit_et_promotion,expenses_pct,total_revenue,5m_20m
Total_expenses_percentage_2024_5M_20M.csv,100,% of Businesses Reporting / % des entreprises déclarantes,of_businesses_reporting_des_entreprises_d_clarantes_13,expenses_pct,total_revenue,5m_20m
Total_expenses_percentage_2024_5M_20M.csv,101,"Delivery, shipping and warehouse / Livraison, expédition et entreposage",delivery_shipping_and_warehouse_livraison_exp_dition_et_entreposage,expenses_pct,total_revenue,5m_20m
Total_expenses_percentage_2024_5M_20M.csv,102,Quality Indicator / Indicateurs de qualité,quality_indicator_indicateurs_de_qualit_15,expenses_pct,total_revenue,5m_20m
Total_expenses_percentage_2024_5M_20M.csv,103,"Bottom Quartile Delivery, shipping and warehouse expense / Quart inférieur Livraison, expédition et entreposage",bottom_quartile_delivery_shipping_and_warehouse_expense_quart_inf_rieur_livraison_exp_dition_et_entreposage,expenses_pct,total_revenue,5m_20m
Total_expenses_percentage_2024_5M_20M.csv,104,"Lower Middle Delivery, shipping and warehouse expense / 2e quart Livraison, expédition et entreposage",lower_middle_delivery_shipping_and_warehouse_expense_2e_quart_livraison_exp_dition_et_entreposage,expenses_pct,total_revenue,5m_20m
Total_expenses_percentage_2024_5M_20M.csv,105,"Upper Middle Delivery, shipping and warehouse expense / 3e quart Livraison, expédition et entreposage",upper_middle_delivery_shipping_and_warehouse_expense_3e_quart_livraison_exp_dition_et_entreposage,expenses_pct,total_revenue,5m_20m
Total_expenses_percentage_2024_5M_20M.csv,106,"Top Quartile Delivery, shipping and warehouse expense / Quart supérieur Livraison, expédition et entreposage",top_quartile_delivery_shipping_and_warehouse_expense_quart_sup_rieur_livraison_exp_dition_et_entreposage,expenses_pct,total_revenue,5m_20m
Total_expenses_percentage_2024_5M_20M.csv,107,% of Businesses Reporting / % des entreprises déclarantes,of_businesses_reporting_des_entreprises_d_clarantes_14,expenses_pct,total_revenue,5m_20m
Total_expenses_percentage_2024_5M_20M.csv,108,Insurance / Assurances,insurance_assurances,expenses_pct,total_revenue,5m_20m
Total_expenses_percentage_2024_5M_20M.csv,109,Quality Indicator / Indicateurs de qualité,quality_indicator_indicateurs_de_qualit_16,expenses_pct,total_revenue,5m_20m
Total_expenses_percentage_2024_5M_20M.csv,110,Bottom Quartile Insurance / Quart inférieur Assurances,bottom_quartile_insurance_quart_inf_rieur_assurances,expenses_pct,total_revenue,5m_20m
Total_expenses_percentage_2024_5M_20M.csv,111,Lower Middle Insurance / 2e quart Assurances,lower_middle_insurance_2e_quart_assurances,expenses_pct,total_revenue,5m_20m
Total_expenses_percentage_2024_5M_20M.csv,112,Upper Middle Insurance / 3e quart Assurances,upper_middle_insurance_3e_quart_assurances,expenses_pct,total_revenue,5m_20m
Total_expenses_percentage_2024_5M_20M.csv,113,Top Quartile Insurance / Quart supérieur Assurances,top_quartile_insurance_quart_sup_rieur_assurances,expenses_pct,total_revenue,5m_20m
Total_expenses_percentage_2024_5M_20M.csv,114,% of Businesses Reporting / % des entreprises déclarantes,of_businesses_reporting_des_entreprises_d_clarantes_15,expenses_pct,total_revenue,5m_20m
Total_expenses_percentage_2024_5M_20M.csv,115,Other expenses / Autres dépenses,other_expenses_autres_d_penses,expenses_pct,total_revenue,5m_20m
Total_expenses_percentage_2024_5M_20M.csv,116,Quality Indicator / Indicateurs de qualité,quality_indicator_indicateurs_de_qualit_17,expenses_pct,total_revenue,5m_20m
Total_expenses_percentage_2024_5M_20M.csv,117,Bottom Quartile Other expenses / Quart infoerieur Autres dépenses,bottom_quartile_other_expenses_quart_infoerieur_autres_d_penses,expenses_pct,total_revenue,5m_20m
Total_expenses_percentage_2024_5M_20M.csv,118,Lower Middle Other expenses / 2e quart Autres dépenses,lower_middle_other_expenses_2e_quart_autres_d_penses,expenses_pct,total_revenue,5m_20m
Total_expenses_percentage_2024_5M_20M.csv,119,Upper Middle Other expenses / 3e quart Autres dépenses,upper_middle_other_expenses_3e_quart_autres_d_penses,expenses_pct,total_revenue,5m_20m
Total_expenses_percentage_2024_5M_20M.csv,120,Top Quartile Other expenses / Quart supérieur Autres dépenses,top_quartile_other_expenses_quart_sup_rieur_autres_d_penses,expenses_pct,total_revenue,5m_20m
Total_expenses_percentage_2024_5M_20M.csv,121,% of Businesses Reporting / % des entreprises déclarantes,of_businesses_reporting_des_entreprises_d_clarantes_16,expenses_pct,total_revenue,5m_20m
Total_expenses_percentage_2024_5M_20M.csv,122,Total expenses / Dépenses totales,total_expenses_d_penses_totales,expenses_pct,total_revenue,5m_20m
Total_expenses_percentage_2024_5M_20M.csv,123,Quality Indicator / Indicateurs de qualité,quality_indicator_indicateurs_de_qualit_18,expenses_pct,total_revenue,5m_20m
Total_expenses_percentage_2024_5M_20M.csv,124,Bottom Quartile Total expenses / quart inférieur Dépenses totales,bottom_quartile_total_expenses_quart_inf_rieur_d_penses_totales,expenses_pct,total_revenue,5m_20m
Total_expenses_percentage_2024_5M_20M.csv,125,Lower Middle Total expenses / 2e quart Dépenses totales,lower_middle_total_expenses_2e_quart_d_penses_totales,expenses_pct,total_revenue,5m_20m
Total_expenses_percentage_2024_5M_20M.csv,126,Upper Middle Total expenses / 3e quart Dépenses totales,upper_middle_total_expenses_3e_quart_d_penses_totales,expenses_pct,total_revenue,5m_20m
Total_expenses_percentage_2024_5M_20M.csv,127,Top Quartile Total expenses / Quart supérieur,top_quartile_total_expenses_quart_sup_rieur,expenses_pct,total_revenue,5m_20m
Total_expenses_percentage_2024_5M_20M.csv,128,% of Businesses Reporting / % des entreprises déclarantes,of_businesses_reporting_des_entreprises_d_clarantes_17,expenses_pct,total_revenue,5m_20m
Total_expenses_percentage_2024_5M_20M.csv,129,Net Profit/Loss / Bénéfice/perte net,net_profit,expenses_pct,total_revenue,5m_20m
Total_expenses_percentage_2024_5M_20M.csv,130,Quality Indicator / Indicateurs de qualité,quality_indicator_indicateurs_de_qualit_19,expenses_pct,total_revenue,5m_20m
Total_expenses_percentage_2024_5M_20M.csv,131,Bottom Quartile Net Profit/Loss / quart inférieur Bénéfice/perte net,bottom_quartile_net_profit,expenses_pct,total_revenue,5m_20m
Total_expenses_percentage_2024_5M_20M.csv,132,Lower Middle Net Profit/Loss / 2e quart Bénéfice/perte net,lower_middle_net_profit,expenses_pct,total_revenue,5m_20m
Total_expenses_percentage_2024_5M_20M.csv,133,Upper Middle Net Profit/Loss / 3e quart Bénéfice/perte net,upper_middle_net_profit,expenses_pct,total_revenue,5m_20m
Total_expenses_percentage_2024_5M_20M.csv,134,Top Quartile Net Profit/Loss / Quart supérieur Bénéfice/perte net,top_quartile_net_profit,expenses_pct,total_revenue,5m_20m
Total_expenses_percentage_2024_5M_20M.csv,135,% of Businesses Reporting / % des entreprises déclarantes,of_businesses_reporting_des_entreprises_d_clarantes_18,expenses_pct,total_revenue,5m_20m
Total_expenses_percentage_2024_5M_20M.csv,136,Year / Année,year_ann_e,expenses_pct,total_revenue,5m_20m
Total_expenses_value_2024_5M_20M.csv,0,Incorporation Status /  / Etat d'incorporation,incorporation_status_etat_d_incorporation,expenses_value,total_revenue,5m_20m
Total_expenses_value_2024_5M_20M.csv,1,Naics code / Code Scian,naics_code_code_scian,expenses_value,total_revenue,5m_20m
Total_expenses_value_2024_5M_20M.csv,2,Province/Canada / ,province,expenses_value,total_revenue,5m_20m
Total_expenses_value_2024_5M_20M.csv,3,Cost of Sales (direct expenses) / Coût de ventes (frais direct),cost_of_sales_direct_expenses_co_t_de_ventes_frais_direct,expenses_value,total_revenue,5m_20m
Total_expenses_value_2024_5M_20M.csv,4,Quality Indicator / Indicateurs de qualité,quality_indicator_indicateurs_de_qualit,expenses_value,total_revenue,5m_20m
Total_expenses_value_2024_5M_20M.csv,5,Bottom Quartile Cost of Sales / Quart inférieur Coût de ventes (frais direct),bottom_quartile_cost_of_sales_quart_inf_rieur_co_t_de_ventes_frais_direct,expenses_value,total_revenue,5m_20m
Total_expenses_value_2024_5M_20M.csv,6,Lower Middle Cost of Sales / 2e quart Coût de ventes (frais direct),lower_middle_cost_of_sales_2e_quart_co_t_de_ventes_frais_direct,expenses_value,total_revenue,5m_20m
Total_expenses_value_2024_5M_20M.csv,7,Upper Middle cost of Sales / 3e quart Coût de ventes (frais direct),upper_middle_cost_of_sales_3e_quart_co_t_de_ventes_frais_direct,expenses_value,total_revenue,5m_20m
Total_expenses_value_2024_5M_20M.csv,8,Top Quartile Cost of Sales / Quart supérieur Coût de ventes (frais direct),top_quartile_cost_of_sales_quart_sup_rieur_co_t_de_ventes_frais_direct,expenses_value,total_revenue,5m_20m
Total_expenses_value_2024_5M_20M.csv,9,% of Businesses Reporting / % des entreprises déclarantes Coût de ventes (frais direct),of_businesses_reporting_des_entreprises_d_clarantes_co_t_de_ventes_frais_direct,expenses_value,total_revenue,5m_20m
Total_expenses_value_2024_5M_20M.csv,10,Wages and Benefits / Salaires et avantages sociaux,wages_and_benefits_salaires_et_avantages_sociaux,expenses_value,total_revenue,5m_20m
Total_expenses_value_2024_5M_20M.csv,11,Quality Indicator / Indicateurs de qualité,quality_indicator_indicateurs_de_qualit_2,expenses_value,total_revenue,5m_20m
Total_expenses_value_2024_5M_20M.csv,12,Bottom Quartile Wages and Benefits / quart inférieur Salaires et avantages sociaux,bottom_quartile_wages_and_benefits_quart_inf_rieur_salaires_et_avantages_sociaux,expenses_value,total_revenue,5m_20m
Total_expenses_value_2024_5M_20M.csv,13,Lower Middle Wages and Benefits / 2e quart Salaires et avantages sociaux,lower_middle_wages_and_benefits_2e_quart_salaires_et_avantages_sociaux,expenses_value,total_revenue,5m_20m
Total_expenses_value_2024_5M_20M.csv,14,Upper Middle Wages and Benefits / 3e quart Salaires et avantages sociaux,upper_middle_wages_and_benefits_3e_quart_salaires_et_avantages_sociaux,expenses_value,total_revenue,5m_20m
Total_expenses_value_2024_5M_20M.csv,15,Top Quartile Wages and Benefits / Quart supérieur Salaires et avantages sociaux,top_quartile_wages_and_benefits_quart_sup_rieur_salaires_et_avantages_sociaux,expenses_value,total_revenue,5m_20m
Total_expenses_value_2024_5M_20M.csv,16,% of Businesses Reporting / % des entreprises déclarantes,of_businesses_reporting_des_entreprises_d_clarantes,expenses_value,total_revenue,5m_20m
Total_expenses_value_2024_5M_20M.csv,17,"Purchases, materials and sub-contracts / Achats, matériaux et sous-traitances",purchases_materials_and_sub_contracts_achats_mat_riaux_et_sous_traitances,expenses_value,total_revenue,5m_20m
Total_expenses_value_2024_5M_20M.csv,18,Quality Indicator / Indicateurs de qualité,quality_indicator_indicateurs_de_qualit_3,expenses_value,total_revenue,5m_20m
Total_expenses_value_2024_5M_20M.csv,19,"Bottom Quartile Purchases, materials and sub-contracts / Quart inférieurs Achats, matériaux et sous-traitances",bottom_quartile_purchases_materials_and_sub_contracts_quart_inf_rieurs_achats_mat_riaux_et_sous_traitances,expenses_value,total_revenue,5m_20m
Total_expenses_value_2024_5M_20M.csv,20,"Lower Middle Purchases, materials and sub-contracts / 2e quart Achats, matériaux et sous-traitances",lower_middle_purchases_materials_and_sub_contracts_2e_quart_achats_mat_riaux_et_sous_traitances,expenses_value,total_revenue,5m_20m
Total_expenses_value_2024_5M_20M.csv,21,"Upper Middle Purchases, materials and sub-contracts / 3e quart Achats, matériaux et sous-traitances",upper_middle_purchases_materials_and_sub_contracts_3e_quart_achats_mat_riaux_et_sous_traitances,expenses_value,total_revenue,5m_20m
Total_expenses_value_2024_5M_20M.csv,22,"Top Quartile Purchases, materials and sub-contracts / quart supérieurs Achats, matériaux et sous-traitances",top_quartile_purchases_materials_and_sub_contracts_quart_sup_rieurs_achats_mat_riaux_et_sous_traitances,expenses_value,total_revenue,5m_20m
Total_expenses_value_2024_5M_20M.csv,23,% of Businesses Reporting / % des entreprises déclarantes,of_businesses_reporting_des_entreprises_d_clarantes_2,expenses_value,total_revenue,5m_20m
Total_expenses_value_2024_5M_20M.csv,24,Opening Inventory / Stocks d'ouverture,opening_inventory_stocks_d_ouverture,expenses_value,total_revenue,5m_20m
Total_expenses_value_2024_5M_20M.csv,25,Quality Indicator / Indicateurs de qualité,quality_indicator_indicateurs_de_qualit_4,expenses_value,total_revenue,5m_20m
Total_expenses_value_2024_5M_20M.csv,26,Bottom Quartile Opening Inventory / Quart inférieurs Stocks d'ouverture,bottom_quartile_opening_inventory_quart_inf_rieurs_stocks_d_ouverture,expenses_value,total_revenue,5m_20m
Total_expenses_value_2024_5M_20M.csv,27,Lower Middle Opening Inventory / 2e quart Stocks d'ouverture,lower_middle_opening_inventory_2e_quart_stocks_d_ouverture,expenses_value,total_revenue,5m_20m
Total_expenses_value_2024_5M_20M.csv,28,Upper Middle Opening Inventory / 3e quart Stocks d'ouverture,upper_middle_opening_inventory_3e_quart_stocks_d_ouverture,expenses_value,total_revenue,5m_20m
Total_expenses_value_2024_5M_20M.csv,29,Top Quartile Opening Inventory / Quart supérieurs Stocks d'ouverture,top_quartile_opening_inventory_quart_sup_rieurs_stocks_d_ouverture,expenses_value,total_revenue,5m_20m
Total_expenses_value_2024_5M_20M.csv,30,% of Businesses Reporting / % des entreprises déclarantes,of_businesses_reporting_des_entreprises_d_clarantes_3,expenses_value,total_revenue,5m_20m
Total_expenses_value_2024_5M_20M.csv,31,Closing Inventory / Stock de fermeture,closing_inventory_stock_de_fermeture,expenses_value,total_revenue,5m_20m
Total_expenses_value_2024_5M_20M.csv,32,Quality Indicator / Indicateurs de qualité,quality_indicator_indicateurs_de_qualit_5,expenses_value,total_revenue,5m_20m
Total_expenses_value_2024_5M_20M.csv,33,Bottom Quartile Closing Inventory / Quart inférieurs Stock de fermeture,bottom_quartile_closing_inventory_quart_inf_rieurs_stock_de_fermeture,expenses_value,total_revenue,5m_20m
Total_expenses_value_2024_5M_20M.csv,34,Lower Middle Closing Inventory / 2e quart Stock de fermeture,lower_middle_closing_inventory_2e_quart_stock_de_fermeture,expenses_value,total_revenue,5m_20m
Total_expenses_value_2024_5M_20M.csv,35,Upper Middle Closing Inventory / 3e quart Stock de fermeture,upper_middle_closing_inventory_3e_quart_stock_de_fermeture,expenses_value,total_revenue,5m_20m
Total_expenses_value_2024_5M_20M.csv,36,Top Quartile Closing Inventory / Quart supérieurs Stock de fermeture,top_quartile_closing_inventory_quart_sup_rieurs_stock_de_fermeture,expenses_value,total_revenue,5m_20m
Total_expenses_value_2024_5M_20M.csv,37,% of Businesses Reporting / % des entreprises déclarantes,of_businesses_reporting_des_entreprises_d_clarantes_4,expenses_value,total_revenue,5m_20m
Total_expenses_value_2024_5M_20M.csv,38,Operating expenses (indirect)  / Dépenses d'exploitation (frais indirects),operating_expenses_indirect_d_penses_d_exploitation_frais_indirects,expenses_value,total_revenue,5m_20m
Total_expenses_value_2024_5M_20M.csv,39,Quality Indicator / Indicateurs de qualité,quality_indicator_indicateurs_de_qualit_6,expenses_value,total_revenue,5m_20m
Total_expenses_value_2024_5M_20M.csv,40,Bottom Quartile Operating Expenses (indirect) / Quart inférieurs Dépenses d'exploitation (frais indirects),bottom_quartile_operating_expenses_indirect_quart_inf_rieurs_d_penses_d_exploitation_frais_indirects,expenses_value,total_revenue,5m_20m
Total_expenses_value_2024_5M_20M.csv,41,Lower Middle Operating Expenses (indirect) / 2e Quart Dépenses d'exploitation (frais indirects),lower_middle_operating_expenses_indirect_2e_quart_d_penses_d_exploitation_frais_indirects,expenses_value,total_revenue,5m_20m
Total_expenses_value_2024_5M_20M.csv,42,Upper Middle Operating Expenses (indirect) / 3e quart Dépenses d'exploitation (frais indirects),upper_middle_operating_expenses_indirect_3e_quart_d_penses_d_exploitation_frais_indirects,expenses_value,total_revenue,5m_20m
Total_expenses_value_2024_5M_20M.csv,43,Top Quartile Operating Expenses (indirect) / Quart supérieur Dépenses d'exploitation (frais indirects),top_quartile_operating_expenses_indirect_quart_sup_rieur_d_penses_d_exploitation_frais_indirects,expenses_value,total_revenue,5m_20m
Total_expenses_value_2024_5M_20M.csv,44,% of Businesses Reporting / % des entreprises déclarantes,of_businesses_reporting_des_entreprises_d_clarantes_5,expenses_value,total_revenue,5m_20m
Total_expenses_value_2024_5M_20M.csv,45, / Labour and Commissions  / Traitements et commissions,labour_and_commissions_traitements_et_commissions,expenses_value,total_revenue,5m_20m
Total_expenses_value_2024_5M_20M.csv,46,Quality Indicator / Indicateurs de qualité,quality_indicator_indicateurs_de_qualit_7,expenses_value,total_revenue,5m_20m
Total_expenses_value_2024_5M_20M.csv,47,Bottom Quartile Labour and Commissions / Quart inférieur Traitements et commissions,bottom_quartile_labour_and_commissions_quart_inf_rieur_traitements_et_commissions,expenses_value,total_revenue,5m_20m
Total_expenses_value_2024_5M_20M.csv,48,Lower Middle Labour and Commissions / 2e quart Traitements et commissions,lower_middle_labour_and_commissions_2e_quart_traitements_et_commissions,expenses_value,total_revenue,5m_20m
Total_expenses_value_2024_5M_20M.csv,49,Upper Middle Labour and Commissions / 3e quart Traitements et commissions,upper_middle_labour_and_commissions_3e_quart_traitements_et_commissions,expenses_value,total_revenue,5m_20m
Total_expenses_value_2024_5M_20M.csv,50,Top Quartile Labour and Commissions / Quart supérieur Traitements et commissions,top_quartile_labour_and_commissions_quart_sup_rieur_traitements_et_commissions,expenses_value,total_revenue,5m_20m
Total_expenses_value_2024_5M_20M.csv,51,% of Businesses Reporting / % des entreprises déclarantes,of_businesses_reporting_des_entreprises_d_clarantes_6,expenses_value,total_revenue,5m_20m
Total_expenses_value_2024_5M_20M.csv,52,Amortization and depletion / Amortissement et tarissement,amortization_and_depletion_amortissement_et_tarissement,expenses_value,total_revenue,5m_20m
Total_expenses_value_2024_5M_20M.csv,53,Quality Indicator / Indicateurs de qualité,quality_indicator_indicateurs_de_qualit_8,expenses_value,total_revenue,5m_20m
Total_expenses_value_2024_5M_20M.csv,54,Bottom Quartile Amortization and depletion / Quart inférieur Amortissement et tarissement,bottom_quartile_amortization_and_depletion_quart_inf_rieur_amortissement_et_tarissement,expenses_value,total_revenue,5m_20m
Total_expenses_value_2024_5M_20M.csv,55,Lower Middle Amortization and depletion / 2e quart Amortissement et tarissement,lower_middle_amortization_and_depletion_2e_quart_amortissement_et_tarissement,expenses_value,total_revenue,5m_20m
Total_expenses_value_2024_5M_20M.csv,56,Upper Middle Amortization and depletion / 3e quart Amortissement et tarissement,upper_middle_amortization_and_depletion_3e_quart_amortissement_et_tarissement,expenses_value,total_revenue,5m_20m
Total_expenses_value_2024_5M_20M.csv,57,Top Quartile Amortization and depletion / Quart supérieur Amortissement et tarissement,top_quartile_amortization_and_depletion_quart_sup_rieur_amortissement_et_tarissement,expenses_value,total_revenue,5m_20m
Total_expenses_value_2024_5M_20M.csv,58,% of Businesses Reporting  / % des entreprises déclarantes,of_businesses_reporting_des_entreprises_d_clarantes_7,expenses_value,total_revenue,5m_20m
Total_expenses_value_2024_5M_20M.csv,59, /  / Repairs and maintenance  / Réparations et entretien,repairs_and_maintenance_r_parations_et_entretien,expenses_value,total_revenue,5m_20m
Total_expenses_value_2024_5M_20M.csv,60,Quality Indicator / Indicateurs de qualité,quality_indicator_indicateurs_de_qualit_9,expenses_value,total_revenue,5m_20m
Total_expenses_value_2024_5M_20M.csv,61,Bottom Quartile Repairs and maintenance / Quart inférieur Réparations et entretien,bottom_quartile_repairs_and_maintenance_quart_inf_rieur_r_parations_et_entretien,expenses_value,total_revenue,5m_20m
Total_expenses_value_2024_5M_20M.csv,62,Lower Middle Repairs and maintenance / 2e quart Réparations et entretien,lower_middle_repairs_and_maintenance_2e_quart_r_parations_et_entretien,expenses_value,total_revenue,5m_20m
Total_expenses_value_2024_5M_20M.csv,63,Upper Middle Repairs and maintenance / 3e quart Réparations et entretien,upper_middle_repairs_and_maintenance_3e_quart_r_parations_et_entretien,expenses_value,total_revenue,5m_20m
Total_expenses_value_2024_5M_20M.csv,64,Top Quartile Repairs and maintenance / Quart supérieur Réparations et entretien,top_quartile_repairs_and_maintenance_quart_sup_rieur_r_parations_et_entretien,expenses_value,total_revenue,5m_20m
Total_expenses_value_2024_5M_20M.csv,65,% of Businesses Reporting / % des entreprises déclarantes,of_businesses_reporting_des_entreprises_d_clarantes_8,expenses_value,total_revenue,5m_20m
Total_expenses_value_2024_5M_20M.csv,66,Utilities and telephone/telecommunication  / Services publics et téléphone / télécommunication,utilities_and_telephone,expenses_value,total_revenue,5m_20m
Total_expenses_value_2024_5M_20M.csv,67,Quality Indicator / Indicateurs de qualité,quality_indicator_indicateurs_de_qualit_10,expenses_value,total_revenue,5m_20m
Total_expenses_value_2024_5M_20M.csv,68,Bottom Quartile Utilities and telephone/telecommunication /  Quart inférieur Services publics et téléphone / télécommunication,bottom_quartile_utilities_and_telephone,expenses_value,total_revenue,5m_20m
Total_expenses_value_2024_5M_20M.csv,69,Lower Middle Utilities and telephone/telecommunication / 2e quart Services publics et téléphone / télécommunication,lower_middle_utilities_and_telephone,expenses_value,total_revenue,5m_20m
Total_expenses_value_2024_5M_20M.csv,70,Upper Middle Utilities and telephone/telecommunication / 3e quart Services publics et téléphone / télécommunication,upper_middle_utilities_and_telephone,expenses_value,total_revenue,5m_20m
Total_expenses_value_2024_5M_20M.csv,71,Top Quartile Utilities and telephone/telecommunication / Quart supérieur Services publics et téléphone / télécommunication,top_quartile_utilities_and_telephone,expenses_value,total_revenue,5m_20m
Total_expenses_value_2024_5M_20M.csv,72,% of Businesses Reporting / % des entreprises déclarantes,of_businesses_reporting_des_entreprises_d_clarantes_9,expenses_value,total_revenue,5m_20m
Total_expenses_value_2024_5M_20M.csv,73,Rent / Location,rent_location,expenses_value,total_revenue,5m_20m
Total_expenses_value_2024_5M_20M.csv,74,Quality Indicator / Indicateurs de qualité,quality_indicator_indicateurs_de_qualit_11,expenses_value,total_revenue,5m_20m
Total_expenses_value_2024_5M_20M.csv,75,Bottom Quartile Rent / Quart inférieur Location,bottom_quartile_rent_quart_inf_rieur_location,expenses_value,total_revenue,5m_20m
Total_expenses_value_2024_5M_20M.csv,76,Lower Middle Rent / 2e quart Location,lower_middle_rent_2e_quart_location,expenses_value,total_revenue,5m_20m
Total_expenses_value_2024_5M_20M.csv,77,Upper Middle Rent / 3e quart Location,upper_middle_rent_3e_quart_location,expenses_value,total_revenue,5m_20m
Total_expenses_value_2024_5M_20M.csv,78,Top Quartile Rent / Quart supérieur Location,top_quartile_rent_quart_sup_rieur_location,expenses_value,total_revenue,5m_20m
Total_expenses_value_2024_5M_20M.csv,79,% of Businesses Reporting / % des entreprises déclarantes,of_businesses_reporting_des_entreprises_d_clarantes_10,expenses_value,total_revenue,5m_20m
Total_expenses_value_2024_5M_20M.csv,80,Interest and bank charges / Intérêts et frais bancaires,interest_and_bank_charges_int_r_ts_et_frais_bancaires,expenses_value,total_revenue,5m_20m
Total_expenses_value_2024_5M_20M.csv,81,Quality Indicator / Indicateurs de qualité,quality_indicator_indicateurs_de_qualit_12,expenses_value,total_revenue,5m_20m
Total_expenses_value_2024_5M_20M.csv,82,Bottom Quartile Interest and bank charges / Quart inférieur Intérêts et frais bancaires,bottom_quartile_interest_and_bank_charges_quart_inf_rieur_int_r_ts_et_frais_bancaires,expenses_value,total_revenue,5m_20m
Total_expenses_value_2024_5M_20M.csv,83,Lower Middle Interest and bank charges / 2e quart Intérêts et frais bancaires,lower_middle_interest_and_bank_charges_2e_quart_int_r_ts_et_frais_bancaires,expenses_value,total_revenue,5m_20m
Total_expenses_value_2024_5M_20M.csv,84,Upper Middle Interest and bank charges / 3e quart Intérêts et frais bancaires,upper_middle_interest_and_bank_charges_3e_quart_int_r_ts_et_frais_bancaires,expenses_value,total_revenue,5m_20m
Total_expenses_value_2024_5M_20M.csv,85,Top Quartile Interest and bank charges / Quart supérieur Intérêts et frais bancaires,top_quartile_interest_and_bank_charges_quart_sup_rieur_int_r_ts_et_frais_bancaires,expenses_value,total_revenue,5m_20m
Total_expenses_value_2024_5M_20M.csv,86,% of Businesses Reporting /  % des entreprises déclarantes,of_businesses_reporting_des_entreprises_d_clarantes_11,expenses_value,total_revenue,5m_20m
Total_expenses_value_2024_5M_20M.csv,87,Professional and business fees / Intérêts et frais bancaires,professional_and_business_fees_int_r_ts_et_frais_bancaires,expenses_value,total_revenue,5m_20m
Total_expenses_value_2024_5M_20M.csv,88,Quality Indicator / Indicateurs de qualité,quality_indicator_indicateurs_de_qualit_13,expenses_value,total_revenue,5m_20m
Total_expenses_value_2024_5M_20M.csv,89,Bottom Quartile Professional and business fees / Quart inférieur Intérêts et frais bancaires,bottom_quartile_professional_and_business_fees_quart_inf_rieur_int_r_ts_et_frais_bancaires,expenses_value,total_revenue,5m_20m
Total_expenses_value_2024_5M_20M.csv,90,Lower Middle Professional and business fees / 2e quart Intérêts et frais bancaires,lower_middle_professional_and_business_fees_2e_quart_int_r_ts_et_frais_bancaires,expenses_value,total_revenue,5m_20m
Total_expenses_value_2024_5M_20M.csv,91,Upper Middle Professional and business fees / 3e quart Intérêts et frais bancaires,upper_middle_professional_and_business_fees_3e_quart_int_r_ts_et_frais_bancaires,expenses_value,total_revenue,5m_20m
Total_expenses_value_2024_5M_20M.csv,92,Top Quartile Professional and business fees / Quart supérieur Intérêts et frais bancaires,top_quartile_professional_and_business_fees_quart_sup_rieur_int_r_ts_et_frais_bancaires,expenses_value,total_revenue,5m_20m
Total_expenses_value_2024_5M_20M.csv,93,% of Businesses Reporting / % des entreprises déclarantes,of_businesses_reporting_des_entreprises_d_clarantes_12,expenses_value,total_revenue,5m_20m
Total_expenses_value_2024_5M_20M.csv,94,Advertising and promotion / Publicité et promotion,advertising_and_promotion_publicit_et_promotion,expenses_value,total_revenue,5m_20m
Total_expenses_value_2024_5M_20M.csv,95,Quality Indicator / Indicateurs de qualité,quality_indicator_indicateurs_de_qualit_14,expenses_value,total_revenue,5m_20m
Total_expenses_value_2024_5M_20M.csv,96,Bottom Quartile Advertising and promotion / Quart inférieur Publicité et promotion,bottom_quartile_advertising_and_promotion_quart_inf_rieur_publicit_et_promotion,expenses_value,total_revenue,5m_20m
Total_expenses_value_2024_5M_20M.csv,97,Lower Middle Advertising and promotion / 2e quart Publicité et promotion,lower_middle_advertising_and_promotion_2e_quart_publicit_et_promotion,expenses_value,total_revenue,5m_20m
Total_expenses_value_2024_5M_20M.csv,98,Upper Middle Advertising and promotion / 3e quart Publicité et promotion,upper_middle_advertising_and_promotion_3e_quart_publicit_et_promotion,expenses_value,total_revenue,5m_20m
Total_expenses_value_2024_5M_20M.csv,99,Top Quartile Advertising and promotion / Quart supérieur Publicité et promotion,top_quartile_advertising_and_promotion_quart_sup_rieur_publicit_et_promotion,expenses_value,total_revenue,5m_20m
Total_expenses_value_2024_5M_20M.csv,100,% of Businesses Reporting / % des entreprises déclarantes,of_businesses_reporting_des_entreprises_d_clarantes_13,expenses_value,total_revenue,5m_20m
Total_expenses_value_2024_5M_20M.csv,101,"Delivery, shipping and warehouse / Livraison, expédition et entreposage",delivery_shipping_and_warehouse_livraison_exp_dition_et_entreposage,expenses_value,total_revenue,5m_20m
Total_expenses_value_2024_5M_20M.csv,102,Quality Indicator / Indicateurs de qualité,quality_indicator_indicateurs_de_qualit_15,expenses_value,total_revenue,5m_20m
Total_expenses_value_2024_5M_20M.csv,103,"Bottom Quartile Delivery, shipping and warehouse expense / Quart inférieur Livraison, expédition et entreposage",bottom_quartile_delivery_shipping_and_warehouse_expense_quart_inf_rieur_livraison_exp_dition_et_entreposage,expenses_value,total_revenue,5m_20m
Total_expenses_value_2024_5M_20M.csv,104,"Lower Middle Delivery, shipping and warehouse expense / 2e quart Livraison, expédition et entreposage",lower_middle_delivery_shipping_and_warehouse_expense_2e_quart_livraison_exp_dition_et_entreposage,expenses_value,total_revenue,5m_20m
Total_expenses_value_2024_5M_20M.csv,105,"Upper Middle Delivery, shipping and warehouse expense / 3e quart Livraison, expédition et entreposage",upper_middle_delivery_shipping_and_warehouse_expense_3e_quart_livraison_exp_dition_et_entreposage,expenses_value,total_revenue,5m_20m
Total_expenses_value_2024_5M_20M.csv,106,"Top Quartile Delivery, shipping and warehouse expense / Quart supérieur Livraison, expédition et entreposage",top_quartile_delivery_shipping_and_warehouse_expense_quart_sup_rieur_livraison_exp_dition_et_entreposage,expenses_value,total_revenue,5m_20m
Total_expenses_value_2024_5M_20M.csv,107,% of Businesses Reporting / % des entreprises déclarantes,of_businesses_reporting_des_entreprises_d_clarantes_14,expenses_value,total_revenue,5m_20m
Total_expenses_value_2024_5M_20M.csv,108,Insurance / Assurances,insurance_assurances,expenses_value,total_revenue,5m_20m
Total_expenses_value_2024_5M_20M.csv,109,Quality Indicator / Indicateurs de qualité,quality_indicator_indicateurs_de_qualit_16,expenses_value,total_revenue,5m_20m
Total_expenses_value_2024_5M_20M.csv,110,Bottom Quartile Insurance / Quart inférieur Assurances,bottom_quartile_insurance_quart_inf_rieur_assurances,expenses_value,total_revenue,5m_20m
Total_expenses_value_2024_5M_20M.csv,111,Lower Middle Insurance / 2e quart Assurances,lower_middle_insurance_2e_quart_assurances,expenses_value,total_revenue,5m_20m
Total_expenses_value_2024_5M_20M.csv,112,Upper Middle Insurance / 3e quart Assurances,upper_middle_insurance_3e_quart_assurances,expenses_value,total_revenue,5m_20m
Total_expenses_value_2024_5M_20M.csv,113,Top Quartile Insurance / Quart supérieur Assurances,top_quartile_insurance_quart_sup_rieur_assurances,expenses_value,total_revenue,5m_20m
Total_expenses_value_2024_5M_20M.csv,114,% of Businesses Reporting / % des entreprises déclarantes,of_businesses_reporting_des_entreprises_d_clarantes_15,expenses_value,total_revenue,5m_20m
Total_expenses_value_2024_5M_20M.csv,115,Other expenses / Autres dépenses,other_expenses_autres_d_penses,expenses_value,total_revenue,5m_20m
Total_expenses_value_2024_5M_20M.csv,116,Quality Indicator / Indicateurs de qualité,quality_indicator_indicateurs_de_qualit_17,expenses_value,total_revenue,5m_20m
Total_expenses_value_2024_5M_20M.csv,117,Bottom Quartile Other expenses / Quart infoerieur Autres dépenses,bottom_quartile_other_expenses_quart_infoerieur_autres_d_penses,expenses_value,total_revenue,5m_20m
Total_expenses_value_2024_5M_20M.csv,118,Lower Middle Other expenses / 2e quart Autres dépenses,lower_middle_other_expenses_2e_quart_autres_d_penses,expenses_value,total_revenue,5m_20m
Total_expenses_value_2024_5M_20M.csv,119,Upper Middle Other expenses / 3e quart Autres dépenses,upper_middle_other_expenses_3e_quart_autres_d_penses,expenses_value,total_revenue,5m_20m
Total_expenses_value_2024_5M_20M.csv,120,Top Quartile Other expenses / Quart supérieur Autres dépenses,top_quartile_other_expenses_quart_sup_rieur_autres_d_penses,expenses_value,total_revenue,5m_20m
Total_expenses_value_2024_5M_20M.csv,121,% of Businesses Reporting / % des entreprises déclarantes,of_businesses_reporting_des_entreprises_d_clarantes_16,expenses_value,total_revenue,5m_20m
Total_expenses_value_2024_5M_20M.csv,122,Total expenses / Dépenses totales,total_expenses_d_penses_totales,expenses_value,total_revenue,5m_20m
Total_expenses_value_2024_5M_20M.csv,123,Quality Indicator / Indicateurs de qualité,quality_indicator_indicateurs_de_qualit_18,expenses_value,total_revenue,5m_20m
Total_expenses_value_2024_5M_20M.csv,124,Bottom Quartile Total expenses / quart inférieur Dépenses totales,bottom_quartile_total_expenses_quart_inf_rieur_d_penses_totales,expenses_value,total_revenue,5m_20m
Total_expenses_value_2024_5M_20M.csv,125,Lower Middle Total expenses / 2e quart Dépenses totales,lower_middle_total_expenses_2e_quart_d_penses_totales,expenses_value,total_revenue,5m_20m
Total_expenses_value_2024_5M_20M.csv,126,Upper Middle Total expenses / 3e quart Dépenses totales,upper_middle_total_expenses_3e_quart_d_penses_totales,expenses_value,total_revenue,5m_20m
Total_expenses_value_2024_5M_20M.csv,127,Top Quartile Total expenses / Quart supérieur,top_quartile_total_expenses_quart_sup_rieur,expenses_value,total_revenue,5m_20m
Total_expenses_value_2024_5M_20M.csv,128,% of Businesses Reporting / % des entreprises déclarantes,of_businesses_reporting_des_entreprises_d_clarantes_17,expenses_value,total_revenue,5m_20m
Total_expenses_value_2024_5M_20M.csv,129,Net Profit/Loss / Bénéfice/perte net,net_profit,expenses_value,total_revenue,5m_20m
Total_expenses_value_2024_5M_20M.csv,130,Quality Indicator / Indicateurs de qualité,quality_indicator_indicateurs_de_qualit_19,expenses_value,total_revenue,5m_20m
Total_expenses_value_2024_5M_20M.csv,131,Bottom Quartile Net Profit/Loss / quart inférieur Bénéfice/perte net,bottom_quartile_net_profit,expenses_value,total_revenue,5m_20m
Total_expenses_value_2024_5M_20M.csv,132,Lower Middle Net Profit/Loss / 2e quart Bénéfice/perte net,lower_middle_net_profit,expenses_value,total_revenue,5m_20m
Total_expenses_value_2024_5M_20M.csv,133,Upper Middle Net Profit/Loss / 3e quart Bénéfice/perte net,upper_middle_net_profit,expenses_value,total_revenue,5m_20m
Total_expenses_value_2024_5M_20M.csv,134,Top Quartile Net Profit/Loss / Quart supérieur Bénéfice/perte net,top_quartile_net_profit,expenses_value,total_revenue,5m_20m
Total_expenses_value_2024_5M_20M.csv,135,% of Businesses Reporting / % des entreprises déclarantes,of_businesses_reporting_des_entreprises_d_clarantes_18,expenses_value,total_revenue,5m_20m
Total_expenses_value_2024_5M_20M.csv,136,Year / Année,year_ann_e,expenses_value,total_revenue,5m_20m
Total_revenue_2024_5M_20M.csv,0,Incorporation Status / Statue d'incorporation,incorporation_status_statue_d_incorporation,revenue,total_revenue,5m_20m
Total_revenue_2024_5M_20M.csv,1,Naics_code / Code_SCIAN,naics_code_code_scian,revenue,total_revenue,5m_20m
Total_revenue_2024_5M_20M.csv,2,Province / Canada,province_canada,revenue,total_revenue,5m_20m
Total_revenue_2024_5M_20M.csv,3,Whole Industry (Reliability) / Industrie entière (fiabilité),whole_industry_reliability_industrie_enti_re_fiabilit,revenue,total_revenue,5m_20m
Total_revenue_2024_5M_20M.csv,4,Whole industry low revenue range / Intervalles de revenu minimale Industrie entière (fiabilité),whole_industry_low_revenue_range_intervalles_de_revenu_minimale_industrie_enti_re_fiabilit,revenue,total_revenue,5m_20m
Total_revenue_2024_5M_20M.csv,5,Whole industry High revenue range / Intervalles de revenue maximale Industrie entière (fiabilité),whole_industry_high_revenue_range_intervalles_de_revenue_maximale_industrie_enti_re_fiabilit,revenue,total_revenue,5m_20m
Total_revenue_2024_5M_20M.csv,6,Bottom quartile Low revenue range / Quart inférieur Intervalles de revenue minimale,bottom_quartile_low_revenue_range_quart_inf_rieur_intervalles_de_revenue_minimale,revenue,total_revenue,5m_20m
Total_revenue_2024_5M_20M.csv,7,Bottom quartile High revenue range / 2e quart Intervalles de revenue maximale,bottom_quartile_high_revenue_range_2e_quart_intervalles_de_revenue_maximale,revenue,total_revenue,5m_20m
Total_revenue_2024_5M_20M.csv,8,Lower middle Low revenue range / 3e quart Intervalles de revenue minimale,lower_middle_low_revenue_range_3e_quart_intervalles_de_revenue_minimale,revenue,total_revenue,5m_20m
Total_revenue_2024_5M_20M.csv,9,Lower middle High revenue range / 2e quart Intervalle de revenue maximale / ,lower_middle_high_revenue_range_2e_quart_intervalle_de_revenue_maximale,revenue,total_revenue,5m_20m
Total_revenue_2024_5M_20M.csv,10,Upper middle Low revenue range  / 3e quart intervalle de revenue minimale,upper_middle_low_revenue_range_3e_quart_intervalle_de_revenue_minimale,revenue,total_revenue,5m_20m
Total_revenue_2024_5M_20M.csv,11,Upper middle High revenue range / 3e quart Intervalle de revenue maximale,upper_middle_high_revenue_range_3e_quart_intervalle_de_revenue_maximale,revenue,total_revenue,5m_20m
Total_revenue_2024_5M_20M.csv,12,Top quartile Low revenue range / Quart supérieur invertalle de revenue minimale /  / ,top_quartile_low_revenue_range_quart_sup_rieur_invertalle_de_revenue_minimale,revenue,total_revenue,5m_20m
Total_revenue_2024_5M_20M.csv,13,Top quartile High revenue range / Quart supérieur invertalle de revenue maximale,top_quartile_high_revenue_range_quart_sup_rieur_invertalle_de_revenue_maximale,revenue,total_revenue,5m_20m
Total_revenue_2024_5M_20M.csv,14,Whole industry Total revenue  / Industrie entière revenu total,whole_industry_total_revenue_industrie_enti_re_revenu_total,revenue,total_revenue,5m_20m
Total_revenue_2024_5M_20M.csv,15, Quality Indicator / Indicateurs de qualité,quality_indicator_indicateurs_de_qualit,revenue,total_revenue,5m_20m
Total_revenue_2024_5M_20M.csv,16,Bottom quartile Total revenue / Quart inférieur revenu total,bottom_quartile_total_revenue_quart_inf_rieur_revenu_total,revenue,total_revenue,5m_20m
Total_revenue_2024_5M_20M.csv,17,Lower middle Total revenue / 2e quart revenu total,lower_middle_total_revenue_2e_quart_revenu_total,revenue,total_revenue,5m_20m
Total_revenue_2024_5M_20M.csv,18,Upper middle Total revenue / 3e quart revenu total,upper_middle_total_revenue_3e_quart_revenu_total,revenue,total_revenue,5m_20m
Total_revenue_2024_5M_20M.csv,19,Top quartile Total revenue / Quart supérieur revenu total,top_quartile_total_revenue_quart_sup_rieur_revenu_total,revenue,total_revenue,5m_20m
Total_revenue_2024_5M_20M.csv,20,Whole industry Sales of goods and services / Industrie entière Ventes de biens et de services,whole_industry_sales_of_goods_and_services_industrie_enti_re_ventes_de_biens_et_de_services,revenue,total_revenue,5m_20m
Total_revenue_2024_5M_20M.csv,21,Quality Indicator / Indicateurs de qualité,quality_indicator_indicateurs_de_qualit_2,revenue,total_revenue,5m_20m
Total_revenue_2024_5M_20M.csv,22,Bottom quartile Sales of goods and services / Quart inférieur Ventes de biens et de services / ,bottom_quartile_sales_of_goods_and_services_quart_inf_rieur_ventes_de_biens_et_de_services,revenue,total_revenue,5m_20m
Total_revenue_2024_5M_20M.csv,23,Lower middle Sales of goods and services / 2e quart Ventes de biens et de services,lower_middle_sales_of_goods_and_services_2e_quart_ventes_de_biens_et_de_services,revenue,total_revenue,5m_20m
Total_revenue_2024_5M_20M.csv,24,Upper middle Sales of goods and services / 3e quart  Ventes de biens et de services,upper_middle_sales_of_goods_and_services_3e_quart_ventes_de_biens_et_de_services,revenue,total_revenue,5m_20m
Total_revenue_2024_5M_20M.csv,25,Top quartile Sales of goods and services / Quat supérieur  Ventes de biens et de services,top_quartile_sales_of_goods_and_services_quat_sup_rieur_ventes_de_biens_et_de_services,revenue,total_revenue,5m_20m
Total_revenue_2024_5M_20M.csv,26,Whole industry All other revenue  / Industrie entière Tous les autres revenus,whole_industry_all_other_revenue_industrie_enti_re_tous_les_autres_revenus,revenue,total_revenue,5m_20m
Total_revenue_2024_5M_20M.csv,27,Quality Indicator / Indicateurs de qualité,quality_indicator_indicateurs_de_qualit_3,revenue,total_revenue,5m_20m
Total_revenue_2024_5M_20M.csv,28,Bottom quartile All other revenue  / Quart inférieur Tous les autres revenus,bottom_quartile_all_other_revenue_quart_inf_rieur_tous_les_autres_revenus,revenue,total_revenue,5m_20m
Total_revenue_2024_5M_20M.csv,29,Lower middle All other revenue  / 2e quart Tous les autres revenus,lower_middle_all_other_revenue_2e_quart_tous_les_autres_revenus,revenue,total_revenue,5m_20m
Total_revenue_2024_5M_20M.csv,30,Upper middle All other revenue  / 3e quart Tous les autres revenus,upper_middle_all_other_revenue_3e_quart_tous_les_autres_revenus,revenue,total_revenue,5m_20m
Total_revenue_2024_5M_20M.csv,31,Top quartile All other revenue  / Quart supérieur Tous les autres revenus,top_quartile_all_other_revenue_quart_sup_rieur_tous_les_autres_revenus,revenue,total_revenue,5m_20m
Total_revenue_2024_5M_20M.csv,32,Percent of businesses reporting sales of goods / % des entreprises déclarantes Ventes de biens et de services,percent_of_businesses_reporting_sales_of_goods_des_entreprises_d_clarantes_ventes_de_biens_et_de_services,revenue,total_revenue,5m_20m
Total_revenue_2024_5M_20M.csv,33,Percent of businesses reporting all other revenues / % des entreprises déclarantes Tous les autres revenus,percent_of_businesses_reporting_all_other_revenues_des_entreprises_d_clarantes_tous_les_autres_revenus,revenue,total_revenue,5m_20m
Total_revenue_2024_5M_20M.csv,34,year,year,revenue,total_revenue,5m_20m
balance_sheet_2024_30k_5m.csv,0,Incorporation Status / Status d'incorporation,incorporation_status_status_d_incorporation,balance,total_revenue,30k_5m
balance_sheet_2024_30k_5m.csv,1,Naics code / code Scian,naics_code_code_scian,balance,total_revenue,30k_5m
balance_sheet_2024_30k_5m.csv,2,Province / Canada,province_canada,balance,total_revenue,30k_5m
balance_sheet_2024_30k_5m.csv,3,Total assets / Actif total,total_assets_actif_total,balance,total_revenue,30k_5m
balance_sheet_2024_30k_5m.csv,4,Quality Indicator / Indicateurs de qualité,quality_indicator_indicateurs_de_qualit,balance,total_revenue,30k_5m
balance_sheet_2024_30k_5m.csv,5,Bottom Quartile Total assets / Quart inférieur Actif total,bottom_quartile_total_assets_quart_inf_rieur_actif_total,balance,total_revenue,30k_5m
balance_sheet_2024_30k_5m.csv,6,Lower Middle Total assets / 2e quart Actif total,lower_middle_total_assets_2e_quart_actif_total,balance,total_revenue,30k_5m
balance_sheet_2024_30k_5m.csv,7,Upper Middle Total assets / 3e quart Actif total,upper_middle_total_assets_3e_quart_actif_total,balance,total_revenue,30k_5m
balance_sheet_2024_30k_5m.csv,8,Top quartile Total assets / Quart supérieur Actif total,top_quartile_total_assets_quart_sup_rieur_actif_total,balance,total_revenue,30k_5m
balance_sheet_2024_30k_5m.csv,9,Total current assets / Actif total … court terme,total_current_assets_actif_total_court_terme,balance,total_revenue,30k_5m
balance_sheet_2024_30k_5m.csv,10,Quality Indicator / Indicateurs de qualité,quality_indicator_indicateurs_de_qualit_2,balance,total_revenue,30k_5m
balance_sheet_2024_30k_5m.csv,11,Bottom Quartile Total current assets / Quart inférieur Actif total … court terme,bottom_quartile_total_current_assets_quart_inf_rieur_actif_total_court_terme,balance,total_revenue,30k_5m
balance_sheet_2024_30k_5m.csv,12,Lower Middle Total current assets / 2e quart Actif total … court terme,lower_middle_total_current_assets_2e_quart_actif_total_court_terme,balance,total_revenue,30k_5m
balance_sheet_2024_30k_5m.csv,13,Upper Middle Total current assets / 3e quart Actif total … court terme,upper_middle_total_current_assets_3e_quart_actif_total_court_terme,balance,total_revenue,30k_5m
balance_sheet_2024_30k_5m.csv,14,Top quartile Total current assets / Quart supérieur Actif total … court terme,top_quartile_total_current_assets_quart_sup_rieur_actif_total_court_terme,balance,total_revenue,30k_5m
balance_sheet_2024_30k_5m.csv,15,Accounts receivable / Comptes clients,accounts_receivable_comptes_clients,balance,total_revenue,30k_5m
balance_sheet_2024_30k_5m.csv,16,Quality Indicator / Indicateurs de qualité,quality_indicator_indicateurs_de_qualit_3,balance,total_revenue,30k_5m
balance_sheet_2024_30k_5m.csv,17,Bottom Quartile Accounts receivable / Quart inférieur Comptes clients,bottom_quartile_accounts_receivable_quart_inf_rieur_comptes_clients,balance,total_revenue,30k_5m
balance_sheet_2024_30k_5m.csv,18,Lower Middle Accounts receivable / 2e quart Comptes clients,lower_middle_accounts_receivable_2e_quart_comptes_clients,balance,total_revenue,30k_5m
balance_sheet_2024_30k_5m.csv,19,Upper Middle Accounts receivable / 3e quart Comptes clients,upper_middle_accounts_receivable_3e_quart_comptes_clients,balance,total_revenue,30k_5m
balance_sheet_2024_30k_5m.csv,20,Top quartile Accounts receivable / quart supérieur Comptes clients,top_quartile_accounts_receivable_quart_sup_rieur_comptes_clients,balance,total_revenue,30k_5m
balance_sheet_2024_30k_5m.csv,21,Closing inventory / Stocks de fermeture,closing_inventory_stocks_de_fermeture,balance,total_revenue,30k_5m
balance_sheet_2024_30k_5m.csv,22,Quality Indicator / Indicateurs de qualité,quality_indicator_indicateurs_de_qualit_4,balance,total_revenue,30k_5m
balance_sheet_2024_30k_5m.csv,23,Bottom Quartile Closing inventory / Quart inférieur Stocks de fermeture,bottom_quartile_closing_inventory_quart_inf_rieur_stocks_de_fermeture,balance,total_revenue,30k_5m
balance_sheet_2024_30k_5m.csv,24,Lower Middle Closing inventory / 2e quart Stocks de fermeture,lower_middle_closing_inventory_2e_quart_stocks_de_fermeture,balance,total_revenue,30k_5m
balance_sheet_2024_30k_5m.csv,25,Upper Middle Closing inventory / 3e quart Stocks de fermeture,upper_middle_closing_inventory_3e_quart_stocks_de_fermeture,balance,total_revenue,30k_5m
balance_sheet_2024_30k_5m.csv,26,Top quartile Closing inventory / Quart supérieur,top_quartile_closing_inventory_quart_sup_rieur,balance,total_revenue,30k_5m
balance_sheet_2024_30k_5m.csv,27,Other current assets / Autres éléments d'actif … court terme,other_current_assets_autres_l_ments_d_actif_court_terme,balance,total_revenue,30k_5m
balance_sheet_2024_30k_5m.csv,28,Quality Indicator /  Indicateurs de qualité Indicateurs de qualité,quality_indicator_indicateurs_de_qualit_indicateurs_de_qualit,balance,total_revenue,30k_5m
balance_sheet_2024_30k_5m.csv,29,Bottom Quartile Other current assets / Quart inférieur Autres éléments d'actif … court terme,bottom_quartile_other_current_assets_quart_inf_rieur_autres_l_ments_d_actif_court_terme,balance,total_revenue,30k_5m
balance_sheet_2024_30k_5m.csv,30,Lower Middle Other current assets / 2e quart Autres éléments d'actif … court terme,lower_middle_other_current_assets_2e_quart_autres_l_ments_d_actif_court_terme,balance,total_revenue,30k_5m
balance_sheet_2024_30k_5m.csv,31,Upper Middle Other current assets / 3e quart Autres éléments d'actif … court terme,upper_middle_other_current_assets_3e_quart_autres_l_ments_d_actif_court_terme,balance,total_revenue,30k_5m
balance_sheet_2024_30k_5m.csv,32,Top quartile Other current assets / Quart supérieur Autres éléments d'actif … court terme,top_quartile_other_current_assets_quart_sup_rieur_autres_l_ments_d_actif_court_terme,balance,total_revenue,30k_5m
balance_sheet_2024_30k_5m.csv,33,Net tangible and intagible assets / Bien corporel et incorporels en valeur nette,net_tangible_and_intagible_assets_bien_corporel_et_incorporels_en_valeur_nette,balance,total_revenue,30k_5m
balance_sheet_2024_30k_5m.csv,34,Quality Indicator /  Indicateurs de qualité Indicateurs de qualité,quality_indicator_indicateurs_de_qualit_indicateurs_de_qualit_2,balance,total_revenue,30k_5m
balance_sheet_2024_30k_5m.csv,35,Bottom Quartile Net tangible and intagible assets / Quart inférieur Bien corporel et incorporels en valeur nette,bottom_quartile_net_tangible_and_intagible_assets_quart_inf_rieur_bien_corporel_et_incorporels_en_valeur_nette,balance,total_revenue,30k_5m
balance_sheet_2024_30k_5m.csv,36,Lower Middle Net tangible and intagible assets / 2e quart Bien corporel et incorporels en valeur nette,lower_middle_net_tangible_and_intagible_assets_2e_quart_bien_corporel_et_incorporels_en_valeur_nette,balance,total_revenue,30k_5m
balance_sheet_2024_30k_5m.csv,37,Upper Middle Net tangible and intagible assets / 3e quart Bien corporel et incorporels en valeur nette,upper_middle_net_tangible_and_intagible_assets_3e_quart_bien_corporel_et_incorporels_en_valeur_nette,balance,total_revenue,30k_5m
balance_sheet_2024_30k_5m.csv,38,Top quartile Net tangible and intagible assets / Quart supérieur Bien corporel et incorporels en valeur nette,top_quartile_net_tangible_and_intagible_assets_quart_sup_rieur_bien_corporel_et_incorporels_en_valeur_nette,balance,total_revenue,30k_5m
balance_sheet_2024_30k_5m.csv,39,All other assets and adjustments / Tous les autres actifs et les ajustements,all_other_assets_and_adjustments_tous_les_autres_actifs_et_les_ajustements,balance,total_revenue,30k_5m
balance_sheet_2024_30k_5m.csv,40,Quality Indicator / Indicateurs de qualité,quality_indicator_indicateurs_de_qualit_5,balance,total_revenue,30k_5m
balance_sheet_2024_30k_5m.csv,41,Bottom Quartile  All other assets and adjustments / Quart inférieur Tous les autres actifs et les ajustements,bottom_quartile_all_other_assets_and_adjustments_quart_inf_rieur_tous_les_autres_actifs_et_les_ajustements,balance,total_revenue,30k_5m
balance_sheet_2024_30k_5m.csv,42,Lower Middle All other assets and adjustments / 2e quart Tous les autres actifs et les ajustements,lower_middle_all_other_assets_and_adjustments_2e_quart_tous_les_autres_actifs_et_les_ajustements,balance,total_revenue,30k_5m
balance_sheet_2024_30k_5m.csv,43,Upper Middle All other assets and adjustments / 3e quart Tous les autres actifs et les ajustements,upper_middle_all_other_assets_and_adjustments_3e_quart_tous_les_autres_actifs_et_les_ajustements,balance,total_revenue,30k_5m
balance_sheet_2024_30k_5m.csv,44,Top quartile All other assets and adjustments / Quart supérieur Tous les autres actifs et les ajustements,top_quartile_all_other_assets_and_adjustments_quart_sup_rieur_tous_les_autres_actifs_et_les_ajustements,balance,total_revenue,30k_5m
balance_sheet_2024_30k_5m.csv,45,Total liabilities / Passif total,total_liabilities_passif_total,balance,total_revenue,30k_5m
balance_sheet_2024_30k_5m.csv,46,Quality Indicator / Indicateurs de qualité,quality_indicator_indicateurs_de_qualit_6,balance,total_revenue,30k_5m
balance_sheet_2024_30k_5m.csv,47,Bottom Quartile Total liabilities / Quart inférieur Passif total,bottom_quartile_total_liabilities_quart_inf_rieur_passif_total,balance,total_revenue,30k_5m
balance_sheet_2024_30k_5m.csv,48,Lower Middle Total liabilities / 2e quart Passif total,lower_middle_total_liabilities_2e_quart_passif_total,balance,total_revenue,30k_5m
balance_sheet_2024_30k_5m.csv,49,Upper Middle Total liabilities / 3e quart Passif total,upper_middle_total_liabilities_3e_quart_passif_total,balance,total_revenue,30k_5m
balance_sheet_2024_30k_5m.csv,50,Top quartile Total liabilities / quart supérieur Passif total,top_quartile_total_liabilities_quart_sup_rieur_passif_total,balance,total_revenue,30k_5m
balance_sheet_2024_30k_5m.csv,51,Total current liabilities / Passif … court terme total,total_current_liabilities_passif_court_terme_total,balance,total_revenue,30k_5m
balance_sheet_2024_30k_5m.csv,52,Quality Indicator / Indicateurs de qualité,quality_indicator_indicateurs_de_qualit_7,balance,total_revenue,30k_5m
balance_sheet_2024_30k_5m.csv,53,Bottom Quartile Total current liabilities / quart inférieur Passif … court terme total,bottom_quartile_total_current_liabilities_quart_inf_rieur_passif_court_terme_total,balance,total_revenue,30k_5m
balance_sheet_2024_30k_5m.csv,54,Lower Middle Total current liabilities / 2e quart Passif … court terme total,lower_middle_total_current_liabilities_2e_quart_passif_court_terme_total,balance,total_revenue,30k_5m
balance_sheet_2024_30k_5m.csv,55,Upper Middle Total current liabilities / 3e quart Passif … court terme total,upper_middle_total_current_liabilities_3e_quart_passif_court_terme_total,balance,total_revenue,30k_5m
balance_sheet_2024_30k_5m.csv,56,Top quartile Total current liabilities / Quart supérieur Passif … court terme total,top_quartile_total_current_liabilities_quart_sup_rieur_passif_court_terme_total,balance,total_revenue,30k_5m
balance_sheet_2024_30k_5m.csv,57,Current bank loans / Emprunts bancaires … court terme,current_bank_loans_emprunts_bancaires_court_terme,balance,total_revenue,30k_5m
balance_sheet_2024_30k_5m.csv,58,Quality Indicator / Indicateurs de qualité,quality_indicator_indicateurs_de_qualit_8,balance,total_revenue,30k_5m
balance_sheet_2024_30k_5m.csv,59,Bottom Quartile Current bank loans / Quart inférieur Emprunts bancaires … court terme,bottom_quartile_current_bank_loans_quart_inf_rieur_emprunts_bancaires_court_terme,balance,total_revenue,30k_5m
balance_sheet_2024_30k_5m.csv,60,Lower Middle Current bank loans / 2e quart Emprunts bancaires … court terme,lower_middle_current_bank_loans_2e_quart_emprunts_bancaires_court_terme,balance,total_revenue,30k_5m
balance_sheet_2024_30k_5m.csv,61,Upper Middle Current bank loans / 3e quart Emprunts bancaires … court terme,upper_middle_current_bank_loans_3e_quart_emprunts_bancaires_court_terme,balance,total_revenue,30k_5m
balance_sheet_2024_30k_5m.csv,62,Top quartile Current bank loans / Quart supérieur Emprunts bancaires … court terme,top_quartile_current_bank_loans_quart_sup_rieur_emprunts_bancaires_court_terme,balance,total_revenue,30k_5m
balance_sheet_2024_30k_5m.csv,63,Other current liabilities / Autres éléments de passif … court terme,other_current_liabilities_autres_l_ments_de_passif_court_terme,balance,total_revenue,30k_5m
balance_sheet_2024_30k_5m.csv,64,Quality Indicator / Indicateurs de qualité,quality_indicator_indicateurs_de_qualit_9,balance,total_revenue,30k_5m
balance_sheet_2024_30k_5m.csv,65,Bottom Quartile Other current liabilities / Quart inférieur Autres éléments de passif … court terme,bottom_quartile_other_current_liabilities_quart_inf_rieur_autres_l_ments_de_passif_court_terme,balance,total_revenue,30k_5m
balance_sheet_2024_30k_5m.csv,66,Lower Middle Other current liabilities / 2e quart Autres éléments de passif … court terme,lower_middle_other_current_liabilities_2e_quart_autres_l_ments_de_passif_court_terme,balance,total_revenue,30k_5m
balance_sheet_2024_30k_5m.csv,67,Upper Middle Other current liabilities / 3e quart Autres éléments de passif … court terme,upper_middle_other_current_liabilities_3e_quart_autres_l_ments_de_passif_court_terme,balance,total_revenue,30k_5m
balance_sheet_2024_30k_5m.csv,68,Top quartile Other current liabilities / Quart supérieur Autres éléments de passif … court terme,top_quartile_other_current_liabilities_quart_sup_rieur_autres_l_ments_de_passif_court_terme,balance,total_revenue,30k_5m
balance_sheet_2024_30k_5m.csv,69,Long term liabilities / Passif … long terme,long_term_liabilities_passif_long_terme,balance,total_revenue,30k_5m
balance_sheet_2024_30k_5m.csv,70,Quality Indicator / Indicateurs de qualité,quality_indicator_indicateurs_de_qualit_10,balance,total_revenue,30k_5m
balance_sheet_2024_30k_5m.csv,71,Bottom Quartile Long term liabilities / quart inférieur Passif … long terme,bottom_quartile_long_term_liabilities_quart_inf_rieur_passif_long_terme,balance,total_revenue,30k_5m
balance_sheet_2024_30k_5m.csv,72,Lower Middle Long term liabilities / 2e quart Passif … long terme,lower_middle_long_term_liabilities_2e_quart_passif_long_terme,balance,total_revenue,30k_5m
balance_sheet_2024_30k_5m.csv,73,Upper Middle Long term liabilities / 3e quart Passif … long terme,upper_middle_long_term_liabilities_3e_quart_passif_long_terme,balance,total_revenue,30k_5m
balance_sheet_2024_30k_5m.csv,74,Top quartile Long term liabilities / Quart supérieur Passif … long terme,top_quartile_long_term_liabilities_quart_sup_rieur_passif_long_terme,balance,total_revenue,30k_5m
balance_sheet_2024_30k_5m.csv,75,Total equity / Avoir des actionnaires en valeur totale,total_equity_avoir_des_actionnaires_en_valeur_totale,balance,total_revenue,30k_5m
balance_sheet_2024_30k_5m.csv,76,Quality Indicator /  Indicateurs de qualité,quality_indicator_indicateurs_de_qualit_11,balance,total_revenue,30k_5m
balance_sheet_2024_30k_5m.csv,77,Bottom Quartile Total equity / Quart inférieur Avoir des actionnaires en valeur totale,bottom_quartile_total_equity_quart_inf_rieur_avoir_des_actionnaires_en_valeur_totale,balance,total_revenue,30k_5m
balance_sheet_2024_30k_5m.csv,78,Lower Middle Total equity / 2e quart Avoir des actionnaires en valeur totale,lower_middle_total_equity_2e_quart_avoir_des_actionnaires_en_valeur_totale,balance,total_revenue,30k_5m
balance_sheet_2024_30k_5m.csv,79,Upper Middle Total equity / 3e quart Avoir des actionnaires en valeur totale,upper_middle_total_equity_3e_quart_avoir_des_actionnaires_en_valeur_totale,balance,total_revenue,30k_5m
balance_sheet_2024_30k_5m.csv,80,Top quartile Total equity / Quart supérieur Avoir des actionnaires en valeur totale,top_quartile_total_equity_quart_sup_rieur_avoir_des_actionnaires_en_valeur_totale,balance,total_revenue,30k_5m
balance_sheet_2024_30k_5m.csv,81,Year  / Année,year_ann_e,balance,total_revenue,30k_5m
financial_ratios_2024_30k_5m.csv,0,Incorporation Status / Status d'incorporation,incorporation_status_status_d_incorporation,ratios,total_revenue,30k_5m
financial_ratios_2024_30k_5m.csv,1,Naics code / Code Scian,naics_code_code_scian,ratios,total_revenue,30k_5m
financial_ratios_2024_30k_5m.csv,2,Canada / Province,canada_province,ratios,total_revenue,30k_5m
financial_ratios_2024_30k_5m.csv,3,Current ratio / Ratio de la liquidité générale,current_ratio_ratio_de_la_liquidit_g_n_rale,ratios,total_revenue,30k_5m
financial_ratios_2024_30k_5m.csv,4,Bottom Quartile Current ratio / Quart inférieur Ratio de la liquidité générale,bottom_quartile_current_ratio_quart_inf_rieur_ratio_de_la_liquidit_g_n_rale,ratios,total_revenue,30k_5m
financial_ratios_2024_30k_5m.csv,5,Lower Middle Current ratio / 2e quart Ratio de la liquidité générale,lower_middle_current_ratio_2e_quart_ratio_de_la_liquidit_g_n_rale,ratios,total_revenue,30k_5m
financial_ratios_2024_30k_5m.csv,6,Upper Middle Current Ratio / 3e quart Ratio de la liquidité générale,upper_middle_current_ratio_3e_quart_ratio_de_la_liquidit_g_n_rale,ratios,total_revenue,30k_5m
financial_ratios_2024_30k_5m.csv,7,Top Quartile Current ratio / Quart supérieurRatio de la liquidité générale,top_quartile_current_ratio_quart_sup_rieurratio_de_la_liquidit_g_n_rale,ratios,total_revenue,30k_5m
financial_ratios_2024_30k_5m.csv,8,Debt to equity ratio / Ratio d'endettement passif-avoir,debt_to_equity_ratio_ratio_d_endettement_passif_avoir,ratios,total_revenue,30k_5m
financial_ratios_2024_30k_5m.csv,9,Bottom Quartile Debt to equity ratio / quart inférieur Ratio d'endettement passif-avoir,bottom_quartile_debt_to_equity_ratio_quart_inf_rieur_ratio_d_endettement_passif_avoir,ratios,total_revenue,30k_5m
financial_ratios_2024_30k_5m.csv,10,Lower Middle Debt to equity ratio / 2e quart Ratio d'endettement passif-avoir,lower_middle_debt_to_equity_ratio_2e_quart_ratio_d_endettement_passif_avoir,ratios,total_revenue,30k_5m
financial_ratios_2024_30k_5m.csv,11,Upper Middle Debt to equity ratio / 3e quart Ratio d'endettement passif-avoir,upper_middle_debt_to_equity_ratio_3e_quart_ratio_d_endettement_passif_avoir,ratios,total_revenue,30k_5m
financial_ratios_2024_30k_5m.csv,12,Top Quartile Debt to equity ratio / quart supérieur Ratio d'endettement passif-avoir,top_quartile_debt_to_equity_ratio_quart_sup_rieur_ratio_d_endettement_passif_avoir,ratios,total_revenue,30k_5m
financial_ratios_2024_30k_5m.csv,13,Interest coverage ratio / Ratio de couverture des intérêts,interest_coverage_ratio_ratio_de_couverture_des_int_r_ts,ratios,total_revenue,30k_5m
financial_ratios_2024_30k_5m.csv,14,Bottom Quartile Interest coverage ratio / Quart inférieur Ratio de couverture des intérêts,bottom_quartile_interest_coverage_ratio_quart_inf_rieur_ratio_de_couverture_des_int_r_ts,ratios,total_revenue,30k_5m
financial_ratios_2024_30k_5m.csv,15,Lower Middle Interest coverage ratio / 2e quart Ratio de couverture des intérêts,lower_middle_interest_coverage_ratio_2e_quart_ratio_de_couverture_des_int_r_ts,ratios,total_revenue,30k_5m
financial_ratios_2024_30k_5m.csv,16,Upper Middle Interest coverage ratio / 3e quart Ratio de couverture des intérêts,upper_middle_interest_coverage_ratio_3e_quart_ratio_de_couverture_des_int_r_ts,ratios,total_revenue,30k_5m
financial_ratios_2024_30k_5m.csv,17,Top Quartile Interest coverage ratio / Quart supérieur,top_quartile_interest_coverage_ratio_quart_sup_rieur,ratios,total_revenue,30k_5m
financial_ratios_2024_30k_5m.csv,18,Debt ratio / Ratio d'endettement passif-actif,debt_ratio_ratio_d_endettement_passif_actif,ratios,total_revenue,30k_5m
financial_ratios_2024_30k_5m.csv,19,Bottom Quartile Debt ratio / Quart inférieur Ratio d'endettement passif-actif,bottom_quartile_debt_ratio_quart_inf_rieur_ratio_d_endettement_passif_actif,ratios,total_revenue,30k_5m
financial_ratios_2024_30k_5m.csv,20,Lower Middle Debt ratio / 2e quart Ratio d'endettement passif-actif,lower_middle_debt_ratio_2e_quart_ratio_d_endettement_passif_actif,ratios,total_revenue,30k_5m
financial_ratios_2024_30k_5m.csv,21,Upper Middle Debt ratio / 3e quart Ratio d'endettement passif-actif,upper_middle_debt_ratio_3e_quart_ratio_d_endettement_passif_actif,ratios,total_revenue,30k_5m
financial_ratios_2024_30k_5m.csv,22,Top Quartile Debt ratio / Quart supérieur Ratio d'endettement passif-actif,top_quartile_debt_ratio_quart_sup_rieur_ratio_d_endettement_passif_actif,ratios,total_revenue,30k_5m
financial_ratios_2024_30k_5m.csv,23,Revenue to equity ratioRatio recettes-capitaux propres,revenue_to_equity_ratioratio_recettes_capitaux_propres,ratios,total_revenue,30k_5m
financial_ratios_2024_30k_5m.csv,24,Bottom Quartile Revenue to equity ratio / quart inférieur Ratio recettes-capitaux propres,bottom_quartile_revenue_to_equity_ratio_quart_inf_rieur_ratio_recettes_capitaux_propres,ratios,total_revenue,30k_5m
financial_ratios_2024_30k_5m.csv,25,Lower Middle Revenue to equity ratio / 2e quart Ratio recettes-capitaux propres,lower_middle_revenue_to_equity_ratio_2e_quart_ratio_recettes_capitaux_propres,ratios,total_revenue,30k_5m
financial_ratios_2024_30k_5m.csv,26,Upper Middle Revenue to equity ratio / 3e quart Ratio recettes-capitaux propres,upper_middle_revenue_to_equity_ratio_3e_quart_ratio_recettes_capitaux_propres,ratios,total_revenue,30k_5m
financial_ratios_2024_30k_5m.csv,27,Top Quartile Revenue to equity ratio / Quart supérieur Ratio recettes-capitaux propres,top_quartile_revenue_to_equity_ratio_quart_sup_rieur_ratio_recettes_capitaux_propres,ratios,total_revenue,30k_5m
financial_ratios_2024_30k_5m.csv,28,Revenue to closing inventory ratio / Ratio recettes-stocks de fermeture,revenue_to_closing_inventory_ratio_ratio_recettes_stocks_de_fermeture,ratios,total_revenue,30k_5m
financial_ratios_2024_30k_5m.csv,29,Bottom Quartile Revenue to closing inventory ratio / quart inférieur Ratio recettes-stocks de fermeture,bottom_quartile_revenue_to_closing_inventory_ratio_quart_inf_rieur_ratio_recettes_stocks_de_fermeture,ratios,total_revenue,30k_5m
financial_ratios_2024_30k_5m.csv,30,Lower Middle Revenue to closing inventory ratio / 2e quart Ratio recettes-stocks de fermeture,lower_middle_revenue_to_closing_inventory_ratio_2e_quart_ratio_recettes_stocks_de_fermeture,ratios,total_revenue,30k_5m
financial_ratios_2024_30k_5m.csv,31,Upper Middle Revenue to closing inventory ratio / 3e quart Ratio recettes-stocks de fermeture,upper_middle_revenue_to_closing_inventory_ratio_3e_quart_ratio_recettes_stocks_de_fermeture,ratios,total_revenue,30k_5m
financial_ratios_2024_30k_5m.csv,32,Top Quartile Revenue to closing inventory ratio / Quart supérieur Ratio recettes-stocks de fermeture,top_quartile_revenue_to_closing_inventory_ratio_quart_sup_rieur_ratio_recettes_stocks_de_fermeture,ratios,total_revenue,30k_5m
financial_ratios_2024_30k_5m.csv,33,Current debt to equity (%) / Ratio créances à court terme-capitaux propres (%),current_debt_to_equity_ratio_cr_ances_court_terme_capitaux_propres,ratios,total_revenue,30k_5m
financial_ratios_2024_30k_5m.csv,34,Bottom Quartile Current debt to equity (%) / Quart inférieur Ratio créances à court terme-capitaux propres (%),bottom_quartile_current_debt_to_equity_quart_inf_rieur_ratio_cr_ances_court_terme_capitaux_propres,ratios,total_revenue,30k_5m
financial_ratios_2024_30k_5m.csv,35,Lower Middle Current debt to equity (%) / 2e quart Ratio créances à court terme-capitaux propres (%),lower_middle_current_debt_to_equity_2e_quart_ratio_cr_ances_court_terme_capitaux_propres,ratios,total_revenue,30k_5m
financial_ratios_2024_30k_5m.csv,36,Upper Middle Current debt to equity (%) / 3e quart Ratio créances à court terme-capitaux propres (%),upper_middle_current_debt_to_equity_3e_quart_ratio_cr_ances_court_terme_capitaux_propres,ratios,total_revenue,30k_5m
financial_ratios_2024_30k_5m.csv,37,Top Quartile Current debt to equity (%) /  Quart supérieur Ratio créances à court terme-capitaux propres (%),top_quartile_current_debt_to_equity_quart_sup_rieur_ratio_cr_ances_court_terme_capitaux_propres,ratios,total_revenue,30k_5m
financial_ratios_2024_30k_5m.csv,38,Net profit to equity (%) / Ratio bénéfice net-capitaux propres (%),net_profit_to_equity_ratio_b_n_fice_net_capitaux_propres,ratios,total_revenue,30k_5m
financial_ratios_2024_30k_5m.csv,39,Bottom Quartile Net profit to equity (%) Quart inférieur Ratio bénéfice net-capitaux propres (%),bottom_quartile_net_profit_to_equity_quart_inf_rieur_ratio_b_n_fice_net_capitaux_propres,ratios,total_revenue,30k_5m
financial_ratios_2024_30k_5m.csv,40,Lower Middle Net profit to equity (%) / 2e quart Ratio bénéfice net-capitaux propres (%),lower_middle_net_profit_to_equity_2e_quart_ratio_b_n_fice_net_capitaux_propres,ratios,total_revenue,30k_5m
financial_ratios_2024_30k_5m.csv,41,Upper Middle Net profit to equity (%) / 3e quart Ratio bénéfice net-capitaux propres (%),upper_middle_net_profit_to_equity_3e_quart_ratio_b_n_fice_net_capitaux_propres,ratios,total_revenue,30k_5m
financial_ratios_2024_30k_5m.csv,42,Top Quartile Net profit to equity (%) / quart supérieur Ratio bénéfice net-capitaux propres (%),top_quartile_net_profit_to_equity_quart_sup_rieur_ratio_b_n_fice_net_capitaux_propres,ratios,total_revenue,30k_5m
financial_ratios_2024_30k_5m.csv,43,Net fixed assets to equity (%) / Ratio immobilisé net-capitaux propres (%),net_fixed_assets_to_equity_ratio_immobilis_net_capitaux_propres,ratios,total_revenue,30k_5m
financial_ratios_2024_30k_5m.csv,44,Bottom Quartile Net fixed assets to equity (%) / Quart inférieur Ratio immobilisé net-capitaux propres (%),bottom_quartile_net_fixed_assets_to_equity_quart_inf_rieur_ratio_immobilis_net_capitaux_propres,ratios,total_revenue,30k_5m
financial_ratios_2024_30k_5m.csv,45,Lower Middle Net fixed assets to equity (%) / 2e quart Ratio immobilisé net-capitaux propres (%),lower_middle_net_fixed_assets_to_equity_2e_quart_ratio_immobilis_net_capitaux_propres,ratios,total_revenue,30k_5m
financial_ratios_2024_30k_5m.csv,46,Upper Middle Net fixed assets to equity (%) / 3e quart Ratio immobilisé net-capitaux propres (%),upper_middle_net_fixed_assets_to_equity_3e_quart_ratio_immobilis_net_capitaux_propres,ratios,total_revenue,30k_5m
financial_ratios_2024_30k_5m.csv,47,Top Quartile Net fixed assets to equity (%) / Quart supérieur Ratio immobilisé net-capitaux propres (%),top_quartile_net_fixed_assets_to_equity_quart_sup_rieur_ratio_immobilis_net_capitaux_propres,ratios,total_revenue,30k_5m
financial_ratios_2024_30k_5m.csv,48,Gross margin (%) / Marge bénéficiaire brute (%),gross_margin_marge_b_n_ficiaire_brute,ratios,total_revenue,30k_5m
financial_ratios_2024_30k_5m.csv,49,Bottom Quartile Gross margin (%) / Quart inférieur Marge bénéficiaire brute (%),bottom_quartile_gross_margin_quart_inf_rieur_marge_b_n_ficiaire_brute,ratios,total_revenue,30k_5m
financial_ratios_2024_30k_5m.csv,50,Lower Middle Gross margin (%) / 2e quart Marge bénéficiaire brute (%),lower_middle_gross_margin_2e_quart_marge_b_n_ficiaire_brute,ratios,total_revenue,30k_5m
financial_ratios_2024_30k_5m.csv,51,Upper Middle Gross margin (%) / 3e quart Marge bénéficiaire brute (%),upper_middle_gross_margin_3e_quart_marge_b_n_ficiaire_brute,ratios,total_revenue,30k_5m
financial_ratios_2024_30k_5m.csv,52,Top Quartile Gross margin (%) / Quart supérieur Marge bénéficiaire brute (%),top_quartile_gross_margin_quart_sup_rieur_marge_b_n_ficiaire_brute,ratios,total_revenue,30k_5m
financial_ratios_2024_30k_5m.csv,53,Return on total assets (%) / Rendement de l'actif total (%),return_on_total_assets_rendement_de_l_actif_total,ratios,total_revenue,30k_5m
financial_ratios_2024_30k_5m.csv,54,Bottom Quartile Return on total assets (%) Quart inférieur Rendement de l'actif total (%),bottom_quartile_return_on_total_assets_quart_inf_rieur_rendement_de_l_actif_total,ratios,total_revenue,30k_5m
financial_ratios_2024_30k_5m.csv,55,Lower Middle Return on total assets (%) / 2e quart Rendement de l'actif total (%),lower_middle_return_on_total_assets_2e_quart_rendement_de_l_actif_total,ratios,total_revenue,30k_5m
financial_ratios_2024_30k_5m.csv,56,Upper Middle Return on total assets (%) / 3e quart Rendement de l'actif total (%),upper_middle_return_on_total_assets_3e_quart_rendement_de_l_actif_total,ratios,total_revenue,30k_5m
financial_ratios_2024_30k_5m.csv,57,Top Quartile Return on total assets (%) / Quart supérieur Rendement de l'actif total (%),top_quartile_return_on_total_assets_quart_sup_rieur_rendement_de_l_actif_total,ratios,total_revenue,30k_5m
financial_ratios_2024_30k_5m.csv,58,Collection period for accounts receivable (days) / Délai moyen de recouvrement des créances (jours),collection_period_for_accounts_receivable_days_d_lai_moyen_de_recouvrement_des_cr_ances_jours,ratios,total_revenue,30k_5m
financial_ratios_2024_30k_5m.csv,59,Bottom Quartile Collection period for accounts receivable (days) / Quart inférieur Délai moyen de recouvrement des créances (jours),bottom_quartile_collection_period_for_accounts_receivable_days_quart_inf_rieur_d_lai_moyen_de_recouvrement_des_cr_ances_jours,ratios,total_revenue,30k_5m
financial_ratios_2024_30k_5m.csv,60,Lower Middle Collection period for accounts receivable (days)  / 2e quart Délai moyen de recouvrement des créances (jours),lower_middle_collection_period_for_accounts_receivable_days_2e_quart_d_lai_moyen_de_recouvrement_des_cr_ances_jours,ratios,total_revenue,30k_5m
financial_ratios_2024_30k_5m.csv,61,Upper Middle Collection period for accounts receivable (days) / 3e quart Délai moyen de recouvrement des créances (jours),upper_middle_collection_period_for_accounts_receivable_days_3e_quart_d_lai_moyen_de_recouvrement_des_cr_ances_jours,ratios,total_revenue,30k_5m
financial_ratios_2024_30k_5m.csv,62,Top Quartile Collection period for accounts receivable (days) / Quart supérieur Délai moyen de recouvrement des créances (jours),top_quartile_collection_period_for_accounts_receivable_days_quart_sup_rieur_d_lai_moyen_de_recouvrement_des_cr_ances_jours,ratios,total_revenue,30k_5m
financial_ratios_2024_30k_5m.csv,63,Year / Année,year_ann_e,ratios,total_revenue,30k_5m
profit_margin_balance_sheet_2024_30k_5m.csv,0,Incorporation Status / Status d'incorporation,incorporation_status_status_d_incorporation,balance,profit_margin,30k_5m
profit_margin_balance_sheet_2024_30k_5m.csv,1,Naics code / code Scian,naics_code_code_scian,balance,profit_margin,30k_5m
profit_margin_balance_sheet_2024_30k_5m.csv,2,Province / Canada,province_canada,balance,profit_margin,30k_5m
profit_margin_balance_sheet_2024_30k_5m.csv,3,Total assets / Actif total,total_assets_actif_total,balance,profit_margin,30k_5m
profit_margin_balance_sheet_2024_30k_5m.csv,4,Quality Indicator / Indicateurs de qualité,quality_indicator_indicateurs_de_qualit,balance,profit_margin,30k_5m
profit_margin_balance_sheet_2024_30k_5m.csv,5,Bottom Quartile Total assets / Quart inférieur Actif total,bottom_quartile_total_assets_quart_inf_rieur_actif_total,balance,profit_margin,30k_5m
profit_margin_balance_sheet_2024_30k_5m.csv,6,Lower Middle Total assets / 2e quart Actif total,lower_middle_total_assets_2e_quart_actif_total,balance,profit_margin,30k_5m
profit_margin_balance_sheet_2024_30k_5m.csv,7,Upper Middle Total assets / 3e quart Actif total,upper_middle_total_assets_3e_quart_actif_total,balance,profit_margin,30k_5m
profit_margin_balance_sheet_2024_30k_5m.csv,8,Top quartile Total assets / Quart supérieur Actif total,top_quartile_total_assets_quart_sup_rieur_actif_total,balance,profit_margin,30k_5m
profit_margin_balance_sheet_2024_30k_5m.csv,9,Total current assets / Actif total … court terme,total_current_assets_actif_total_court_terme,balance,profit_margin,30k_5m
profit_margin_balance_sheet_2024_30k_5m.csv,10,Quality Indicator / Indicateurs de qualité,quality_indicator_indicateurs_de_qualit_2,balance,profit_margin,30k_5m
profit_margin_balance_sheet_2024_30k_5m.csv,11,Bottom Quartile Total current assets / Quart inférieur Actif total … court terme,bottom_quartile_total_current_assets_quart_inf_rieur_actif_total_court_terme,balance,profit_margin,30k_5m
profit_margin_balance_sheet_2024_30k_5m.csv,12,Lower Middle Total current assets / 2e quart Actif total … court terme,lower_middle_total_current_assets_2e_quart_actif_total_court_terme,balance,profit_margin,30k_5m
profit_margin_balance_sheet_2024_30k_5m.csv,13,Upper Middle Total current assets / 3e quart Actif total … court terme,upper_middle_total_current_assets_3e_quart_actif_total_court_terme,balance,profit_margin,30k_5m
profit_margin_balance_sheet_2024_30k_5m.csv,14,Top quartile Total current assets / Quart supérieur Actif total … court terme,top_quartile_total_current_assets_quart_sup_rieur_actif_total_court_terme,balance,profit_margin,30k_5m
profit_margin_balance_sheet_2024_30k_5m.csv,15,Accounts receivable / Comptes clients,accounts_receivable_comptes_clients,balance,profit_margin,30k_5m
profit_margin_balance_sheet_2024_30k_5m.csv,16,Quality Indicator / Indicateurs de qualité,quality_indicator_indicateurs_de_qualit_3,balance,profit_margin,30k_5m
profit_margin_balance_sheet_2024_30k_5m.csv,17,Bottom Quartile Accounts receivable / Quart inférieur Comptes clients,bottom_quartile_accounts_receivable_quart_inf_rieur_comptes_clients,balance,profit_margin,30k_5m
profit_margin_balance_sheet_2024_30k_5m.csv,18,Lower Middle Accounts receivable / 2e quart Comptes clients,lower_middle_accounts_receivable_2e_quart_comptes_clients,balance,profit_margin,30k_5m
profit_margin_balance_sheet_2024_30k_5m.csv,19,Upper Middle Accounts receivable / 3e quart Comptes clients,upper_middle_accounts_receivable_3e_quart_comptes_clients,balance,profit_margin,30k_5m
profit_margin_balance_sheet_2024_30k_5m.csv,20,Top quartile Accounts receivable / quart supérieur Comptes clients,top_quartile_accounts_receivable_quart_sup_rieur_comptes_clients,balance,profit_margin,30k_5m
profit_margin_balance_sheet_2024_30k_5m.csv,21,Closing inventory / Stocks de fermeture,closing_inventory_stocks_de_fermeture,balance,profit_margin,30k_5m
profit_margin_balance_sheet_2024_30k_5m.csv,22,Quality Indicator / Indicateurs de qualité,quality_indicator_indicateurs_de_qualit_4,balance,profit_margin,30k_5m
profit_margin_balance_sheet_2024_30k_5m.csv,23,Bottom Quartile Closing inventory / Quart inférieur Stocks de fermeture,bottom_quartile_closing_inventory_quart_inf_rieur_stocks_de_fermeture,balance,profit_margin,30k_5m
profit_margin_balance_sheet_2024_30k_5m.csv,24,Lower Middle Closing inventory / 2e quart Stocks de fermeture,lower_middle_closing_inventory_2e_quart_stocks_de_fermeture,balance,profit_margin,30k_5m
profit_margin_balance_sheet_2024_30k_5m.csv,25,Upper Middle Closing inventory / 3e quart Stocks de fermeture,upper_middle_closing_inventory_3e_quart_stocks_de_fermeture,balance,profit_margin,30k_5m
profit_margin_balance_sheet_2024_30k_5m.csv,26,Top quartile Closing inventory / Quart supérieur,top_quartile_closing_inventory_quart_sup_rieur,balance,profit_margin,30k_5m
profit_margin_balance_sheet_2024_30k_5m.csv,27,Other current assets / Autres éléments d'actif … court terme,other_current_assets_autres_l_ments_d_actif_court_terme,balance,profit_margin,30k_5m
profit_margin_balance_sheet_2024_30k_5m.csv,28,Quality Indicator /  Indicateurs de qualité Indicateurs de qualité,quality_indicator_indicateurs_de_qualit_indicateurs_de_qualit,balance,profit_margin,30k_5m
profit_margin_balance_sheet_2024_30k_5m.csv,29,Bottom Quartile Other current assets / Quart inférieur Autres éléments d'actif … court terme,bottom_quartile_other_current_assets_quart_inf_rieur_autres_l_ments_d_actif_court_terme,balance,profit_margin,30k_5m
profit_margin_balance_sheet_2024_30k_5m.csv,30,Lower Middle Other current assets / 2e quart Autres éléments d'actif … court terme,lower_middle_other_current_assets_2e_quart_autres_l_ments_d_actif_court_terme,balance,profit_margin,30k_5m
profit_margin_balance_sheet_2024_30k_5m.csv,31,Upper Middle Other current assets / 3e quart Autres éléments d'actif … court terme,upper_middle_other_current_assets_3e_quart_autres_l_ments_d_actif_court_terme,balance,profit_margin,30k_5m
profit_margin_balance_sheet_2024_30k_5m.csv,32,Top quartile Other current assets / Quart supérieur Autres éléments d'actif … court terme,top_quartile_other_current_assets_quart_sup_rieur_autres_l_ments_d_actif_court_terme,balance,profit_margin,30k_5m
profit_margin_balance_sheet_2024_30k_5m.csv,33,Net tangible and intagible assets / Bien corporel et incorporels en valeur nette,net_tangible_and_intagible_assets_bien_corporel_et_incorporels_en_valeur_nette,balance,profit_margin,30k_5m
profit_margin_balance_sheet_2024_30k_5m.csv,34,Quality Indicator /  Indicateurs de qualité Indicateurs de qualité,quality_indicator_indicateurs_de_qualit_indicateurs_de_qualit_2,balance,profit_margin,30k_5m
profit_margin_balance_sheet_2024_30k_5m.csv,35,Bottom Quartile Net tangible and intagible assets / Quart inférieur Bien corporel et incorporels en valeur nette,bottom_quartile_net_tangible_and_intagible_assets_quart_inf_rieur_bien_corporel_et_incorporels_en_valeur_nette,balance,profit_margin,30k_5m
profit_margin_balance_sheet_2024_30k_5m.csv,36,Lower Middle Net tangible and intagible assets / 2e quart Bien corporel et incorporels en valeur nette,lower_middle_net_tangible_and_intagible_assets_2e_quart_bien_corporel_et_incorporels_en_valeur_nette,balance,profit_margin,30k_5m
profit_margin_balance_sheet_2024_30k_5m.csv,37,Upper Middle Net tangible and intagible assets / 3e quart Bien corporel et incorporels en valeur nette,upper_middle_net_tangible_and_intagible_assets_3e_quart_bien_corporel_et_incorporels_en_valeur_nette,balance,profit_margin,30k_5m
profit_margin_balance_sheet_2024_30k_5m.csv,38,Top quartile Net tangible and intagible assets / Quart supérieur Bien corporel et incorporels en valeur nette,top_quartile_net_tangible_and_intagible_assets_quart_sup_rieur_bien_corporel_et_incorporels_en_valeur_nette,balance,profit_margin,30k_5m
profit_margin_balance_sheet_2024_30k_5m.csv,39,All other assets and adjustments / Tous les autres actifs et les ajustements,all_other_assets_and_adjustments_tous_les_autres_actifs_et_les_ajustements,balance,profit_margin,30k_5m
profit_margin_balance_sheet_2024_30k_5m.csv,40,Quality Indicator / Indicateurs de qualité,quality_indicator_indicateurs_de_qualit_5,balance,profit_margin,30k_5m
profit_margin_balance_sheet_2024_30k_5m.csv,41,Bottom Quartile  All other assets and adjustments / Quart inférieur Tous les autres actifs et les ajustements,bottom_quartile_all_other_assets_and_adjustments_quart_inf_rieur_tous_les_autres_actifs_et_les_ajustements,balance,profit_margin,30k_5m
profit_margin_balance_sheet_2024_30k_5m.csv,42,Lower Middle All other assets and adjustments / 2e quart Tous les autres actifs et les ajustements,lower_middle_all_other_assets_and_adjustments_2e_quart_tous_les_autres_actifs_et_les_ajustements,balance,profit_margin,30k_5m
profit_margin_balance_sheet_2024_30k_5m.csv,43,Upper Middle All other assets and adjustments / 3e quart Tous les autres actifs et les ajustements,upper_middle_all_other_assets_and_adjustments_3e_quart_tous_les_autres_actifs_et_les_ajustements,balance,profit_margin,30k_5m
profit_margin_balance_sheet_2024_30k_5m.csv,44,Top quartile All other assets and adjustments / Quart supérieur Tous les autres actifs et les ajustements,top_quartile_all_other_assets_and_adjustments_quart_sup_rieur_tous_les_autres_actifs_et_les_ajustements,balance,profit_margin,30k_5m
profit_margin_balance_sheet_2024_30k_5m.csv,45,Total liabilities / Passif total,total_liabilities_passif_total,balance,profit_margin,30k_5m
profit_margin_balance_sheet_2024_30k_5m.csv,46,Quality Indicator / Indicateurs de qualité,quality_indicator_indicateurs_de_qualit_6,balance,profit_margin,30k_5m
profit_margin_balance_sheet_2024_30k_5m.csv,47,Bottom Quartile Total liabilities / Quart inférieur Passif total,bottom_quartile_total_liabilities_quart_inf_rieur_passif_total,balance,profit_margin,30k_5m
profit_margin_balance_sheet_2024_30k_5m.csv,48,Lower Middle Total liabilities / 2e quart Passif total,lower_middle_total_liabilities_2e_quart_passif_total,balance,profit_margin,30k_5m
profit_margin_balance_sheet_2024_30k_5m.csv,49,Upper Middle Total liabilities / 3e quart Passif total,upper_middle_total_liabilities_3e_quart_passif_total,balance,profit_margin,30k_5m
profit_margin_balance_sheet_2024_30k_5m.csv,50,Top quartile Total liabilities / quart supérieur Passif total,top_quartile_total_liabilities_quart_sup_rieur_passif_total,balance,profit_margin,30k_5m
profit_margin_balance_sheet_2024_30k_5m.csv,51,Total current liabilities / Passif … court terme total,total_current_liabilities_passif_court_terme_total,balance,profit_margin,30k_5m
profit_margin_balance_sheet_2024_30k_5m.csv,52,Quality Indicator / Indicateurs de qualité,quality_indicator_indicateurs_de_qualit_7,balance,profit_margin,30k_5m
profit_margin_balance_sheet_2024_30k_5m.csv,53,Bottom Quartile Total current liabilities / quart inférieur Passif … court terme total,bottom_quartile_total_current_liabilities_quart_inf_rieur_passif_court_terme_total,balance,profit_margin,30k_5m
profit_margin_balance_sheet_2024_30k_5m.csv,54,Lower Middle Total current liabilities / 2e quart Passif … court terme total,lower_middle_total_current_liabilities_2e_quart_passif_court_terme_total,balance,profit_margin,30k_5m
profit_margin_balance_sheet_2024_30k_5m.csv,55,Upper Middle Total current liabilities / 3e quart Passif … court terme total,upper_middle_total_current_liabilities_3e_quart_passif_court_terme_total,balance,profit_margin,30k_5m
profit_margin_balance_sheet_2024_30k_5m.csv,56,Top quartile Total current liabilities / Quart supérieur Passif … court terme total,top_quartile_total_current_liabilities_quart_sup_rieur_passif_court_terme_total,balance,profit_margin,30k_5m
profit_margin_balance_sheet_2024_30k_5m.csv,57,Current bank loans / Emprunts bancaires … court terme,current_bank_loans_emprunts_bancaires_court_terme,balance,profit_margin,30k_5m
profit_margin_balance_sheet_2024_30k_5m.csv,58,Quality Indicator / Indicateurs de qualité,quality_indicator_indicateurs_de_qualit_8,balance,profit_margin,30k_5m
profit_margin_balance_sheet_2024_30k_5m.csv,59,Bottom Quartile Current bank loans / Quart inférieur Emprunts bancaires … court terme,bottom_quartile_current_bank_loans_quart_inf_rieur_emprunts_bancaires_court_terme,balance,profit_margin,30k_5m
profit_margin_balance_sheet_2024_30k_5m.csv,60,Lower Middle Current bank loans / 2e quart Emprunts bancaires … court terme,lower_middle_current_bank_loans_2e_quart_emprunts_bancaires_court_terme,balance,profit_margin,30k_5m
profit_margin_balance_sheet_2024_30k_5m.csv,61,Upper Middle Current bank loans / 3e quart Emprunts bancaires … court terme,upper_middle_current_bank_loans_3e_quart_emprunts_bancaires_court_terme,balance,profit_margin,30k_5m
profit_margin_balance_sheet_2024_30k_5m.csv,62,Top quartile Current bank loans / Quart supérieur Emprunts bancaires … court terme,top_quartile_current_bank_loans_quart_sup_rieur_emprunts_bancaires_court_terme,balance,profit_margin,30k_5m
profit_margin_balance_sheet_2024_30k_5m.csv,63,Other current liabilities / Autres éléments de passif … court terme,other_current_liabilities_autres_l_ments_de_passif_court_terme,balance,profit_margin,30k_5m
profit_margin_balance_sheet_2024_30k_5m.csv,64,Quality Indicator / Indicateurs de qualité,quality_indicator_indicateurs_de_qualit_9,balance,profit_margin,30k_5m
profit_margin_balance_sheet_2024_30k_5m.csv,65,Bottom Quartile Other current liabilities / Quart inférieur Autres éléments de passif … court terme,bottom_quartile_other_current_liabilities_quart_inf_rieur_autres_l_ments_de_passif_court_terme,balance,profit_margin,30k_5m
profit_margin_balance_sheet_2024_30k_5m.csv,66,Lower Middle Other current liabilities / 2e quart Autres éléments de passif … court terme,lower_middle_other_current_liabilities_2e_quart_autres_l_ments_de_passif_court_terme,balance,profit_margin,30k_5m
profit_margin_balance_sheet_2024_30k_5m.csv,67,Upper Middle Other current liabilities / 3e quart Autres éléments de passif … court terme,upper_middle_other_current_liabilities_3e_quart_autres_l_ments_de_passif_court_terme,balance,profit_margin,30k_5m
profit_margin_balance_sheet_2024_30k_5m.csv,68,Top quartile Other current liabilities / Quart supérieur Autres éléments de passif … court terme,top_quartile_other_current_liabilities_quart_sup_rieur_autres_l_ments_de_passif_court_terme,balance,profit_margin,30k_5m
profit_margin_balance_sheet_2024_30k_5m.csv,69,Long term liabilities / Passif … long terme,long_term_liabilities_passif_long_terme,balance,profit_margin,30k_5m
profit_margin_balance_sheet_2024_30k_5m.csv,70,Quality Indicator / Indicateurs de qualité,quality_indicator_indicateurs_de_qualit_10,balance,profit_margin,30k_5m
profit_margin_balance_sheet_2024_30k_5m.csv,71,Bottom Quartile Long term liabilities / quart inférieur Passif … long terme,bottom_quartile_long_term_liabilities_quart_inf_rieur_passif_long_terme,balance,profit_margin,30k_5m
profit_margin_balance_sheet_2024_30k_5m.csv,72,Lower Middle Long term liabilities / 2e quart Passif … long terme,lower_middle_long_term_liabilities_2e_quart_passif_long_terme,balance,profit_margin,30k_5m
profit_margin_balance_sheet_2024_30k_5m.csv,73,Upper Middle Long term liabilities / 3e quart Passif … long terme,upper_middle_long_term_liabilities_3e_quart_passif_long_terme,balance,profit_margin,30k_5m
profit_margin_balance_sheet_2024_30k_5m.csv,74,Top quartile Long term liabilities / Quart supérieur Passif … long terme,top_quartile_long_term_liabilities_quart_sup_rieur_passif_long_terme,balance,profit_margin,30k_5m
profit_margin_balance_sheet_2024_30k_5m.csv,75,Total equity / Avoir des actionnaires en valeur totale,total_equity_avoir_des_actionnaires_en_valeur_totale,balance,profit_margin,30k_5m
profit_margin_balance_sheet_2024_30k_5m.csv,76,Quality Indicator /  Indicateurs de qualité,quality_indicator_indicateurs_de_qualit_11,balance,profit_margin,30k_5m
profit_margin_balance_sheet_2024_30k_5m.csv,77,Bottom Quartile Total equity / Quart inférieur Avoir des actionnaires en valeur totale,bottom_quartile_total_equity_quart_inf_rieur_avoir_des_actionnaires_en_valeur_totale,balance,profit_margin,30k_5m
profit_margin_balance_sheet_2024_30k_5m.csv,78,Lower Middle Total equity / 2e quart Avoir des actionnaires en valeur totale,lower_middle_total_equity_2e_quart_avoir_des_actionnaires_en_valeur_totale,balance,profit_margin,30k_5m
profit_margin_balance_sheet_2024_30k_5m.csv,79,Upper Middle Total equity / 3e quart Avoir des actionnaires en valeur totale,upper_middle_total_equity_3e_quart_avoir_des_actionnaires_en_valeur_totale,balance,profit_margin,30k_5m
profit_margin_balance_sheet_2024_30k_5m.csv,80,Top quartile Total equity / Quart supérieur Avoir des actionnaires en valeur totale,top_quartile_total_equity_quart_sup_rieur_avoir_des_actionnaires_en_valeur_totale,balance,profit_margin,30k_5m
profit_margin_balance_sheet_2024_30k_5m.csv,81,Year  / Année,year_ann_e,balance,profit_margin,30k_5m
profit_margin_balance_sheet_2024_5m_20m.csv,0,Incorporation Status / Status d'incorporation,incorporation_status_status_d_incorporation,balance,profit_margin,5m_20m
profit_margin_balance_sheet_2024_5m_20m.csv,1,NAICS code / Code SCIAN,naics_code_code_scian,balance,profit_margin,5m_20m
profit_margin_balance_sheet_2024_5m_20m.csv,2,Province / Canada,province_canada,balance,profit_margin,5m_20m
profit_margin_balance_sheet_2024_5m_20m.csv,3,Total assets / Actif total,total_assets_actif_total,balance,profit_margin,5m_20m
profit_margin_balance_sheet_2024_5m_20m.csv,4,Quality Indicator / Indicateurs de qualité,quality_indicator_indicateurs_de_qualit,balance,profit_margin,5m_20m
profit_margin_balance_sheet_2024_5m_20m.csv,5,Bottom Quartile Total assets / Quart inférieur Actif total,bottom_quartile_total_assets_quart_inf_rieur_actif_total,balance,profit_margin,5m_20m
profit_margin_balance_sheet_2024_5m_20m.csv,6,Lower Middle Total assets / 2e quart Actif total,lower_middle_total_assets_2e_quart_actif_total,balance,profit_margin,5m_20m
profit_margin_balance_sheet_2024_5m_20m.csv,7,Upper Middle Total assets / 3e quart Actif total,upper_middle_total_assets_3e_quart_actif_total,balance,profit_margin,5m_20m
profit_margin_balance_sheet_2024_5m_20m.csv,8,Top quartile Total assets / Quart supérieur Actif total,top_quartile_total_assets_quart_sup_rieur_actif_total,balance,profit_margin,5m_20m
profit_margin_balance_sheet_2024_5m_20m.csv,9,Total current assets / Actif total … court terme,total_current_assets_actif_total_court_terme,balance,profit_margin,5m_20m
profit_margin_balance_sheet_2024_5m_20m.csv,10,Quality Indicator / Indicateurs de qualité,quality_indicator_indicateurs_de_qualit_2,balance,profit_margin,5m_20m
profit_margin_balance_sheet_2024_5m_20m.csv,11,Bottom Quartile Total current assets / Quart inférieur Actif total … court terme,bottom_quartile_total_current_assets_quart_inf_rieur_actif_total_court_terme,balance,profit_margin,5m_20m
profit_margin_balance_sheet_2024_5m_20m.csv,12,Lower Middle Total current assets / 2e quart Actif total … court terme,lower_middle_total_current_assets_2e_quart_actif_total_court_terme,balance,profit_margin,5m_20m
profit_margin_balance_sheet_2024_5m_20m.csv,13,Upper Middle Total current assets / 3e quart Actif total … court terme,upper_middle_total_current_assets_3e_quart_actif_total_court_terme,balance,profit_margin,5m_20m
profit_margin_balance_sheet_2024_5m_20m.csv,14,Top quartile Total current assets / Quart supérieur Actif total … court terme,top_quartile_total_current_assets_quart_sup_rieur_actif_total_court_terme,balance,profit_margin,5m_20m
profit_margin_balance_sheet_2024_5m_20m.csv,15,Accounts receivable / Comptes clients,accounts_receivable_comptes_clients,balance,profit_margin,5m_20m
profit_margin_balance_sheet_2024_5m_20m.csv,16,Quality Indicator / Indicateurs de qualité,quality_indicator_indicateurs_de_qualit_3,balance,profit_margin,5m_20m
profit_margin_balance_sheet_2024_5m_20m.csv,17,Bottom Quartile Accounts receivable / Quart inférieur Comptes clients,bottom_quartile_accounts_receivable_quart_inf_rieur_comptes_clients,balance,profit_margin,5m_20m
profit_margin_balance_sheet_2024_5m_20m.csv,18,Lower Middle Accounts receivable / 2e quart Comptes clients,lower_middle_accounts_receivable_2e_quart_comptes_clients,balance,profit_margin,5m_20m
profit_margin_balance_sheet_2024_5m_20m.csv,19,Upper Middle Accounts receivable / 3e quart Comptes clients,upper_middle_accounts_receivable_3e_quart_comptes_clients,balance,profit_margin,5m_20m
profit_margin_balance_sheet_2024_5m_20m.csv,20,Top quartile Accounts receivable / Quart supérieur Comptes clients,top_quartile_accounts_receivable_quart_sup_rieur_comptes_clients,balance,profit_margin,5m_20m
profit_margin_balance_sheet_2024_5m_20m.csv,21,Closing inventory / Stocks de fermeture,closing_inventory_stocks_de_fermeture,balance,profit_margin,5m_20m
profit_margin_balance_sheet_2024_5m_20m.csv,22,Quality Indicator / Indicateurs de qualité,quality_indicator_indicateurs_de_qualit_4,balance,profit_margin,5m_20m
profit_margin_balance_sheet_2024_5m_20m.csv,23,Bottom Quartile Closing inventory / Quart inférieur Stocks de fermeture,bottom_quartile_closing_inventory_quart_inf_rieur_stocks_de_fermeture,balance,profit_margin,5m_20m
profit_margin_balance_sheet_2024_5m_20m.csv,24,Lower Middle Closing inventory / 2e quart Stocks de fermeture,lower_middle_closing_inventory_2e_quart_stocks_de_fermeture,balance,profit_margin,5m_20m
profit_margin_balance_sheet_2024_5m_20m.csv,25,Upper Middle Closing inventory / 3e quart Stocks de fermeture,upper_middle_closing_inventory_3e_quart_stocks_de_fermeture,balance,profit_margin,5m_20m
profit_margin_balance_sheet_2024_5m_20m.csv,26,Top quartile Closing inventory / Quart supérieur,top_quartile_closing_inventory_quart_sup_rieur,balance,profit_margin,5m_20m
profit_margin_balance_sheet_2024_5m_20m.csv,27,Other current assets / Autres éléments d'actif … court terme,other_current_assets_autres_l_ments_d_actif_court_terme,balance,profit_margin,5m_20m
profit_margin_balance_sheet_2024_5m_20m.csv,28,Quality Indicator /  Indicateurs de qualité Indicateurs de qualité,quality_indicator_indicateurs_de_qualit_indicateurs_de_qualit,balance,profit_margin,5m_20m
profit_margin_balance_sheet_2024_5m_20m.csv,29,Bottom Quartile Other current assets / Quart inférieur Autres éléments d'actif … court terme,bottom_quartile_other_current_assets_quart_inf_rieur_autres_l_ments_d_actif_court_terme,balance,profit_margin,5m_20m
profit_margin_balance_sheet_2024_5m_20m.csv,30,Lower Middle Other current assets / 2e quart Autres éléments d'actif … court terme,lower_middle_other_current_assets_2e_quart_autres_l_ments_d_actif_court_terme,balance,profit_margin,5m_20m
profit_margin_balance_sheet_2024_5m_20m.csv,31,Upper Middle Other current assets / 3e quart Autres éléments d'actif … court terme,upper_middle_other_current_assets_3e_quart_autres_l_ments_d_actif_court_terme,balance,profit_margin,5m_20m
profit_margin_balance_sheet_2024_5m_20m.csv,32,Top quartile Other current assets / Quart supérieur Autres éléments d'actif … court terme,top_quartile_other_current_assets_quart_sup_rieur_autres_l_ments_d_actif_court_terme,balance,profit_margin,5m_20m
profit_margin_balance_sheet_2024_5m_20m.csv,33,Net tangible and intagible assets / Bien corporel et incorporels en valeur nette,net_tangible_and_intagible_assets_bien_corporel_et_incorporels_en_valeur_nette,balance,profit_margin,5m_20m
profit_margin_balance_sheet_2024_5m_20m.csv,34,Quality Indicator / Indicateurs de qualité,quality_indicator_indicateurs_de_qualit_5,balance,profit_margin,5m_20m
profit_margin_balance_sheet_2024_5m_20m.csv,35,Bottom Quartile Net tangible and intagible assets / Quart inférieur Bien corporel et incorporels en valeur nette,bottom_quartile_net_tangible_and_intagible_assets_quart_inf_rieur_bien_corporel_et_incorporels_en_valeur_nette,balance,profit_margin,5m_20m
profit_margin_balance_sheet_2024_5m_20m.csv,36,Lower Middle Net tangible and intagible assets / 2e quart Bien corporel et incorporels en valeur nette,lower_middle_net_tangible_and_intagible_assets_2e_quart_bien_corporel_et_incorporels_en_valeur_nette,balance,profit_margin,5m_20m
profit_margin_balance_sheet_2024_5m_20m.csv,37,Upper Middle Net tangible and intagible assets / 3e quart Bien corporel et incorporels en valeur nette,upper_middle_net_tangible_and_intagible_assets_3e_quart_bien_corporel_et_incorporels_en_valeur_nette,balance,profit_margin,5m_20m
profit_margin_balance_sheet_2024_5m_20m.csv,38,Top quartile Net tangible and intagible assets / Quart supérieur Bien corporel et incorporels en valeur nette,top_quartile_net_tangible_and_intagible_assets_quart_sup_rieur_bien_corporel_et_incorporels_en_valeur_nette,balance,profit_margin,5m_20m
profit_margin_balance_sheet_2024_5m_20m.csv,39,All other assets and adjustments / Tous les autres actifs et les ajustements,all_other_assets_and_adjustments_tous_les_autres_actifs_et_les_ajustements,balance,profit_margin,5m_20m
profit_margin_balance_sheet_2024_5m_20m.csv,40,Quality Indicator / Indicateurs de qualité,quality_indicator_indicateurs_de_qualit_6,balance,profit_margin,5m_20m
profit_margin_balance_sheet_2024_5m_20m.csv,41,Bottom Quartile  All other assets and adjustments / Quart inférieur Tous les autres actifs et les ajustements,bottom_quartile_all_other_assets_and_adjustments_quart_inf_rieur_tous_les_autres_actifs_et_les_ajustements,balance,profit_margin,5m_20m
profit_margin_balance_sheet_2024_5m_20m.csv,42,Lower Middle All other assets and adjustments / 2e quart Tous les autres actifs et les ajustements,lower_middle_all_other_assets_and_adjustments_2e_quart_tous_les_autres_actifs_et_les_ajustements,balance,profit_margin,5m_20m
profit_margin_balance_sheet_2024_5m_20m.csv,43,Upper Middle All other assets and adjustments / 3e quart Tous les autres actifs et les ajustements,upper_middle_all_other_assets_and_adjustments_3e_quart_tous_les_autres_actifs_et_les_ajustements,balance,profit_margin,5m_20m
profit_margin_balance_sheet_2024_5m_20m.csv,44,Top quartile All other assets and adjustments / Quart supérieur Tous les autres actifs et les ajustements,top_quartile_all_other_assets_and_adjustments_quart_sup_rieur_tous_les_autres_actifs_et_les_ajustements,balance,profit_margin,5m_20m
profit_margin_balance_sheet_2024_5m_20m.csv,45,Total liabilities / Passif total,total_liabilities_passif_total,balance,profit_margin,5m_20m
profit_margin_balance_sheet_2024_5m_20m.csv,46,Quality Indicator / Indicateurs de qualité,quality_indicator_indicateurs_de_qualit_7,balance,profit_margin,5m_20m
profit_margin_balance_sheet_2024_5m_20m.csv,47,Bottom Quartile Total liabilities / Quart inférieur Passif total,bottom_quartile_total_liabilities_quart_inf_rieur_passif_total,balance,profit_margin,5m_20m
profit_margin_balance_sheet_2024_5m_20m.csv,48,Lower Middle Total liabilities / 2e quart Passif total,lower_middle_total_liabilities_2e_quart_passif_total,balance,profit_margin,5m_20m
profit_margin_balance_sheet_2024_5m_20m.csv,49,Upper Middle Total liabilities / 3e quart Passif total,upper_middle_total_liabilities_3e_quart_passif_total,balance,profit_margin,5m_20m
profit_margin_balance_sheet_2024_5m_20m.csv,50,Top quartile Total liabilities / quart supérieur Passif total,top_quartile_total_liabilities_quart_sup_rieur_passif_total,balance,profit_margin,5m_20m
profit_margin_balance_sheet_2024_5m_20m.csv,51,Total current liabilities / Passif … court terme total,total_current_liabilities_passif_court_terme_total,balance,profit_margin,5m_20m
profit_margin_balance_sheet_2024_5m_20m.csv,52,Quality Indicator / Indicateurs de qualité,quality_indicator_indicateurs_de_qualit_8,balance,profit_margin,5m_20m
profit_margin_balance_sheet_2024_5m_20m.csv,53,Bottom Quartile Total current liabilities / quart inférieur Passif … court terme total,bottom_quartile_total_current_liabilities_quart_inf_rieur_passif_court_terme_total,balance,profit_margin,5m_20m
profit_margin_balance_sheet_2024_5m_20m.csv,54,Lower Middle Total current liabilities / 2e quart Passif … court terme total,lower_middle_total_current_liabilities_2e_quart_passif_court_terme_total,balance,profit_margin,5m_20m
profit_margin_balance_sheet_2024_5m_20m.csv,55,Upper Middle Total current liabilities / 3e quart Passif … court terme total,upper_middle_total_current_liabilities_3e_quart_passif_court_terme_total,balance,profit_margin,5m_20m
profit_margin_balance_sheet_2024_5m_20m.csv,56,Top quartile Total current liabilities / Quart supérieur Passif … court terme total,top_quartile_total_current_liabilities_quart_sup_rieur_passif_court_terme_total,balance,profit_margin,5m_20m
profit_margin_balance_sheet_2024_5m_20m.csv,57,Current bank loans / Emprunts bancaires … court terme,current_bank_loans_emprunts_bancaires_court_terme,balance,profit_margin,5m_20m
profit_margin_balance_sheet_2024_5m_20m.csv,58,Quality Indicator / Indicateurs de qualité,quality_indicator_indicateurs_de_qualit_9,balance,profit_margin,5m_20m
profit_margin_balance_sheet_2024_5m_20m.csv,59,Bottom Quartile Current bank loans / Quart inférieur Emprunts bancaires … court terme,bottom_quartile_current_bank_loans_quart_inf_rieur_emprunts_bancaires_court_terme,balance,profit_margin,5m_20m
profit_margin_balance_sheet_2024_5m_20m.csv,60,Lower Middle Current bank loans / 2e quart Emprunts bancaires … court terme,lower_middle_current_bank_loans_2e_quart_emprunts_bancaires_court_terme,balance,profit_margin,5m_20m
profit_margin_balance_sheet_2024_5m_20m.csv,61,Upper Middle Current bank loans / 3e quart Emprunts bancaires … court terme,upper_middle_current_bank_loans_3e_quart_emprunts_bancaires_court_terme,balance,profit_margin,5m_20m
profit_margin_balance_sheet_2024_5m_20m.csv,62,Top quartile Current bank loans / Quart supérieur Emprunts bancaires … court terme,top_quartile_current_bank_loans_quart_sup_rieur_emprunts_bancaires_court_terme,balance,profit_margin,5m_20m
profit_margin_balance_sheet_2024_5m_20m.csv,63,Other current liabilities / Autres éléments de passif … court terme,other_current_liabilities_autres_l_ments_de_passif_court_terme,balance,profit_margin,5m_20m
profit_margin_balance_sheet_2024_5m_20m.csv,64,Quality Indicator / Indicateurs de qualité,quality_indicator_indicateurs_de_qualit_10,balance,profit_margin,5m_20m
profit_margin_balance_sheet_2024_5m_20m.csv,65,Bottom Quartile Other current liabilities / Quart inférieur Autres éléments de passif … court terme,bottom_quartile_other_current_liabilities_quart_inf_rieur_autres_l_ments_de_passif_court_terme,balance,profit_margin,5m_20m
profit_margin_balance_sheet_2024_5m_20m.csv,66,Lower Middle Other current liabilities / 2e quart Autres éléments de passif … court terme,lower_middle_other_current_liabilities_2e_quart_autres_l_ments_de_passif_court_terme,balance,profit_margin,5m_20m
profit_margin_balance_sheet_2024_5m_20m.csv,67,Upper Middle Other current liabilities / 3e quart Autres éléments de passif … court terme,upper_middle_other_current_liabilities_3e_quart_autres_l_ments_de_passif_court_terme,balance,profit_margin,5m_20m
profit_margin_balance_sheet_2024_5m_20m.csv,68,Top quartile Other current liabilities / Quart supérieur Autres éléments de passif … court terme,top_quartile_other_current_liabilities_quart_sup_rieur_autres_l_ments_de_passif_court_terme,balance,profit_margin,5m_20m
profit_margin_balance_sheet_2024_5m_20m.csv,69,Long term liabilities / Passif … long terme,long_term_liabilities_passif_long_terme,balance,profit_margin,5m_20m
profit_margin_balance_sheet_2024_5m_20m.csv,70,Quality Indicator / Indicateurs de qualité,quality_indicator_indicateurs_de_qualit_11,balance,profit_margin,5m_20m
profit_margin_balance_sheet_2024_5m_20m.csv,71,Bottom Quartile Long term liabilities / quart inférieur Passif … long terme,bottom_quartile_long_term_liabilities_quart_inf_rieur_passif_long_terme,balance,profit_margin,5m_20m
profit_margin_balance_sheet_2024_5m_20m.csv,72,Lower Middle Long term liabilities / 2e quart Passif … long terme,lower_middle_long_term_liabilities_2e_quart_passif_long_terme,balance,profit_margin,5m_20m
profit_margin_balance_sheet_2024_5m_20m.csv,73,Upper Middle Long term liabilities / 3e quart Passif … long terme,upper_middle_long_term_liabilities_3e_quart_passif_long_terme,balance,profit_margin,5m_20m
profit_margin_balance_sheet_2024_5m_20m.csv,74,Top quartile Long term liabilities / Quart supérieur Passif … long terme,top_quartile_long_term_liabilities_quart_sup_rieur_passif_long_terme,balance,profit_margin,5m_20m
profit_margin_balance_sheet_2024_5m_20m.csv,75,Total equity / Avoir des actionnaires en valeur totale,total_equity_avoir_des_actionnaires_en_valeur_totale,balance,profit_margin,5m_20m
profit_margin_balance_sheet_2024_5m_20m.csv,76,Quality Indicator /  Indicateurs de qualité,quality_indicator_indicateurs_de_qualit_12,balance,profit_margin,5m_20m
profit_margin_balance_sheet_2024_5m_20m.csv,77,Bottom Quartile Total equity / Quart inférieur Avoir des actionnaires en valeur totale,bottom_quartile_total_equity_quart_inf_rieur_avoir_des_actionnaires_en_valeur_totale,balance,profit_margin,5m_20m
profit_margin_balance_sheet_2024_5m_20m.csv,78,Lower Middle Total equity / 2e quart Avoir des actionnaires en valeur totale,lower_middle_total_equity_2e_quart_avoir_des_actionnaires_en_valeur_totale,balance,profit_margin,5m_20m
profit_margin_balance_sheet_2024_5m_20m.csv,79,Upper Middle Total equity / 3e quart Avoir des actionnaires en valeur totale,upper_middle_total_equity_3e_quart_avoir_des_actionnaires_en_valeur_totale,balance,profit_margin,5m_20m
profit_margin_balance_sheet_2024_5m_20m.csv,80,Top quartile Total equity / Quart supérieur Avoir des actionnaires en valeur totale,top_quartile_total_equity_quart_sup_rieur_avoir_des_actionnaires_en_valeur_totale,balance,profit_margin,5m_20m
profit_margin_balance_sheet_2024_5m_20m.csv,81,Year  / Année,year_ann_e,balance,profit_margin,5m_20m
profit_margin_financial_ratios_2024_30k_5m.csv,0,Incorporation Status / Status d'incorporation,incorporation_status_status_d_incorporation,ratios,profit_margin,30k_5m
profit_margin_financial_ratios_2024_30k_5m.csv,1,Naics code / Code Scian,naics_code_code_scian,ratios,profit_margin,30k_5m
profit_margin_financial_ratios_2024_30k_5m.csv,2,Canada / Province,canada_province,ratios,profit_margin,30k_5m
profit_margin_financial_ratios_2024_30k_5m.csv,3,Current ratio / Ratio de la liquidité générale,current_ratio_ratio_de_la_liquidit_g_n_rale,ratios,profit_margin,30k_5m
profit_margin_financial_ratios_2024_30k_5m.csv,4,Bottom Quartile Current ratio / Quart inférieur Ratio de la liquidité générale,bottom_quartile_current_ratio_quart_inf_rieur_ratio_de_la_liquidit_g_n_rale,ratios,profit_margin,30k_5m
profit_margin_financial_ratios_2024_30k_5m.csv,5,Lower Middle Current ratio / 2e quart Ratio de la liquidité générale,lower_middle_current_ratio_2e_quart_ratio_de_la_liquidit_g_n_rale,ratios,profit_margin,30k_5m
profit_margin_financial_ratios_2024_30k_5m.csv,6,Upper Middle Current Ratio / 3e quart Ratio de la liquidité générale,upper_middle_current_ratio_3e_quart_ratio_de_la_liquidit_g_n_rale,ratios,profit_margin,30k_5m
profit_margin_financial_ratios_2024_30k_5m.csv,7,Top Quartile Current ratio / Quart supérieurRatio de la liquidité générale,top_quartile_current_ratio_quart_sup_rieurratio_de_la_liquidit_g_n_rale,ratios,profit_margin,30k_5m
profit_margin_financial_ratios_2024_30k_5m.csv,8,Debt to equity ratio / Ratio d'endettement passif-avoir,debt_to_equity_ratio_ratio_d_endettement_passif_avoir,ratios,profit_margin,30k_5m
profit_margin_financial_ratios_2024_30k_5m.csv,9,Bottom Quartile Debt to equity ratio / quart inférieur Ratio d'endettement passif-avoir,bottom_quartile_debt_to_equity_ratio_quart_inf_rieur_ratio_d_endettement_passif_avoir,ratios,profit_margin,30k_5m
profit_margin_financial_ratios_2024_30k_5m.csv,10,Lower Middle Debt to equity ratio / 2e quart Ratio d'endettement passif-avoir,lower_middle_debt_to_equity_ratio_2e_quart_ratio_d_endettement_passif_avoir,ratios,profit_margin,30k_5m
profit_margin_financial_ratios_2024_30k_5m.csv,11,Upper Middle Debt to equity ratio / 3e quart Ratio d'endettement passif-avoir,upper_middle_debt_to_equity_ratio_3e_quart_ratio_d_endettement_passif_avoir,ratios,profit_margin,30k_5m
profit_margin_financial_ratios_2024_30k_5m.csv,12,Top Quartile Debt to equity ratio / quart supérieur Ratio d'endettement passif-avoir,top_quartile_debt_to_equity_ratio_quart_sup_rieur_ratio_d_endettement_passif_avoir,ratios,profit_margin,30k_5m
profit_margin_financial_ratios_2024_30k_5m.csv,13,Interest coverage ratio / Ratio de couverture des intérêts,interest_coverage_ratio_ratio_de_couverture_des_int_r_ts,ratios,profit_margin,30k_5m
profit_margin_financial_ratios_2024_30k_5m.csv,14,Bottom Quartile Interest coverage ratio / Quart inférieur Ratio de couverture des intérêts,bottom_quartile_interest_coverage_ratio_quart_inf_rieur_ratio_de_couverture_des_int_r_ts,ratios,profit_margin,30k_5m
profit_margin_financial_ratios_2024_30k_5m.csv,15,Lower Middle Interest coverage ratio / 2e quart Ratio de couverture des intérêts,lower_middle_interest_coverage_ratio_2e_quart_ratio_de_couverture_des_int_r_ts,ratios,profit_margin,30k_5m
profit_margin_financial_ratios_2024_30k_5m.csv,16,Upper Middle Interest coverage ratio / 3e quart Ratio de couverture des intérêts,upper_middle_interest_coverage_ratio_3e_quart_ratio_de_couverture_des_int_r_ts,ratios,profit_margin,30k_5m
profit_margin_financial_ratios_2024_30k_5m.csv,17,Top Quartile Interest coverage ratio / Quart supérieur,top_quartile_interest_coverage_ratio_quart_sup_rieur,ratios,profit_margin,30k_5m
profit_margin_financial_ratios_2024_30k_5m.csv,18,Debt ratio / Ratio d'endettement passif-actif,debt_ratio_ratio_d_endettement_passif_actif,ratios,profit_margin,30k_5m
profit_margin_financial_ratios_2024_30k_5m.csv,19,Bottom Quartile Debt ratio / Quart inférieur Ratio d'endettement passif-actif,bottom_quartile_debt_ratio_quart_inf_rieur_ratio_d_endettement_passif_actif,ratios,profit_margin,30k_5m
profit_margin_financial_ratios_2024_30k_5m.csv,20,Lower Middle Debt ratio / 2e quart Ratio d'endettement passif-actif,lower_middle_debt_ratio_2e_quart_ratio_d_endettement_passif_actif,ratios,profit_margin,30k_5m
profit_margin_financial_ratios_2024_30k_5m.csv,21,Upper Middle Debt ratio / 3e quart Ratio d'endettement passif-actif,upper_middle_debt_ratio_3e_quart_ratio_d_endettement_passif_actif,ratios,profit_margin,30k_5m
profit_margin_financial_ratios_2024_30k_5m.csv,22,Top Quartile Debt ratio / Quart supérieur Ratio d'endettement passif-actif,top_quartile_debt_ratio_quart_sup_rieur_ratio_d_endettement_passif_actif,ratios,profit_margin,30k_5m
profit_margin_financial_ratios_2024_30k_5m.csv,23,Revenue to equity ratioRatio recettes-capitaux propres,revenue_to_equity_ratioratio_recettes_capitaux_propres,ratios,profit_margin,30k_5m
profit_margin_financial_ratios_2024_30k_5m.csv,24,Bottom Quartile Revenue to equity ratio / quart inférieur Ratio recettes-capitaux propres,bottom_quartile_revenue_to_equity_ratio_quart_inf_rieur_ratio_recettes_capitaux_propres,ratios,profit_margin,30k_5m
profit_margin_financial_ratios_2024_30k_5m.csv,25,Lower Middle Revenue to equity ratio / 2e quart Ratio recettes-capitaux propres,lower_middle_revenue_to_equity_ratio_2e_quart_ratio_recettes_capitaux_propres,ratios,profit_margin,30k_5m
profit_margin_financial_ratios_2024_30k_5m.csv,26,Upper Middle Revenue to equity ratio / 3e quart Ratio recettes-capitaux propres,upper_middle_revenue_to_equity_ratio_3e_quart_ratio_recettes_capitaux_propres,ratios,profit_margin,30k_5m
profit_margin_financial_ratios_2024_30k_5m.csv,27,Top Quartile Revenue to equity ratio / Quart supérieur Ratio recettes-capitaux propres,top_quartile_revenue_to_equity_ratio_quart_sup_rieur_ratio_recettes_capitaux_propres,ratios,profit_margin,30k_5m
profit_margin_financial_ratios_2024_30k_5m.csv,28,Revenue to closing inventory ratio / Ratio recettes-stocks de fermeture,revenue_to_closing_inventory_ratio_ratio_recettes_stocks_de_fermeture,ratios,profit_margin,30k_5m
profit_margin_financial_ratios_2024_30k_5m.csv,29,Bottom Quartile Revenue to closing inventory ratio / quart inférieur Ratio recettes-stocks de fermeture,bottom_quartile_revenue_to_closing_inventory_ratio_quart_inf_rieur_ratio_recettes_stocks_de_fermeture,ratios,profit_margin,30k_5m
profit_margin_financial_ratios_2024_30k_5m.csv,30,Lower Middle Revenue to closing inventory ratio / 2e quart Ratio recettes-stocks de fermeture,lower_middle_revenue_to_closing_inventory_ratio_2e_quart_ratio_recettes_stocks_de_fermeture,ratios,profit_margin,30k_5m
profit_margin_financial_ratios_2024_30k_5m.csv,31,Upper Middle Revenue to closing inventory ratio / 3e quart Ratio recettes-stocks de fermeture,upper_middle_revenue_to_closing_inventory_ratio_3e_quart_ratio_recettes_stocks_de_fermeture,ratios,profit_margin,30k_5m
profit_margin_financial_ratios_2024_30k_5m.csv,32,Top Quartile Revenue to closing inventory ratio / Quart supérieur Ratio recettes-stocks de fermeture,top_quartile_revenue_to_closing_inventory_ratio_quart_sup_rieur_ratio_recettes_stocks_de_fermeture,ratios,profit_margin,30k_5m
profit_margin_financial_ratios_2024_30k_5m.csv,33,Current debt to equity (%) / Ratio créances à court terme-capitaux propres (%),current_debt_to_equity_ratio_cr_ances_court_terme_capitaux_propres,ratios,profit_margin,30k_5m
profit_margin_financial_ratios_2024_30k_5m.csv,34,Bottom Quartile Current debt to equity (%) / Quart inférieur Ratio créances à court terme-capitaux propres (%),bottom_quartile_current_debt_to_equity_quart_inf_rieur_ratio_cr_ances_court_terme_capitaux_propres,ratios,profit_margin,30k_5m
profit_margin_financial_ratios_2024_30k_5m.csv,35,Lower Middle Current debt to equity (%) / 2e quart Ratio créances à court terme-capitaux propres (%),lower_middle_current_debt_to_equity_2e_quart_ratio_cr_ances_court_terme_capitaux_propres,ratios,profit_margin,30k_5m
profit_margin_financial_ratios_2024_30k_5m.csv,36,Upper Middle Current debt to equity (%) / 3e quart Ratio créances à court terme-capitaux propres (%),upper_middle_current_debt_to_equity_3e_quart_ratio_cr_ances_court_terme_capitaux_propres,ratios,profit_margin,30k_5m
profit_margin_financial_ratios_2024_30k_5m.csv,37,Top Quartile Current debt to equity (%) /  Quart supérieur Ratio créances à court terme-capitaux propres (%),top_quartile_current_debt_to_equity_quart_sup_rieur_ratio_cr_ances_court_terme_capitaux_propres,ratios,profit_margin,30k_5m
profit_margin_financial_ratios_2024_30k_5m.csv,38,Net profit to equity (%) / Ratio bénéfice net-capitaux propres (%),net_profit_to_equity_ratio_b_n_fice_net_capitaux_propres,ratios,profit_margin,30k_5m
profit_margin_financial_ratios_2024_30k_5m.csv,39,Bottom Quartile Net profit to equity (%) Quart inférieur Ratio bénéfice net-capitaux propres (%),bottom_quartile_net_profit_to_equity_quart_inf_rieur_ratio_b_n_fice_net_capitaux_propres,ratios,profit_margin,30k_5m
profit_margin_financial_ratios_2024_30k_5m.csv,40,Lower Middle Net profit to equity (%) / 2e quart Ratio bénéfice net-capitaux propres (%),lower_middle_net_profit_to_equity_2e_quart_ratio_b_n_fice_net_capitaux_propres,ratios,profit_margin,30k_5m
profit_margin_financial_ratios_2024_30k_5m.csv,41,Upper Middle Net profit to equity (%) / 3e quart Ratio bénéfice net-capitaux propres (%),upper_middle_net_profit_to_equity_3e_quart_ratio_b_n_fice_net_capitaux_propres,ratios,profit_margin,30k_5m
profit_margin_financial_ratios_2024_30k_5m.csv,42,Top Quartile Net profit to equity (%) / quart supérieur Ratio bénéfice net-capitaux propres (%),top_quartile_net_profit_to_equity_quart_sup_rieur_ratio_b_n_fice_net_capitaux_propres,ratios,profit_margin,30k_5m
profit_margin_financial_ratios_2024_30k_5m.csv,43,Net fixed assets to equity (%) / Ratio immobilisé net-capitaux propres (%),net_fixed_assets_to_equity_ratio_immobilis_net_capitaux_propres,ratios,profit_margin,30k_5m
profit_margin_financial_ratios_2024_30k_5m.csv,44,Bottom Quartile Net fixed assets to equity (%) / Quart inférieur Ratio immobilisé net-capitaux propres (%),bottom_quartile_net_fixed_assets_to_equity_quart_inf_rieur_ratio_immobilis_net_capitaux_propres,ratios,profit_margin,30k_5m
profit_margin_financial_ratios_2024_30k_5m.csv,45,Lower Middle Net fixed assets to equity (%) / 2e quart Ratio immobilisé net-capitaux propres (%),lower_middle_net_fixed_assets_to_equity_2e_quart_ratio_immobilis_net_capitaux_propres,ratios,profit_margin,30k_5m
profit_margin_financial_ratios_2024_30k_5m.csv,46,Upper Middle Net fixed assets to equity (%) / 3e quart Ratio immobilisé net-capitaux propres (%),upper_middle_net_fixed_assets_to_equity_3e_quart_ratio_immobilis_net_capitaux_propres,ratios,profit_margin,30k_5m
profit_margin_financial_ratios_2024_30k_5m.csv,47,Top Quartile Net fixed assets to equity (%) / Quart supérieur Ratio immobilisé net-capitaux propres (%),top_quartile_net_fixed_assets_to_equity_quart_sup_rieur_ratio_immobilis_net_capitaux_propres,ratios,profit_margin,30k_5m
profit_margin_financial_ratios_2024_30k_5m.csv,48,Gross margin (%) / Marge bénéficiaire brute (%),gross_margin_marge_b_n_ficiaire_brute,ratios,profit_margin,30k_5m
profit_margin_financial_ratios_2024_30k_5m.csv,49,Bottom Quartile Gross margin (%) / Quart inférieur Marge bénéficiaire brute (%),bottom_quartile_gross_margin_quart_inf_rieur_marge_b_n_ficiaire_brute,ratios,profit_margin,30k_5m
profit_margin_financial_ratios_2024_30k_5m.csv,50,Lower Middle Gross margin (%) / 2e quart Marge bénéficiaire brute (%),lower_middle_gross_margin_2e_quart_marge_b_n_ficiaire_brute,ratios,profit_margin,30k_5m
profit_margin_financial_ratios_2024_30k_5m.csv,51,Upper Middle Gross margin (%) / 3e quart Marge bénéficiaire brute (%),upper_middle_gross_margin_3e_quart_marge_b_n_ficiaire_brute,ratios,profit_margin,30k_5m
profit_margin_financial_ratios_2024_30k_5m.csv,52,Top Quartile Gross margin (%) / Quart supérieur Marge bénéficiaire brute (%),top_quartile_gross_margin_quart_sup_rieur_marge_b_n_ficiaire_brute,ratios,profit_margin,30k_5m
profit_margin_financial_ratios_2024_30k_5m.csv,53,Return on total assets (%) / Rendement de l'actif total (%),return_on_total_assets_rendement_de_l_actif_total,ratios,profit_margin,30k_5m
profit_margin_financial_ratios_2024_30k_5m.csv,54,Bottom Quartile Return on total assets (%) Quart inférieur Rendement de l'actif total (%),bottom_quartile_return_on_total_assets_quart_inf_rieur_rendement_de_l_actif_total,ratios,profit_margin,30k_5m
profit_margin_financial_ratios_2024_30k_5m.csv,55,Lower Middle Return on total assets (%) / 2e quart Rendement de l'actif total (%),lower_middle_return_on_total_assets_2e_quart_rendement_de_l_actif_total,ratios,profit_margin,30k_5m
profit_margin_financial_ratios_2024_30k_5m.csv,56,Upper Middle Return on total assets (%) / 3e quart Rendement de l'actif total (%),upper_middle_return_on_total_assets_3e_quart_rendement_de_l_actif_total,ratios,profit_margin,30k_5m
profit_margin_financial_ratios_2024_30k_5m.csv,57,Top Quartile Return on total assets (%) / Quart supérieur Rendement de l'actif total (%),top_quartile_return_on_total_assets_quart_sup_rieur_rendement_de_l_actif_total,ratios,profit_margin,30k_5m
profit_margin_financial_ratios_2024_30k_5m.csv,58,Collection period for accounts receivable (days) / Délai moyen de recouvrement des créances (jours),collection_period_for_accounts_receivable_days_d_lai_moyen_de_recouvrement_des_cr_ances_jours,ratios,profit_margin,30k_5m
profit_margin_financial_ratios_2024_30k_5m.csv,59,Bottom Quartile Collection period for accounts receivable (days) / Quart inférieur Délai moyen de recouvrement des créances (jours),bottom_quartile_collection_period_for_accounts_receivable_days_quart_inf_rieur_d_lai_moyen_de_recouvrement_des_cr_ances_jours,ratios,profit_margin,30k_5m
profit_margin_financial_ratios_2024_30k_5m.csv,60,Lower Middle Collection period for accounts receivable (days)  / 2e quart Délai moyen de recouvrement des créances (jours),lower_middle_collection_period_for_accounts_receivable_days_2e_quart_d_lai_moyen_de_recouvrement_des_cr_ances_jours,ratios,profit_margin,30k_5m
profit_margin_financial_ratios_2024_30k_5m.csv,61,Upper Middle Collection period for accounts receivable (days) / 3e quart Délai moyen de recouvrement des créances (jours),upper_middle_collection_period_for_accounts_receivable_days_3e_quart_d_lai_moyen_de_recouvrement_des_cr_ances_jours,ratios,profit_margin,30k_5m
profit_margin_financial_ratios_2024_30k_5m.csv,62,Top Quartile Collection period for accounts receivable (days) / Quart supérieur Délai moyen de recouvrement des créances (jours),top_quartile_collection_period_for_accounts_receivable_days_quart_sup_rieur_d_lai_moyen_de_recouvrement_des_cr_ances_jours,ratios,profit_margin,30k_5m
profit_margin_financial_ratios_2024_30k_5m.csv,63,Year / Année,year_ann_e,ratios,profit_margin,30k_5m
profit_margin_financial_ratios_2024_5m_20m.csv,0,Incorporation Status / Status d'incorporation,incorporation_status_status_d_incorporation,ratios,profit_margin,5m_20m
profit_margin_financial_ratios_2024_5m_20m.csv,1,Naics code / Code Scian,naics_code_code_scian,ratios,profit_margin,5m_20m
profit_margin_financial_ratios_2024_5m_20m.csv,2,Canada / Province,canada_province,ratios,profit_margin,5m_20m
profit_margin_financial_ratios_2024_5m_20m.csv,3,Current ratio / Ratio de la liquidité générale,current_ratio_ratio_de_la_liquidit_g_n_rale,ratios,profit_margin,5m_20m
profit_margin_financial_ratios_2024_5m_20m.csv,4,Bottom Quartile Current ratio / Quart inférieur Ratio de la liquidité générale,bottom_quartile_current_ratio_quart_inf_rieur_ratio_de_la_liquidit_g_n_rale,ratios,profit_margin,5m_20m
profit_margin_financial_ratios_2024_5m_20m.csv,5,Lower Middle Current ratio / 2e quart Ratio de la liquidité générale,lower_middle_current_ratio_2e_quart_ratio_de_la_liquidit_g_n_rale,ratios,profit_margin,5m_20m
profit_margin_financial_ratios_2024_5m_20m.csv,6,Upper Middle Current Ratio / 3e quart Ratio de la liquidité générale,upper_middle_current_ratio_3e_quart_ratio_de_la_liquidit_g_n_rale,ratios,profit_margin,5m_20m
profit_margin_financial_ratios_2024_5m_20m.csv,7,Top Quartile Current ratio / Quart supérieurRatio de la liquidité générale,top_quartile_current_ratio_quart_sup_rieurratio_de_la_liquidit_g_n_rale,ratios,profit_margin,5m_20m
profit_margin_financial_ratios_2024_5m_20m.csv,8,Debt to equity ratio / Ratio d'endettement passif-avoir,debt_to_equity_ratio_ratio_d_endettement_passif_avoir,ratios,profit_margin,5m_20m
profit_margin_financial_ratios_2024_5m_20m.csv,9,Bottom Quartile Debt to equity ratio / quart inférieur Ratio d'endettement passif-avoir,bottom_quartile_debt_to_equity_ratio_quart_inf_rieur_ratio_d_endettement_passif_avoir,ratios,profit_margin,5m_20m
profit_margin_financial_ratios_2024_5m_20m.csv,10,Lower Middle Debt to equity ratio / 2e quart Ratio d'endettement passif-avoir,lower_middle_debt_to_equity_ratio_2e_quart_ratio_d_endettement_passif_avoir,ratios,profit_margin,5m_20m
profit_margin_financial_ratios_2024_5m_20m.csv,11,Upper Middle Debt to equity ratio / 3e quart Ratio d'endettement passif-avoir,upper_middle_debt_to_equity_ratio_3e_quart_ratio_d_endettement_passif_avoir,ratios,profit_margin,5m_20m
profit_margin_financial_ratios_2024_5m_20m.csv,12,Top Quartile Debt to equity ratio / quart supérieur Ratio d'endettement passif-avoir,top_quartile_debt_to_equity_ratio_quart_sup_rieur_ratio_d_endettement_passif_avoir,ratios,profit_margin,5m_20m
profit_margin_financial_ratios_2024_5m_20m.csv,13,Interest coverage ratio / Ratio de couverture des intérêts,interest_coverage_ratio_ratio_de_couverture_des_int_r_ts,ratios,profit_margin,5m_20m
profit_margin_financial_ratios_2024_5m_20m.csv,14,Bottom Quartile Interest coverage ratio / Quart inférieur Ratio de couverture des intérêts,bottom_quartile_interest_coverage_ratio_quart_inf_rieur_ratio_de_couverture_des_int_r_ts,ratios,profit_margin,5m_20m
profit_margin_financial_ratios_2024_5m_20m.csv,15,Lower Middle Interest coverage ratio / 2e quart Ratio de couverture des intérêts,lower_middle_interest_coverage_ratio_2e_quart_ratio_de_couverture_des_int_r_ts,ratios,profit_margin,5m_20m
profit_margin_financial_ratios_2024_5m_20m.csv,16,Upper Middle Interest coverage ratio / 3e quart Ratio de couverture des intérêts,upper_middle_interest_coverage_ratio_3e_quart_ratio_de_couverture_des_int_r_ts,ratios,profit_margin,5m_20m
profit_margin_financial_ratios_2024_5m_20m.csv,17,Top Quartile Interest coverage ratio / Quart supérieur,top_quartile_interest_coverage_ratio_quart_sup_rieur,ratios,profit_margin,5m_20m
profit_margin_financial_ratios_2024_5m_20m.csv,18,Debt ratio / Ratio d'endettement passif-actif,debt_ratio_ratio_d_endettement_passif_actif,ratios,profit_margin,5m_20m
profit_margin_financial_ratios_2024_5m_20m.csv,19,Bottom Quartile Debt ratio / Quart inférieur Ratio d'endettement passif-actif,bottom_quartile_debt_ratio_quart_inf_rieur_ratio_d_endettement_passif_actif,ratios,profit_margin,5m_20m
profit_margin_financial_ratios_2024_5m_20m.csv,20,Lower Middle Debt ratio / 2e quart Ratio d'endettement passif-actif,lower_middle_debt_ratio_2e_quart_ratio_d_endettement_passif_actif,ratios,profit_margin,5m_20m
profit_margin_financial_ratios_2024_5m_20m.csv,21,Upper Middle Debt ratio / 3e quart Ratio d'endettement passif-actif,upper_middle_debt_ratio_3e_quart_ratio_d_endettement_passif_actif,ratios,profit_margin,5m_20m
profit_margin_financial_ratios_2024_5m_20m.csv,22,Top Quartile Debt ratio / Quart supérieur Ratio d'endettement passif-actif,top_quartile_debt_ratio_quart_sup_rieur_ratio_d_endettement_passif_actif,ratios,profit_margin,5m_20m
profit_margin_financial_ratios_2024_5m_20m.csv,23,Revenue to equity ratioRatio recettes-capitaux propres,revenue_to_equity_ratioratio_recettes_capitaux_propres,ratios,profit_margin,5m_20m
profit_margin_financial_ratios_2024_5m_20m.csv,24,Bottom Quartile Revenue to equity ratio / quart inférieur Ratio recettes-capitaux propres,bottom_quartile_revenue_to_equity_ratio_quart_inf_rieur_ratio_recettes_capitaux_propres,ratios,profit_margin,5m_20m
profit_margin_financial_ratios_2024_5m_20m.csv,25,Lower Middle Revenue to equity ratio / 2e quart Ratio recettes-capitaux propres,lower_middle_revenue_to_equity_ratio_2e_quart_ratio_recettes_capitaux_propres,ratios,profit_margin,5m_20m
profit_margin_financial_ratios_2024_5m_20m.csv,26,Upper Middle Revenue to equity ratio / 3e quart Ratio recettes-capitaux propres,upper_middle_revenue_to_equity_ratio_3e_quart_ratio_recettes_capitaux_propres,ratios,profit_margin,5m_20m
profit_margin_financial_ratios_2024_5m_20m.csv,27,Top Quartile Revenue to equity ratio / Quart supérieur Ratio recettes-capitaux propres,top_quartile_revenue_to_equity_ratio_quart_sup_rieur_ratio_recettes_capitaux_propres,ratios,profit_margin,5m_20m
profit_margin_financial_ratios_2024_5m_20m.csv,28,Revenue to closing inventory ratio / Ratio recettes-stocks de fermeture,revenue_to_closing_inventory_ratio_ratio_recettes_stocks_de_fermeture,ratios,profit_margin,5m_20m
profit_margin_financial_ratios_2024_5m_20m.csv,29,Bottom Quartile Revenue to closing inventory ratio / quart inférieur Ratio recettes-stocks de fermeture,bottom_quartile_revenue_to_closing_inventory_ratio_quart_inf_rieur_ratio_recettes_stocks_de_fermeture,ratios,profit_margin,5m_20m
profit_margin_financial_ratios_2024_5m_20m.csv,30,Lower Middle Revenue to closing inventory ratio / 2e quart Ratio recettes-stocks de fermeture,lower_middle_revenue_to_closing_inventory_ratio_2e_quart_ratio_recettes_stocks_de_fermeture,ratios,profit_margin,5m_20m
profit_margin_financial_ratios_2024_5m_20m.csv,31,Upper Middle Revenue to closing inventory ratio / 3e quart Ratio recettes-stocks de fermeture,upper_middle_revenue_to_closing_inventory_ratio_3e_quart_ratio_recettes_stocks_de_fermeture,ratios,profit_margin,5m_20m
profit_margin_financial_ratios_2024_5m_20m.csv,32,Top Quartile Revenue to closing inventory ratio / Quart supérieur Ratio recettes-stocks de fermeture,top_quartile_revenue_to_closing_inventory_ratio_quart_sup_rieur_ratio_recettes_stocks_de_fermeture,ratios,profit_margin,5m_20m
profit_margin_financial_ratios_2024_5m_20m.csv,33,Current debt to equity (%) / Ratio créances à court terme-capitaux propres (%),current_debt_to_equity_ratio_cr_ances_court_terme_capitaux_propres,ratios,profit_margin,5m_20m
profit_margin_financial_ratios_2024_5m_20m.csv,34,Bottom Quartile Current debt to equity (%) / Quart inférieur Ratio créances à court terme-capitaux propres (%),bottom_quartile_current_debt_to_equity_quart_inf_rieur_ratio_cr_ances_court_terme_capitaux_propres,ratios,profit_margin,5m_20m
profit_margin_financial_ratios_2024_5m_20m.csv,35,Lower Middle Current debt to equity (%) / 2e quart Ratio créances à court terme-capitaux propres (%),lower_middle_current_debt_to_equity_2e_quart_ratio_cr_ances_court_terme_capitaux_propres,ratios,profit_margin,5m_20m
profit_margin_financial_ratios_2024_5m_20m.csv,36,Upper Middle Current debt to equity (%) / 3e quart Ratio créances à court terme-capitaux propres (%),upper_middle_current_debt_to_equity_3e_quart_ratio_cr_ances_court_terme_capitaux_propres,ratios,profit_margin,5m_20m
profit_margin_financial_ratios_2024_5m_20m.csv,37,Top Quartile Current debt to equity (%) /  Quart supérieur Ratio créances à court terme-capitaux propres (%),top_quartile_current_debt_to_equity_quart_sup_rieur_ratio_cr_ances_court_terme_capitaux_propres,ratios,profit_margin,5m_20m
profit_margin_financial_ratios_2024_5m_20m.csv,38,Net profit to equity (%) / Ratio bénéfice net-capitaux propres (%),net_profit_to_equity_ratio_b_n_fice_net_capitaux_propres,ratios,profit_margin,5m_20m
profit_margin_financial_ratios_2024_5m_20m.csv,39,Bottom Quartile Net profit to equity (%) Quart inférieur Ratio bénéfice net-capitaux propres (%),bottom_quartile_net_profit_to_equity_quart_inf_rieur_ratio_b_n_fice_net_capitaux_propres,ratios,profit_margin,5m_20m
profit_margin_financial_ratios_2024_5m_20m.csv,40,Lower Middle Net profit to equity (%) / 2e quart Ratio bénéfice net-capitaux propres (%),lower_middle_net_profit_to_equity_2e_quart_ratio_b_n_fice_net_capitaux_propres,ratios,profit_margin,5m_20m
profit_margin_financial_ratios_2024_5m_20m.csv,41,Upper Middle Net profit to equity (%) / 3e quart Ratio bénéfice net-capitaux propres (%),upper_middle_net_profit_to_equity_3e_quart_ratio_b_n_fice_net_capitaux_propres,ratios,profit_margin,5m_20m
profit_margin_financial_ratios_2024_5m_20m.csv,42,Top Quartile Net profit to equity (%) / quart supérieur Ratio bénéfice net-capitaux propres (%),top_quartile_net_profit_to_equity_quart_sup_rieur_ratio_b_n_fice_net_capitaux_propres,ratios,profit_margin,5m_20m
profit_margin_financial_ratios_2024_5m_20m.csv,43,Net fixed assets to equity (%) / Ratio immobilisé net-capitaux propres (%),net_fixed_assets_to_equity_ratio_immobilis_net_capitaux_propres,ratios,profit_margin,5m_20m
profit_margin_financial_ratios_2024_5m_20m.csv,44,Bottom Quartile Net fixed assets to equity (%) / Quart inférieur Ratio immobilisé net-capitaux propres (%),bottom_quartile_net_fixed_assets_to_equity_quart_inf_rieur_ratio_immobilis_net_capitaux_propres,ratios,profit_margin,5m_20m
profit_margin_financial_ratios_2024_5m_20m.csv,45,Lower Middle Net fixed assets to equity (%) / 2e quart Ratio immobilisé net-capitaux propres (%),lower_middle_net_fixed_assets_to_equity_2e_quart_ratio_immobilis_net_capitaux_propres,ratios,profit_margin,5m_20m
profit_margin_financial_ratios_2024_5m_20m.csv,46,Upper Middle Net fixed assets to equity (%) / 3e quart Ratio immobilisé net-capitaux propres (%),upper_middle_net_fixed_assets_to_equity_3e_quart_ratio_immobilis_net_capitaux_propres,ratios,profit_margin,5m_20m
profit_margin_financial_ratios_2024_5m_20m.csv,47,Top Quartile Net fixed assets to equity (%) / Quart supérieur Ratio immobilisé net-capitaux propres (%),top_quartile_net_fixed_assets_to_equity_quart_sup_rieur_ratio_immobilis_net_capitaux_propres,ratios,profit_margin,5m_20m
profit_margin_financial_ratios_2024_5m_20m.csv,48,Gross margin (%) / Marge bénéficiaire brute (%),gross_margin_marge_b_n_ficiaire_brute,ratios,profit_margin,5m_20m
profit_margin_financial_ratios_2024_5m_20m.csv,49,Bottom Quartile Gross margin (%) / Quart inférieur Marge bénéficiaire brute (%),bottom_quartile_gross_margin_quart_inf_rieur_marge_b_n_ficiaire_brute,ratios,profit_margin,5m_20m
profit_margin_financial_ratios_2024_5m_20m.csv,50,Lower Middle Gross margin (%) / 2e quart Marge bénéficiaire brute (%),lower_middle_gross_margin_2e_quart_marge_b_n_ficiaire_brute,ratios,profit_margin,5m_20m
profit_margin_financial_ratios_2024_5m_20m.csv,51,Upper Middle Gross margin (%) / 3e quart Marge bénéficiaire brute (%),upper_middle_gross_margin_3e_quart_marge_b_n_ficiaire_brute,ratios,profit_margin,5m_20m
profit_margin_financial_ratios_2024_5m_20m.csv,52,Top Quartile Gross margin (%) / Quart supérieur Marge bénéficiaire brute (%),top_quartile_gross_margin_quart_sup_rieur_marge_b_n_ficiaire_brute,ratios,profit_margin,5m_20m
profit_margin_financial_ratios_2024_5m_20m.csv,53,Return on total assets (%) / Rendement de l'actif total (%),return_on_total_assets_rendement_de_l_actif_total,ratios,profit_margin,5m_20m
profit_margin_financial_ratios_2024_5m_20m.csv,54,Bottom Quartile Return on total assets (%) Quart inférieur Rendement de l'actif total (%),bottom_quartile_return_on_total_assets_quart_inf_rieur_rendement_de_l_actif_total,ratios,profit_margin,5m_20m
profit_margin_financial_ratios_2024_5m_20m.csv,55,Lower Middle Return on total assets (%) / 2e quart Rendement de l'actif total (%),lower_middle_return_on_total_assets_2e_quart_rendement_de_l_actif_total,ratios,profit_margin,5m_20m
profit_margin_financial_ratios_2024_5m_20m.csv,56,Upper Middle Return on total assets (%) / 3e quart Rendement de l'actif total (%),upper_middle_return_on_total_assets_3e_quart_rendement_de_l_actif_total,ratios,profit_margin,5m_20m
profit_margin_financial_ratios_2024_5m_20m.csv,57,Top Quartile Return on total assets (%) / Quart supérieur Rendement de l'actif total (%),top_quartile_return_on_total_assets_quart_sup_rieur_rendement_de_l_actif_total,ratios,profit_margin,5m_20m
profit_margin_financial_ratios_2024_5m_20m.csv,58,Collection period for accounts receivable (days) / Délai moyen de recouvrement des créances (jours),collection_period_for_accounts_receivable_days_d_lai_moyen_de_recouvrement_des_cr_ances_jours,ratios,profit_margin,5m_20m
profit_margin_financial_ratios_2024_5m_20m.csv,59,Bottom Quartile Collection period for accounts receivable (days) / Quart inférieur Délai moyen de recouvrement des créances (jours),bottom_quartile_collection_period_for_accounts_receivable_days_quart_inf_rieur_d_lai_moyen_de_recouvrement_des_cr_ances_jours,ratios,profit_margin,5m_20m
profit_margin_financial_ratios_2024_5m_20m.csv,60,Lower Middle Collection period for accounts receivable (days)  / 2e quart Délai moyen de recouvrement des créances (jours),lower_middle_collection_period_for_accounts_receivable_days_2e_quart_d_lai_moyen_de_recouvrement_des_cr_ances_jours,ratios,profit_margin,5m_20m
profit_margin_financial_ratios_2024_5m_20m.csv,61,Upper Middle Collection period for accounts receivable (days) / 3e quart Délai moyen de recouvrement des créances (jours),upper_middle_collection_period_for_accounts_receivable_days_3e_quart_d_lai_moyen_de_recouvrement_des_cr_ances_jours,ratios,profit_margin,5m_20m
profit_margin_financial_ratios_2024_5m_20m.csv,62,Top Quartile Collection period for accounts receivable (days) / Quart supérieur Délai moyen de recouvrement des créances (jours),top_quartile_collection_period_for_accounts_receivable_days_quart_sup_rieur_d_lai_moyen_de_recouvrement_des_cr_ances_jours,ratios,profit_margin,5m_20m
profit_margin_financial_ratios_2024_5m_20m.csv,63,Year / Année,year_ann_e,ratios,profit_margin,5m_20m
profit_margin_financial_ratios_canada_incorporated_2024_30k_5m.csv,0,Incorporation Status / Status d'incorporation,incorporation_status_status_d_incorporation,ratios_limited,profit_margin,30k_5m
profit_margin_financial_ratios_canada_incorporated_2024_30k_5m.csv,1,Naics code / Code Scian,naics_code_code_scian,ratios_limited,profit_margin,30k_5m
profit_margin_financial_ratios_canada_incorporated_2024_30k_5m.csv,2,Canada / Province,canada_province,ratios_limited,profit_margin,30k_5m
profit_margin_financial_ratios_canada_incorporated_2024_30k_5m.csv,3,Interest coverage ratio / Ratio de couverture des intérêts,interest_coverage_ratio_ratio_de_couverture_des_int_r_ts,ratios_limited,profit_margin,30k_5m
profit_margin_financial_ratios_canada_incorporated_2024_30k_5m.csv,4,Bottom Quartile Interest coverage ratio / Quart inférieur Ratio de couverture des intérêts,bottom_quartile_interest_coverage_ratio_quart_inf_rieur_ratio_de_couverture_des_int_r_ts,ratios_limited,profit_margin,30k_5m
profit_margin_financial_ratios_canada_incorporated_2024_30k_5m.csv,5,Lower Middle Interest coverage ratio / 2e quart Ratio de couverture des intérêts,lower_middle_interest_coverage_ratio_2e_quart_ratio_de_couverture_des_int_r_ts,ratios_limited,profit_margin,30k_5m
profit_margin_financial_ratios_canada_incorporated_2024_30k_5m.csv,6,Upper Middle Interest coverage ratio / 3e quart Ratio de couverture des intérêts,upper_middle_interest_coverage_ratio_3e_quart_ratio_de_couverture_des_int_r_ts,ratios_limited,profit_margin,30k_5m
profit_margin_financial_ratios_canada_incorporated_2024_30k_5m.csv,7,Top Quartile Interest coverage ratio / Quart supérieur,top_quartile_interest_coverage_ratio_quart_sup_rieur,ratios_limited,profit_margin,30k_5m
profit_margin_financial_ratios_canada_incorporated_2024_30k_5m.csv,8,Gross margin (%) / Marge bénéficiaire brute (%),gross_margin_marge_b_n_ficiaire_brute,ratios_limited,profit_margin,30k_5m
profit_margin_financial_ratios_canada_incorporated_2024_30k_5m.csv,9,Bottom Quartile Gross margin (%) / Quart inférieur Marge bénéficiaire brute (%),bottom_quartile_gross_margin_quart_inf_rieur_marge_b_n_ficiaire_brute,ratios_limited,profit_margin,30k_5m
profit_margin_financial_ratios_canada_incorporated_2024_30k_5m.csv,10,Lower Middle Gross margin (%) / 2e quart Marge bénéficiaire brute (%),lower_middle_gross_margin_2e_quart_marge_b_n_ficiaire_brute,ratios_limited,profit_margin,30k_5m
profit_margin_financial_ratios_canada_incorporated_2024_30k_5m.csv,11,Upper Middle Gross margin (%) / 3e quart Marge bénéficiaire brute (%),upper_middle_gross_margin_3e_quart_marge_b_n_ficiaire_brute,ratios_limited,profit_margin,30k_5m
profit_margin_financial_ratios_canada_incorporated_2024_30k_5m.csv,12,Top Quartile Gross margin (%) / Quart supérieur Marge bénéficiaire brute (%),top_quartile_gross_margin_quart_sup_rieur_marge_b_n_ficiaire_brute,ratios_limited,profit_margin,30k_5m
profit_margin_financial_ratios_canada_incorporated_2024_30k_5m.csv,13,Year / Année,year_ann_e,ratios_limited,profit_margin,30k_5m
profit_margin_profit_non_profit_businesses_2024_30k_5m.csv,0,Incorporation Status / Status d'incorporation,incorporation_status_status_d_incorporation,profitability,profit_margin,30k_5m
profit_margin_profit_non_profit_businesses_2024_30k_5m.csv,1,Naics code / Code Scian,naics_code_code_scian,profitability,profit_margin,30k_5m
profit_margin_profit_non_profit_businesses_2024_30k_5m.csv,2,Canada / Provinces,canada_provinces,profitability,profit_margin,30k_5m
profit_margin_profit_non_profit_businesses_2024_30k_5m.csv,3,% of Profitable businesses / % des entreprises rentables,of_profitable_businesses_des_entreprises_rentables,profitability,profit_margin,30k_5m
profit_margin_profit_non_profit_businesses_2024_30k_5m.csv,4,Profitable Total Revenue / Rentable Recettes totales ,profitable_total_revenue_rentable_recettes_totales,profitability,profit_margin,30k_5m
profit_margin_profit_non_profit_businesses_2024_30k_5m.csv,5,Quality Indicator / Indicateurs de qualité,quality_indicator_indicateurs_de_qualit,profitability,profit_margin,30k_5m
profit_margin_profit_non_profit_businesses_2024_30k_5m.csv,6,Profitable Bottom Quartile Total revenue / Rentable Quart inférieur Recettes totales,profitable_bottom_quartile_total_revenue_rentable_quart_inf_rieur_recettes_totales,profitability,profit_margin,30k_5m
profit_margin_profit_non_profit_businesses_2024_30k_5m.csv,7,Profitable Lower Middle Total revenue / Rentable 2e quart Recettes totales,profitable_lower_middle_total_revenue_rentable_2e_quart_recettes_totales,profitability,profit_margin,30k_5m
profit_margin_profit_non_profit_businesses_2024_30k_5m.csv,8,Profitable Upper Middle Total revenue / Rentable 3e quart supérieur Recettes totales / Quart supérieur,profitable_upper_middle_total_revenue_rentable_3e_quart_sup_rieur_recettes_totales_quart_sup_rieur,profitability,profit_margin,30k_5m
profit_margin_profit_non_profit_businesses_2024_30k_5m.csv,9,Profitable Top quartile Total revenue / Rentable Quart supérieur Recettes totales,profitable_top_quartile_total_revenue_rentable_quart_sup_rieur_recettes_totales,profitability,profit_margin,30k_5m
profit_margin_profit_non_profit_businesses_2024_30k_5m.csv,10,Profitable Total Expenses / Rentable Dépenses totales,profitable_total_expenses_rentable_d_penses_totales,profitability,profit_margin,30k_5m
profit_margin_profit_non_profit_businesses_2024_30k_5m.csv,11,Quality Indicator / Indicateurs de qualité,quality_indicator_indicateurs_de_qualit_2,profitability,profit_margin,30k_5m
profit_margin_profit_non_profit_businesses_2024_30k_5m.csv,12, Rentable Bottom Quartile Total expenses /  Rentable Quart inférieur Dépenses totales,rentable_bottom_quartile_total_expenses_rentable_quart_inf_rieur_d_penses_totales,profitability,profit_margin,30k_5m
profit_margin_profit_non_profit_businesses_2024_30k_5m.csv,13,Profitable Lower Middle Total expenses / Rentable 2e quart Dépenses totales,profitable_lower_middle_total_expenses_rentable_2e_quart_d_penses_totales,profitability,profit_margin,30k_5m
profit_margin_profit_non_profit_businesses_2024_30k_5m.csv,14,Profitable Upper Middle Total expenses / Rentable 3e quart Dépenses totales,profitable_upper_middle_total_expenses_rentable_3e_quart_d_penses_totales,profitability,profit_margin,30k_5m
profit_margin_profit_non_profit_businesses_2024_30k_5m.csv,15,Profitable Top quartile Total expenses / Rentable Quart supérieur Dépenses totales,profitable_top_quartile_total_expenses_rentable_quart_sup_rieur_d_penses_totales,profitability,profit_margin,30k_5m
profit_margin_profit_non_profit_businesses_2024_30k_5m.csv,16,profitable Net Profit / Rentable Bénéfice net ,profitable_net_profit_rentable_b_n_fice_net,profitability,profit_margin,30k_5m
profit_margin_profit_non_profit_businesses_2024_30k_5m.csv,17,Quality Indicator / Indicateurs de qualité,quality_indicator_indicateurs_de_qualit_3,profitability,profit_margin,30k_5m
profit_margin_profit_non_profit_businesses_2024_30k_5m.csv,18,Profitable Bottom Quartile Net Profit / Rentable Quart inférieur Bénéfice net ,profitable_bottom_quartile_net_profit_rentable_quart_inf_rieur_b_n_fice_net,profitability,profit_margin,30k_5m
profit_margin_profit_non_profit_businesses_2024_30k_5m.csv,19,Profitable Lower Middle Net Profit / Rentable 2e quart Bénéfice net ,profitable_lower_middle_net_profit_rentable_2e_quart_b_n_fice_net,profitability,profit_margin,30k_5m
profit_margin_profit_non_profit_businesses_2024_30k_5m.csv,20,Profitable Upper Middle Net Profit / Rentable 3e quart Bénéfice net ,profitable_upper_middle_net_profit_rentable_3e_quart_b_n_fice_net,profitability,profit_margin,30k_5m
profit_margin_profit_non_profit_businesses_2024_30k_5m.csv,21,Profitable Top quartile Net Profit / Rentable Quart supérieur Bénéfice net ,profitable_top_quartile_net_profit_rentable_quart_sup_rieur_b_n_fice_net,profitability,profit_margin,30k_5m
profit_margin_profit_non_profit_businesses_2024_30k_5m.csv,22,Profitable Total Revenue / Non-rentable Recettes totales,profitable_total_revenue_non_rentable_recettes_totales,profitability,profit_margin,30k_5m
profit_margin_profit_non_profit_businesses_2024_30k_5m.csv,23,Quality Indicator / Indicateurs de qualité,quality_indicator_indicateurs_de_qualit_4,profitability,profit_margin,30k_5m
profit_margin_profit_non_profit_businesses_2024_30k_5m.csv,24,Non_profitable  Bottom Quartile Total Revenue / Non-rentable Quart inférieur Recettes totales,non_profitable_bottom_quartile_total_revenue_non_rentable_quart_inf_rieur_recettes_totales,profitability,profit_margin,30k_5m
profit_margin_profit_non_profit_businesses_2024_30k_5m.csv,25,Non_profitable  Lower Middle Total Revenue / Non-rentable 2e quart Recettes totales,non_profitable_lower_middle_total_revenue_non_rentable_2e_quart_recettes_totales,profitability,profit_margin,30k_5m
profit_margin_profit_non_profit_businesses_2024_30k_5m.csv,26,Upper Middle  Non_profitable Total Revenue / non-rentable 3e quart  Recettes totales,upper_middle_non_profitable_total_revenue_non_rentable_3e_quart_recettes_totales,profitability,profit_margin,30k_5m
profit_margin_profit_non_profit_businesses_2024_30k_5m.csv,27,Non_profitable Top quartile Total Revenue / Quart supérieur  Non-rentable Recettes totales,non_profitable_top_quartile_total_revenue_quart_sup_rieur_non_rentable_recettes_totales,profitability,profit_margin,30k_5m
profit_margin_profit_non_profit_businesses_2024_30k_5m.csv,28,Non_profitable Total expenses / Non-rentable Dépenses totales,non_profitable_total_expenses_non_rentable_d_penses_totales,profitability,profit_margin,30k_5m
profit_margin_profit_non_profit_businesses_2024_30k_5m.csv,29,Quality Indicator / Indicateurs de qualité,quality_indicator_indicateurs_de_qualit_5,profitability,profit_margin,30k_5m
profit_margin_profit_non_profit_businesses_2024_30k_5m.csv,30,Non_profitable  Bottom Quartile Total expenses / Non-rentable Quart inférieur Dépenses totales,non_profitable_bottom_quartile_total_expenses_non_rentable_quart_inf_rieur_d_penses_totales,profitability,profit_margin,30k_5m
profit_margin_profit_non_profit_businesses_2024_30k_5m.csv,31,Non_profitable  Lower Middle Total expenses / Non-rentable 2e quart Dépenses totales,non_profitable_lower_middle_total_expenses_non_rentable_2e_quart_d_penses_totales,profitability,profit_margin,30k_5m
profit_margin_profit_non_profit_businesses_2024_30k_5m.csv,32,Non_profitable  Upper Middle Total expenses / Non-rentable 3e quart Dépenses totales,non_profitable_upper_middle_total_expenses_non_rentable_3e_quart_d_penses_totales,profitability,profit_margin,30k_5m
profit_margin_profit_non_profit_businesses_2024_30k_5m.csv,33,Non_profitable  Top quartile Total expenses / Non-rentable Quart supérieur Dépenses totales,non_profitable_top_quartile_total_expenses_non_rentable_quart_sup_rieur_d_penses_totales,profitability,profit_margin,30k_5m
profit_margin_profit_non_profit_businesses_2024_30k_5m.csv,34, Non-profitable Net loss /  Non-rentable Perte nette,non_profitable_net_loss_non_rentable_perte_nette,profitability,profit_margin,30k_5m
profit_margin_profit_non_profit_businesses_2024_30k_5m.csv,35,Quality Indicator / Indicateurs de qualité,quality_indicator_indicateurs_de_qualit_6,profitability,profit_margin,30k_5m
profit_margin_profit_non_profit_businesses_2024_30k_5m.csv,36,Non_profitable  Bottom Quartile Net loss / Non-rentable Quart inférieur Perte nette,non_profitable_bottom_quartile_net_loss_non_rentable_quart_inf_rieur_perte_nette,profitability,profit_margin,30k_5m
profit_margin_profit_non_profit_businesses_2024_30k_5m.csv,37,Non_profitable Lower Middle Net loss / Non-rentable 2e quart Perte nette,non_profitable_lower_middle_net_loss_non_rentable_2e_quart_perte_nette,profitability,profit_margin,30k_5m
profit_margin_profit_non_profit_businesses_2024_30k_5m.csv,38,Non_profitable Upper Middle Net loss / Non-rentable 3e quart Perte nette,non_profitable_upper_middle_net_loss_non_rentable_3e_quart_perte_nette,profitability,profit_margin,30k_5m
profit_margin_profit_non_profit_businesses_2024_30k_5m.csv,39,Non_profitable Top quartile Net loss / Non-rentable Quart supérieur Perte nette,non_profitable_top_quartile_net_loss_non_rentable_quart_sup_rieur_perte_nette,profitability,profit_margin,30k_5m
profit_margin_profit_non_profit_businesses_2024_30k_5m.csv,40,year / Année,year_ann_e,profitability,profit_margin,30k_5m
profit_margin_total_expenses_percentage_2024_30k_5m.csv,0,Incorporation Status /  / Etat d'incorporation,incorporation_status_etat_d_incorporation,expenses_pct,profit_margin,30k_5m
profit_margin_total_expenses_percentage_2024_30k_5m.csv,1,Naics code / Code Scian,naics_code_code_scian,expenses_pct,profit_margin,30k_5m
profit_margin_total_expenses_percentage_2024_30k_5m.csv,2,Province/Canada / ,province,expenses_pct,profit_margin,30k_5m
profit_margin_total_expenses_percentage_2024_30k_5m.csv,3,Cost of Sales (direct expenses) / Coût de ventes (frais direct),cost_of_sales_direct_expenses_co_t_de_ventes_frais_direct,expenses_pct,profit_margin,30k_5m
profit_margin_total_expenses_percentage_2024_30k_5m.csv,4,Quality Indicator / Indicateurs de qualité,quality_indicator_indicateurs_de_qualit,expenses_pct,profit_margin,30k_5m
profit_margin_total_expenses_percentage_2024_30k_5m.csv,5,Bottom Quartile Cost of Sales / Quart inférieur Coût de ventes (frais direct),bottom_quartile_cost_of_sales_quart_inf_rieur_co_t_de_ventes_frais_direct,expenses_pct,profit_margin,30k_5m
profit_margin_total_expenses_percentage_2024_30k_5m.csv,6,Lower Middle Cost of Sales / 2e quart Coût de ventes (frais direct),lower_middle_cost_of_sales_2e_quart_co_t_de_ventes_frais_direct,expenses_pct,profit_margin,30k_5m
profit_margin_total_expenses_percentage_2024_30k_5m.csv,7,Upper Middle cost of Sales / 3e quart Coût de ventes (frais direct),upper_middle_cost_of_sales_3e_quart_co_t_de_ventes_frais_direct,expenses_pct,profit_margin,30k_5m
profit_margin_total_expenses_percentage_2024_30k_5m.csv,8,Top Quartile Cost of Sales / Quart supérieur Coût de ventes (frais direct),top_quartile_cost_of_sales_quart_sup_rieur_co_t_de_ventes_frais_direct,expenses_pct,profit_margin,30k_5m
profit_margin_total_expenses_percentage_2024_30k_5m.csv,9,% of Businesses Reporting / % des entreprises déclarantes Coût de ventes (frais direct),of_businesses_reporting_des_entreprises_d_clarantes_co_t_de_ventes_frais_direct,expenses_pct,profit_margin,30k_5m
profit_margin_total_expenses_percentage_2024_30k_5m.csv,10,Wages and Benefits / Salaires et avantages sociaux,wages_and_benefits_salaires_et_avantages_sociaux,expenses_pct,profit_margin,30k_5m
profit_margin_total_expenses_percentage_2024_30k_5m.csv,11,Quality Indicator / Indicateurs de qualité,quality_indicator_indicateurs_de_qualit_2,expenses_pct,profit_margin,30k_5m
profit_margin_total_expenses_percentage_2024_30k_5m.csv,12,Bottom Quartile Wages and Benefits / quart inférieur Salaires et avantages sociaux,bottom_quartile_wages_and_benefits_quart_inf_rieur_salaires_et_avantages_sociaux,expenses_pct,profit_margin,30k_5m
profit_margin_total_expenses_percentage_2024_30k_5m.csv,13,Lower Middle Wages and Benefits / 2e quart Salaires et avantages sociaux,lower_middle_wages_and_benefits_2e_quart_salaires_et_avantages_sociaux,expenses_pct,profit_margin,30k_5m
profit_margin_total_expenses_percentage_2024_30k_5m.csv,14,Upper Middle Wages and Benefits / 3e quart Salaires et avantages sociaux,upper_middle_wages_and_benefits_3e_quart_salaires_et_avantages_sociaux,expenses_pct,profit_margin,30k_5m
profit_margin_total_expenses_percentage_2024_30k_5m.csv,15,Top Quartile Wages and Benefits / Quart supérieur Salaires et avantages sociaux,top_quartile_wages_and_benefits_quart_sup_rieur_salaires_et_avantages_sociaux,expenses_pct,profit_margin,30k_5m
profit_margin_total_expenses_percentage_2024_30k_5m.csv,16,% of Businesses Reporting / % des entreprises déclarantes,of_businesses_reporting_des_entreprises_d_clarantes,expenses_pct,profit_margin,30k_5m
profit_margin_total_expenses_percentage_2024_30k_5m.csv,17,"Purchases, materials and sub-contracts / Achats, matériaux et sous-traitances",purchases_materials_and_sub_contracts_achats_mat_riaux_et_sous_traitances,expenses_pct,profit_margin,30k_5m
profit_margin_total_expenses_percentage_2024_30k_5m.csv,18,Quality Indicator / Indicateurs de qualité,quality_indicator_indicateurs_de_qualit_3,expenses_pct,profit_margin,30k_5m
profit_margin_total_expenses_percentage_2024_30k_5m.csv,19,"Bottom Quartile Purchases, materials and sub-contracts / Quart inférieurs Achats, matériaux et sous-traitances",bottom_quartile_purchases_materials_and_sub_contracts_quart_inf_rieurs_achats_mat_riaux_et_sous_traitances,expenses_pct,profit_margin,30k_5m
profit_margin_total_expenses_percentage_2024_30k_5m.csv,20,"Lower Middle Purchases, materials and sub-contracts / 2e quart Achats, matériaux et sous-traitances",lower_middle_purchases_materials_and_sub_contracts_2e_quart_achats_mat_riaux_et_sous_traitances,expenses_pct,profit_margin,30k_5m
profit_margin_total_expenses_percentage_2024_30k_5m.csv,21,"Upper Middle Purchases, materials and sub-contracts / 3e quart Achats, matériaux et sous-traitances",upper_middle_purchases_materials_and_sub_contracts_3e_quart_achats_mat_riaux_et_sous_traitances,expenses_pct,profit_margin,30k_5m
profit_margin_total_expenses_percentage_2024_30k_5m.csv,22,"Top Quartile Purchases, materials and sub-contracts / quart supérieurs Achats, matériaux et sous-traitances",top_quartile_purchases_materials_and_sub_contracts_quart_sup_rieurs_achats_mat_riaux_et_sous_traitances,expenses_pct,profit_margin,30k_5m
profit_margin_total_expenses_percentage_2024_30k_5m.csv,23,% of Businesses Reporting / % des entreprises déclarantes,of_businesses_reporting_des_entreprises_d_clarantes_2,expenses_pct,profit_margin,30k_5m
profit_margin_total_expenses_percentage_2024_30k_5m.csv,24,Opening Inventory / Stocks d'ouverture,opening_inventory_stocks_d_ouverture,expenses_pct,profit_margin,30k_5m
profit_margin_total_expenses_percentage_2024_30k_5m.csv,25,Quality Indicator / Indicateurs de qualité,quality_indicator_indicateurs_de_qualit_4,expenses_pct,profit_margin,30k_5m
profit_margin_total_expenses_percentage_2024_30k_5m.csv,26,Bottom Quartile Opening Inventory / Quart inférieurs Stocks d'ouverture,bottom_quartile_opening_inventory_quart_inf_rieurs_stocks_d_ouverture,expenses_pct,profit_margin,30k_5m
profit_margin_total_expenses_percentage_2024_30k_5m.csv,27,Lower Middle Opening Inventory / 2e quart Stocks d'ouverture,lower_middle_opening_inventory_2e_quart_stocks_d_ouverture,expenses_pct,profit_margin,30k_5m
profit_margin_total_expenses_percentage_2024_30k_5m.csv,28,Upper Middle Opening Inventory / 3e quart Stocks d'ouverture,upper_middle_opening_inventory_3e_quart_stocks_d_ouverture,expenses_pct,profit_margin,30k_5m
profit_margin_total_expenses_percentage_2024_30k_5m.csv,29,Top Quartile Opening Inventory / Quart supérieurs Stocks d'ouverture,top_quartile_opening_inventory_quart_sup_rieurs_stocks_d_ouverture,expenses_pct,profit_margin,30k_5m
profit_margin_total_expenses_percentage_2024_30k_5m.csv,30,% of Businesses Reporting / % des entreprises déclarantes,of_businesses_reporting_des_entreprises_d_clarantes_3,expenses_pct,profit_margin,30k_5m
profit_margin_total_expenses_percentage_2024_30k_5m.csv,31,Closing Inventory / Stock de fermeture,closing_inventory_stock_de_fermeture,expenses_pct,profit_margin,30k_5m
profit_margin_total_expenses_percentage_2024_30k_5m.csv,32,Quality Indicator / Indicateurs de qualité,quality_indicator_indicateurs_de_qualit_5,expenses_pct,profit_margin,30k_5m
profit_margin_total_expenses_percentage_2024_30k_5m.csv,33,Bottom Quartile Closing Inventory / Quart inférieurs Stock de fermeture,bottom_quartile_closing_inventory_quart_inf_rieurs_stock_de_fermeture,expenses_pct,profit_margin,30k_5m
profit_margin_total_expenses_percentage_2024_30k_5m.csv,34,Lower Middle Closing Inventory / 2e quart Stock de fermeture,lower_middle_closing_inventory_2e_quart_stock_de_fermeture,expenses_pct,profit_margin,30k_5m
profit_margin_total_expenses_percentage_2024_30k_5m.csv,35,Upper Middle Closing Inventory / 3e quart Stock de fermeture,upper_middle_closing_inventory_3e_quart_stock_de_fermeture,expenses_pct,profit_margin,30k_5m
profit_margin_total_expenses_percentage_2024_30k_5m.csv,36,Top Quartile Closing Inventory / Quart supérieurs Stock de fermeture,top_quartile_closing_inventory_quart_sup_rieurs_stock_de_fermeture,expenses_pct,profit_margin,30k_5m
profit_margin_total_expenses_percentage_2024_30k_5m.csv,37,% of Businesses Reporting / % des entreprises déclarantes,of_businesses_reporting_des_entreprises_d_clarantes_4,expenses_pct,profit_margin,30k_5m
profit_margin_total_expenses_percentage_2024_30k_5m.csv,38,Operating expenses (indirect)  / Dépenses d'exploitation (frais indirects),operating_expenses_indirect_d_penses_d_exploitation_frais_indirects,expenses_pct,profit_margin,30k_5m
profit_margin_total_expenses_percentage_2024_30k_5m.csv,39,Quality Indicator / Indicateurs de qualité,quality_indicator_indicateurs_de_qualit_6,expenses_pct,profit_margin,30k_5m
profit_margin_total_expenses_percentage_2024_30k_5m.csv,40,Bottom Quartile Operating Expenses (indirect) / Quart inférieurs Dépenses d'exploitation (frais indirects),bottom_quartile_operating_expenses_indirect_quart_inf_rieurs_d_penses_d_exploitation_frais_indirects,expenses_pct,profit_margin,30k_5m
profit_margin_total_expenses_percentage_2024_30k_5m.csv,41,Lower Middle Operating Expenses (indirect) / 2e Quart Dépenses d'exploitation (frais indirects),lower_middle_operating_expenses_indirect_2e_quart_d_penses_d_exploitation_frais_indirects,expenses_pct,profit_margin,30k_5m
profit_margin_total_expenses_percentage_2024_30k_5m.csv,42,Upper Middle Operating Expenses (indirect) / 3e quart Dépenses d'exploitation (frais indirects),upper_middle_operating_expenses_indirect_3e_quart_d_penses_d_exploitation_frais_indirects,expenses_pct,profit_margin,30k_5m
profit_margin_total_expenses_percentage_2024_30k_5m.csv,43,Top Quartile Operating Expenses (indirect) / Quart supérieur Dépenses d'exploitation (frais indirects),top_quartile_operating_expenses_indirect_quart_sup_rieur_d_penses_d_exploitation_frais_indirects,expenses_pct,profit_margin,30k_5m
profit_margin_total_expenses_percentage_2024_30k_5m.csv,44,% of Businesses Reporting / % des entreprises déclarantes,of_businesses_reporting_des_entreprises_d_clarantes_5,expenses_pct,profit_margin,30k_5m
profit_margin_total_expenses_percentage_2024_30k_5m.csv,45, / Labour and Commissions  / Traitements et commissions,labour_and_commissions_traitements_et_commissions,expenses_pct,profit_margin,30k_5m
profit_margin_total_expenses_percentage_2024_30k_5m.csv,46,Quality Indicator / Indicateurs de qualité,quality_indicator_indicateurs_de_qualit_7,expenses_pct,profit_margin,30k_5m
profit_margin_total_expenses_percentage_2024_30k_5m.csv,47,Bottom Quartile Labour and Commissions / Quart inférieur Traitements et commissions,bottom_quartile_labour_and_commissions_quart_inf_rieur_traitements_et_commissions,expenses_pct,profit_margin,30k_5m
profit_margin_total_expenses_percentage_2024_30k_5m.csv,48,Lower Middle Labour and Commissions / 2e quart Traitements et commissions,lower_middle_labour_and_commissions_2e_quart_traitements_et_commissions,expenses_pct,profit_margin,30k_5m
profit_margin_total_expenses_percentage_2024_30k_5m.csv,49,Upper Middle Labour and Commissions / 3e quart Traitements et commissions,upper_middle_labour_and_commissions_3e_quart_traitements_et_commissions,expenses_pct,profit_margin,30k_5m
profit_margin_total_expenses_percentage_2024_30k_5m.csv,50,Top Quartile Labour and Commissions / Quart supérieur Traitements et commissions,top_quartile_labour_and_commissions_quart_sup_rieur_traitements_et_commissions,expenses_pct,profit_margin,30k_5m
profit_margin_total_expenses_percentage_2024_30k_5m.csv,51,% of Businesses Reporting / % des entreprises déclarantes,of_businesses_reporting_des_entreprises_d_clarantes_6,expenses_pct,profit_margin,30k_5m
profit_margin_total_expenses_percentage_2024_30k_5m.csv,52,Amortization and depletion / Amortissement et tarissement,amortization_and_depletion_amortissement_et_tarissement,expenses_pct,profit_margin,30k_5m
profit_margin_total_expenses_percentage_2024_30k_5m.csv,53,Quality Indicator / Indicateurs de qualité,quality_indicator_indicateurs_de_qualit_8,expenses_pct,profit_margin,30k_5m
profit_margin_total_expenses_percentage_2024_30k_5m.csv,54,Bottom Quartile Amortization and depletion / Quart inférieur Amortissement et tarissement,bottom_quartile_amortization_and_depletion_quart_inf_rieur_amortissement_et_tarissement,expenses_pct,profit_margin,30k_5m
profit_margin_total_expenses_percentage_2024_30k_5m.csv,55,Lower Middle Amortization and depletion / 2e quart Amortissement et tarissement,lower_middle_amortization_and_depletion_2e_quart_amortissement_et_tarissement,expenses_pct,profit_margin,30k_5m
profit_margin_total_expenses_percentage_2024_30k_5m.csv,56,Upper Middle Amortization and depletion / 3e quart Amortissement et tarissement,upper_middle_amortization_and_depletion_3e_quart_amortissement_et_tarissement,expenses_pct,profit_margin,30k_5m
profit_margin_total_expenses_percentage_2024_30k_5m.csv,57,Top Quartile Amortization and depletion / Quart supérieur Amortissement et tarissement,top_quartile_amortization_and_depletion_quart_sup_rieur_amortissement_et_tarissement,expenses_pct,profit_margin,30k_5m
profit_margin_total_expenses_percentage_2024_30k_5m.csv,58,% of Businesses Reporting  / % des entreprises déclarantes,of_businesses_reporting_des_entreprises_d_clarantes_7,expenses_pct,profit_margin,30k_5m
profit_margin_total_expenses_percentage_2024_30k_5m.csv,59, /  / Repairs and maintenance  / Réparations et entretien,repairs_and_maintenance_r_parations_et_entretien,expenses_pct,profit_margin,30k_5m
profit_margin_total_expenses_percentage_2024_30k_5m.csv,60,Quality Indicator / Indicateurs de qualité,quality_indicator_indicateurs_de_qualit_9,expenses_pct,profit_margin,30k_5m
profit_margin_total_expenses_percentage_2024_30k_5m.csv,61,Bottom Quartile Repairs and maintenance / Quart inférieur Réparations et entretien,bottom_quartile_repairs_and_maintenance_quart_inf_rieur_r_parations_et_entretien,expenses_pct,profit_margin,30k_5m
profit_margin_total_expenses_percentage_2024_30k_5m.csv,62,Lower Middle Repairs and maintenance / 2e quart Réparations et entretien,lower_middle_repairs_and_maintenance_2e_quart_r_parations_et_entretien,expenses_pct,profit_margin,30k_5m
profit_margin_total_expenses_percentage_2024_30k_5m.csv,63,Upper Middle Repairs and maintenance / 3e quart Réparations et entretien,upper_middle_repairs_and_maintenance_3e_quart_r_parations_et_entretien,expenses_pct,profit_margin,30k_5m
profit_margin_total_expenses_percentage_2024_30k_5m.csv,64,Top Quartile Repairs and maintenance / Quart supérieur Réparations et entretien,top_quartile_repairs_and_maintenance_quart_sup_rieur_r_parations_et_entretien,expenses_pct,profit_margin,30k_5m
profit_margin_total_expenses_percentage_2024_30k_5m.csv,65,% of Businesses Reporting / % des entreprises déclarantes,of_businesses_reporting_des_entreprises_d_clarantes_8,expenses_pct,profit_margin,30k_5m
profit_margin_total_expenses_percentage_2024_30k_5m.csv,66,Utilities and telephone/telecommunication  / Services publics et téléphone / télécommunication,utilities_and_telephone,expenses_pct,profit_margin,30k_5m
profit_margin_total_expenses_percentage_2024_30k_5m.csv,67,Quality Indicator / Indicateurs de qualité,quality_indicator_indicateurs_de_qualit_10,expenses_pct,profit_margin,30k_5m
profit_margin_total_expenses_percentage_2024_30k_5m.csv,68,Bottom Quartile Utilities and telephone/telecommunication /  Quart inférieur Services publics et téléphone / télécommunication,bottom_quartile_utilities_and_telephone,expenses_pct,profit_margin,30k_5m
profit_margin_total_expenses_percentage_2024_30k_5m.csv,69,Lower Middle Utilities and telephone/telecommunication / 2e quart Services publics et téléphone / télécommunication,lower_middle_utilities_and_telephone,expenses_pct,profit_margin,30k_5m
profit_margin_total_expenses_percentage_2024_30k_5m.csv,70,Upper Middle Utilities and telephone/telecommunication / 3e quart Services publics et téléphone / télécommunication,upper_middle_utilities_and_telephone,expenses_pct,profit_margin,30k_5m
profit_margin_total_expenses_percentage_2024_30k_5m.csv,71,Top Quartile Utilities and telephone/telecommunication / Quart supérieur Services publics et téléphone / télécommunication,top_quartile_utilities_and_telephone,expenses_pct,profit_margin,30k_5m
profit_margin_total_expenses_percentage_2024_30k_5m.csv,72,% of Businesses Reporting / % des entreprises déclarantes,of_businesses_reporting_des_entreprises_d_clarantes_9,expenses_pct,profit_margin,30k_5m
profit_margin_total_expenses_percentage_2024_30k_5m.csv,73,Rent / Location,rent_location,expenses_pct,profit_margin,30k_5m
profit_margin_total_expenses_percentage_2024_30k_5m.csv,74,Quality Indicator / Indicateurs de qualité,quality_indicator_indicateurs_de_qualit_11,expenses_pct,profit_margin,30k_5m
profit_margin_total_expenses_percentage_2024_30k_5m.csv,75,Bottom Quartile Rent / Quart inférieur Location,bottom_quartile_rent_quart_inf_rieur_location,expenses_pct,profit_margin,30k_5m
profit_margin_total_expenses_percentage_2024_30k_5m.csv,76,Lower Middle Rent / 2e quart Location,lower_middle_rent_2e_quart_location,expenses_pct,profit_margin,30k_5m
profit_margin_total_expenses_percentage_2024_30k_5m.csv,77,Upper Middle Rent / 3e quart Location,upper_middle_rent_3e_quart_location,expenses_pct,profit_margin,30k_5m
profit_margin_total_expenses_percentage_2024_30k_5m.csv,78,Top Quartile Rent / Quart supérieur Location,top_quartile_rent_quart_sup_rieur_location,expenses_pct,profit_margin,30k_5m
profit_margin_total_expenses_percentage_2024_30k_5m.csv,79,% of Businesses Reporting / % des entreprises déclarantes,of_businesses_reporting_des_entreprises_d_clarantes_10,expenses_pct,profit_margin,30k_5m
profit_margin_total_expenses_percentage_2024_30k_5m.csv,80,Interest and bank charges / Intérêts et frais bancaires,interest_and_bank_charges_int_r_ts_et_frais_bancaires,expenses_pct,profit_margin,30k_5m
profit_margin_total_expenses_percentage_2024_30k_5m.csv,81,Quality Indicator / Indicateurs de qualité,quality_indicator_indicateurs_de_qualit_12,expenses_pct,profit_margin,30k_5m
profit_margin_total_expenses_percentage_2024_30k_5m.csv,82,Bottom Quartile Interest and bank charges / Quart inférieur Intérêts et frais bancaires,bottom_quartile_interest_and_bank_charges_quart_inf_rieur_int_r_ts_et_frais_bancaires,expenses_pct,profit_margin,30k_5m
profit_margin_total_expenses_percentage_2024_30k_5m.csv,83,Lower Middle Interest and bank charges / 2e quart Intérêts et frais bancaires,lower_middle_interest_and_bank_charges_2e_quart_int_r_ts_et_frais_bancaires,expenses_pct,profit_margin,30k_5m
profit_margin_total_expenses_percentage_2024_30k_5m.csv,84,Upper Middle Interest and bank charges / 3e quart Intérêts et frais bancaires,upper_middle_interest_and_bank_charges_3e_quart_int_r_ts_et_frais_bancaires,expenses_pct,profit_margin,30k_5m
profit_margin_total_expenses_percentage_2024_30k_5m.csv,85,Top Quartile Interest and bank charges / Quart supérieur Intérêts et frais bancaires,top_quartile_interest_and_bank_charges_quart_sup_rieur_int_r_ts_et_frais_bancaires,expenses_pct,profit_margin,30k_5m
profit_margin_total_expenses_percentage_2024_30k_5m.csv,86,% of Businesses Reporting /  % des entreprises déclarantes,of_businesses_reporting_des_entreprises_d_clarantes_11,expenses_pct,profit_margin,30k_5m
profit_margin_total_expenses_percentage_2024_30k_5m.csv,87,Professional and business fees / Intérêts et frais bancaires,professional_and_business_fees_int_r_ts_et_frais_bancaires,expenses_pct,profit_margin,30k_5m
profit_margin_total_expenses_percentage_2024_30k_5m.csv,88,Quality Indicator / Indicateurs de qualité,quality_indicator_indicateurs_de_qualit_13,expenses_pct,profit_margin,30k_5m
profit_margin_total_expenses_percentage_2024_30k_5m.csv,89,Bottom Quartile Professional and business fees / Quart inférieur Intérêts et frais bancaires,bottom_quartile_professional_and_business_fees_quart_inf_rieur_int_r_ts_et_frais_bancaires,expenses_pct,profit_margin,30k_5m
profit_margin_total_expenses_percentage_2024_30k_5m.csv,90,Lower Middle Professional and business fees / 2e quart Intérêts et frais bancaires,lower_middle_professional_and_business_fees_2e_quart_int_r_ts_et_frais_bancaires,expenses_pct,profit_margin,30k_5m
profit_margin_total_expenses_percentage_2024_30k_5m.csv,91,Upper Middle Professional and business fees / 3e quart Intérêts et frais bancaires,upper_middle_professional_and_business_fees_3e_quart_int_r_ts_et_frais_bancaires,expenses_pct,profit_margin,30k_5m
profit_margin_total_expenses_percentage_2024_30k_5m.csv,92,Top Quartile Professional and business fees / Quart supérieur Intérêts et frais bancaires,top_quartile_professional_and_business_fees_quart_sup_rieur_int_r_ts_et_frais_bancaires,expenses_pct,profit_margin,30k_5m
profit_margin_total_expenses_percentage_2024_30k_5m.csv,93,% of Businesses Reporting / % des entreprises déclarantes,of_businesses_reporting_des_entreprises_d_clarantes_12,expenses_pct,profit_margin,30k_5m
profit_margin_total_expenses_percentage_2024_30k_5m.csv,94,Advertising and promotion / Publicité et promotion,advertising_and_promotion_publicit_et_promotion,expenses_pct,profit_margin,30k_5m
profit_margin_total_expenses_percentage_2024_30k_5m.csv,95,Quality Indicator / Indicateurs de qualité,quality_indicator_indicateurs_de_qualit_14,expenses_pct,profit_margin,30k_5m
profit_margin_total_expenses_percentage_2024_30k_5m.csv,96,Bottom Quartile Advertising and promotion / Quart inférieur Publicité et promotion,bottom_quartile_advertising_and_promotion_quart_inf_rieur_publicit_et_promotion,expenses_pct,profit_margin,30k_5m
profit_margin_total_expenses_percentage_2024_30k_5m.csv,97,Lower Middle Advertising and promotion / 2e quart Publicité et promotion,lower_middle_advertising_and_promotion_2e_quart_publicit_et_promotion,expenses_pct,profit_margin,30k_5m
profit_margin_total_expenses_percentage_2024_30k_5m.csv,98,Upper Middle Advertising and promotion / 3e quart Publicité et promotion,upper_middle_advertising_and_promotion_3e_quart_publicit_et_promotion,expenses_pct,profit_margin,30k_5m
profit_margin_total_expenses_percentage_2024_30k_5m.csv,99,Top Quartile Advertising and promotion / Quart supérieur Publicité et promotion,top_quartile_advertising_and_promotion_quart_sup_rieur_publicit_et_promotion,expenses_pct,profit_margin,30k_5m
profit_margin_total_expenses_percentage_2024_30k_5m.csv,100,% of Businesses Reporting / % des entreprises déclarantes,of_businesses_reporting_des_entreprises_d_clarantes_13,expenses_pct,profit_margin,30k_5m
profit_margin_total_expenses_percentage_2024_30k_5m.csv,101,"Delivery, shipping and warehouse / Livraison, expédition et entreposage",delivery_shipping_and_warehouse_livraison_exp_dition_et_entreposage,expenses_pct,profit_margin,30k_5m
profit_margin_total_expenses_percentage_2024_30k_5m.csv,102,Quality Indicator / Indicateurs de qualité,quality_indicator_indicateurs_de_qualit_15,expenses_pct,profit_margin,30k_5m
profit_margin_total_expenses_percentage_2024_30k_5m.csv,103,"Bottom Quartile Delivery, shipping and warehouse expense / Quart inférieur Livraison, expédition et entreposage",bottom_quartile_delivery_shipping_and_warehouse_expense_quart_inf_rieur_livraison_exp_dition_et_entreposage,expenses_pct,profit_margin,30k_5m
profit_margin_total_expenses_percentage_2024_30k_5m.csv,104,"Lower Middle Delivery, shipping and warehouse expense / 2e quart Livraison, expédition et entreposage",lower_middle_delivery_shipping_and_warehouse_expense_2e_quart_livraison_exp_dition_et_entreposage,expenses_pct,profit_margin,30k_5m
profit_margin_total_expenses_percentage_2024_30k_5m.csv,105,"Upper Middle Delivery, shipping and warehouse expense / 3e quart Livraison, expédition et entreposage",upper_middle_delivery_shipping_and_warehouse_expense_3e_quart_livraison_exp_dition_et_entreposage,expenses_pct,profit_margin,30k_5m
profit_margin_total_expenses_percentage_2024_30k_5m.csv,106,"Top Quartile Delivery, shipping and warehouse expense / Quart supérieur Livraison, expédition et entreposage",top_quartile_delivery_shipping_and_warehouse_expense_quart_sup_rieur_livraison_exp_dition_et_entreposage,expenses_pct,profit_margin,30k_5m
profit_margin_total_expenses_percentage_2024_30k_5m.csv,107,% of Businesses Reporting / % des entreprises déclarantes,of_businesses_reporting_des_entreprises_d_clarantes_14,expenses_pct,profit_margin,30k_5m
profit_margin_total_expenses_percentage_2024_30k_5m.csv,108,Insurance / Assurances,insurance_assurances,expenses_pct,profit_margin,30k_5m
profit_margin_total_expenses_percentage_2024_30k_5m.csv,109,Quality Indicator / Indicateurs de qualité,quality_indicator_indicateurs_de_qualit_16,expenses_pct,profit_margin,30k_5m
profit_margin_total_expenses_percentage_2024_30k_5m.csv,110,Bottom Quartile Insurance / Quart inférieur Assurances,bottom_quartile_insurance_quart_inf_rieur_assurances,expenses_pct,profit_margin,30k_5m
profit_margin_total_expenses_percentage_2024_30k_5m.csv,111,Lower Middle Insurance / 2e quart Assurances,lower_middle_insurance_2e_quart_assurances,expenses_pct,profit_margin,30k_5m
profit_margin_total_expenses_percentage_2024_30k_5m.csv,112,Upper Middle Insurance / 3e quart Assurances,upper_middle_insurance_3e_quart_assurances,expenses_pct,profit_margin,30k_5m
profit_margin_total_expenses_percentage_2024_30k_5m.csv,113,Top Quartile Insurance / Quart supérieur Assurances,top_quartile_insurance_quart_sup_rieur_assurances,expenses_pct,profit_margin,30k_5m
profit_margin_total_expenses_percentage_2024_30k_5m.csv,114,% of Businesses Reporting / % des entreprises déclarantes,of_businesses_reporting_des_entreprises_d_clarantes_15,expenses_pct,profit_margin,30k_5m
profit_margin_total_expenses_percentage_2024_30k_5m.csv,115,Other expenses / Autres dépenses,other_expenses_autres_d_penses,expenses_pct,profit_margin,30k_5m
profit_margin_total_expenses_percentage_2024_30k_5m.csv,116,Quality Indicator / Indicateurs de qualité,quality_indicator_indicateurs_de_qualit_17,expenses_pct,profit_margin,30k_5m
profit_margin_total_expenses_percentage_2024_30k_5m.csv,117,Bottom Quartile Other expenses / Quart infoerieur Autres dépenses,bottom_quartile_other_expenses_quart_infoerieur_autres_d_penses,expenses_pct,profit_margin,30k_5m
profit_margin_total_expenses_percentage_2024_30k_5m.csv,118,Lower Middle Other expenses / 2e quart Autres dépenses,lower_middle_other_expenses_2e_quart_autres_d_penses,expenses_pct,profit_margin,30k_5m
profit_margin_total_expenses_percentage_2024_30k_5m.csv,119,Upper Middle Other expenses / 3e quart Autres dépenses,upper_middle_other_expenses_3e_quart_autres_d_penses,expenses_pct,profit_margin,30k_5m
profit_margin_total_expenses_percentage_2024_30k_5m.csv,120,Top Quartile Other expenses / Quart supérieur Autres dépenses,top_quartile_other_expenses_quart_sup_rieur_autres_d_penses,expenses_pct,profit_margin,30k_5m
profit_margin_total_expenses_percentage_2024_30k_5m.csv,121,% of Businesses Reporting / % des entreprises déclarantes,of_businesses_reporting_des_entreprises_d_clarantes_16,expenses_pct,profit_margin,30k_5m
profit_margin_total_expenses_percentage_2024_30k_5m.csv,122,Total expenses / Dépenses totales,total_expenses_d_penses_totales,expenses_pct,profit_margin,30k_5m
profit_margin_total_expenses_percentage_2024_30k_5m.csv,123,Quality Indicator / Indicateurs de qualité,quality_indicator_indicateurs_de_qualit_18,expenses_pct,profit_margin,30k_5m
profit_margin_total_expenses_percentage_2024_30k_5m.csv,124,Bottom Quartile Total expenses / quart inférieur Dépenses totales,bottom_quartile_total_expenses_quart_inf_rieur_d_penses_totales,expenses_pct,profit_margin,30k_5m
profit_margin_total_expenses_percentage_2024_30k_5m.csv,125,Lower Middle Total expenses / 2e quart Dépenses totales,lower_middle_total_expenses_2e_quart_d_penses_totales,expenses_pct,profit_margin,30k_5m
profit_margin_total_expenses_percentage_2024_30k_5m.csv,126,Upper Middle Total expenses / 3e quart Dépenses totales,upper_middle_total_expenses_3e_quart_d_penses_totales,expenses_pct,profit_margin,30k_5m
profit_margin_total_expenses_percentage_2024_30k_5m.csv,127,Top Quartile Total expenses / Quart supérieur,top_quartile_total_expenses_quart_sup_rieur,expenses_pct,profit_margin,30k_5m
profit_margin_total_expenses_percentage_2024_30k_5m.csv,128,% of Businesses Reporting / % des entreprises déclarantes,of_businesses_reporting_des_entreprises_d_clarantes_17,expenses_pct,profit_margin,30k_5m
profit_margin_total_expenses_percentage_2024_30k_5m.csv,129,Net Profit/Loss / Bénéfice/perte net,net_profit,expenses_pct,profit_margin,30k_5m
profit_margin_total_expenses_percentage_2024_30k_5m.csv,130,Quality Indicator / Indicateurs de qualité,quality_indicator_indicateurs_de_qualit_19,expenses_pct,profit_margin,30k_5m
profit_margin_total_expenses_percentage_2024_30k_5m.csv,131,Bottom Quartile Net Profit/Loss / quart inférieur Bénéfice/perte net,bottom_quartile_net_profit,expenses_pct,profit_margin,30k_5m
profit_margin_total_expenses_percentage_2024_30k_5m.csv,132,Lower Middle Net Profit/Loss / 2e quart Bénéfice/perte net,lower_middle_net_profit,expenses_pct,profit_margin,30k_5m
profit_margin_total_expenses_percentage_2024_30k_5m.csv,133,Upper Middle Net Profit/Loss / 3e quart Bénéfice/perte net,upper_middle_net_profit,expenses_pct,profit_margin,30k_5m
profit_margin_total_expenses_percentage_2024_30k_5m.csv,134,Top Quartile Net Profit/Loss / Quart supérieur Bénéfice/perte net,top_quartile_net_profit,expenses_pct,profit_margin,30k_5m
profit_margin_total_expenses_percentage_2024_30k_5m.csv,135,% of Businesses Reporting / % des entreprises déclarantes,of_businesses_reporting_des_entreprises_d_clarantes_18,expenses_pct,profit_margin,30k_5m
profit_margin_total_expenses_percentage_2024_30k_5m.csv,136,Year / Année,year_ann_e,expenses_pct,profit_margin,30k_5m
profit_margin_total_expenses_value_2024_30k_5m.csv,0,Incorporation Status /  / Etat d'incorporation,incorporation_status_etat_d_incorporation,expenses_value,profit_margin,30k_5m
profit_margin_total_expenses_value_2024_30k_5m.csv,1,Naics code /  / Code Scian,naics_code_code_scian,expenses_value,profit_margin,30k_5m
profit_margin_total_expenses_value_2024_30k_5m.csv,2,Province/Canada / ,province,expenses_value,profit_margin,30k_5m
profit_margin_total_expenses_value_2024_30k_5m.csv,3,Cost of Sales (direct expenses) / Coût de ventes (frais direct),cost_of_sales_direct_expenses_co_t_de_ventes_frais_direct,expenses_value,profit_margin,30k_5m
profit_margin_total_expenses_value_2024_30k_5m.csv,4,Quality Indicator / Indicateurs de qualité,quality_indicator_indicateurs_de_qualit,expenses_value,profit_margin,30k_5m
profit_margin_total_expenses_value_2024_30k_5m.csv,5,Bottom Quartile Cost of Sales / Quart inférieur Coût de ventes (frais direct),bottom_quartile_cost_of_sales_quart_inf_rieur_co_t_de_ventes_frais_direct,expenses_value,profit_margin,30k_5m
profit_margin_total_expenses_value_2024_30k_5m.csv,6,Lower Middle Cost of Sales / 2e quart Coût de ventes (frais direct),lower_middle_cost_of_sales_2e_quart_co_t_de_ventes_frais_direct,expenses_value,profit_margin,30k_5m
profit_margin_total_expenses_value_2024_30k_5m.csv,7,Upper Middle cost of Sales / 3e quart Coût de ventes (frais direct),upper_middle_cost_of_sales_3e_quart_co_t_de_ventes_frais_direct,expenses_value,profit_margin,30k_5m
profit_margin_total_expenses_value_2024_30k_5m.csv,8,Top Quartile Cost of Sales / Quart supérieur Coût de ventes (frais direct),top_quartile_cost_of_sales_quart_sup_rieur_co_t_de_ventes_frais_direct,expenses_value,profit_margin,30k_5m
profit_margin_total_expenses_value_2024_30k_5m.csv,9,% of Businesses Reporting / % des entreprises déclarantes Coût de ventes (frais direct),of_businesses_reporting_des_entreprises_d_clarantes_co_t_de_ventes_frais_direct,expenses_value,profit_margin,30k_5m
profit_margin_total_expenses_value_2024_30k_5m.csv,10,Wages and Benefits / Salaires et avantages sociaux,wages_and_benefits_salaires_et_avantages_sociaux,expenses_value,profit_margin,30k_5m
profit_margin_total_expenses_value_2024_30k_5m.csv,11,Quality Indicator / Indicateurs de qualité,quality_indicator_indicateurs_de_qualit_2,expenses_value,profit_margin,30k_5m
profit_margin_total_expenses_value_2024_30k_5m.csv,12,Bottom Quartile Wages and Benefits / quart inférieur Salaires et avantages sociaux,bottom_quartile_wages_and_benefits_quart_inf_rieur_salaires_et_avantages_sociaux,expenses_value,profit_margin,30k_5m
profit_margin_total_expenses_value_2024_30k_5m.csv,13,Lower Middle Wages and Benefits / 2e quart Salaires et avantages sociaux,lower_middle_wages_and_benefits_2e_quart_salaires_et_avantages_sociaux,expenses_value,profit_margin,30k_5m
profit_margin_total_expenses_value_2024_30k_5m.csv,14,Upper Middle Wages and Benefits / 3e quart Salaires et avantages sociaux,upper_middle_wages_and_benefits_3e_quart_salaires_et_avantages_sociaux,expenses_value,profit_margin,30k_5m
profit_margin_total_expenses_value_2024_30k_5m.csv,15,Top Quartile Wages and Benefits / Quart supérieur Salaires et avantages sociaux,top_quartile_wages_and_benefits_quart_sup_rieur_salaires_et_avantages_sociaux,expenses_value,profit_margin,30k_5m
profit_margin_total_expenses_value_2024_30k_5m.csv,16,% of Businesses Reporting / % des entreprises déclarantes,of_businesses_reporting_des_entreprises_d_clarantes,expenses_value,profit_margin,30k_5m
profit_margin_total_expenses_value_2024_30k_5m.csv,17,"Purchases, materials and sub-contracts / Achats, matériaux et sous-traitances",purchases_materials_and_sub_contracts_achats_mat_riaux_et_sous_traitances,expenses_value,profit_margin,30k_5m
profit_margin_total_expenses_value_2024_30k_5m.csv,18,Quality Indicator / Indicateurs de qualité,quality_indicator_indicateurs_de_qualit_3,expenses_value,profit_margin,30k_5m
profit_margin_total_expenses_value_2024_30k_5m.csv,19,"Bottom Quartile Purchases, materials and sub-contracts / Quart inférieurs Achats, matériaux et sous-traitances",bottom_quartile_purchases_materials_and_sub_contracts_quart_inf_rieurs_achats_mat_riaux_et_sous_traitances,expenses_value,profit_margin,30k_5m
profit_margin_total_expenses_value_2024_30k_5m.csv,20,"Lower Middle Purchases, materials and sub-contracts / 2e quart Achats, matériaux et sous-traitances",lower_middle_purchases_materials_and_sub_contracts_2e_quart_achats_mat_riaux_et_sous_traitances,expenses_value,profit_margin,30k_5m
profit_margin_total_expenses_value_2024_30k_5m.csv,21,"Upper Middle Purchases, materials and sub-contracts / 3e quart Achats, matériaux et sous-traitances",upper_middle_purchases_materials_and_sub_contracts_3e_quart_achats_mat_riaux_et_sous_traitances,expenses_value,profit_margin,30k_5m
profit_margin_total_expenses_value_2024_30k_5m.csv,22,"Top Quartile Purchases, materials and sub-contracts / quart supérieurs Achats, matériaux et sous-traitances",top_quartile_purchases_materials_and_sub_contracts_quart_sup_rieurs_achats_mat_riaux_et_sous_traitances,expenses_value,profit_margin,30k_5m
profit_margin_total_expenses_value_2024_30k_5m.csv,23,% of Businesses Reporting / % des entreprises déclarantes,of_businesses_reporting_des_entreprises_d_clarantes_2,expenses_value,profit_margin,30k_5m
profit_margin_total_expenses_value_2024_30k_5m.csv,24,Opening Inventory / Stocks d'ouverture,opening_inventory_stocks_d_ouverture,expenses_value,profit_margin,30k_5m
profit_margin_total_expenses_value_2024_30k_5m.csv,25,Quality Indicator / Indicateurs de qualité,quality_indicator_indicateurs_de_qualit_4,expenses_value,profit_margin,30k_5m
profit_margin_total_expenses_value_2024_30k_5m.csv,26,Bottom Quartile Opening Inventory / Quart inférieurs Stocks d'ouverture,bottom_quartile_opening_inventory_quart_inf_rieurs_stocks_d_ouverture,expenses_value,profit_margin,30k_5m
profit_margin_total_expenses_value_2024_30k_5m.csv,27,Lower Middle Opening Inventory / 2e quart Stocks d'ouverture,lower_middle_opening_inventory_2e_quart_stocks_d_ouverture,expenses_value,profit_margin,30k_5m
profit_margin_total_expenses_value_2024_30k_5m.csv,28,Upper Middle Opening Inventory / 3e quart Stocks d'ouverture,upper_middle_opening_inventory_3e_quart_stocks_d_ouverture,expenses_value,profit_margin,30k_5m
profit_margin_total_expenses_value_2024_30k_5m.csv,29,Top Quartile Opening Inventory / Quart supérieurs Stocks d'ouverture,top_quartile_opening_inventory_quart_sup_rieurs_stocks_d_ouverture,expenses_value,profit_margin,30k_5m
profit_margin_total_expenses_value_2024_30k_5m.csv,30,% of Businesses Reporting / % des entreprises déclarantes,of_businesses_reporting_des_entreprises_d_clarantes_3,expenses_value,profit_margin,30k_5m
profit_margin_total_expenses_value_2024_30k_5m.csv,31,Closing Inventory / Stock de fermeture,closing_inventory_stock_de_fermeture,expenses_value,profit_margin,30k_5m
profit_margin_total_expenses_value_2024_30k_5m.csv,32,Quality Indicator / Indicateurs de qualité,quality_indicator_indicateurs_de_qualit_5,expenses_value,profit_margin,30k_5m
profit_margin_total_expenses_value_2024_30k_5m.csv,33,Bottom Quartile Closing Inventory / Quart inférieurs Stock de fermeture,bottom_quartile_closing_inventory_quart_inf_rieurs_stock_de_fermeture,expenses_value,profit_margin,30k_5m
profit_margin_total_expenses_value_2024_30k_5m.csv,34,Lower Middle Closing Inventory / 2e quart Stock de fermeture,lower_middle_closing_inventory_2e_quart_stock_de_fermeture,expenses_value,profit_margin,30k_5m
profit_margin_total_expenses_value_2024_30k_5m.csv,35,Upper Middle Closing Inventory / 3e quart Stock de fermeture,upper_middle_closing_inventory_3e_quart_stock_de_fermeture,expenses_value,profit_margin,30k_5m
profit_margin_total_expenses_value_2024_30k_5m.csv,36,Top Quartile Closing Inventory / Quart supérieurs Stock de fermeture,top_quartile_closing_inventory_quart_sup_rieurs_stock_de_fermeture,expenses_value,profit_margin,30k_5m
profit_margin_total_expenses_value_2024_30k_5m.csv,37,% of Businesses Reporting / % des entreprises déclarantes,of_businesses_reporting_des_entreprises_d_clarantes_4,expenses_value,profit_margin,30k_5m
profit_margin_total_expenses_value_2024_30k_5m.csv,38,Operating expenses (indirect)  / Dépenses d'exploitation (frais indirects),operating_expenses_indirect_d_penses_d_exploitation_frais_indirects,expenses_value,profit_margin,30k_5m
profit_margin_total_expenses_value_2024_30k_5m.csv,39,Quality Indicator / Indicateurs de qualité,quality_indicator_indicateurs_de_qualit_6,expenses_value,profit_margin,30k_5m
profit_margin_total_expenses_value_2024_30k_5m.csv,40,Bottom Quartile Operating Expenses (indirect) / Quart inférieurs Dépenses d'exploitation (frais indirects),bottom_quartile_operating_expenses_indirect_quart_inf_rieurs_d_penses_d_exploitation_frais_indirects,expenses_value,profit_margin,30k_5m
profit_margin_total_expenses_value_2024_30k_5m.csv,41,Lower Middle Operating Expenses (indirect) / 2e Quart Dépenses d'exploitation (frais indirects),lower_middle_operating_expenses_indirect_2e_quart_d_penses_d_exploitation_frais_indirects,expenses_value,profit_margin,30k_5m
profit_margin_total_expenses_value_2024_30k_5m.csv,42,Upper Middle Operating Expenses (indirect) / 3e quart Dépenses d'exploitation (frais indirects),upper_middle_operating_expenses_indirect_3e_quart_d_penses_d_exploitation_frais_indirects,expenses_value,profit_margin,30k_5m
profit_margin_total_expenses_value_2024_30k_5m.csv,43,Top Quartile Operating Expenses (indirect) / Quart supérieur Dépenses d'exploitation (frais indirects),top_quartile_operating_expenses_indirect_quart_sup_rieur_d_penses_d_exploitation_frais_indirects,expenses_value,profit_margin,30k_5m
profit_margin_total_expenses_value_2024_30k_5m.csv,44,% of Businesses Reporting / % des entreprises déclarantes,of_businesses_reporting_des_entreprises_d_clarantes_5,expenses_value,profit_margin,30k_5m
profit_margin_total_expenses_value_2024_30k_5m.csv,45, / Labour and Commissions  / Traitements et commissions,labour_and_commissions_traitements_et_commissions,expenses_value,profit_margin,30k_5m
profit_margin_total_expenses_value_2024_30k_5m.csv,46,Quality Indicator / Indicateurs de qualité,quality_indicator_indicateurs_de_qualit_7,expenses_value,profit_margin,30k_5m
profit_margin_total_expenses_value_2024_30k_5m.csv,47,Bottom Quartile Labour and Commissions / Quart inférieur Traitements et commissions,bottom_quartile_labour_and_commissions_quart_inf_rieur_traitements_et_commissions,expenses_value,profit_margin,30k_5m
profit_margin_total_expenses_value_2024_30k_5m.csv,48,Lower Middle Labour and Commissions / 2e quart Traitements et commissions,lower_middle_labour_and_commissions_2e_quart_traitements_et_commissions,expenses_value,profit_margin,30k_5m
profit_margin_total_expenses_value_2024_30k_5m.csv,49,Upper Middle Labour and Commissions / 3e quart Traitements et commissions,upper_middle_labour_and_commissions_3e_quart_traitements_et_commissions,expenses_value,profit_margin,30k_5m
profit_margin_total_expenses_value_2024_30k_5m.csv,50,Top Quartile Labour and Commissions / Quart supérieur Traitements et commissions,top_quartile_labour_and_commissions_quart_sup_rieur_traitements_et_commissions,expenses_value,profit_margin,30k_5m
profit_margin_total_expenses_value_2024_30k_5m.csv,51,% of Businesses Reporting / % des entreprises déclarantes,of_businesses_reporting_des_entreprises_d_clarantes_6,expenses_value,profit_margin,30k_5m
profit_margin_total_expenses_value_2024_30k_5m.csv,52,Amortization and depletion / Amortissement et tarissement,amortization_and_depletion_amortissement_et_tarissement,expenses_value,profit_margin,30k_5m
profit_margin_total_expenses_value_2024_30k_5m.csv,53,Quality Indicator / Indicateurs de qualité,quality_indicator_indicateurs_de_qualit_8,expenses_value,profit_margin,30k_5m
profit_margin_total_expenses_value_2024_30k_5m.csv,54,Bottom Quartile Amortization and depletion / Quart inférieur Amortissement et tarissement,bottom_quartile_amortization_and_depletion_quart_inf_rieur_amortissement_et_tarissement,expenses_value,profit_margin,30k_5m
profit_margin_total_expenses_value_2024_30k_5m.csv,55,Lower Middle Amortization and depletion / 2e quart Amortissement et tarissement,lower_middle_amortization_and_depletion_2e_quart_amortissement_et_tarissement,expenses_value,profit_margin,30k_5m
profit_margin_total_expenses_value_2024_30k_5m.csv,56,Upper Middle Amortization and depletion / 3e quart Amortissement et tarissement,upper_middle_amortization_and_depletion_3e_quart_amortissement_et_tarissement,expenses_value,profit_margin,30k_5m
profit_margin_total_expenses_value_2024_30k_5m.csv,57,Top Quartile Amortization and depletion / Quart supérieur Amortissement et tarissement,top_quartile_amortization_and_depletion_quart_sup_rieur_amortissement_et_tarissement,expenses_value,profit_margin,30k_5m
profit_margin_total_expenses_value_2024_30k_5m.csv,58,% of Businesses Reporting  / % des entreprises déclarantes,of_businesses_reporting_des_entreprises_d_clarantes_7,expenses_value,profit_margin,30k_5m
profit_margin_total_expenses_value_2024_30k_5m.csv,59, /  / Repairs and maintenance  / Réparations et entretien,repairs_and_maintenance_r_parations_et_entretien,expenses_value,profit_margin,30k_5m
profit_margin_total_expenses_value_2024_30k_5m.csv,60,Quality Indicator / Indicateurs de qualité,quality_indicator_indicateurs_de_qualit_9,expenses_value,profit_margin,30k_5m
profit_margin_total_expenses_value_2024_30k_5m.csv,61,Bottom Quartile Repairs and maintenance / Quart inférieur Réparations et entretien,bottom_quartile_repairs_and_maintenance_quart_inf_rieur_r_parations_et_entretien,expenses_value,profit_margin,30k_5m
profit_margin_total_expenses_value_2024_30k_5m.csv,62,Lower Middle Repairs and maintenance / 2e quart Réparations et entretien,lower_middle_repairs_and_maintenance_2e_quart_r_parations_et_entretien,expenses_value,profit_margin,30k_5m
profit_margin_total_expenses_value_2024_30k_5m.csv,63,Upper Middle Repairs and maintenance / 3e quart Réparations et entretien,upper_middle_repairs_and_maintenance_3e_quart_r_parations_et_entretien,expenses_value,profit_margin,30k_5m
profit_margin_total_expenses_value_2024_30k_5m.csv,64,Top Quartile Repairs and maintenance / Quart supérieur Réparations et entretien,top_quartile_repairs_and_maintenance_quart_sup_rieur_r_parations_et_entretien,expenses_value,profit_margin,30k_5m
profit_margin_total_expenses_value_2024_30k_5m.csv,65,% of Businesses Reporting / % des entreprises déclarantes,of_businesses_reporting_des_entreprises_d_clarantes_8,expenses_value,profit_margin,30k_5m
profit_margin_total_expenses_value_2024_30k_5m.csv,66,Utilities and telephone/telecommunication  / Services publics et téléphone / télécommunication,utilities_and_telephone,expenses_value,profit_margin,30k_5m
profit_margin_total_expenses_value_2024_30k_5m.csv,67,Quality Indicator / Indicateurs de qualité,quality_indicator_indicateurs_de_qualit_10,expenses_value,profit_margin,30k_5m
profit_margin_total_expenses_value_2024_30k_5m.csv,68,Bottom Quartile Utilities and telephone/telecommunication /  Quart inférieur Services publics et téléphone / télécommunication,bottom_quartile_utilities_and_telephone,expenses_value,profit_margin,30k_5m
profit_margin_total_expenses_value_2024_30k_5m.csv,69,Lower Middle Utilities and telephone/telecommunication / 2e quart Services publics et téléphone / télécommunication,lower_middle_utilities_and_telephone,expenses_value,profit_margin,30k_5m
profit_margin_total_expenses_value_2024_30k_5m.csv,70,Upper Middle Utilities and telephone/telecommunication / 3e quart Services publics et téléphone / télécommunication,upper_middle_utilities_and_telephone,expenses_value,profit_margin,30k_5m
profit_margin_total_expenses_value_2024_30k_5m.csv,71,Top Quartile Utilities and telephone/telecommunication / Quart supérieur Services publics et téléphone / télécommunication,top_quartile_utilities_and_telephone,expenses_value,profit_margin,30k_5m
profit_margin_total_expenses_value_2024_30k_5m.csv,72,% of Businesses Reporting / % des entreprises déclarantes,of_businesses_reporting_des_entreprises_d_clarantes_9,expenses_value,profit_margin,30k_5m
profit_margin_total_expenses_value_2024_30k_5m.csv,73,Rent / Location,rent_location,expenses_value,profit_margin,30k_5m
profit_margin_total_expenses_value_2024_30k_5m.csv,74,Quality Indicator / Indicateurs de qualité,quality_indicator_indicateurs_de_qualit_11,expenses_value,profit_margin,30k_5m
profit_margin_total_expenses_value_2024_30k_5m.csv,75,Bottom Quartile Rent / Quart inférieur Location,bottom_quartile_rent_quart_inf_rieur_location,expenses_value,profit_margin,30k_5m
profit_margin_total_expenses_value_2024_30k_5m.csv,76,Lower Middle Rent / 2e quart Location,lower_middle_rent_2e_quart_location,expenses_value,profit_margin,30k_5m
profit_margin_total_expenses_value_2024_30k_5m.csv,77,Upper Middle Rent / 3e quart Location,upper_middle_rent_3e_quart_location,expenses_value,profit_margin,30k_5m
profit_margin_total_expenses_value_2024_30k_5m.csv,78,Top Quartile Rent / Quart supérieur Location,top_quartile_rent_quart_sup_rieur_location,expenses_value,profit_margin,30k_5m
profit_margin_total_expenses_value_2024_30k_5m.csv,79,% of Businesses Reporting / % des entreprises déclarantes,of_businesses_reporting_des_entreprises_d_clarantes_10,expenses_value,profit_margin,30k_5m
profit_margin_total_expenses_value_2024_30k_5m.csv,80,Interest and bank charges / Intérêts et frais bancaires,interest_and_bank_charges_int_r_ts_et_frais_bancaires,expenses_value,profit_margin,30k_5m
profit_margin_total_expenses_value_2024_30k_5m.csv,81,Quality Indicator / Indicateurs de qualité,quality_indicator_indicateurs_de_qualit_12,expenses_value,profit_margin,30k_5m
profit_margin_total_expenses_value_2024_30k_5m.csv,82,Bottom Quartile Interest and bank charges / Quart inférieur Intérêts et frais bancaires,bottom_quartile_interest_and_bank_charges_quart_inf_rieur_int_r_ts_et_frais_bancaires,expenses_value,profit_margin,30k_5m
profit_margin_total_expenses_value_2024_30k_5m.csv,83,Lower Middle Interest and bank charges / 2e quart Intérêts et frais bancaires,lower_middle_interest_and_bank_charges_2e_quart_int_r_ts_et_frais_bancaires,expenses_value,profit_margin,30k_5m
profit_margin_total_expenses_value_2024_30k_5m.csv,84,Upper Middle Interest and bank charges / 3e quart Intérêts et frais bancaires,upper_middle_interest_and_bank_charges_3e_quart_int_r_ts_et_frais_bancaires,expenses_value,profit_margin,30k_5m
profit_margin_total_expenses_value_2024_30k_5m.csv,85,Top Quartile Interest and bank charges / Quart supérieur Intérêts et frais bancaires,top_quartile_interest_and_bank_charges_quart_sup_rieur_int_r_ts_et_frais_bancaires,expenses_value,profit_margin,30k_5m
profit_margin_total_expenses_value_2024_30k_5m.csv,86,% of Businesses Reporting /  % des entreprises déclarantes,of_businesses_reporting_des_entreprises_d_clarantes_11,expenses_value,profit_margin,30k_5m
profit_margin_total_expenses_value_2024_30k_5m.csv,87,Professional and business fees / Intérêts et frais bancaires,professional_and_business_fees_int_r_ts_et_frais_bancaires,expenses_value,profit_margin,30k_5m
profit_margin_total_expenses_value_2024_30k_5m.csv,88,Quality Indicator / Indicateurs de qualité,quality_indicator_indicateurs_de_qualit_13,expenses_value,profit_margin,30k_5m
profit_margin_total_expenses_value_2024_30k_5m.csv,89,Bottom Quartile Professional and business fees / Quart inférieur Intérêts et frais bancaires,bottom_quartile_professional_and_business_fees_quart_inf_rieur_int_r_ts_et_frais_bancaires,expenses_value,profit_margin,30k_5m
profit_margin_total_expenses_value_2024_30k_5m.csv,90,Lower Middle Professional and business fees / 2e quart Intérêts et frais bancaires,lower_middle_professional_and_business_fees_2e_quart_int_r_ts_et_frais_bancaires,expenses_value,profit_margin,30k_5m
profit_margin_total_expenses_value_2024_30k_5m.csv,91,Upper Middle Professional and business fees / 3e quart Intérêts et frais bancaires,upper_middle_professional_and_business_fees_3e_quart_int_r_ts_et_frais_bancaires,expenses_value,profit_margin,30k_5m
profit_margin_total_expenses_value_2024_30k_5m.csv,92,Top Quartile Professional and business fees / Quart supérieur Intérêts et frais bancaires,top_quartile_professional_and_business_fees_quart_sup_rieur_int_r_ts_et_frais_bancaires,expenses_value,profit_margin,30k_5m
profit_margin_total_expenses_value_2024_30k_5m.csv,93,% of Businesses Reporting / % des entreprises déclarantes,of_businesses_reporting_des_entreprises_d_clarantes_12,expenses_value,profit_margin,30k_5m
profit_margin_total_expenses_value_2024_30k_5m.csv,94,Advertising and promotion / Publicité et promotion,advertising_and_promotion_publicit_et_promotion,expenses_value,profit_margin,30k_5m
profit_margin_total_expenses_value_2024_30k_5m.csv,95,Quality Indicator / Indicateurs de qualité,quality_indicator_indicateurs_de_qualit_14,expenses_value,profit_margin,30k_5m
profit_margin_total_expenses_value_2024_30k_5m.csv,96,Bottom Quartile Advertising and promotion / Quart inférieur Publicité et promotion,bottom_quartile_advertising_and_promotion_quart_inf_rieur_publicit_et_promotion,expenses_value,profit_margin,30k_5m
profit_margin_total_expenses_value_2024_30k_5m.csv,97,Lower Middle Advertising and promotion / 2e quart Publicité et promotion,lower_middle_advertising_and_promotion_2e_quart_publicit_et_promotion,expenses_value,profit_margin,30k_5m
profit_margin_total_expenses_value_2024_30k_5m.csv,98,Upper Middle Advertising and promotion / 3e quart Publicité et promotion,upper_middle_advertising_and_promotion_3e_quart_publicit_et_promotion,expenses_value,profit_margin,30k_5m
profit_margin_total_expenses_value_2024_30k_5m.csv,99,Top Quartile Advertising and promotion / Quart supérieur Publicité et promotion,top_quartile_advertising_and_promotion_quart_sup_rieur_publicit_et_promotion,expenses_value,profit_margin,30k_5m
profit_margin_total_expenses_value_2024_30k_5m.csv,100,% of Businesses Reporting / % des entreprises déclarantes,of_businesses_reporting_des_entreprises_d_clarantes_13,expenses_value,profit_margin,30k_5m
profit_margin_total_expenses_value_2024_30k_5m.csv,101,"Delivery, shipping and warehouse / Livraison, expédition et entreposage",delivery_shipping_and_warehouse_livraison_exp_dition_et_entreposage,expenses_value,profit_margin,30k_5m
profit_margin_total_expenses_value_2024_30k_5m.csv,102,Quality Indicator / Indicateurs de qualité,quality_indicator_indicateurs_de_qualit_15,expenses_value,profit_margin,30k_5m
profit_margin_total_expenses_value_2024_30k_5m.csv,103,"Bottom Quartile Delivery, shipping and warehouse expense / Quart inférieur Livraison, expédition et entreposage",bottom_quartile_delivery_shipping_and_warehouse_expense_quart_inf_rieur_livraison_exp_dition_et_entreposage,expenses_value,profit_margin,30k_5m
profit_margin_total_expenses_value_2024_30k_5m.csv,104,"Lower Middle Delivery, shipping and warehouse expense / 2e quart Livraison, expédition et entreposage",lower_middle_delivery_shipping_and_warehouse_expense_2e_quart_livraison_exp_dition_et_entreposage,expenses_value,profit_margin,30k_5m
profit_margin_total_expenses_value_2024_30k_5m.csv,105,"Upper Middle Delivery, shipping and warehouse expense / 3e quart Livraison, expédition et entreposage",upper_middle_delivery_shipping_and_warehouse_expense_3e_quart_livraison_exp_dition_et_entreposage,expenses_value,profit_margin,30k_5m
profit_margin_total_expenses_value_2024_30k_5m.csv,106,"Top Quartile Delivery, shipping and warehouse expense / Quart supérieur Livraison, expédition et entreposage",top_quartile_delivery_shipping_and_warehouse_expense_quart_sup_rieur_livraison_exp_dition_et_entreposage,expenses_value,profit_margin,30k_5m
profit_margin_total_expenses_value_2024_30k_5m.csv,107,% of Businesses Reporting / % des entreprises déclarantes,of_businesses_reporting_des_entreprises_d_clarantes_14,expenses_value,profit_margin,30k_5m
profit_margin_total_expenses_value_2024_30k_5m.csv,108,Insurance / Assurances,insurance_assurances,expenses_value,profit_margin,30k_5m
profit_margin_total_expenses_value_2024_30k_5m.csv,109,Quality Indicator / Indicateurs de qualité,quality_indicator_indicateurs_de_qualit_16,expenses_value,profit_margin,30k_5m
profit_margin_total_expenses_value_2024_30k_5m.csv,110,Bottom Quartile Insurance / Quart inférieur Assurances,bottom_quartile_insurance_quart_inf_rieur_assurances,expenses_value,profit_margin,30k_5m
profit_margin_total_expenses_value_2024_30k_5m.csv,111,Lower Middle Insurance / 2e quart Assurances,lower_middle_insurance_2e_quart_assurances,expenses_value,profit_margin,30k_5m
profit_margin_total_expenses_value_2024_30k_5m.csv,112,Upper Middle Insurance / 3e quart Assurances,upper_middle_insurance_3e_quart_assurances,expenses_value,profit_margin,30k_5m
profit_margin_total_expenses_value_2024_30k_5m.csv,113,Top Quartile Insurance / Quart supérieur Assurances,top_quartile_insurance_quart_sup_rieur_assurances,expenses_value,profit_margin,30k_5m
profit_margin_total_expenses_value_2024_30k_5m.csv,114,% of Businesses Reporting / % des entreprises déclarantes,of_businesses_reporting_des_entreprises_d_clarantes_15,expenses_value,profit_margin,30k_5m
profit_margin_total_expenses_value_2024_30k_5m.csv,115,Other expenses / Autres dépenses,other_expenses_autres_d_penses,expenses_value,profit_margin,30k_5m
profit_margin_total_expenses_value_2024_30k_5m.csv,116,Quality Indicator / Indicateurs de qualité,quality_indicator_indicateurs_de_qualit_17,expenses_value,profit_margin,30k_5m
profit_margin_total_expenses_value_2024_30k_5m.csv,117,Bottom Quartile Other expenses / Quart infoerieur Autres dépenses,bottom_quartile_other_expenses_quart_infoerieur_autres_d_penses,expenses_value,profit_margin,30k_5m
profit_margin_total_expenses_value_2024_30k_5m.csv,118,Lower Middle Other expenses / 2e quart Autres dépenses,lower_middle_other_expenses_2e_quart_autres_d_penses,expenses_value,profit_margin,30k_5m
profit_margin_total_expenses_value_2024_30k_5m.csv,119,Upper Middle Other expenses / 3e quart Autres dépenses,upper_middle_other_expenses_3e_quart_autres_d_penses,expenses_value,profit_margin,30k_5m
profit_margin_total_expenses_value_2024_30k_5m.csv,120,Top Quartile Other expenses / Quart supérieur Autres dépenses,top_quartile_other_expenses_quart_sup_rieur_autres_d_penses,expenses_value,profit_margin,30k_5m
profit_margin_total_expenses_value_2024_30k_5m.csv,121,% of Businesses Reporting / % des entreprises déclarantes,of_businesses_reporting_des_entreprises_d_clarantes_16,expenses_value,profit_margin,30k_5m
profit_margin_total_expenses_value_2024_30k_5m.csv,122,Total expenses / Dépenses totales,total_expenses_d_penses_totales,expenses_value,profit_margin,30k_5m
profit_margin_total_expenses_value_2024_30k_5m.csv,123,Quality Indicator / Indicateurs de qualité,quality_indicator_indicateurs_de_qualit_18,expenses_value,profit_margin,30k_5m
profit_margin_total_expenses_value_2024_30k_5m.csv,124,Bottom Quartile Total expenses / quart inférieur Dépenses totales,bottom_quartile_total_expenses_quart_inf_rieur_d_penses_totales,expenses_value,profit_margin,30k_5m
profit_margin_total_expenses_value_2024_30k_5m.csv,125,Lower Middle Total expenses / 2e quart Dépenses totales,lower_middle_total_expenses_2e_quart_d_penses_totales,expenses_value,profit_margin,30k_5m
profit_margin_total_expenses_value_2024_30k_5m.csv,126,Upper Middle Total expenses / 3e quart Dépenses totales,upper_middle_total_expenses_3e_quart_d_penses_totales,expenses_value,profit_margin,30k_5m
profit_margin_total_expenses_value_2024_30k_5m.csv,127,Top Quartile Total expenses / Quart supérieur,top_quartile_total_expenses_quart_sup_rieur,expenses_value,profit_margin,30k_5m
profit_margin_total_expenses_value_2024_30k_5m.csv,128,% of Businesses Reporting / % des entreprises déclarantes,of_businesses_reporting_des_entreprises_d_clarantes_17,expenses_value,profit_margin,30k_5m
profit_margin_total_expenses_value_2024_30k_5m.csv,129,Net Profit/Loss / Bénéfice/perte net,net_profit,expenses_value,profit_margin,30k_5m
profit_margin_total_expenses_value_2024_30k_5m.csv,130,Quality Indicator / Indicateurs de qualité,quality_indicator_indicateurs_de_qualit_19,expenses_value,profit_margin,30k_5m
profit_margin_total_expenses_value_2024_30k_5m.csv,131,Bottom Quartile Net Profit/Loss / quart inférieur Bénéfice/perte net,bottom_quartile_net_profit,expenses_value,profit_margin,30k_5m
profit_margin_total_expenses_value_2024_30k_5m.csv,132,Lower Middle Net Profit/Loss / 2e quart Bénéfice/perte net,lower_middle_net_profit,expenses_value,profit_margin,30k_5m
profit_margin_total_expenses_value_2024_30k_5m.csv,133,Upper Middle Net Profit/Loss / 3e quart Bénéfice/perte net,upper_middle_net_profit,expenses_value,profit_margin,30k_5m
profit_margin_total_expenses_value_2024_30k_5m.csv,134,Top Quartile Net Profit/Loss / Quart supérieur Bénéfice/perte net,top_quartile_net_profit,expenses_value,profit_margin,30k_5m
profit_margin_total_expenses_value_2024_30k_5m.csv,135,% of Businesses Reporting / % des entreprises déclarantes,of_businesses_reporting_des_entreprises_d_clarantes_18,expenses_value,profit_margin,30k_5m
profit_margin_total_expenses_value_2024_30k_5m.csv,136,Year / Année,year_ann_e,expenses_value,profit_margin,30k_5m
profit_margin_total_expenses_value_2024_5m_20m.csv,0,Incorporation Status /  / Etat d'incorporation,incorporation_status_etat_d_incorporation,expenses_value,profit_margin,5m_20m
profit_margin_total_expenses_value_2024_5m_20m.csv,1,Naics code / Code Scian,naics_code_code_scian,expenses_value,profit_margin,5m_20m
profit_margin_total_expenses_value_2024_5m_20m.csv,2,Province/Canada / ,province,expenses_value,profit_margin,5m_20m
profit_margin_total_expenses_value_2024_5m_20m.csv,3,Cost of Sales (direct expenses) / Coût de ventes (frais direct),cost_of_sales_direct_expenses_co_t_de_ventes_frais_direct,expenses_value,profit_margin,5m_20m
profit_margin_total_expenses_value_2024_5m_20m.csv,4,Quality Indicator / Indicateurs de qualité,quality_indicator_indicateurs_de_qualit,expenses_value,profit_margin,5m_20m
profit_margin_total_expenses_value_2024_5m_20m.csv,5,Bottom Quartile Cost of Sales / Quart inférieur Coût de ventes (frais direct),bottom_quartile_cost_of_sales_quart_inf_rieur_co_t_de_ventes_frais_direct,expenses_value,profit_margin,5m_20m
profit_margin_total_expenses_value_2024_5m_20m.csv,6,Lower Middle Cost of Sales / 2e quart Coût de ventes (frais direct),lower_middle_cost_of_sales_2e_quart_co_t_de_ventes_frais_direct,expenses_value,profit_margin,5m_20m
profit_margin_total_expenses_value_2024_5m_20m.csv,7,Upper Middle cost of Sales / 3e quart Coût de ventes (frais direct),upper_middle_cost_of_sales_3e_quart_co_t_de_ventes_frais_direct,expenses_value,profit_margin,5m_20m
profit_margin_total_expenses_value_2024_5m_20m.csv,8,Top Quartile Cost of Sales / Quart supérieur Coût de ventes (frais direct),top_quartile_cost_of_sales_quart_sup_rieur_co_t_de_ventes_frais_direct,expenses_value,profit_margin,5m_20m
profit_margin_total_expenses_value_2024_5m_20m.csv,9,% of Businesses Reporting / % des entreprises déclarantes Coût de ventes (frais direct),of_businesses_reporting_des_entreprises_d_clarantes_co_t_de_ventes_frais_direct,expenses_value,profit_margin,5m_20m
profit_margin_total_expenses_value_2024_5m_20m.csv,10,Wages and Benefits / Salaires et avantages sociaux,wages_and_benefits_salaires_et_avantages_sociaux,expenses_value,profit_margin,5m_20m
profit_margin_total_expenses_value_2024_5m_20m.csv,11,Quality Indicator / Indicateurs de qualité,quality_indicator_indicateurs_de_qualit_2,expenses_value,profit_margin,5m_20m
profit_margin_total_expenses_value_2024_5m_20m.csv,12,Bottom Quartile Wages and Benefits / quart inférieur Salaires et avantages sociaux,bottom_quartile_wages_and_benefits_quart_inf_rieur_salaires_et_avantages_sociaux,expenses_value,profit_margin,5m_20m
profit_margin_total_expenses_value_2024_5m_20m.csv,13,Lower Middle Wages and Benefits / 2e quart Salaires et avantages sociaux,lower_middle_wages_and_benefits_2e_quart_salaires_et_avantages_sociaux,expenses_value,profit_margin,5m_20m
profit_margin_total_expenses_value_2024_5m_20m.csv,14,Upper Middle Wages and Benefits / 3e quart Salaires et avantages sociaux,upper_middle_wages_and_benefits_3e_quart_salaires_et_avantages_sociaux,expenses_value,profit_margin,5m_20m
profit_margin_total_expenses_value_2024_5m_20m.csv,15,Top Quartile Wages and Benefits / Quart supérieur Salaires et avantages sociaux,top_quartile_wages_and_benefits_quart_sup_rieur_salaires_et_avantages_sociaux,expenses_value,profit_margin,5m_20m
profit_margin_total_expenses_value_2024_5m_20m.csv,16,% of Businesses Reporting / % des entreprises déclarantes,of_businesses_reporting_des_entreprises_d_clarantes,expenses_value,profit_margin,5m_20m
profit_margin_total_expenses_value_2024_5m_20m.csv,17,"Purchases, materials and sub-contracts / Achats, matériaux et sous-traitances",purchases_materials_and_sub_contracts_achats_mat_riaux_et_sous_traitances,expenses_value,profit_margin,5m_20m
profit_margin_total_expenses_value_2024_5m_20m.csv,18,Quality Indicator / Indicateurs de qualité,quality_indicator_indicateurs_de_qualit_3,expenses_value,profit_margin,5m_20m
profit_margin_total_expenses_value_2024_5m_20m.csv,19,"Bottom Quartile Purchases, materials and sub-contracts / Quart inférieurs Achats, matériaux et sous-traitances",bottom_quartile_purchases_materials_and_sub_contracts_quart_inf_rieurs_achats_mat_riaux_et_sous_traitances,expenses_value,profit_margin,5m_20m
profit_margin_total_expenses_value_2024_5m_20m.csv,20,"Lower Middle Purchases, materials and sub-contracts / 2e quart Achats, matériaux et sous-traitances",lower_middle_purchases_materials_and_sub_contracts_2e_quart_achats_mat_riaux_et_sous_traitances,expenses_value,profit_margin,5m_20m
profit_margin_total_expenses_value_2024_5m_20m.csv,21,"Upper Middle Purchases, materials and sub-contracts / 3e quart Achats, matériaux et sous-traitances",upper_middle_purchases_materials_and_sub_contracts_3e_quart_achats_mat_riaux_et_sous_traitances,expenses_value,profit_margin,5m_20m
profit_margin_total_expenses_value_2024_5m_20m.csv,22,"Top Quartile Purchases, materials and sub-contracts / quart supérieurs Achats, matériaux et sous-traitances",top_quartile_purchases_materials_and_sub_contracts_quart_sup_rieurs_achats_mat_riaux_et_sous_traitances,expenses_value,profit_margin,5m_20m
profit_margin_total_expenses_value_2024_5m_20m.csv,23,% of Businesses Reporting / % des entreprises déclarantes,of_businesses_reporting_des_entreprises_d_clarantes_2,expenses_value,profit_margin,5m_20m
profit_margin_total_expenses_value_2024_5m_20m.csv,24,Opening Inventory / Stocks d'ouverture,opening_inventory_stocks_d_ouverture,expenses_value,profit_margin,5m_20m
profit_margin_total_expenses_value_2024_5m_20m.csv,25,Quality Indicator / Indicateurs de qualité,quality_indicator_indicateurs_de_qualit_4,expenses_value,profit_margin,5m_20m
profit_margin_total_expenses_value_2024_5m_20m.csv,26,Bottom Quartile Opening Inventory / Quart inférieurs Stocks d'ouverture,bottom_quartile_opening_inventory_quart_inf_rieurs_stocks_d_ouverture,expenses_value,profit_margin,5m_20m
profit_margin_total_expenses_value_2024_5m_20m.csv,27,Lower Middle Opening Inventory / 2e quart Stocks d'ouverture,lower_middle_opening_inventory_2e_quart_stocks_d_ouverture,expenses_value,profit_margin,5m_20m
profit_margin_total_expenses_value_2024_5m_20m.csv,28,Upper Middle Opening Inventory / 3e quart Stocks d'ouverture,upper_middle_opening_inventory_3e_quart_stocks_d_ouverture,expenses_value,profit_margin,5m_20m
profit_margin_total_expenses_value_2024_5m_20m.csv,29,Top Quartile Opening Inventory / Quart supérieurs Stocks d'ouverture,top_quartile_opening_inventory_quart_sup_rieurs_stocks_d_ouverture,expenses_value,profit_margin,5m_20m
profit_margin_total_expenses_value_2024_5m_20m.csv,30,% of Businesses Reporting / % des entreprises déclarantes,of_businesses_reporting_des_entreprises_d_clarantes_3,expenses_value,profit_margin,5m_20m
profit_margin_total_expenses_value_2024_5m_20m.csv,31,Closing Inventory / Stock de fermeture,closing_inventory_stock_de_fermeture,expenses_value,profit_margin,5m_20m
profit_margin_total_expenses_value_2024_5m_20m.csv,32,Quality Indicator / Indicateurs de qualité,quality_indicator_indicateurs_de_qualit_5,expenses_value,profit_margin,5m_20m
profit_margin_total_expenses_value_2024_5m_20m.csv,33,Bottom Quartile Closing Inventory / Quart inférieurs Stock de fermeture,bottom_quartile_closing_inventory_quart_inf_rieurs_stock_de_fermeture,expenses_value,profit_margin,5m_20m
profit_margin_total_expenses_value_2024_5m_20m.csv,34,Lower Middle Closing Inventory / 2e quart Stock de fermeture,lower_middle_closing_inventory_2e_quart_stock_de_fermeture,expenses_value,profit_margin,5m_20m
profit_margin_total_expenses_value_2024_5m_20m.csv,35,Upper Middle Closing Inventory / 3e quart Stock de fermeture,upper_middle_closing_inventory_3e_quart_stock_de_fermeture,expenses_value,profit_margin,5m_20m
profit_margin_total_expenses_value_2024_5m_20m.csv,36,Top Quartile Closing Inventory / Quart supérieurs Stock de fermeture,top_quartile_closing_inventory_quart_sup_rieurs_stock_de_fermeture,expenses_value,profit_margin,5m_20m
profit_margin_total_expenses_value_2024_5m_20m.csv,37,% of Businesses Reporting / % des entreprises déclarantes,of_businesses_reporting_des_entreprises_d_clarantes_4,expenses_value,profit_margin,5m_20m
profit_margin_total_expenses_value_2024_5m_20m.csv,38,Operating expenses (indirect)  / Dépenses d'exploitation (frais indirects),operating_expenses_indirect_d_penses_d_exploitation_frais_indirects,expenses_value,profit_margin,5m_20m
profit_margin_total_expenses_value_2024_5m_20m.csv,39,Quality Indicator / Indicateurs de qualité,quality_indicator_indicateurs_de_qualit_6,expenses_value,profit_margin,5m_20m
profit_margin_total_expenses_value_2024_5m_20m.csv,40,Bottom Quartile Operating Expenses (indirect) / Quart inférieurs Dépenses d'exploitation (frais indirects),bottom_quartile_operating_expenses_indirect_quart_inf_rieurs_d_penses_d_exploitation_frais_indirects,expenses_value,profit_margin,5m_20m
profit_margin_total_expenses_value_2024_5m_20m.csv,41,Lower Middle Operating Expenses (indirect) / 2e Quart Dépenses d'exploitation (frais indirects),lower_middle_operating_expenses_indirect_2e_quart_d_penses_d_exploitation_frais_indirects,expenses_value,profit_margin,5m_20m
profit_margin_total_expenses_value_2024_5m_20m.csv,42,Upper Middle Operating Expenses (indirect) / 3e quart Dépenses d'exploitation (frais indirects),upper_middle_operating_expenses_indirect_3e_quart_d_penses_d_exploitation_frais_indirects,expenses_value,profit_margin,5m_20m
profit_margin_total_expenses_value_2024_5m_20m.csv,43,Top Quartile Operating Expenses (indirect) / Quart supérieur Dépenses d'exploitation (frais indirects),top_quartile_operating_expenses_indirect_quart_sup_rieur_d_penses_d_exploitation_frais_indirects,expenses_value,profit_margin,5m_20m
profit_margin_total_expenses_value_2024_5m_20m.csv,44,% of Businesses Reporting / % des entreprises déclarantes,of_businesses_reporting_des_entreprises_d_clarantes_5,expenses_value,profit_margin,5m_20m
profit_margin_total_expenses_value_2024_5m_20m.csv,45, / Labour and Commissions  / Traitements et commissions,labour_and_commissions_traitements_et_commissions,expenses_value,profit_margin,5m_20m
profit_margin_total_expenses_value_2024_5m_20m.csv,46,Quality Indicator / Indicateurs de qualité,quality_indicator_indicateurs_de_qualit_7,expenses_value,profit_margin,5m_20m
profit_margin_total_expenses_value_2024_5m_20m.csv,47,Bottom Quartile Labour and Commissions / Quart inférieur Traitements et commissions,bottom_quartile_labour_and_commissions_quart_inf_rieur_traitements_et_commissions,expenses_value,profit_margin,5m_20m
profit_margin_total_expenses_value_2024_5m_20m.csv,48,Lower Middle Labour and Commissions / 2e quart Traitements et commissions,lower_middle_labour_and_commissions_2e_quart_traitements_et_commissions,expenses_value,profit_margin,5m_20m
profit_margin_total_expenses_value_2024_5m_20m.csv,49,Upper Middle Labour and Commissions / 3e quart Traitements et commissions,upper_middle_labour_and_commissions_3e_quart_traitements_et_commissions,expenses_value,profit_margin,5m_20m
profit_margin_total_expenses_value_2024_5m_20m.csv,50,Top Quartile Labour and Commissions / Quart supérieur Traitements et commissions,top_quartile_labour_and_commissions_quart_sup_rieur_traitements_et_commissions,expenses_value,profit_margin,5m_20m
profit_margin_total_expenses_value_2024_5m_20m.csv,51,% of Businesses Reporting / % des entreprises déclarantes,of_businesses_reporting_des_entreprises_d_clarantes_6,expenses_value,profit_margin,5m_20m
profit_margin_total_expenses_value_2024_5m_20m.csv,52,Amortization and depletion / Amortissement et tarissement,amortization_and_depletion_amortissement_et_tarissement,expenses_value,profit_margin,5m_20m
profit_margin_total_expenses_value_2024_5m_20m.csv,53,Quality Indicator / Indicateurs de qualité,quality_indicator_indicateurs_de_qualit_8,expenses_value,profit_margin,5m_20m
profit_margin_total_expenses_value_2024_5m_20m.csv,54,Bottom Quartile Amortization and depletion / Quart inférieur Amortissement et tarissement,bottom_quartile_amortization_and_depletion_quart_inf_rieur_amortissement_et_tarissement,expenses_value,profit_margin,5m_20m
profit_margin_total_expenses_value_2024_5m_20m.csv,55,Lower Middle Amortization and depletion / 2e quart Amortissement et tarissement,lower_middle_amortization_and_depletion_2e_quart_amortissement_et_tarissement,expenses_value,profit_margin,5m_20m
profit_margin_total_expenses_value_2024_5m_20m.csv,56,Upper Middle Amortization and depletion / 3e quart Amortissement et tarissement,upper_middle_amortization_and_depletion_3e_quart_amortissement_et_tarissement,expenses_value,profit_margin,5m_20m
profit_margin_total_expenses_value_2024_5m_20m.csv,57,Top Quartile Amortization and depletion / Quart supérieur Amortissement et tarissement,top_quartile_amortization_and_depletion_quart_sup_rieur_amortissement_et_tarissement,expenses_value,profit_margin,5m_20m
profit_margin_total_expenses_value_2024_5m_20m.csv,58,% of Businesses Reporting  / % des entreprises déclarantes,of_businesses_reporting_des_entreprises_d_clarantes_7,expenses_value,profit_margin,5m_20m
profit_margin_total_expenses_value_2024_5m_20m.csv,59, /  / Repairs and maintenance  / Réparations et entretien,repairs_and_maintenance_r_parations_et_entretien,expenses_value,profit_margin,5m_20m
profit_margin_total_expenses_value_2024_5m_20m.csv,60,Quality Indicator / Indicateurs de qualité,quality_indicator_indicateurs_de_qualit_9,expenses_value,profit_margin,5m_20m
profit_margin_total_expenses_value_2024_5m_20m.csv,61,Bottom Quartile Repairs and maintenance / Quart inférieur Réparations et entretien,bottom_quartile_repairs_and_maintenance_quart_inf_rieur_r_parations_et_entretien,expenses_value,profit_margin,5m_20m
profit_margin_total_expenses_value_2024_5m_20m.csv,62,Lower Middle Repairs and maintenance / 2e quart Réparations et entretien,lower_middle_repairs_and_maintenance_2e_quart_r_parations_et_entretien,expenses_value,profit_margin,5m_20m
profit_margin_total_expenses_value_2024_5m_20m.csv,63,Upper Middle Repairs and maintenance / 3e quart Réparations et entretien,upper_middle_repairs_and_maintenance_3e_quart_r_parations_et_entretien,expenses_value,profit_margin,5m_20m
profit_margin_total_expenses_value_2024_5m_20m.csv,64,Top Quartile Repairs and maintenance / Quart supérieur Réparations et entretien,top_quartile_repairs_and_maintenance_quart_sup_rieur_r_parations_et_entretien,expenses_value,profit_margin,5m_20m
profit_margin_total_expenses_value_2024_5m_20m.csv,65,% of Businesses Reporting / % des entreprises déclarantes,of_businesses_reporting_des_entreprises_d_clarantes_8,expenses_value,profit_margin,5m_20m
profit_margin_total_expenses_value_2024_5m_20m.csv,66,Utilities and telephone/telecommunication  / Services publics et téléphone / télécommunication,utilities_and_telephone,expenses_value,profit_margin,5m_20m
profit_margin_total_expenses_value_2024_5m_20m.csv,67,Quality Indicator / Indicateurs de qualité,quality_indicator_indicateurs_de_qualit_10,expenses_value,profit_margin,5m_20m
profit_margin_total_expenses_value_2024_5m_20m.csv,68,Bottom Quartile Utilities and telephone/telecommunication /  Quart inférieur Services publics et téléphone / télécommunication,bottom_quartile_utilities_and_telephone,expenses_value,profit_margin,5m_20m
profit_margin_total_expenses_value_2024_5m_20m.csv,69,Lower Middle Utilities and telephone/telecommunication / 2e quart Services publics et téléphone / télécommunication,lower_middle_utilities_and_telephone,expenses_value,profit_margin,5m_20m
profit_margin_total_expenses_value_2024_5m_20m.csv,70,Upper Middle Utilities and telephone/telecommunication / 3e quart Services publics et téléphone / télécommunication,upper_middle_utilities_and_telephone,expenses_value,profit_margin,5m_20m
profit_margin_total_expenses_value_2024_5m_20m.csv,71,Top Quartile Utilities and telephone/telecommunication / Quart supérieur Services publics et téléphone / télécommunication,top_quartile_utilities_and_telephone,expenses_value,profit_margin,5m_20m
profit_margin_total_expenses_value_2024_5m_20m.csv,72,% of Businesses Reporting / % des entreprises déclarantes,of_businesses_reporting_des_entreprises_d_clarantes_9,expenses_value,profit_margin,5m_20m
profit_margin_total_expenses_value_2024_5m_20m.csv,73,Rent / Location,rent_location,expenses_value,profit_margin,5m_20m
profit_margin_total_expenses_value_2024_5m_20m.csv,74,Quality Indicator / Indicateurs de qualité,quality_indicator_indicateurs_de_qualit_11,expenses_value,profit_margin,5m_20m
profit_margin_total_expenses_value_2024_5m_20m.csv,75,Bottom Quartile Rent / Quart inférieur Location,bottom_quartile_rent_quart_inf_rieur_location,expenses_value,profit_margin,5m_20m
profit_margin_total_expenses_value_2024_5m_20m.csv,76,Lower Middle Rent / 2e quart Location,lower_middle_rent_2e_quart_location,expenses_value,profit_margin,5m_20m
profit_margin_total_expenses_value_2024_5m_20m.csv,77,Upper Middle Rent / 3e quart Location,upper_middle_rent_3e_quart_location,expenses_value,profit_margin,5m_20m
profit_margin_total_expenses_value_2024_5m_20m.csv,78,Top Quartile Rent / Quart supérieur Location,top_quartile_rent_quart_sup_rieur_location,expenses_value,profit_margin,5m_20m
profit_margin_total_expenses_value_2024_5m_20m.csv,79,% of Businesses Reporting / % des entreprises déclarantes,of_businesses_reporting_des_entreprises_d_clarantes_10,expenses_value,profit_margin,5m_20m
profit_margin_total_expenses_value_2024_5m_20m.csv,80,Interest and bank charges / Intérêts et frais bancaires,interest_and_bank_charges_int_r_ts_et_frais_bancaires,expenses_value,profit_margin,5m_20m
profit_margin_total_expenses_value_2024_5m_20m.csv,81,Quality Indicator / Indicateurs de qualité,quality_indicator_indicateurs_de_qualit_12,expenses_value,profit_margin,5m_20m
profit_margin_total_expenses_value_2024_5m_20m.csv,82,Bottom Quartile Interest and bank charges / Quart inférieur Intérêts et frais bancaires,bottom_quartile_interest_and_bank_charges_quart_inf_rieur_int_r_ts_et_frais_bancaires,expenses_value,profit_margin,5m_20m
profit_margin_total_expenses_value_2024_5m_20m.csv,83,Lower Middle Interest and bank charges / 2e quart Intérêts et frais bancaires,lower_middle_interest_and_bank_charges_2e_quart_int_r_ts_et_frais_bancaires,expenses_value,profit_margin,5m_20m
profit_margin_total_expenses_value_2024_5m_20m.csv,84,Upper Middle Interest and bank charges / 3e quart Intérêts et frais bancaires,upper_middle_interest_and_bank_charges_3e_quart_int_r_ts_et_frais_bancaires,expenses_value,profit_margin,5m_20m
profit_margin_total_expenses_value_2024_5m_20m.csv,85,Top Quartile Interest and bank charges / Quart supérieur Intérêts et frais bancaires,top_quartile_interest_and_bank_charges_quart_sup_rieur_int_r_ts_et_frais_bancaires,expenses_value,profit_margin,5m_20m
profit_margin_total_expenses_value_2024_5m_20m.csv,86,% of Businesses Reporting /  % des entreprises déclarantes,of_businesses_reporting_des_entreprises_d_clarantes_11,expenses_value,profit_margin,5m_20m
profit_margin_total_expenses_value_2024_5m_20m.csv,87,Professional and business fees / Intérêts et frais bancaires,professional_and_business_fees_int_r_ts_et_frais_bancaires,expenses_value,profit_margin,5m_20m
profit_margin_total_expenses_value_2024_5m_20m.csv,88,Quality Indicator / Indicateurs de qualité,quality_indicator_indicateurs_de_qualit_13,expenses_value,profit_margin,5m_20m
profit_margin_total_expenses_value_2024_5m_20m.csv,89,Bottom Quartile Professional and business fees / Quart inférieur Intérêts et frais bancaires,bottom_quartile_professional_and_business_fees_quart_inf_rieur_int_r_ts_et_frais_bancaires,expenses_value,profit_margin,5m_20m
profit_margin_total_expenses_value_2024_5m_20m.csv,90,Lower Middle Professional and business fees / 2e quart Intérêts et frais bancaires,lower_middle_professional_and_business_fees_2e_quart_int_r_ts_et_frais_bancaires,expenses_value,profit_margin,5m_20m
profit_margin_total_expenses_value_2024_5m_20m.csv,91,Upper Middle Professional and business fees / 3e quart Intérêts et frais bancaires,upper_middle_professional_and_business_fees_3e_quart_int_r_ts_et_frais_bancaires,expenses_value,profit_margin,5m_20m
profit_margin_total_expenses_value_2024_5m_20m.csv,92,Top Quartile Professional and business fees / Quart supérieur Intérêts et frais bancaires,top_quartile_professional_and_business_fees_quart_sup_rieur_int_r_ts_et_frais_bancaires,expenses_value,profit_margin,5m_20m
profit_margin_total_expenses_value_2024_5m_20m.csv,93,% of Businesses Reporting / % des entreprises déclarantes,of_businesses_reporting_des_entreprises_d_clarantes_12,expenses_value,profit_margin,5m_20m
profit_margin_total_expenses_value_2024_5m_20m.csv,94,Advertising and promotion / Publicité et promotion,advertising_and_promotion_publicit_et_promotion,expenses_value,profit_margin,5m_20m
profit_margin_total_expenses_value_2024_5m_20m.csv,95,Quality Indicator / Indicateurs de qualité,quality_indicator_indicateurs_de_qualit_14,expenses_value,profit_margin,5m_20m
profit_margin_total_expenses_value_2024_5m_20m.csv,96,Bottom Quartile Advertising and promotion / Quart inférieur Publicité et promotion,bottom_quartile_advertising_and_promotion_quart_inf_rieur_publicit_et_promotion,expenses_value,profit_margin,5m_20m
profit_margin_total_expenses_value_2024_5m_20m.csv,97,Lower Middle Advertising and promotion / 2e quart Publicité et promotion,lower_middle_advertising_and_promotion_2e_quart_publicit_et_promotion,expenses_value,profit_margin,5m_20m
profit_margin_total_expenses_value_2024_5m_20m.csv,98,Upper Middle Advertising and promotion / 3e quart Publicité et promotion,upper_middle_advertising_and_promotion_3e_quart_publicit_et_promotion,expenses_value,profit_margin,5m_20m
profit_margin_total_expenses_value_2024_5m_20m.csv,99,Top Quartile Advertising and promotion / Quart supérieur Publicité et promotion,top_quartile_advertising_and_promotion_quart_sup_rieur_publicit_et_promotion,expenses_value,profit_margin,5m_20m
profit_margin_total_expenses_value_2024_5m_20m.csv,100,% of Businesses Reporting / % des entreprises déclarantes,of_businesses_reporting_des_entreprises_d_clarantes_13,expenses_value,profit_margin,5m_20m
profit_margin_total_expenses_value_2024_5m_20m.csv,101,"Delivery, shipping and warehouse / Livraison, expédition et entreposage",delivery_shipping_and_warehouse_livraison_exp_dition_et_entreposage,expenses_value,profit_margin,5m_20m
profit_margin_total_expenses_value_2024_5m_20m.csv,102,Quality Indicator / Indicateurs de qualité,quality_indicator_indicateurs_de_qualit_15,expenses_value,profit_margin,5m_20m
profit_margin_total_expenses_value_2024_5m_20m.csv,103,"Bottom Quartile Delivery, shipping and warehouse expense / Quart inférieur Livraison, expédition et entreposage",bottom_quartile_delivery_shipping_and_warehouse_expense_quart_inf_rieur_livraison_exp_dition_et_entreposage,expenses_value,profit_margin,5m_20m
profit_margin_total_expenses_value_2024_5m_20m.csv,104,"Lower Middle Delivery, shipping and warehouse expense / 2e quart Livraison, expédition et entreposage",lower_middle_delivery_shipping_and_warehouse_expense_2e_quart_livraison_exp_dition_et_entreposage,expenses_value,profit_margin,5m_20m
profit_margin_total_expenses_value_2024_5m_20m.csv,105,"Upper Middle Delivery, shipping and warehouse expense / 3e quart Livraison, expédition et entreposage",upper_middle_delivery_shipping_and_warehouse_expense_3e_quart_livraison_exp_dition_et_entreposage,expenses_value,profit_margin,5m_20m
profit_margin_total_expenses_value_2024_5m_20m.csv,106,"Top Quartile Delivery, shipping and warehouse expense / Quart supérieur Livraison, expédition et entreposage",top_quartile_delivery_shipping_and_warehouse_expense_quart_sup_rieur_livraison_exp_dition_et_entreposage,expenses_value,profit_margin,5m_20m
profit_margin_total_expenses_value_2024_5m_20m.csv,107,% of Businesses Reporting / % des entreprises déclarantes,of_businesses_reporting_des_entreprises_d_clarantes_14,expenses_value,profit_margin,5m_20m
profit_margin_total_expenses_value_2024_5m_20m.csv,108,Insurance / Assurances,insurance_assurances,expenses_value,profit_margin,5m_20m
profit_margin_total_expenses_value_2024_5m_20m.csv,109,Quality Indicator / Indicateurs de qualité,quality_indicator_indicateurs_de_qualit_16,expenses_value,profit_margin,5m_20m
profit_margin_total_expenses_value_2024_5m_20m.csv,110,Bottom Quartile Insurance / Quart inférieur Assurances,bottom_quartile_insurance_quart_inf_rieur_assurances,expenses_value,profit_margin,5m_20m
profit_margin_total_expenses_value_2024_5m_20m.csv,111,Lower Middle Insurance / 2e quart Assurances,lower_middle_insurance_2e_quart_assurances,expenses_value,profit_margin,5m_20m
profit_margin_total_expenses_value_2024_5m_20m.csv,112,Upper Middle Insurance / 3e quart Assurances,upper_middle_insurance_3e_quart_assurances,expenses_value,profit_margin,5m_20m
profit_margin_total_expenses_value_2024_5m_20m.csv,113,Top Quartile Insurance / Quart supérieur Assurances,top_quartile_insurance_quart_sup_rieur_assurances,expenses_value,profit_margin,5m_20m
profit_margin_total_expenses_value_2024_5m_20m.csv,114,% of Businesses Reporting / % des entreprises déclarantes,of_businesses_reporting_des_entreprises_d_clarantes_15,expenses_value,profit_margin,5m_20m
profit_margin_total_expenses_value_2024_5m_20m.csv,115,Other expenses / Autres dépenses,other_expenses_autres_d_penses,expenses_value,profit_margin,5m_20m
profit_margin_total_expenses_value_2024_5m_20m.csv,116,Quality Indicator / Indicateurs de qualité,quality_indicator_indicateurs_de_qualit_17,expenses_value,profit_margin,5m_20m
profit_margin_total_expenses_value_2024_5m_20m.csv,117,Bottom Quartile Other expenses / Quart infoerieur Autres dépenses,bottom_quartile_other_expenses_quart_infoerieur_autres_d_penses,expenses_value,profit_margin,5m_20m
profit_margin_total_expenses_value_2024_5m_20m.csv,118,Lower Middle Other expenses / 2e quart Autres dépenses,lower_middle_other_expenses_2e_quart_autres_d_penses,expenses_value,profit_margin,5m_20m
profit_margin_total_expenses_value_2024_5m_20m.csv,119,Upper Middle Other expenses / 3e quart Autres dépenses,upper_middle_other_expenses_3e_quart_autres_d_penses,expenses_value,profit_margin,5m_20m
profit_margin_total_expenses_value_2024_5m_20m.csv,120,Top Quartile Other expenses / Quart supérieur Autres dépenses,top_quartile_other_expenses_quart_sup_rieur_autres_d_penses,expenses_value,profit_margin,5m_20m
profit_margin_total_expenses_value_2024_5m_20m.csv,121,% of Businesses Reporting / % des entreprises déclarantes,of_businesses_reporting_des_entreprises_d_clarantes_16,expenses_value,profit_margin,5m_20m
profit_margin_total_expenses_value_2024_5m_20m.csv,122,Total expenses / Dépenses totales,total_expenses_d_penses_totales,expenses_value,profit_margin,5m_20m
profit_margin_total_expenses_value_2024_5m_20m.csv,123,Quality Indicator / Indicateurs de qualité,quality_indicator_indicateurs_de_qualit_18,expenses_value,profit_margin,5m_20m
profit_margin_total_expenses_value_2024_5m_20m.csv,124,Bottom Quartile Total expenses / quart inférieur Dépenses totales,bottom_quartile_total_expenses_quart_inf_rieur_d_penses_totales,expenses_value,profit_margin,5m_20m
profit_margin_total_expenses_value_2024_5m_20m.csv,125,Lower Middle Total expenses / 2e quart Dépenses totales,lower_middle_total_expenses_2e_quart_d_penses_totales,expenses_value,profit_margin,5m_20m
profit_margin_total_expenses_value_2024_5m_20m.csv,126,Upper Middle Total expenses / 3e quart Dépenses totales,upper_middle_total_expenses_3e_quart_d_penses_totales,expenses_value,profit_margin,5m_20m
profit_margin_total_expenses_value_2024_5m_20m.csv,127,Top Quartile Total expenses / Quart supérieur,top_quartile_total_expenses_quart_sup_rieur,expenses_value,profit_margin,5m_20m
profit_margin_total_expenses_value_2024_5m_20m.csv,128,% of Businesses Reporting / % des entreprises déclarantes,of_businesses_reporting_des_entreprises_d_clarantes_17,expenses_value,profit_margin,5m_20m
profit_margin_total_expenses_value_2024_5m_20m.csv,129,Net Profit/Loss / Bénéfice/perte net,net_profit,expenses_value,profit_margin,5m_20m
profit_margin_total_expenses_value_2024_5m_20m.csv,130,Quality Indicator / Indicateurs de qualité,quality_indicator_indicateurs_de_qualit_19,expenses_value,profit_margin,5m_20m
profit_margin_total_expenses_value_2024_5m_20m.csv,131,Bottom Quartile Net Profit/Loss / quart inférieur Bénéfice/perte net,bottom_quartile_net_profit,expenses_value,profit_margin,5m_20m
profit_margin_total_expenses_value_2024_5m_20m.csv,132,Lower Middle Net Profit/Loss / 2e quart Bénéfice/perte net,lower_middle_net_profit,expenses_value,profit_margin,5m_20m
profit_margin_total_expenses_value_2024_5m_20m.csv,133,Upper Middle Net Profit/Loss / 3e quart Bénéfice/perte net,upper_middle_net_profit,expenses_value,profit_margin,5m_20m
profit_margin_total_expenses_value_2024_5m_20m.csv,134,Top Quartile Net Profit/Loss / Quart supérieur Bénéfice/perte net,top_quartile_net_profit,expenses_value,profit_margin,5m_20m
profit_margin_total_expenses_value_2024_5m_20m.csv,135,% of Businesses Reporting / % des entreprises déclarantes,of_businesses_reporting_des_entreprises_d_clarantes_18,expenses_value,profit_margin,5m_20m
profit_margin_total_expenses_value_2024_5m_20m.csv,136,Year / Année,year_ann_e,expenses_value,profit_margin,5m_20m
profit_margin_total_revenue_2024_30k_5m.csv,0,Incorporation Status / Statue d'incorporation,incorporation_status_statue_d_incorporation,revenue,profit_margin,30k_5m
profit_margin_total_revenue_2024_30k_5m.csv,1,Naics_code / Code_SCIAN,naics_code_code_scian,revenue,profit_margin,30k_5m
profit_margin_total_revenue_2024_30k_5m.csv,2,Province / Canada,province_canada,revenue,profit_margin,30k_5m
profit_margin_total_revenue_2024_30k_5m.csv,3,Whole Industry (Reliability) / Industrie entière (fiabilité),whole_industry_reliability_industrie_enti_re_fiabilit,revenue,profit_margin,30k_5m
profit_margin_total_revenue_2024_30k_5m.csv,4,Whole industry low revenue range / Intervalles de revenu minimale Industrie entière (fiabilité),whole_industry_low_revenue_range_intervalles_de_revenu_minimale_industrie_enti_re_fiabilit,revenue,profit_margin,30k_5m
profit_margin_total_revenue_2024_30k_5m.csv,5,Whole industry High revenue range / Intervalles de revenue maximale Industrie entière (fiabilité),whole_industry_high_revenue_range_intervalles_de_revenue_maximale_industrie_enti_re_fiabilit,revenue,profit_margin,30k_5m
profit_margin_total_revenue_2024_30k_5m.csv,6,Bottom quartile Low revenue range / Quart inférieur Intervalles de revenue minimale,bottom_quartile_low_revenue_range_quart_inf_rieur_intervalles_de_revenue_minimale,revenue,profit_margin,30k_5m
profit_margin_total_revenue_2024_30k_5m.csv,7,Bottom quartile High revenue range / 2e quart Intervalles de revenue maximale,bottom_quartile_high_revenue_range_2e_quart_intervalles_de_revenue_maximale,revenue,profit_margin,30k_5m
profit_margin_total_revenue_2024_30k_5m.csv,8,Lower middle Low revenue range / 3e quart Intervalles de revenue minimale,lower_middle_low_revenue_range_3e_quart_intervalles_de_revenue_minimale,revenue,profit_margin,30k_5m
profit_margin_total_revenue_2024_30k_5m.csv,9,Lower middle High revenue range / 2e quart Intervalle de revenue maximale / ,lower_middle_high_revenue_range_2e_quart_intervalle_de_revenue_maximale,revenue,profit_margin,30k_5m
profit_margin_total_revenue_2024_30k_5m.csv,10,Upper middle Low revenue range  / 3e quart intervalle de revenue minimale,upper_middle_low_revenue_range_3e_quart_intervalle_de_revenue_minimale,revenue,profit_margin,30k_5m
profit_margin_total_revenue_2024_30k_5m.csv,11,Upper middle High revenue range / 3e quart Intervalle de revenue maximale,upper_middle_high_revenue_range_3e_quart_intervalle_de_revenue_maximale,revenue,profit_margin,30k_5m
profit_margin_total_revenue_2024_30k_5m.csv,12,Top quartile Low revenue range / Quart supérieur invertalle de revenue minimale /  / ,top_quartile_low_revenue_range_quart_sup_rieur_invertalle_de_revenue_minimale,revenue,profit_margin,30k_5m
profit_margin_total_revenue_2024_30k_5m.csv,13,Top quartile High revenue range / Quart supérieur invertalle de revenue maximale,top_quartile_high_revenue_range_quart_sup_rieur_invertalle_de_revenue_maximale,revenue,profit_margin,30k_5m
profit_margin_total_revenue_2024_30k_5m.csv,14,Whole industry Total revenue  / Industrie entière revenu total,whole_industry_total_revenue_industrie_enti_re_revenu_total,revenue,profit_margin,30k_5m
profit_margin_total_revenue_2024_30k_5m.csv,15, Quality Indicator / Indicateurs de qualité,quality_indicator_indicateurs_de_qualit,revenue,profit_margin,30k_5m
profit_margin_total_revenue_2024_30k_5m.csv,16,Bottom quartile Total revenue / Quart inférieur revenu total,bottom_quartile_total_revenue_quart_inf_rieur_revenu_total,revenue,profit_margin,30k_5m
profit_margin_total_revenue_2024_30k_5m.csv,17,Lower middle Total revenue / 2e quart revenu total,lower_middle_total_revenue_2e_quart_revenu_total,revenue,profit_margin,30k_5m
profit_margin_total_revenue_2024_30k_5m.csv,18,Upper middle Total revenue / 3e quart revenu total,upper_middle_total_revenue_3e_quart_revenu_total,revenue,profit_margin,30k_5m
profit_margin_total_revenue_2024_30k_5m.csv,19,Top quartile Total revenue / Quart supérieur revenu total,top_quartile_total_revenue_quart_sup_rieur_revenu_total,revenue,profit_margin,30k_5m
profit_margin_total_revenue_2024_30k_5m.csv,20,Whole industry Sales of goods and services / Industrie entière Ventes de biens et de services,whole_industry_sales_of_goods_and_services_industrie_enti_re_ventes_de_biens_et_de_services,revenue,profit_margin,30k_5m
profit_margin_total_revenue_2024_30k_5m.csv,21,Quality Indicator / Indicateurs de qualité,quality_indicator_indicateurs_de_qualit_2,revenue,profit_margin,30k_5m
profit_margin_total_revenue_2024_30k_5m.csv,22,Bottom quartile Sales of goods and services / Quart inférieur Ventes de biens et de services / ,bottom_quartile_sales_of_goods_and_services_quart_inf_rieur_ventes_de_biens_et_de_services,revenue,profit_margin,30k_5m
profit_margin_total_revenue_2024_30k_5m.csv,23,Lower middle Sales of goods and services / 2e quart Ventes de biens et de services,lower_middle_sales_of_goods_and_services_2e_quart_ventes_de_biens_et_de_services,revenue,profit_margin,30k_5m
profit_margin_total_revenue_2024_30k_5m.csv,24,Upper middle Sales of goods and services / 3e quart  Ventes de biens et de services,upper_middle_sales_of_goods_and_services_3e_quart_ventes_de_biens_et_de_services,revenue,profit_margin,30k_5m
profit_margin_total_revenue_2024_30k_5m.csv,25,Top quartile Sales of goods and services / Quat supérieur  Ventes de biens et de services,top_quartile_sales_of_goods_and_services_quat_sup_rieur_ventes_de_biens_et_de_services,revenue,profit_margin,30k_5m
profit_margin_total_revenue_2024_30k_5m.csv,26,Whole industry All other revenue  / Industrie entière Tous les autres revenus,whole_industry_all_other_revenue_industrie_enti_re_tous_les_autres_revenus,revenue,profit_margin,30k_5m
profit_margin_total_revenue_2024_30k_5m.csv,27,Quality Indicator / Indicateurs de qualité,quality_indicator_indicateurs_de_qualit_3,revenue,profit_margin,30k_5m
profit_margin_total_revenue_2024_30k_5m.csv,28,Bottom quartile All other revenue  / Quart inférieur Tous les autres revenus,bottom_quartile_all_other_revenue_quart_inf_rieur_tous_les_autres_revenus,revenue,profit_margin,30k_5m
profit_margin_total_revenue_2024_30k_5m.csv,29,Lower middle All other revenue  / 2e quart Tous les autres revenus,lower_middle_all_other_revenue_2e_quart_tous_les_autres_revenus,revenue,profit_margin,30k_5m
profit_margin_total_revenue_2024_30k_5m.csv,30,Upper middle All other revenue  / 3e quart Tous les autres revenus,upper_middle_all_other_revenue_3e_quart_tous_les_autres_revenus,revenue,profit_margin,30k_5m
profit_margin_total_revenue_2024_30k_5m.csv,31,Top quartile All other revenue  / Quart supérieur Tous les autres revenus,top_quartile_all_other_revenue_quart_sup_rieur_tous_les_autres_revenus,revenue,profit_margin,30k_5m
profit_margin_total_revenue_2024_30k_5m.csv,32,Percent of businesses reporting sales of goods / % des entreprises déclarantes Ventes de biens et de services,percent_of_businesses_reporting_sales_of_goods_des_entreprises_d_clarantes_ventes_de_biens_et_de_services,revenue,profit_margin,30k_5m
profit_margin_total_revenue_2024_30k_5m.csv,33,Percent of businesses reporting all other revenues / % des entreprises déclarantes Tous les autres revenus,percent_of_businesses_reporting_all_other_revenues_des_entreprises_d_clarantes_tous_les_autres_revenus,revenue,profit_margin,30k_5m
profit_margin_total_revenue_2024_30k_5m.csv,34,year,year,revenue,profit_margin,30k_5m
profit_margin_total_revenue_2024_5m_20m.csv,0,Incorporation Status / Statue d'incorporation,incorporation_status_statue_d_incorporation,revenue,profit_margin,5m_20m
profit_margin_total_revenue_2024_5m_20m.csv,1,Naics_code / Code_SCIAN,naics_code_code_scian,revenue,profit_margin,5m_20m
profit_margin_total_revenue_2024_5m_20m.csv,2,Province / Canada,province_canada,revenue,profit_margin,5m_20m
profit_margin_total_revenue_2024_5m_20m.csv,3,Whole Industry (Reliability) / Industrie entière (fiabilité),whole_industry_reliability_industrie_enti_re_fiabilit,revenue,profit_margin,5m_20m
profit_margin_total_revenue_2024_5m_20m.csv,4,Whole industry low revenue range / Intervalles de revenu minimale Industrie entière (fiabilité),whole_industry_low_revenue_range_intervalles_de_revenu_minimale_industrie_enti_re_fiabilit,revenue,profit_margin,5m_20m
profit_margin_total_revenue_2024_5m_20m.csv,5,Whole industry High revenue range / Intervalles de revenue maximale Industrie entière (fiabilité),whole_industry_high_revenue_range_intervalles_de_revenue_maximale_industrie_enti_re_fiabilit,revenue,profit_margin,5m_20m
profit_margin_total_revenue_2024_5m_20m.csv,6,Bottom quartile Low revenue range / Quart inférieur Intervalles de revenue minimale,bottom_quartile_low_revenue_range_quart_inf_rieur_intervalles_de_revenue_minimale,revenue,profit_margin,5m_20m
profit_margin_total_revenue_2024_5m_20m.csv,7,Bottom quartile High revenue range / 2e quart Intervalles de revenue maximale,bottom_quartile_high_revenue_range_2e_quart_intervalles_de_revenue_maximale,revenue,profit_margin,5m_20m
profit_margin_total_revenue_2024_5m_20m.csv,8,Lower middle Low revenue range / 3e quart Intervalles de revenue minimale,lower_middle_low_revenue_range_3e_quart_intervalles_de_revenue_minimale,revenue,profit_margin,5m_20m
profit_margin_total_revenue_2024_5m_20m.csv,9,Lower middle High revenue range / 2e quart Intervalle de revenue maximale / ,lower_middle_high_revenue_range_2e_quart_intervalle_de_revenue_maximale,revenue,profit_margin,5m_20m
profit_margin_total_revenue_2024_5m_20m.csv,10,Upper middle Low revenue range  / 3e quart intervalle de revenue minimale,upper_middle_low_revenue_range_3e_quart_intervalle_de_revenue_minimale,revenue,profit_margin,5m_20m
profit_margin_total_revenue_2024_5m_20m.csv,11,Upper middle High revenue range / 3e quart Intervalle de revenue maximale,upper_middle_high_revenue_range_3e_quart_intervalle_de_revenue_maximale,revenue,profit_margin,5m_20m
profit_margin_total_revenue_2024_5m_20m.csv,12,Top quartile Low revenue range / Quart supérieur invertalle de revenue minimale /  / ,top_quartile_low_revenue_range_quart_sup_rieur_invertalle_de_revenue_minimale,revenue,profit_margin,5m_20m
profit_margin_total_revenue_2024_5m_20m.csv,13,Top quartile High revenue range / Quart supérieur invertalle de revenue maximale,top_quartile_high_revenue_range_quart_sup_rieur_invertalle_de_revenue_maximale,revenue,profit_margin,5m_20m
profit_margin_total_revenue_2024_5m_20m.csv,14,Whole industry Total revenue  / Industrie entière revenu total,whole_industry_total_revenue_industrie_enti_re_revenu_total,revenue,profit_margin,5m_20m
profit_margin_total_revenue_2024_5m_20m.csv,15, Quality Indicator / Indicateurs de qualité,quality_indicator_indicateurs_de_qualit,revenue,profit_margin,5m_20m
profit_margin_total_revenue_2024_5m_20m.csv,16,Bottom quartile Total revenue / Quart inférieur revenu total,bottom_quartile_total_revenue_quart_inf_rieur_revenu_total,revenue,profit_margin,5m_20m
profit_margin_total_revenue_2024_5m_20m.csv,17,Lower middle Total revenue / 2e quart revenu total,lower_middle_total_revenue_2e_quart_revenu_total,revenue,profit_margin,5m_20m
profit_margin_total_revenue_2024_5m_20m.csv,18,Upper middle Total revenue / 3e quart revenu total,upper_middle_total_revenue_3e_quart_revenu_total,revenue,profit_margin,5m_20m
profit_margin_total_revenue_2024_5m_20m.csv,19,Top quartile Total revenue / Quart supérieur revenu total,top_quartile_total_revenue_quart_sup_rieur_revenu_total,revenue,profit_margin,5m_20m
profit_margin_total_revenue_2024_5m_20m.csv,20,Whole industry Sales of goods and services / Industrie entière Ventes de biens et de services,whole_industry_sales_of_goods_and_services_industrie_enti_re_ventes_de_biens_et_de_services,revenue,profit_margin,5m_20m
profit_margin_total_revenue_2024_5m_20m.csv,21,Quality Indicator / Indicateurs de qualité,quality_indicator_indicateurs_de_qualit_2,revenue,profit_margin,5m_20m
profit_margin_total_revenue_2024_5m_20m.csv,22,Bottom quartile Sales of goods and services / Quart inférieur Ventes de biens et de services / ,bottom_quartile_sales_of_goods_and_services_quart_inf_rieur_ventes_de_biens_et_de_services,revenue,profit_margin,5m_20m
profit_margin_total_revenue_2024_5m_20m.csv,23,Lower middle Sales of goods and services / 2e quart Ventes de biens et de services,lower_middle_sales_of_goods_and_services_2e_quart_ventes_de_biens_et_de_services,revenue,profit_margin,5m_20m
profit_margin_total_revenue_2024_5m_20m.csv,24,Upper middle Sales of goods and services / 3e quart  Ventes de biens et de services,upper_middle_sales_of_goods_and_services_3e_quart_ventes_de_biens_et_de_services,revenue,profit_margin,5m_20m
profit_margin_total_revenue_2024_5m_20m.csv,25,Top quartile Sales of goods and services / Quat supérieur  Ventes de biens et de services,top_quartile_sales_of_goods_and_services_quat_sup_rieur_ventes_de_biens_et_de_services,revenue,profit_margin,5m_20m
profit_margin_total_revenue_2024_5m_20m.csv,26,Whole industry All other revenue  / Industrie entière Tous les autres revenus,whole_industry_all_other_revenue_industrie_enti_re_tous_les_autres_revenus,revenue,profit_margin,5m_20m
profit_margin_total_revenue_2024_5m_20m.csv,27,Quality Indicator / Indicateurs de qualité,quality_indicator_indicateurs_de_qualit_3,revenue,profit_margin,5m_20m
profit_margin_total_revenue_2024_5m_20m.csv,28,Bottom quartile All other revenue  / Quart inférieur Tous les autres revenus,bottom_quartile_all_other_revenue_quart_inf_rieur_tous_les_autres_revenus,revenue,profit_margin,5m_20m
profit_margin_total_revenue_2024_5m_20m.csv,29,Lower middle All other revenue  / 2e quart Tous les autres revenus,lower_middle_all_other_revenue_2e_quart_tous_les_autres_revenus,revenue,profit_margin,5m_20m
profit_margin_total_revenue_2024_5m_20m.csv,30,Upper middle All other revenue  / 3e quart Tous les autres revenus,upper_middle_all_other_revenue_3e_quart_tous_les_autres_revenus,revenue,profit_margin,5m_20m
profit_margin_total_revenue_2024_5m_20m.csv,31,Top quartile All other revenue  / Quart supérieur Tous les autres revenus,top_quartile_all_other_revenue_quart_sup_rieur_tous_les_autres_revenus,revenue,profit_margin,5m_20m
profit_margin_total_revenue_2024_5m_20m.csv,32,Percent of businesses reporting sales of goods / % des entreprises déclarantes Ventes de biens et de services,percent_of_businesses_reporting_sales_of_goods_des_entreprises_d_clarantes_ventes_de_biens_et_de_services,revenue,profit_margin,5m_20m
profit_margin_total_revenue_2024_5m_20m.csv,33,Percent of businesses reporting all other revenues / % des entreprises déclarantes Tous les autres revenus,percent_of_businesses_reporting_all_other_revenues_des_entreprises_d_clarantes_tous_les_autres_revenus,revenue,profit_margin,5m_20m
profit_margin_total_revenue_2024_5m_20m.csv,34,year,year,revenue,profit_margin,5m_20m
profit_non_profit_businesses_2024_30k_5m.csv,0,Incorporation Status / Status d'incorporation,incorporation_status_status_d_incorporation,profitability,total_revenue,30k_5m
profit_non_profit_businesses_2024_30k_5m.csv,1,Naics code / Code Scian,naics_code_code_scian,profitability,total_revenue,30k_5m
profit_non_profit_businesses_2024_30k_5m.csv,2,Canada / Provinces,canada_provinces,profitability,total_revenue,30k_5m
profit_non_profit_businesses_2024_30k_5m.csv,3,% of Profitable businesses / % des entreprises rentables,of_profitable_businesses_des_entreprises_rentables,profitability,total_revenue,30k_5m
profit_non_profit_businesses_2024_30k_5m.csv,4,Profitable Total Revenue / Rentable Recettes totales ,profitable_total_revenue_rentable_recettes_totales,profitability,total_revenue,30k_5m
profit_non_profit_businesses_2024_30k_5m.csv,5,Quality Indicator / Indicateurs de qualité,quality_indicator_indicateurs_de_qualit,profitability,total_revenue,30k_5m
profit_non_profit_businesses_2024_30k_5m.csv,6,Profitable Bottom Quartile Total revenue / Rentable Quart inférieur Recettes totales,profitable_bottom_quartile_total_revenue_rentable_quart_inf_rieur_recettes_totales,profitability,total_revenue,30k_5m
profit_non_profit_businesses_2024_30k_5m.csv,7,Profitable Lower Middle Total revenue / Rentable 2e quart Recettes totales,profitable_lower_middle_total_revenue_rentable_2e_quart_recettes_totales,profitability,total_revenue,30k_5m
profit_non_profit_businesses_2024_30k_5m.csv,8,Profitable Upper Middle Total revenue / Rentable 3e quart supérieur Recettes totales / Quart supérieur,profitable_upper_middle_total_revenue_rentable_3e_quart_sup_rieur_recettes_totales_quart_sup_rieur,profitability,total_revenue,30k_5m
profit_non_profit_businesses_2024_30k_5m.csv,9,Profitable Top quartile Total revenue / Rentable Quart supérieur Recettes totales,profitable_top_quartile_total_revenue_rentable_quart_sup_rieur_recettes_totales,profitability,total_revenue,30k_5m
profit_non_profit_businesses_2024_30k_5m.csv,10,Profitable Total Expenses / Rentable Dépenses totales,profitable_total_expenses_rentable_d_penses_totales,profitability,total_revenue,30k_5m
profit_non_profit_businesses_2024_30k_5m.csv,11,Quality Indicator / Indicateurs de qualité,quality_indicator_indicateurs_de_qualit_2,profitability,total_revenue,30k_5m
profit_non_profit_businesses_2024_30k_5m.csv,12, Rentable Bottom Quartile Total expenses /  Rentable Quart inférieur Dépenses totales,rentable_bottom_quartile_total_expenses_rentable_quart_inf_rieur_d_penses_totales,profitability,total_revenue,30k_5m
profit_non_profit_businesses_2024_30k_5m.csv,13,Profitable Lower Middle Total expenses / Rentable 2e quart Dépenses totales,profitable_lower_middle_total_expenses_rentable_2e_quart_d_penses_totales,profitability,total_revenue,30k_5m
profit_non_profit_businesses_2024_30k_5m.csv,14,Profitable Upper Middle Total expenses / Rentable 3e quart Dépenses totales,profitable_upper_middle_total_expenses_rentable_3e_quart_d_penses_totales,profitability,total_revenue,30k_5m
profit_non_profit_businesses_2024_30k_5m.csv,15,Profitable Top quartile Total expenses / Rentable Quart supérieur Dépenses totales,profitable_top_quartile_total_expenses_rentable_quart_sup_rieur_d_penses_totales,profitability,total_revenue,30k_5m
profit_non_profit_businesses_2024_30k_5m.csv,16,profitable Net Profit / Rentable Bénéfice net ,profitable_net_profit_rentable_b_n_fice_net,profitability,total_revenue,30k_5m
profit_non_profit_businesses_2024_30k_5m.csv,17,Quality Indicator / Indicateurs de qualité,quality_indicator_indicateurs_de_qualit_3,profitability,total_revenue,30k_5m
profit_non_profit_businesses_2024_30k_5m.csv,18,Profitable Bottom Quartile Net Profit / Rentable Quart inférieur Bénéfice net ,profitable_bottom_quartile_net_profit_rentable_quart_inf_rieur_b_n_fice_net,profitability,total_revenue,30k_5m
profit_non_profit_businesses_2024_30k_5m.csv,19,Profitable Lower Middle Net Profit / Rentable 2e quart Bénéfice net ,profitable_lower_middle_net_profit_rentable_2e_quart_b_n_fice_net,profitability,total_revenue,30k_5m
profit_non_profit_businesses_2024_30k_5m.csv,20,Profitable Upper Middle Net Profit / Rentable 3e quart Bénéfice net ,profitable_upper_middle_net_profit_rentable_3e_quart_b_n_fice_net,profitability,total_revenue,30k_5m
profit_non_profit_businesses_2024_30k_5m.csv,21,Profitable Top quartile Net Profit / Rentable Quart supérieur Bénéfice net ,profitable_top_quartile_net_profit_rentable_quart_sup_rieur_b_n_fice_net,profitability,total_revenue,30k_5m
profit_non_profit_businesses_2024_30k_5m.csv,22,Profitable Total Revenue / Non-rentable Recettes totales,profitable_total_revenue_non_rentable_recettes_totales,profitability,total_revenue,30k_5m
profit_non_profit_businesses_2024_30k_5m.csv,23,Quality Indicator / Indicateurs de qualité,quality_indicator_indicateurs_de_qualit_4,profitability,total_revenue,30k_5m
profit_non_profit_businesses_2024_30k_5m.csv,24,Non_profitable  Bottom Quartile Total Revenue / Non-rentable Quart inférieur Recettes totales,non_profitable_bottom_quartile_total_revenue_non_rentable_quart_inf_rieur_recettes_totales,profitability,total_revenue,30k_5m
profit_non_profit_businesses_2024_30k_5m.csv,25,Non_profitable  Lower Middle Total Revenue / Non-rentable 2e quart Recettes totales,non_profitable_lower_middle_total_revenue_non_rentable_2e_quart_recettes_totales,profitability,total_revenue,30k_5m
profit_non_profit_businesses_2024_30k_5m.csv,26,Upper Middle  Non_profitable Total Revenue / non-rentable 3e quart  Recettes totales,upper_middle_non_profitable_total_revenue_non_rentable_3e_quart_recettes_totales,profitability,total_revenue,30k_5m
profit_non_profit_businesses_2024_30k_5m.csv,27,Non_profitable Top quartile Total Revenue / Quart supérieur  Non-rentable Recettes totales,non_profitable_top_quartile_total_revenue_quart_sup_rieur_non_rentable_recettes_totales,profitability,total_revenue,30k_5m
profit_non_profit_businesses_2024_30k_5m.csv,28,Non_profitable Total expenses / Non-rentable Dépenses totales,non_profitable_total_expenses_non_rentable_d_penses_totales,profitability,total_revenue,30k_5m
profit_non_profit_businesses_2024_30k_5m.csv,29,Quality Indicator / Indicateurs de qualité,quality_indicator_indicateurs_de_qualit_5,profitability,total_revenue,30k_5m
profit_non_profit_businesses_2024_30k_5m.csv,30,Non_profitable  Bottom Quartile Total expenses / Non-rentable Quart inférieur Dépenses totales,non_profitable_bottom_quartile_total_expenses_non_rentable_quart_inf_rieur_d_penses_totales,profitability,total_revenue,30k_5m
profit_non_profit_businesses_2024_30k_5m.csv,31,Non_profitable  Lower Middle Total expenses / Non-rentable 2e quart Dépenses totales,non_profitable_lower_middle_total_expenses_non_rentable_2e_quart_d_penses_totales,profitability,total_revenue,30k_5m
profit_non_profit_businesses_2024_30k_5m.csv,32,Non_profitable  Upper Middle Total expenses / Non-rentable 3e quart Dépenses totales,non_profitable_upper_middle_total_expenses_non_rentable_3e_quart_d_penses_totales,profitability,total_revenue,30k_5m
profit_non_profit_businesses_2024_30k_5m.csv,33,Non_profitable  Top quartile Total expenses / Non-rentable Quart supérieur Dépenses totales,non_profitable_top_quartile_total_expenses_non_rentable_quart_sup_rieur_d_penses_totales,profitability,total_revenue,30k_5m
profit_non_profit_businesses_2024_30k_5m.csv,34, Non-profitable Net loss /  Non-rentable Perte nette,non_profitable_net_loss_non_rentable_perte_nette,profitability,total_revenue,30k_5m
profit_non_profit_businesses_2024_30k_5m.csv,35,Quality Indicator / Indicateurs de qualité,quality_indicator_indicateurs_de_qualit_6,profitability,total_revenue,30k_5m
profit_non_profit_businesses_2024_30k_5m.csv,36,Non_profitable  Bottom Quartile Net loss / Non-rentable Quart inférieur Perte nette,non_profitable_bottom_quartile_net_loss_non_rentable_quart_inf_rieur_perte_nette,profitability,total_revenue,30k_5m
profit_non_profit_businesses_2024_30k_5m.csv,37,Non_profitable Lower Middle Net loss / Non-rentable 2e quart Perte nette,non_profitable_lower_middle_net_loss_non_rentable_2e_quart_perte_nette,profitability,total_revenue,30k_5m
profit_non_profit_businesses_2024_30k_5m.csv,38,Non_profitable Upper Middle Net loss / Non-rentable 3e quart Perte nette,non_profitable_upper_middle_net_loss_non_rentable_3e_quart_perte_nette,profitability,total_revenue,30k_5m
profit_non_profit_businesses_2024_30k_5m.csv,39,Non_profitable Top quartile Net loss / Non-rentable Quart supérieur Perte nette,non_profitable_top_quartile_net_loss_non_rentable_quart_sup_rieur_perte_nette,profitability,total_revenue,30k_5m
profit_non_profit_businesses_2024_30k_5m.csv,40,year / Année,year_ann_e,profitability,total_revenue,30k_5m
total_expenses_percentage_2024_30k_5m.csv,0,Incorporation Status /  / Etat d'incorporation,incorporation_status_etat_d_incorporation,expenses_pct,total_revenue,30k_5m
total_expenses_percentage_2024_30k_5m.csv,1,Naics code / Code Scian,naics_code_code_scian,expenses_pct,total_revenue,30k_5m
total_expenses_percentage_2024_30k_5m.csv,2,Province/Canada / ,province,expenses_pct,total_revenue,30k_5m
total_expenses_percentage_2024_30k_5m.csv,3,Cost of Sales (direct expenses) / Coût de ventes (frais direct),cost_of_sales_direct_expenses_co_t_de_ventes_frais_direct,expenses_pct,total_revenue,30k_5m
total_expenses_percentage_2024_30k_5m.csv,4,Quality Indicator / Indicateurs de qualité,quality_indicator_indicateurs_de_qualit,expenses_pct,total_revenue,30k_5m
total_expenses_percentage_2024_30k_5m.csv,5,Bottom Quartile Cost of Sales / Quart inférieur Coût de ventes (frais direct),bottom_quartile_cost_of_sales_quart_inf_rieur_co_t_de_ventes_frais_direct,expenses_pct,total_revenue,30k_5m
total_expenses_percentage_2024_30k_5m.csv,6,Lower Middle Cost of Sales / 2e quart Coût de ventes (frais direct),lower_middle_cost_of_sales_2e_quart_co_t_de_ventes_frais_direct,expenses_pct,total_revenue,30k_5m
total_expenses_percentage_2024_30k_5m.csv,7,Upper Middle cost of Sales / 3e quart Coût de ventes (frais direct),upper_middle_cost_of_sales_3e_quart_co_t_de_ventes_frais_direct,expenses_pct,total_revenue,30k_5m
total_expenses_percentage_2024_30k_5m.csv,8,Top Quartile Cost of Sales / Quart supérieur Coût de ventes (frais direct),top_quartile_cost_of_sales_quart_sup_rieur_co_t_de_ventes_frais_direct,expenses_pct,total_revenue,30k_5m
total_expenses_percentage_2024_30k_5m.csv,9,% of Businesses Reporting / % des entreprises déclarantes Coût de ventes (frais direct),of_businesses_reporting_des_entreprises_d_clarantes_co_t_de_ventes_frais_direct,expenses_pct,total_revenue,30k_5m
total_expenses_percentage_2024_30k_5m.csv,10,Wages and Benefits / Salaires et avantages sociaux,wages_and_benefits_salaires_et_avantages_sociaux,expenses_pct,total_revenue,30k_5m
total_expenses_percentage_2024_30k_5m.csv,11,Quality Indicator / Indicateurs de qualité,quality_indicator_indicateurs_de_qualit_2,expenses_pct,total_revenue,30k_5m
total_expenses_percentage_2024_30k_5m.csv,12,Bottom Quartile Wages and Benefits / quart inférieur Salaires et avantages sociaux,bottom_quartile_wages_and_benefits_quart_inf_rieur_salaires_et_avantages_sociaux,expenses_pct,total_revenue,30k_5m
total_expenses_percentage_2024_30k_5m.csv,13,Lower Middle Wages and Benefits / 2e quart Salaires et avantages sociaux,lower_middle_wages_and_benefits_2e_quart_salaires_et_avantages_sociaux,expenses_pct,total_revenue,30k_5m
total_expenses_percentage_2024_30k_5m.csv,14,Upper Middle Wages and Benefits / 3e quart Salaires et avantages sociaux,upper_middle_wages_and_benefits_3e_quart_salaires_et_avantages_sociaux,expenses_pct,total_revenue,30k_5m
total_expenses_percentage_2024_30k_5m.csv,15,Top Quartile Wages and Benefits / Quart supérieur Salaires et avantages sociaux,top_quartile_wages_and_benefits_quart_sup_rieur_salaires_et_avantages_sociaux,expenses_pct,total_revenue,30k_5m
total_expenses_percentage_2024_30k_5m.csv,16,% of Businesses Reporting / % des entreprises déclarantes,of_businesses_reporting_des_entreprises_d_clarantes,expenses_pct,total_revenue,30k_5m
total_expenses_percentage_2024_30k_5m.csv,17,"Purchases, materials and sub-contracts / Achats, matériaux et sous-traitances",purchases_materials_and_sub_contracts_achats_mat_riaux_et_sous_traitances,expenses_pct,total_revenue,30k_5m
total_expenses_percentage_2024_30k_5m.csv,18,Quality Indicator / Indicateurs de qualité,quality_indicator_indicateurs_de_qualit_3,expenses_pct,total_revenue,30k_5m
total_expenses_percentage_2024_30k_5m.csv,19,"Bottom Quartile Purchases, materials and sub-contracts / Quart inférieurs Achats, matériaux et sous-traitances",bottom_quartile_purchases_materials_and_sub_contracts_quart_inf_rieurs_achats_mat_riaux_et_sous_traitances,expenses_pct,total_revenue,30k_5m
total_expenses_percentage_2024_30k_5m.csv,20,"Lower Middle Purchases, materials and sub-contracts / 2e quart Achats, matériaux et sous-traitances",lower_middle_purchases_materials_and_sub_contracts_2e_quart_achats_mat_riaux_et_sous_traitances,expenses_pct,total_revenue,30k_5m
total_expenses_percentage_2024_30k_5m.csv,21,"Upper Middle Purchases, materials and sub-contracts / 3e quart Achats, matériaux et sous-traitances",upper_middle_purchases_materials_and_sub_contracts_3e_quart_achats_mat_riaux_et_sous_traitances,expenses_pct,total_revenue,30k_5m
total_expenses_percentage_2024_30k_5m.csv,22,"Top Quartile Purchases, materials and sub-contracts / quart supérieurs Achats, matériaux et sous-traitances",top_quartile_purchases_materials_and_sub_contracts_quart_sup_rieurs_achats_mat_riaux_et_sous_traitances,expenses_pct,total_revenue,30k_5m
total_expenses_percentage_2024_30k_5m.csv,23,% of Businesses Reporting / % des entreprises déclarantes,of_businesses_reporting_des_entreprises_d_clarantes_2,expenses_pct,total_revenue,30k_5m
total_expenses_percentage_2024_30k_5m.csv,24,Opening Inventory / Stocks d'ouverture,opening_inventory_stocks_d_ouverture,expenses_pct,total_revenue,30k_5m
total_expenses_percentage_2024_30k_5m.csv,25,Quality Indicator / Indicateurs de qualité,quality_indicator_indicateurs_de_qualit_4,expenses_pct,total_revenue,30k_5m
total_expenses_percentage_2024_30k_5m.csv,26,Bottom Quartile Opening Inventory / Quart inférieurs Stocks d'ouverture,bottom_quartile_opening_inventory_quart_inf_rieurs_stocks_d_ouverture,expenses_pct,total_revenue,30k_5m
total_expenses_percentage_2024_30k_5m.csv,27,Lower Middle Opening Inventory / 2e quart Stocks d'ouverture,lower_middle_opening_inventory_2e_quart_stocks_d_ouverture,expenses_pct,total_revenue,30k_5m
total_expenses_percentage_2024_30k_5m.csv,28,Upper Middle Opening Inventory / 3e quart Stocks d'ouverture,upper_middle_opening_inventory_3e_quart_stocks_d_ouverture,expenses_pct,total_revenue,30k_5m
total_expenses_percentage_2024_30k_5m.csv,29,Top Quartile Opening Inventory / Quart supérieurs Stocks d'ouverture,top_quartile_opening_inventory_quart_sup_rieurs_stocks_d_ouverture,expenses_pct,total_revenue,30k_5m
total_expenses_percentage_2024_30k_5m.csv,30,% of Businesses Reporting / % des entreprises déclarantes,of_businesses_reporting_des_entreprises_d_clarantes_3,expenses_pct,total_revenue,30k_5m
total_expenses_percentage_2024_30k_5m.csv,31,Closing Inventory / Stock de fermeture,closing_inventory_stock_de_fermeture,expenses_pct,total_revenue,30k_5m
total_expenses_percentage_2024_30k_5m.csv,32,Quality Indicator / Indicateurs de qualité,quality_indicator_indicateurs_de_qualit_5,expenses_pct,total_revenue,30k_5m
total_expenses_percentage_2024_30k_5m.csv,33,Bottom Quartile Closing Inventory / Quart inférieurs Stock de fermeture,bottom_quartile_closing_inventory_quart_inf_rieurs_stock_de_fermeture,expenses_pct,total_revenue,30k_5m
total_expenses_percentage_2024_30k_5m.csv,34,Lower Middle Closing Inventory / 2e quart Stock de fermeture,lower_middle_closing_inventory_2e_quart_stock_de_fermeture,expenses_pct,total_revenue,30k_5m
total_expenses_percentage_2024_30k_5m.csv,35,Upper Middle Closing Inventory / 3e quart Stock de fermeture,upper_middle_closing_inventory_3e_quart_stock_de_fermeture,expenses_pct,total_revenue,30k_5m
total_expenses_percentage_2024_30k_5m.csv,36,Top Quartile Closing Inventory / Quart supérieurs Stock de fermeture,top_quartile_closing_inventory_quart_sup_rieurs_stock_de_fermeture,expenses_pct,total_revenue,30k_5m
total_expenses_percentage_2024_30k_5m.csv,37,% of Businesses Reporting / % des entreprises déclarantes,of_businesses_reporting_des_entreprises_d_clarantes_4,expenses_pct,total_revenue,30k_5m
total_expenses_percentage_2024_30k_5m.csv,38,Operating expenses (indirect)  / Dépenses d'exploitation (frais indirects),operating_expenses_indirect_d_penses_d_exploitation_frais_indirects,expenses_pct,total_revenue,30k_5m
total_expenses_percentage_2024_30k_5m.csv,39,Quality Indicator / Indicateurs de qualité,quality_indicator_indicateurs_de_qualit_6,expenses_pct,total_revenue,30k_5m
total_expenses_percentage_2024_30k_5m.csv,40,Bottom Quartile Operating Expenses (indirect) / Quart inférieurs Dépenses d'exploitation (frais indirects),bottom_quartile_operating_expenses_indirect_quart_inf_rieurs_d_penses_d_exploitation_frais_indirects,expenses_pct,total_revenue,30k_5m
total_expenses_percentage_2024_30k_5m.csv,41,Lower Middle Operating Expenses (indirect) / 2e Quart Dépenses d'exploitation (frais indirects),lower_middle_operating_expenses_indirect_2e_quart_d_penses_d_exploitation_frais_indirects,expenses_pct,total_revenue,30k_5m
total_expenses_percentage_2024_30k_5m.csv,42,Upper Middle Operating Expenses (indirect) / 3e quart Dépenses d'exploitation (frais indirects),upper_middle_operating_expenses_indirect_3e_quart_d_penses_d_exploitation_frais_indirects,expenses_pct,total_revenue,30k_5m
total_expenses_percentage_2024_30k_5m.csv,43,Top Quartile Operating Expenses (indirect) / Quart supérieur Dépenses d'exploitation (frais indirects),top_quartile_operating_expenses_indirect_quart_sup_rieur_d_penses_d_exploitation_frais_indirects,expenses_pct,total_revenue,30k_5m
total_expenses_percentage_2024_30k_5m.csv,44,% of Businesses Reporting / % des entreprises déclarantes,of_businesses_reporting_des_entreprises_d_clarantes_5,expenses_pct,total_revenue,30k_5m
total_expenses_percentage_2024_30k_5m.csv,45, / Labour and Commissions  / Traitements et commissions,labour_and_commissions_traitements_et_commissions,expenses_pct,total_revenue,30k_5m
total_expenses_percentage_2024_30k_5m.csv,46,Quality Indicator / Indicateurs de qualité,quality_indicator_indicateurs_de_qualit_7,expenses_pct,total_revenue,30k_5m
total_expenses_percentage_2024_30k_5m.csv,47,Bottom Quartile Labour and Commissions / Quart inférieur Traitements et commissions,bottom_quartile_labour_and_commissions_quart_inf_rieur_traitements_et_commissions,expenses_pct,total_revenue,30k_5m
total_expenses_percentage_2024_30k_5m.csv,48,Lower Middle Labour and Commissions / 2e quart Traitements et commissions,lower_middle_labour_and_commissions_2e_quart_traitements_et_commissions,expenses_pct,total_revenue,30k_5m
total_expenses_percentage_2024_30k_5m.csv,49,Upper Middle Labour and Commissions / 3e quart Traitements et commissions,upper_middle_labour_and_commissions_3e_quart_traitements_et_commissions,expenses_pct,total_revenue,30k_5m
total_expenses_percentage_2024_30k_5m.csv,50,Top Quartile Labour and Commissions / Quart supérieur Traitements et commissions,top_quartile_labour_and_commissions_quart_sup_rieur_traitements_et_commissions,expenses_pct,total_revenue,30k_5m
total_expenses_percentage_2024_30k_5m.csv,51,% of Businesses Reporting / % des entreprises déclarantes,of_businesses_reporting_des_entreprises_d_clarantes_6,expenses_pct,total_revenue,30k_5m
total_expenses_percentage_2024_30k_5m.csv,52,Amortization and depletion / Amortissement et tarissement,amortization_and_depletion_amortissement_et_tarissement,expenses_pct,total_revenue,30k_5m
total_expenses_percentage_2024_30k_5m.csv,53,Quality Indicator / Indicateurs de qualité,quality_indicator_indicateurs_de_qualit_8,expenses_pct,total_revenue,30k_5m
total_expenses_percentage_2024_30k_5m.csv,54,Bottom Quartile Amortization and depletion / Quart inférieur Amortissement et tarissement,bottom_quartile_amortization_and_depletion_quart_inf_rieur_amortissement_et_tarissement,expenses_pct,total_revenue,30k_5m
total_expenses_percentage_2024_30k_5m.csv,55,Lower Middle Amortization and depletion / 2e quart Amortissement et tarissement,lower_middle_amortization_and_depletion_2e_quart_amortissement_et_tarissement,expenses_pct,total_revenue,30k_5m
total_expenses_percentage_2024_30k_5m.csv,56,Upper Middle Amortization and depletion / 3e quart Amortissement et tarissement,upper_middle_amortization_and_depletion_3e_quart_amortissement_et_tarissement,expenses_pct,total_revenue,30k_5m
total_expenses_percentage_2024_30k_5m.csv,57,Top Quartile Amortization and depletion / Quart supérieur Amortissement et tarissement,top_quartile_amortization_and_depletion_quart_sup_rieur_amortissement_et_tarissement,expenses_pct,total_revenue,30k_5m
total_expenses_percentage_2024_30k_5m.csv,58,% of Businesses Reporting  / % des entreprises déclarantes,of_businesses_reporting_des_entreprises_d_clarantes_7,expenses_pct,total_revenue,30k_5m
total_expenses_percentage_2024_30k_5m.csv,59, /  / Repairs and maintenance  / Réparations et entretien,repairs_and_maintenance_r_parations_et_entretien,expenses_pct,total_revenue,30k_5m
total_expenses_percentage_2024_30k_5m.csv,60,Quality Indicator / Indicateurs de qualité,quality_indicator_indicateurs_de_qualit_9,expenses_pct,total_revenue,30k_5m
total_expenses_percentage_2024_30k_5m.csv,61,Bottom Quartile Repairs and maintenance / Quart inférieur Réparations et entretien,bottom_quartile_repairs_and_maintenance_quart_inf_rieur_r_parations_et_entretien,expenses_pct,total_revenue,30k_5m
total_expenses_percentage_2024_30k_5m.csv,62,Lower Middle Repairs and maintenance / 2e quart Réparations et entretien,lower_middle_repairs_and_maintenance_2e_quart_r_parations_et_entretien,expenses_pct,total_revenue,30k_5m
total_expenses_percentage_2024_30k_5m.csv,63,Upper Middle Repairs and maintenance / 3e quart Réparations et entretien,upper_middle_repairs_and_maintenance_3e_quart_r_parations_et_entretien,expenses_pct,total_revenue,30k_5m
total_expenses_percentage_2024_30k_5m.csv,64,Top Quartile Repairs and maintenance / Quart supérieur Réparations et entretien,top_quartile_repairs_and_maintenance_quart_sup_rieur_r_parations_et_entretien,expenses_pct,total_revenue,30k_5m
total_expenses_percentage_2024_30k_5m.csv,65,% of Businesses Reporting / % des entreprises déclarantes,of_businesses_reporting_des_entreprises_d_clarantes_8,expenses_pct,total_revenue,30k_5m
total_expenses_percentage_2024_30k_5m.csv,66,Utilities and telephone/telecommunication  / Services publics et téléphone / télécommunication,utilities_and_telephone,expenses_pct,total_revenue,30k_5m
total_expenses_percentage_2024_30k_5m.csv,67,Quality Indicator / Indicateurs de qualité,quality_indicator_indicateurs_de_qualit_10,expenses_pct,total_revenue,30k_5m
total_expenses_percentage_2024_30k_5m.csv,68,Bottom Quartile Utilities and telephone/telecommunication /  Quart inférieur Services publics et téléphone / télécommunication,bottom_quartile_utilities_and_telephone,expenses_pct,total_revenue,30k_5m
total_expenses_percentage_2024_30k_5m.csv,69,Lower Middle Utilities and telephone/telecommunication / 2e quart Services publics et téléphone / télécommunication,lower_middle_utilities_and_telephone,expenses_pct,total_revenue,30k_5m
total_expenses_percentage_2024_30k_5m.csv,70,Upper Middle Utilities and telephone/telecommunication / 3e quart Services publics et téléphone / télécommunication,upper_middle_utilities_and_telephone,expenses_pct,total_revenue,30k_5m
total_expenses_percentage_2024_30k_5m.csv,71,Top Quartile Utilities and telephone/telecommunication / Quart supérieur Services publics et téléphone / télécommunication,top_quartile_utilities_and_telephone,expenses_pct,total_revenue,30k_5m
total_expenses_percentage_2024_30k_5m.csv,72,% of Businesses Reporting / % des entreprises déclarantes,of_businesses_reporting_des_entreprises_d_clarantes_9,expenses_pct,total_revenue,30k_5m
total_expenses_percentage_2024_30k_5m.csv,73,Rent / Location,rent_location,expenses_pct,total_revenue,30k_5m
total_expenses_percentage_2024_30k_5m.csv,74,Quality Indicator / Indicateurs de qualité,quality_indicator_indicateurs_de_qualit_11,expenses_pct,total_revenue,30k_5m
total_expenses_percentage_2024_30k_5m.csv,75,Bottom Quartile Rent / Quart inférieur Location,bottom_quartile_rent_quart_inf_rieur_location,expenses_pct,total_revenue,30k_5m
total_expenses_percentage_2024_30k_5m.csv,76,Lower Middle Rent / 2e quart Location,lower_middle_rent_2e_quart_location,expenses_pct,total_revenue,30k_5m
total_expenses_percentage_2024_30k_5m.csv,77,Upper Middle Rent / 3e quart Location,upper_middle_rent_3e_quart_location,expenses_pct,total_revenue,30k_5m
total_expenses_percentage_2024_30k_5m.csv,78,Top Quartile Rent / Quart supérieur Location,top_quartile_rent_quart_sup_rieur_location,expenses_pct,total_revenue,30k_5m
total_expenses_percentage_2024_30k_5m.csv,79,% of Businesses Reporting / % des entreprises déclarantes,of_businesses_reporting_des_entreprises_d_clarantes_10,expenses_pct,total_revenue,30k_5m
total_expenses_percentage_2024_30k_5m.csv,80,Interest and bank charges / Intérêts et frais bancaires,interest_and_bank_charges_int_r_ts_et_frais_bancaires,expenses_pct,total_revenue,30k_5m
total_expenses_percentage_2024_30k_5m.csv,81,Quality Indicator / Indicateurs de qualité,quality_indicator_indicateurs_de_qualit_12,expenses_pct,total_revenue,30k_5m
total_expenses_percentage_2024_30k_5m.csv,82,Bottom Quartile Interest and bank charges / Quart inférieur Intérêts et frais bancaires,bottom_quartile_interest_and_bank_charges_quart_inf_rieur_int_r_ts_et_frais_bancaires,expenses_pct,total_revenue,30k_5m
total_expenses_percentage_2024_30k_5m.csv,83,Lower Middle Interest and bank charges / 2e quart Intérêts et frais bancaires,lower_middle_interest_and_bank_charges_2e_quart_int_r_ts_et_frais_bancaires,expenses_pct,total_revenue,30k_5m
total_expenses_percentage_2024_30k_5m.csv,84,Upper Middle Interest and bank charges / 3e quart Intérêts et frais bancaires,upper_middle_interest_and_bank_charges_3e_quart_int_r_ts_et_frais_bancaires,expenses_pct,total_revenue,30k_5m
total_expenses_percentage_2024_30k_5m.csv,85,Top Quartile Interest and bank charges / Quart supérieur Intérêts et frais bancaires,top_quartile_interest_and_bank_charges_quart_sup_rieur_int_r_ts_et_frais_bancaires,expenses_pct,total_revenue,30k_5m
total_expenses_percentage_2024_30k_5m.csv,86,% of Businesses Reporting /  % des entreprises déclarantes,of_businesses_reporting_des_entreprises_d_clarantes_11,expenses_pct,total_revenue,30k_5m
total_expenses_percentage_2024_30k_5m.csv,87,Professional and business fees / Intérêts et frais bancaires,professional_and_business_fees_int_r_ts_et_frais_bancaires,expenses_pct,total_revenue,30k_5m
total_expenses_percentage_2024_30k_5m.csv,88,Quality Indicator / Indicateurs de qualité,quality_indicator_indicateurs_de_qualit_13,expenses_pct,total_revenue,30k_5m
total_expenses_percentage_2024_30k_5m.csv,89,Bottom Quartile Professional and business fees / Quart inférieur Intérêts et frais bancaires,bottom_quartile_professional_and_business_fees_quart_inf_rieur_int_r_ts_et_frais_bancaires,expenses_pct,total_revenue,30k_5m
total_expenses_percentage_2024_30k_5m.csv,90,Lower Middle Professional and business fees / 2e quart Intérêts et frais bancaires,lower_middle_professional_and_business_fees_2e_quart_int_r_ts_et_frais_bancaires,expenses_pct,total_revenue,30k_5m
total_expenses_percentage_2024_30k_5m.csv,91,Upper Middle Professional and business fees / 3e quart Intérêts et frais bancaires,upper_middle_professional_and_business_fees_3e_quart_int_r_ts_et_frais_bancaires,expenses_pct,total_revenue,30k_5m
total_expenses_percentage_2024_30k_5m.csv,92,Top Quartile Professional and business fees / Quart supérieur Intérêts et frais bancaires,top_quartile_professional_and_business_fees_quart_sup_rieur_int_r_ts_et_frais_bancaires,expenses_pct,total_revenue,30k_5m
total_expenses_percentage_2024_30k_5m.csv,93,% of Businesses Reporting / % des entreprises déclarantes,of_businesses_reporting_des_entreprises_d_clarantes_12,expenses_pct,total_revenue,30k_5m
total_expenses_percentage_2024_30k_5m.csv,94,Advertising and promotion / Publicité et promotion,advertising_and_promotion_publicit_et_promotion,expenses_pct,total_revenue,30k_5m
total_expenses_percentage_2024_30k_5m.csv,95,Quality Indicator / Indicateurs de qualité,quality_indicator_indicateurs_de_qualit_14,expenses_pct,total_revenue,30k_5m
total_expenses_percentage_2024_30k_5m.csv,96,Bottom Quartile Advertising and promotion / Quart inférieur Publicité et promotion,bottom_quartile_advertising_and_promotion_quart_inf_rieur_publicit_et_promotion,expenses_pct,total_revenue,30k_5m
total_expenses_percentage_2024_30k_5m.csv,97,Lower Middle Advertising and promotion / 2e quart Publicité et promotion,lower_middle_advertising_and_promotion_2e_quart_publicit_et_promotion,expenses_pct,total_revenue,30k_5m
total_expenses_percentage_2024_30k_5m.csv,98,Upper Middle Advertising and promotion / 3e quart Publicité et promotion,upper_middle_advertising_and_promotion_3e_quart_publicit_et_promotion,expenses_pct,total_revenue,30k_5m
total_expenses_percentage_2024_30k_5m.csv,99,Top Quartile Advertising and promotion / Quart supérieur Publicité et promotion,top_quartile_advertising_and_promotion_quart_sup_rieur_publicit_et_promotion,expenses_pct,total_revenue,30k_5m
total_expenses_percentage_2024_30k_5m.csv,100,% of Businesses Reporting / % des entreprises déclarantes,of_businesses_reporting_des_entreprises_d_clarantes_13,expenses_pct,total_revenue,30k_5m
total_expenses_percentage_2024_30k_5m.csv,101,"Delivery, shipping and warehouse / Livraison, expédition et entreposage",delivery_shipping_and_warehouse_livraison_exp_dition_et_entreposage,expenses_pct,total_revenue,30k_5m
total_expenses_percentage_2024_30k_5m.csv,102,Quality Indicator / Indicateurs de qualité,quality_indicator_indicateurs_de_qualit_15,expenses_pct,total_revenue,30k_5m
total_expenses_percentage_2024_30k_5m.csv,103,"Bottom Quartile Delivery, shipping and warehouse expense / Quart inférieur Livraison, expédition et entreposage",bottom_quartile_delivery_shipping_and_warehouse_expense_quart_inf_rieur_livraison_exp_dition_et_entreposage,expenses_pct,total_revenue,30k_5m
total_expenses_percentage_2024_30k_5m.csv,104,"Lower Middle Delivery, shipping and warehouse expense / 2e quart Livraison, expédition et entreposage",lower_middle_delivery_shipping_and_warehouse_expense_2e_quart_livraison_exp_dition_et_entreposage,expenses_pct,total_revenue,30k_5m
total_expenses_percentage_2024_30k_5m.csv,105,"Upper Middle Delivery, shipping and warehouse expense / 3e quart Livraison, expédition et entreposage",upper_middle_delivery_shipping_and_warehouse_expense_3e_quart_livraison_exp_dition_et_entreposage,expenses_pct,total_revenue,30k_5m
total_expenses_percentage_2024_30k_5m.csv,106,"Top Quartile Delivery, shipping and warehouse expense / Quart supérieur Livraison, expédition et entreposage",top_quartile_delivery_shipping_and_warehouse_expense_quart_sup_rieur_livraison_exp_dition_et_entreposage,expenses_pct,total_revenue,30k_5m
total_expenses_percentage_2024_30k_5m.csv,107,% of Businesses Reporting / % des entreprises déclarantes,of_businesses_reporting_des_entreprises_d_clarantes_14,expenses_pct,total_revenue,30k_5m
total_expenses_percentage_2024_30k_5m.csv,108,Insurance / Assurances,insurance_assurances,expenses_pct,total_revenue,30k_5m
total_expenses_percentage_2024_30k_5m.csv,109,Quality Indicator / Indicateurs de qualité,quality_indicator_indicateurs_de_qualit_16,expenses_pct,total_revenue,30k_5m
total_expenses_percentage_2024_30k_5m.csv,110,Bottom Quartile Insurance / Quart inférieur Assurances,bottom_quartile_insurance_quart_inf_rieur_assurances,expenses_pct,total_revenue,30k_5m
total_expenses_percentage_2024_30k_5m.csv,111,Lower Middle Insurance / 2e quart Assurances,lower_middle_insurance_2e_quart_assurances,expenses_pct,total_revenue,30k_5m
total_expenses_percentage_2024_30k_5m.csv,112,Upper Middle Insurance / 3e quart Assurances,upper_middle_insurance_3e_quart_assurances,expenses_pct,total_revenue,30k_5m
total_expenses_percentage_2024_30k_5m.csv,113,Top Quartile Insurance / Quart supérieur Assurances,top_quartile_insurance_quart_sup_rieur_assurances,expenses_pct,total_revenue,30k_5m
total_expenses_percentage_2024_30k_5m.csv,114,% of Businesses Reporting / % des entreprises déclarantes,of_businesses_reporting_des_entreprises_d_clarantes_15,expenses_pct,total_revenue,30k_5m
total_expenses_percentage_2024_30k_5m.csv,115,Other expenses / Autres dépenses,other_expenses_autres_d_penses,expenses_pct,total_revenue,30k_5m
total_expenses_percentage_2024_30k_5m.csv,116,Quality Indicator / Indicateurs de qualité,quality_indicator_indicateurs_de_qualit_17,expenses_pct,total_revenue,30k_5m
total_expenses_percentage_2024_30k_5m.csv,117,Bottom Quartile Other expenses / Quart infoerieur Autres dépenses,bottom_quartile_other_expenses_quart_infoerieur_autres_d_penses,expenses_pct,total_revenue,30k_5m
total_expenses_percentage_2024_30k_5m.csv,118,Lower Middle Other expenses / 2e quart Autres dépenses,lower_middle_other_expenses_2e_quart_autres_d_penses,expenses_pct,total_revenue,30k_5m
total_expenses_percentage_2024_30k_5m.csv,119,Upper Middle Other expenses / 3e quart Autres dépenses,upper_middle_other_expenses_3e_quart_autres_d_penses,expenses_pct,total_revenue,30k_5m
total_expenses_percentage_2024_30k_5m.csv,120,Top Quartile Other expenses / Quart supérieur Autres dépenses,top_quartile_other_expenses_quart_sup_rieur_autres_d_penses,expenses_pct,total_revenue,30k_5m
total_expenses_percentage_2024_30k_5m.csv,121,% of Businesses Reporting / % des entreprises déclarantes,of_businesses_reporting_des_entreprises_d_clarantes_16,expenses_pct,total_revenue,30k_5m
total_expenses_percentage_2024_30k_5m.csv,122,Total expenses / Dépenses totales,total_expenses_d_penses_totales,expenses_pct,total_revenue,30k_5m
total_expenses_percentage_2024_30k_5m.csv,123,Quality Indicator / Indicateurs de qualité,quality_indicator_indicateurs_de_qualit_18,expenses_pct,total_revenue,30k_5m
total_expenses_percentage_2024_30k_5m.csv,124,Bottom Quartile Total expenses / quart inférieur Dépenses totales,bottom_quartile_total_expenses_quart_inf_rieur_d_penses_totales,expenses_pct,total_revenue,30k_5m
total_expenses_percentage_2024_30k_5m.csv,125,Lower Middle Total expenses / 2e quart Dépenses totales,lower_middle_total_expenses_2e_quart_d_penses_totales,expenses_pct,total_revenue,30k_5m
total_expenses_percentage_2024_30k_5m.csv,126,Upper Middle Total expenses / 3e quart Dépenses totales,upper_middle_total_expenses_3e_quart_d_penses_totales,expenses_pct,total_revenue,30k_5m
total_expenses_percentage_2024_30k_5m.csv,127,Top Quartile Total expenses / Quart supérieur,top_quartile_total_expenses_quart_sup_rieur,expenses_pct,total_revenue,30k_5m
total_expenses_percentage_2024_30k_5m.csv,128,% of Businesses Reporting / % des entreprises déclarantes,of_businesses_reporting_des_entreprises_d_clarantes_17,expenses_pct,total_revenue,30k_5m
total_expenses_percentage_2024_30k_5m.csv,129,Net Profit/Loss / Bénéfice/perte net,net_profit,expenses_pct,total_revenue,30k_5m
total_expenses_percentage_2024_30k_5m.csv,130,Quality Indicator / Indicateurs de qualité,quality_indicator_indicateurs_de_qualit_19,expenses_pct,total_revenue,30k_5m
total_expenses_percentage_2024_30k_5m.csv,131,Bottom Quartile Net Profit/Loss / quart inférieur Bénéfice/perte net,bottom_quartile_net_profit,expenses_pct,total_revenue,30k_5m
total_expenses_percentage_2024_30k_5m.csv,132,Lower Middle Net Profit/Loss / 2e quart Bénéfice/perte net,lower_middle_net_profit,expenses_pct,total_revenue,30k_5m
total_expenses_percentage_2024_30k_5m.csv,133,Upper Middle Net Profit/Loss / 3e quart Bénéfice/perte net,upper_middle_net_profit,expenses_pct,total_revenue,30k_5m
total_expenses_percentage_2024_30k_5m.csv,134,Top Quartile Net Profit/Loss / Quart supérieur Bénéfice/perte net,top_quartile_net_profit,expenses_pct,total_revenue,30k_5m
total_expenses_percentage_2024_30k_5m.csv,135,% of Businesses Reporting / % des entreprises déclarantes,of_businesses_reporting_des_entreprises_d_clarantes_18,expenses_pct,total_revenue,30k_5m
total_expenses_percentage_2024_30k_5m.csv,136,Year / Année,year_ann_e,expenses_pct,total_revenue,30k_5m
total_expenses_value_2024_30k_5m.csv,0,Incorporation Status /  / Etat d'incorporation,incorporation_status_etat_d_incorporation,expenses_value,total_revenue,30k_5m
total_expenses_value_2024_30k_5m.csv,1,Naics code /  / Code Scian,naics_code_code_scian,expenses_value,total_revenue,30k_5m
total_expenses_value_2024_30k_5m.csv,2,Province/Canada / ,province,expenses_value,total_revenue,30k_5m
total_expenses_value_2024_30k_5m.csv,3,Cost of Sales (direct expenses) / Coût de ventes (frais direct),cost_of_sales_direct_expenses_co_t_de_ventes_frais_direct,expenses_value,total_revenue,30k_5m
total_expenses_value_2024_30k_5m.csv,4,Quality Indicator / Indicateurs de qualité,quality_indicator_indicateurs_de_qualit,expenses_value,total_revenue,30k_5m
total_expenses_value_2024_30k_5m.csv,5,Bottom Quartile Cost of Sales / Quart inférieur Coût de ventes (frais direct),bottom_quartile_cost_of_sales_quart_inf_rieur_co_t_de_ventes_frais_direct,expenses_value,total_revenue,30k_5m
total_expenses_value_2024_30k_5m.csv,6,Lower Middle Cost of Sales / 2e quart Coût de ventes (frais direct),lower_middle_cost_of_sales_2e_quart_co_t_de_ventes_frais_direct,expenses_value,total_revenue,30k_5m
total_expenses_value_2024_30k_5m.csv,7,Upper Middle cost of Sales / 3e quart Coût de ventes (frais direct),upper_middle_cost_of_sales_3e_quart_co_t_de_ventes_frais_direct,expenses_value,total_revenue,30k_5m
total_expenses_value_2024_30k_5m.csv,8,Top Quartile Cost of Sales / Quart supérieur Coût de ventes (frais direct),top_quartile_cost_of_sales_quart_sup_rieur_co_t_de_ventes_frais_direct,expenses_value,total_revenue,30k_5m
total_expenses_value_2024_30k_5m.csv,9,% of Businesses Reporting / % des entreprises déclarantes Coût de ventes (frais direct),of_businesses_reporting_des_entreprises_d_clarantes_co_t_de_ventes_frais_direct,expenses_value,total_revenue,30k_5m
total_expenses_value_2024_30k_5m.csv,10,Wages and Benefits / Salaires et avantages sociaux,wages_and_benefits_salaires_et_avantages_sociaux,expenses_value,total_revenue,30k_5m
total_expenses_value_2024_30k_5m.csv,11,Quality Indicator / Indicateurs de qualité,quality_indicator_indicateurs_de_qualit_2,expenses_value,total_revenue,30k_5m
total_expenses_value_2024_30k_5m.csv,12,Bottom Quartile Wages and Benefits / quart inférieur Salaires et avantages sociaux,bottom_quartile_wages_and_benefits_quart_inf_rieur_salaires_et_avantages_sociaux,expenses_value,total_revenue,30k_5m
total_expenses_value_2024_30k_5m.csv,13,Lower Middle Wages and Benefits / 2e quart Salaires et avantages sociaux,lower_middle_wages_and_benefits_2e_quart_salaires_et_avantages_sociaux,expenses_value,total_revenue,30k_5m
total_expenses_value_2024_30k_5m.csv,14,Upper Middle Wages and Benefits / 3e quart Salaires et avantages sociaux,upper_middle_wages_and_benefits_3e_quart_salaires_et_avantages_sociaux,expenses_value,total_revenue,30k_5m
total_expenses_value_2024_30k_5m.csv,15,Top Quartile Wages and Benefits / Quart supérieur Salaires et avantages sociaux,top_quartile_wages_and_benefits_quart_sup_rieur_salaires_et_avantages_sociaux,expenses_value,total_revenue,30k_5m
total_expenses_value_2024_30k_5m.csv,16,% of Businesses Reporting / % des entreprises déclarantes,of_businesses_reporting_des_entreprises_d_clarantes,expenses_value,total_revenue,30k_5m
total_expenses_value_2024_30k_5m.csv,17,"Purchases, materials and sub-contracts / Achats, matériaux et sous-traitances",purchases_materials_and_sub_contracts_achats_mat_riaux_et_sous_traitances,expenses_value,total_revenue,30k_5m
total_expenses_value_2024_30k_5m.csv,18,Quality Indicator / Indicateurs de qualité,quality_indicator_indicateurs_de_qualit_3,expenses_value,total_revenue,30k_5m
total_expenses_value_2024_30k_5m.csv,19,"Bottom Quartile Purchases, materials and sub-contracts / Quart inférieurs Achats, matériaux et sous-traitances",bottom_quartile_purchases_materials_and_sub_contracts_quart_inf_rieurs_achats_mat_riaux_et_sous_traitances,expenses_value,total_revenue,30k_5m
total_expenses_value_2024_30k_5m.csv,20,"Lower Middle Purchases, materials and sub-contracts / 2e quart Achats, matériaux et sous-traitances",lower_middle_purchases_materials_and_sub_contracts_2e_quart_achats_mat_riaux_et_sous_traitances,expenses_value,total_revenue,30k_5m
total_expenses_value_2024_30k_5m.csv,21,"Upper Middle Purchases, materials and sub-contracts / 3e quart Achats, matériaux et sous-traitances",upper_middle_purchases_materials_and_sub_contracts_3e_quart_achats_mat_riaux_et_sous_traitances,expenses_value,total_revenue,30k_5m
total_expenses_value_2024_30k_5m.csv,22,"Top Quartile Purchases, materials and sub-contracts / quart supérieurs Achats, matériaux et sous-traitances",top_quartile_purchases_materials_and_sub_contracts_quart_sup_rieurs_achats_mat_riaux_et_sous_traitances,expenses_value,total_revenue,30k_5m
total_expenses_value_2024_30k_5m.csv,23,% of Businesses Reporting / % des entreprises déclarantes,of_businesses_reporting_des_entreprises_d_clarantes_2,expenses_value,total_revenue,30k_5m
total_expenses_value_2024_30k_5m.csv,24,Opening Inventory / Stocks d'ouverture,opening_inventory_stocks_d_ouverture,expenses_value,total_revenue,30k_5m
total_expenses_value_2024_30k_5m.csv,25,Quality Indicator / Indicateurs de qualité,quality_indicator_indicateurs_de_qualit_4,expenses_value,total_revenue,30k_5m
total_expenses_value_2024_30k_5m.csv,26,Bottom Quartile Opening Inventory / Quart inférieurs Stocks d'ouverture,bottom_quartile_opening_inventory_quart_inf_rieurs_stocks_d_ouverture,expenses_value,total_revenue,30k_5m
total_expenses_value_2024_30k_5m.csv,27,Lower Middle Opening Inventory / 2e quart Stocks d'ouverture,lower_middle_opening_inventory_2e_quart_stocks_d_ouverture,expenses_value,total_revenue,30k_5m
total_expenses_value_2024_30k_5m.csv,28,Upper Middle Opening Inventory / 3e quart Stocks d'ouverture,upper_middle_opening_inventory_3e_quart_stocks_d_ouverture,expenses_value,total_revenue,30k_5m
total_expenses_value_2024_30k_5m.csv,29,Top Quartile Opening Inventory / Quart supérieurs Stocks d'ouverture,top_quartile_opening_inventory_quart_sup_rieurs_stocks_d_ouverture,expenses_value,total_revenue,30k_5m
total_expenses_value_2024_30k_5m.csv,30,% of Businesses Reporting / % des entreprises déclarantes,of_businesses_reporting_des_entreprises_d_clarantes_3,expenses_value,total_revenue,30k_5m
total_expenses_value_2024_30k_5m.csv,31,Closing Inventory / Stock de fermeture,closing_inventory_stock_de_fermeture,expenses_value,total_revenue,30k_5m
total_expenses_value_2024_30k_5m.csv,32,Quality Indicator / Indicateurs de qualité,quality_indicator_indicateurs_de_qualit_5,expenses_value,total_revenue,30k_5m
total_expenses_value_2024_30k_5m.csv,33,Bottom Quartile Closing Inventory / Quart inférieurs Stock de fermeture,bottom_quartile_closing_inventory_quart_inf_rieurs_stock_de_fermeture,expenses_value,total_revenue,30k_5m
total_expenses_value_2024_30k_5m.csv,34,Lower Middle Closing Inventory / 2e quart Stock de fermeture,lower_middle_closing_inventory_2e_quart_stock_de_fermeture,expenses_value,total_revenue,30k_5m
total_expenses_value_2024_30k_5m.csv,35,Upper Middle Closing Inventory / 3e quart Stock de fermeture,upper_middle_closing_inventory_3e_quart_stock_de_fermeture,expenses_value,total_revenue,30k_5m
total_expenses_value_2024_30k_5m.csv,36,Top Quartile Closing Inventory / Quart supérieurs Stock de fermeture,top_quartile_closing_inventory_quart_sup_rieurs_stock_de_fermeture,expenses_value,total_revenue,30k_5m
total_expenses_value_2024_30k_5m.csv,37,% of Businesses Reporting / % des entreprises déclarantes,of_businesses_reporting_des_entreprises_d_clarantes_4,expenses_value,total_revenue,30k_5m
total_expenses_value_2024_30k_5m.csv,38,Operating expenses (indirect)  / Dépenses d'exploitation (frais indirects),operating_expenses_indirect_d_penses_d_exploitation_frais_indirects,expenses_value,total_revenue,30k_5m
total_expenses_value_2024_30k_5m.csv,39,Quality Indicator / Indicateurs de qualité,quality_indicator_indicateurs_de_qualit_6,expenses_value,total_revenue,30k_5m
total_expenses_value_2024_30k_5m.csv,40,Bottom Quartile Operating Expenses (indirect) / Quart inférieurs Dépenses d'exploitation (frais indirects),bottom_quartile_operating_expenses_indirect_quart_inf_rieurs_d_penses_d_exploitation_frais_indirects,expenses_value,total_revenue,30k_5m
total_expenses_value_2024_30k_5m.csv,41,Lower Middle Operating Expenses (indirect) / 2e Quart Dépenses d'exploitation (frais indirects),lower_middle_operating_expenses_indirect_2e_quart_d_penses_d_exploitation_frais_indirects,expenses_value,total_revenue,30k_5m
total_expenses_value_2024_30k_5m.csv,42,Upper Middle Operating Expenses (indirect) / 3e quart Dépenses d'exploitation (frais indirects),upper_middle_operating_expenses_indirect_3e_quart_d_penses_d_exploitation_frais_indirects,expenses_value,total_revenue,30k_5m
total_expenses_value_2024_30k_5m.csv,43,Top Quartile Operating Expenses (indirect) / Quart supérieur Dépenses d'exploitation (frais indirects),top_quartile_operating_expenses_indirect_quart_sup_rieur_d_penses_d_exploitation_frais_indirects,expenses_value,total_revenue,30k_5m
total_expenses_value_2024_30k_5m.csv,44,% of Businesses Reporting / % des entreprises déclarantes,of_businesses_reporting_des_entreprises_d_clarantes_5,expenses_value,total_revenue,30k_5m
total_expenses_value_2024_30k_5m.csv,45, / Labour and Commissions  / Traitements et commissions,labour_and_commissions_traitements_et_commissions,expenses_value,total_revenue,30k_5m
total_expenses_value_2024_30k_5m.csv,46,Quality Indicator / Indicateurs de qualité,quality_indicator_indicateurs_de_qualit_7,expenses_value,total_revenue,30k_5m
total_expenses_value_2024_30k_5m.csv,47,Bottom Quartile Labour and Commissions / Quart inférieur Traitements et commissions,bottom_quartile_labour_and_commissions_quart_inf_rieur_traitements_et_commissions,expenses_value,total_revenue,30k_5m
total_expenses_value_2024_30k_5m.csv,48,Lower Middle Labour and Commissions / 2e quart Traitements et commissions,lower_middle_labour_and_commissions_2e_quart_traitements_et_commissions,expenses_value,total_revenue,30k_5m
total_expenses_value_2024_30k_5m.csv,49,Upper Middle Labour and Commissions / 3e quart Traitements et commissions,upper_middle_labour_and_commissions_3e_quart_traitements_et_commissions,expenses_value,total_revenue,30k_5m
total_expenses_value_2024_30k_5m.csv,50,Top Quartile Labour and Commissions / Quart supérieur Traitements et commissions,top_quartile_labour_and_commissions_quart_sup_rieur_traitements_et_commissions,expenses_value,total_revenue,30k_5m
total_expenses_value_2024_30k_5m.csv,51,% of Businesses Reporting / % des entreprises déclarantes,of_businesses_reporting_des_entreprises_d_clarantes_6,expenses_value,total_revenue,30k_5m
total_expenses_value_2024_30k_5m.csv,52,Amortization and depletion / Amortissement et tarissement,amortization_and_depletion_amortissement_et_tarissement,expenses_value,total_revenue,30k_5m
total_expenses_value_2024_30k_5m.csv,53,Quality Indicator / Indicateurs de qualité,quality_indicator_indicateurs_de_qualit_8,expenses_value,total_revenue,30k_5m
total_expenses_value_2024_30k_5m.csv,54,Bottom Quartile Amortization and depletion / Quart inférieur Amortissement et tarissement,bottom_quartile_amortization_and_depletion_quart_inf_rieur_amortissement_et_tarissement,expenses_value,total_revenue,30k_5m
total_expenses_value_2024_30k_5m.csv,55,Lower Middle Amortization and depletion / 2e quart Amortissement et tarissement,lower_middle_amortization_and_depletion_2e_quart_amortissement_et_tarissement,expenses_value,total_revenue,30k_5m
total_expenses_value_2024_30k_5m.csv,56,Upper Middle Amortization and depletion / 3e quart Amortissement et tarissement,upper_middle_amortization_and_depletion_3e_quart_amortissement_et_tarissement,expenses_value,total_revenue,30k_5m
total_expenses_value_2024_30k_5m.csv,57,Top Quartile Amortization and depletion / Quart supérieur Amortissement et tarissement,top_quartile_amortization_and_depletion_quart_sup_rieur_amortissement_et_tarissement,expenses_value,total_revenue,30k_5m
total_expenses_value_2024_30k_5m.csv,58,% of Businesses Reporting  / % des entreprises déclarantes,of_businesses_reporting_des_entreprises_d_clarantes_7,expenses_value,total_revenue,30k_5m
total_expenses_value_2024_30k_5m.csv,59, /  / Repairs and maintenance  / Réparations et entretien,repairs_and_maintenance_r_parations_et_entretien,expenses_value,total_revenue,30k_5m
total_expenses_value_2024_30k_5m.csv,60,Quality Indicator / Indicateurs de qualité,quality_indicator_indicateurs_de_qualit_9,expenses_value,total_revenue,30k_5m
total_expenses_value_2024_30k_5m.csv,61,Bottom Quartile Repairs and maintenance / Quart inférieur Réparations et entretien,bottom_quartile_repairs_and_maintenance_quart_inf_rieur_r_parations_et_entretien,expenses_value,total_revenue,30k_5m
total_expenses_value_2024_30k_5m.csv,62,Lower Middle Repairs and maintenance / 2e quart Réparations et entretien,lower_middle_repairs_and_maintenance_2e_quart_r_parations_et_entretien,expenses_value,total_revenue,30k_5m
total_expenses_value_2024_30k_5m.csv,63,Upper Middle Repairs and maintenance / 3e quart Réparations et entretien,upper_middle_repairs_and_maintenance_3e_quart_r_parations_et_entretien,expenses_value,total_revenue,30k_5m
total_expenses_value_2024_30k_5m.csv,64,Top Quartile Repairs and maintenance / Quart supérieur Réparations et entretien,top_quartile_repairs_and_maintenance_quart_sup_rieur_r_parations_et_entretien,expenses_value,total_revenue,30k_5m
total_expenses_value_2024_30k_5m.csv,65,% of Businesses Reporting / % des entreprises déclarantes,of_businesses_reporting_des_entreprises_d_clarantes_8,expenses_value,total_revenue,30k_5m
total_expenses_value_2024_30k_5m.csv,66,Utilities and telephone/telecommunication  / Services publics et téléphone / télécommunication,utilities_and_telephone,expenses_value,total_revenue,30k_5m
total_expenses_value_2024_30k_5m.csv,67,Quality Indicator / Indicateurs de qualité,quality_indicator_indicateurs_de_qualit_10,expenses_value,total_revenue,30k_5m
total_expenses_value_2024_30k_5m.csv,68,Bottom Quartile Utilities and telephone/telecommunication /  Quart inférieur Services publics et téléphone / télécommunication,bottom_quartile_utilities_and_telephone,expenses_value,total_revenue,30k_5m
total_expenses_value_2024_30k_5m.csv,69,Lower Middle Utilities and telephone/telecommunication / 2e quart Services publics et téléphone / télécommunication,lower_middle_utilities_and_telephone,expenses_value,total_revenue,30k_5m
total_expenses_value_2024_30k_5m.csv,70,Upper Middle Utilities and telephone/telecommunication / 3e quart Services publics et téléphone / télécommunication,upper_middle_utilities_and_telephone,expenses_value,total_revenue,30k_5m
total_expenses_value_2024_30k_5m.csv,71,Top Quartile Utilities and telephone/telecommunication / Quart supérieur Services publics et téléphone / télécommunication,top_quartile_utilities_and_telephone,expenses_value,total_revenue,30k_5m
total_expenses_value_2024_30k_5m.csv,72,% of Businesses Reporting / % des entreprises déclarantes,of_businesses_reporting_des_entreprises_d_clarantes_9,expenses_value,total_revenue,30k_5m
total_expenses_value_2024_30k_5m.csv,73,Rent / Location,rent_location,expenses_value,total_revenue,30k_5m
total_expenses_value_2024_30k_5m.csv,74,Quality Indicator / Indicateurs de qualité,quality_indicator_indicateurs_de_qualit_11,expenses_value,total_revenue,30k_5m
total_expenses_value_2024_30k_5m.csv,75,Bottom Quartile Rent / Quart inférieur Location,bottom_quartile_rent_quart_inf_rieur_location,expenses_value,total_revenue,30k_5m
total_expenses_value_2024_30k_5m.csv,76,Lower Middle Rent / 2e quart Location,lower_middle_rent_2e_quart_location,expenses_value,total_revenue,30k_5m
total_expenses_value_2024_30k_5m.csv,77,Upper Middle Rent / 3e quart Location,upper_middle_rent_3e_quart_location,expenses_value,total_revenue,30k_5m
total_expenses_value_2024_30k_5m.csv,78,Top Quartile Rent / Quart supérieur Location,top_quartile_rent_quart_sup_rieur_location,expenses_value,total_revenue,30k_5m
total_expenses_value_2024_30k_5m.csv,79,% of Businesses Reporting / % des entreprises déclarantes,of_businesses_reporting_des_entreprises_d_clarantes_10,expenses_value,total_revenue,30k_5m
total_expenses_value_2024_30k_5m.csv,80,Interest and bank charges / Intérêts et frais bancaires,interest_and_bank_charges_int_r_ts_et_frais_bancaires,expenses_value,total_revenue,30k_5m
total_expenses_value_2024_30k_5m.csv,81,Quality Indicator / Indicateurs de qualité,quality_indicator_indicateurs_de_qualit_12,expenses_value,total_revenue,30k_5m
total_expenses_value_2024_30k_5m.csv,82,Bottom Quartile Interest and bank charges / Quart inférieur Intérêts et frais bancaires,bottom_quartile_interest_and_bank_charges_quart_inf_rieur_int_r_ts_et_frais_bancaires,expenses_value,total_revenue,30k_5m
total_expenses_value_2024_30k_5m.csv,83,Lower Middle Interest and bank charges / 2e quart Intérêts et frais bancaires,lower_middle_interest_and_bank_charges_2e_quart_int_r_ts_et_frais_bancaires,expenses_value,total_revenue,30k_5m
total_expenses_value_2024_30k_5m.csv,84,Upper Middle Interest and bank charges / 3e quart Intérêts et frais bancaires,upper_middle_interest_and_bank_charges_3e_quart_int_r_ts_et_frais_bancaires,expenses_value,total_revenue,30k_5m
total_expenses_value_2024_30k_5m.csv,85,Top Quartile Interest and bank charges / Quart supérieur Intérêts et frais bancaires,top_quartile_interest_and_bank_charges_quart_sup_rieur_int_r_ts_et_frais_bancaires,expenses_value,total_revenue,30k_5m
total_expenses_value_2024_30k_5m.csv,86,% of Businesses Reporting /  % des entreprises déclarantes,of_businesses_reporting_des_entreprises_d_clarantes_11,expenses_value,total_revenue,30k_5m
total_expenses_value_2024_30k_5m.csv,87,Professional and business fees / Intérêts et frais bancaires,professional_and_business_fees_int_r_ts_et_frais_bancaires,expenses_value,total_revenue,30k_5m
total_expenses_value_2024_30k_5m.csv,88,Quality Indicator / Indicateurs de qualité,quality_indicator_indicateurs_de_qualit_13,expenses_value,total_revenue,30k_5m
total_expenses_value_2024_30k_5m.csv,89,Bottom Quartile Professional and business fees / Quart inférieur Intérêts et frais bancaires,bottom_quartile_professional_and_business_fees_quart_inf_rieur_int_r_ts_et_frais_bancaires,expenses_value,total_revenue,30k_5m
total_expenses_value_2024_30k_5m.csv,90,Lower Middle Professional and business fees / 2e quart Intérêts et frais bancaires,lower_middle_professional_and_business_fees_2e_quart_int_r_ts_et_frais_bancaires,expenses_value,total_revenue,30k_5m
total_expenses_value_2024_30k_5m.csv,91,Upper Middle Professional and business fees / 3e quart Intérêts et frais bancaires,upper_middle_professional_and_business_fees_3e_quart_int_r_ts_et_frais_bancaires,expenses_value,total_revenue,30k_5m
total_expenses_value_2024_30k_5m.csv,92,Top Quartile Professional and business fees / Quart supérieur Intérêts et frais bancaires,top_quartile_professional_and_business_fees_quart_sup_rieur_int_r_ts_et_frais_bancaires,expenses_value,total_revenue,30k_5m
total_expenses_value_2024_30k_5m.csv,93,% of Businesses Reporting / % des entreprises déclarantes,of_businesses_reporting_des_entreprises_d_clarantes_12,expenses_value,total_revenue,30k_5m
total_expenses_value_2024_30k_5m.csv,94,Advertising and promotion / Publicité et promotion,advertising_and_promotion_publicit_et_promotion,expenses_value,total_revenue,30k_5m
total_expenses_value_2024_30k_5m.csv,95,Quality Indicator / Indicateurs de qualité,quality_indicator_indicateurs_de_qualit_14,expenses_value,total_revenue,30k_5m
total_expenses_value_2024_30k_5m.csv,96,Bottom Quartile Advertising and promotion / Quart inférieur Publicité et promotion,bottom_quartile_advertising_and_promotion_quart_inf_rieur_publicit_et_promotion,expenses_value,total_revenue,30k_5m
total_expenses_value_2024_30k_5m.csv,97,Lower Middle Advertising and promotion / 2e quart Publicité et promotion,lower_middle_advertising_and_promotion_2e_quart_publicit_et_promotion,expenses_value,total_revenue,30k_5m
total_expenses_value_2024_30k_5m.csv,98,Upper Middle Advertising and promotion / 3e quart Publicité et promotion,upper_middle_advertising_and_promotion_3e_quart_publicit_et_promotion,expenses_value,total_revenue,30k_5m
total_expenses_value_2024_30k_5m.csv,99,Top Quartile Advertising and promotion / Quart supérieur Publicité et promotion,top_quartile_advertising_and_promotion_quart_sup_rieur_publicit_et_promotion,expenses_value,total_revenue,30k_5m
total_expenses_value_2024_30k_5m.csv,100,% of Businesses Reporting / % des entreprises déclarantes,of_businesses_reporting_des_entreprises_d_clarantes_13,expenses_value,total_revenue,30k_5m
total_expenses_value_2024_30k_5m.csv,101,"Delivery, shipping and warehouse / Livraison, expédition et entreposage",delivery_shipping_and_warehouse_livraison_exp_dition_et_entreposage,expenses_value,total_revenue,30k_5m
total_expenses_value_2024_30k_5m.csv,102,Quality Indicator / Indicateurs de qualité,quality_indicator_indicateurs_de_qualit_15,expenses_value,total_revenue,30k_5m
total_expenses_value_2024_30k_5m.csv,103,"Bottom Quartile Delivery, shipping and warehouse expense / Quart inférieur Livraison, expédition et entreposage",bottom_quartile_delivery_shipping_and_warehouse_expense_quart_inf_rieur_livraison_exp_dition_et_entreposage,expenses_value,total_revenue,30k_5m
total_expenses_value_2024_30k_5m.csv,104,"Lower Middle Delivery, shipping and warehouse expense / 2e quart Livraison, expédition et entreposage",lower_middle_delivery_shipping_and_warehouse_expense_2e_quart_livraison_exp_dition_et_entreposage,expenses_value,total_revenue,30k_5m
total_expenses_value_2024_30k_5m.csv,105,"Upper Middle Delivery, shipping and warehouse expense / 3e quart Livraison, expédition et entreposage",upper_middle_delivery_shipping_and_warehouse_expense_3e_quart_livraison_exp_dition_et_entreposage,expenses_value,total_revenue,30k_5m
total_expenses_value_2024_30k_5m.csv,106,"Top Quartile Delivery, shipping and warehouse expense / Quart supérieur Livraison, expédition et entreposage",top_quartile_delivery_shipping_and_warehouse_expense_quart_sup_rieur_livraison_exp_dition_et_entreposage,expenses_value,total_revenue,30k_5m
total_expenses_value_2024_30k_5m.csv,107,% of Businesses Reporting / % des entreprises déclarantes,of_businesses_reporting_des_entreprises_d_clarantes_14,expenses_value,total_revenue,30k_5m
total_expenses_value_2024_30k_5m.csv,108,Insurance / Assurances,insurance_assurances,expenses_value,total_revenue,30k_5m
total_expenses_value_2024_30k_5m.csv,109,Quality Indicator / Indicateurs de qualité,quality_indicator_indicateurs_de_qualit_16,expenses_value,total_revenue,30k_5m
total_expenses_value_2024_30k_5m.csv,110,Bottom Quartile Insurance / Quart inférieur Assurances,bottom_quartile_insurance_quart_inf_rieur_assurances,expenses_value,total_revenue,30k_5m
total_expenses_value_2024_30k_5m.csv,111,Lower Middle Insurance / 2e quart Assurances,lower_middle_insurance_2e_quart_assurances,expenses_value,total_revenue,30k_5m
total_expenses_value_2024_30k_5m.csv,112,Upper Middle Insurance / 3e quart Assurances,upper_middle_insurance_3e_quart_assurances,expenses_value,total_revenue,30k_5m
total_expenses_value_2024_30k_5m.csv,113,Top Quartile Insurance / Quart supérieur Assurances,top_quartile_insurance_quart_sup_rieur_assurances,expenses_value,total_revenue,30k_5m
total_expenses_value_2024_30k_5m.csv,114,% of Businesses Reporting / % des entreprises déclarantes,of_businesses_reporting_des_entreprises_d_clarantes_15,expenses_value,total_revenue,30k_5m
total_expenses_value_2024_30k_5m.csv,115,Other expenses / Autres dépenses,other_expenses_autres_d_penses,expenses_value,total_revenue,30k_5m
total_expenses_value_2024_30k_5m.csv,116,Quality Indicator / Indicateurs de qualité,quality_indicator_indicateurs_de_qualit_17,expenses_value,total_revenue,30k_5m
total_expenses_value_2024_30k_5m.csv,117,Bottom Quartile Other expenses / Quart infoerieur Autres dépenses,bottom_quartile_other_expenses_quart_infoerieur_autres_d_penses,expenses_value,total_revenue,30k_5m
total_expenses_value_2024_30k_5m.csv,118,Lower Middle Other expenses / 2e quart Autres dépenses,lower_middle_other_expenses_2e_quart_autres_d_penses,expenses_value,total_revenue,30k_5m
total_expenses_value_2024_30k_5m.csv,119,Upper Middle Other expenses / 3e quart Autres dépenses,upper_middle_other_expenses_3e_quart_autres_d_penses,expenses_value,total_revenue,30k_5m
total_expenses_value_2024_30k_5m.csv,120,Top Quartile Other expenses / Quart supérieur Autres dépenses,top_quartile_other_expenses_quart_sup_rieur_autres_d_penses,expenses_value,total_revenue,30k_5m
total_expenses_value_2024_30k_5m.csv,121,% of Businesses Reporting / % des entreprises déclarantes,of_businesses_reporting_des_entreprises_d_clarantes_16,expenses_value,total_revenue,30k_5m
total_expenses_value_2024_30k_5m.csv,122,Total expenses / Dépenses totales,total_expenses_d_penses_totales,expenses_value,total_revenue,30k_5m
total_expenses_value_2024_30k_5m.csv,123,Quality Indicator / Indicateurs de qualité,quality_indicator_indicateurs_de_qualit_18,expenses_value,total_revenue,30k_5m
total_expenses_value_2024_30k_5m.csv,124,Bottom Quartile Total expenses / quart inférieur Dépenses totales,bottom_quartile_total_expenses_quart_inf_rieur_d_penses_totales,expenses_value,total_revenue,30k_5m
total_expenses_value_2024_30k_5m.csv,125,Lower Middle Total expenses / 2e quart Dépenses totales,lower_middle_total_expenses_2e_quart_d_penses_totales,expenses_value,total_revenue,30k_5m
total_expenses_value_2024_30k_5m.csv,126,Upper Middle Total expenses / 3e quart Dépenses totales,upper_middle_total_expenses_3e_quart_d_penses_totales,expenses_value,total_revenue,30k_5m
total_expenses_value_2024_30k_5m.csv,127,Top Quartile Total expenses / Quart supérieur,top_quartile_total_expenses_quart_sup_rieur,expenses_value,total_revenue,30k_5m
total_expenses_value_2024_30k_5m.csv,128,% of Businesses Reporting / % des entreprises déclarantes,of_businesses_reporting_des_entreprises_d_clarantes_17,expenses_value,total_revenue,30k_5m
total_expenses_value_2024_30k_5m.csv,129,Net Profit/Loss / Bénéfice/perte net,net_profit,expenses_value,total_revenue,30k_5m
total_expenses_value_2024_30k_5m.csv,130,Quality Indicator / Indicateurs de qualité,quality_indicator_indicateurs_de_qualit_19,expenses_value,total_revenue,30k_5m
total_expenses_value_2024_30k_5m.csv,131,Bottom Quartile Net Profit/Loss / quart inférieur Bénéfice/perte net,bottom_quartile_net_profit,expenses_value,total_revenue,30k_5m
total_expenses_value_2024_30k_5m.csv,132,Lower Middle Net Profit/Loss / 2e quart Bénéfice/perte net,lower_middle_net_profit,expenses_value,total_revenue,30k_5m
total_expenses_value_2024_30k_5m.csv,133,Upper Middle Net Profit/Loss / 3e quart Bénéfice/perte net,upper_middle_net_profit,expenses_value,total_revenue,30k_5m
total_expenses_value_2024_30k_5m.csv,134,Top Quartile Net Profit/Loss / Quart supérieur Bénéfice/perte net,top_quartile_net_profit,expenses_value,total_revenue,30k_5m
total_expenses_value_2024_30k_5m.csv,135,% of Businesses Reporting / % des entreprises déclarantes,of_businesses_reporting_des_entreprises_d_clarantes_18,expenses_value,total_revenue,30k_5m
total_expenses_value_2024_30k_5m.csv,136,Year / Année,year_ann_e,expenses_value,total_revenue,30k_5m
total_revenue_2024_30k_5m.csv,0,Incorporation Status / Statue d'incorporation,incorporation_status_statue_d_incorporation,revenue,total_revenue,30k_5m
total_revenue_2024_30k_5m.csv,1,Naics_code / Code_SCIAN,naics_code_code_scian,revenue,total_revenue,30k_5m
total_revenue_2024_30k_5m.csv,2,Province / Canada,province_canada,revenue,total_revenue,30k_5m
total_revenue_2024_30k_5m.csv,3,Whole Industry (Reliability) / Industrie entière (fiabilité),whole_industry_reliability_industrie_enti_re_fiabilit,revenue,total_revenue,30k_5m
total_revenue_2024_30k_5m.csv,4,Whole industry low revenue range / Intervalles de revenu minimale Industrie entière (fiabilité),whole_industry_low_revenue_range_intervalles_de_revenu_minimale_industrie_enti_re_fiabilit,revenue,total_revenue,30k_5m
total_revenue_2024_30k_5m.csv,5,Whole industry High revenue range / Intervalles de revenue maximale Industrie entière (fiabilité),whole_industry_high_revenue_range_intervalles_de_revenue_maximale_industrie_enti_re_fiabilit,revenue,total_revenue,30k_5m
total_revenue_2024_30k_5m.csv,6,Bottom quartile Low revenue range / Quart inférieur Intervalles de revenue minimale,bottom_quartile_low_revenue_range_quart_inf_rieur_intervalles_de_revenue_minimale,revenue,total_revenue,30k_5m
total_revenue_2024_30k_5m.csv,7,Bottom quartile High revenue range / 2e quart Intervalles de revenue maximale,bottom_quartile_high_revenue_range_2e_quart_intervalles_de_revenue_maximale,revenue,total_revenue,30k_5m
total_revenue_2024_30k_5m.csv,8,Lower middle Low revenue range / 3e quart Intervalles de revenue minimale,lower_middle_low_revenue_range_3e_quart_intervalles_de_revenue_minimale,revenue,total_revenue,30k_5m
total_revenue_2024_30k_5m.csv,9,Lower middle High revenue range / 2e quart Intervalle de revenue maximale / ,lower_middle_high_revenue_range_2e_quart_intervalle_de_revenue_maximale,revenue,total_revenue,30k_5m
total_revenue_2024_30k_5m.csv,10,Upper middle Low revenue range  / 3e quart intervalle de revenue minimale,upper_middle_low_revenue_range_3e_quart_intervalle_de_revenue_minimale,revenue,total_revenue,30k_5m
total_revenue_2024_30k_5m.csv,11,Upper middle High revenue range / 3e quart Intervalle de revenue maximale,upper_middle_high_revenue_range_3e_quart_intervalle_de_revenue_maximale,revenue,total_revenue,30k_5m
total_revenue_2024_30k_5m.csv,12,Top quartile Low revenue range / Quart supérieur invertalle de revenue minimale /  / ,top_quartile_low_revenue_range_quart_sup_rieur_invertalle_de_revenue_minimale,revenue,total_revenue,30k_5m
total_revenue_2024_30k_5m.csv,13,Top quartile High revenue range / Quart supérieur invertalle de revenue maximale,top_quartile_high_revenue_range_quart_sup_rieur_invertalle_de_revenue_maximale,revenue,total_revenue,30k_5m
total_revenue_2024_30k_5m.csv,14,Whole industry Total revenue  / Industrie entière revenu total,whole_industry_total_revenue_industrie_enti_re_revenu_total,revenue,total_revenue,30k_5m
total_revenue_2024_30k_5m.csv,15, Quality Indicator / Indicateurs de qualité,quality_indicator_indicateurs_de_qualit,revenue,total_revenue,30k_5m
total_revenue_2024_30k_5m.csv,16,Bottom quartile Total revenue / Quart inférieur revenu total,bottom_quartile_total_revenue_quart_inf_rieur_revenu_total,revenue,total_revenue,30k_5m
total_revenue_2024_30k_5m.csv,17,Lower middle Total revenue / 2e quart revenu total,lower_middle_total_revenue_2e_quart_revenu_total,revenue,total_revenue,30k_5m
total_revenue_2024_30k_5m.csv,18,Upper middle Total revenue / 3e quart revenu total,upper_middle_total_revenue_3e_quart_revenu_total,revenue,total_revenue,30k_5m
total_revenue_2024_30k_5m.csv,19,Top quartile Total revenue / Quart supérieur revenu total,top_quartile_total_revenue_quart_sup_rieur_revenu_total,revenue,total_revenue,30k_5m
total_revenue_2024_30k_5m.csv,20,Whole industry Sales of goods and services / Industrie entière Ventes de biens et de services,whole_industry_sales_of_goods_and_services_industrie_enti_re_ventes_de_biens_et_de_services,revenue,total_revenue,30k_5m
total_revenue_2024_30k_5m.csv,21,Quality Indicator / Indicateurs de qualité,quality_indicator_indicateurs_de_qualit_2,revenue,total_revenue,30k_5m
total_revenue_2024_30k_5m.csv,22,Bottom quartile Sales of goods and services / Quart inférieur Ventes de biens et de services / ,bottom_quartile_sales_of_goods_and_services_quart_inf_rieur_ventes_de_biens_et_de_services,revenue,total_revenue,30k_5m
total_revenue_2024_30k_5m.csv,23,Lower middle Sales of goods and services / 2e quart Ventes de biens et de services,lower_middle_sales_of_goods_and_services_2e_quart_ventes_de_biens_et_de_services,revenue,total_revenue,30k_5m
total_revenue_2024_30k_5m.csv,24,Upper middle Sales of goods and services / 3e quart  Ventes de biens et de services,upper_middle_sales_of_goods_and_services_3e_quart_ventes_de_biens_et_de_services,revenue,total_revenue,30k_5m
total_revenue_2024_30k_5m.csv,25,Top quartile Sales of goods and services / Quat supérieur  Ventes de biens et de services,top_quartile_sales_of_goods_and_services_quat_sup_rieur_ventes_de_biens_et_de_services,revenue,total_revenue,30k_5m
total_revenue_2024_30k_5m.csv,26,Whole industry All other revenue  / Industrie entière Tous les autres revenus,whole_industry_all_other_revenue_industrie_enti_re_tous_les_autres_revenus,revenue,total_revenue,30k_5m
total_revenue_2024_30k_5m.csv,27,Quality Indicator / Indicateurs de qualité,quality_indicator_indicateurs_de_qualit_3,revenue,total_revenue,30k_5m
total_revenue_2024_30k_5m.csv,28,Bottom quartile All other revenue  / Quart inférieur Tous les autres revenus,bottom_quartile_all_other_revenue_quart_inf_rieur_tous_les_autres_revenus,revenue,total_revenue,30k_5m
total_revenue_2024_30k_5m.csv,29,Lower middle All other revenue  / 2e quart Tous les autres revenus,lower_middle_all_other_revenue_2e_quart_tous_les_autres_revenus,revenue,total_revenue,30k_5m
total_revenue_2024_30k_5m.csv,30,Upper middle All other revenue  / 3e quart Tous les autres revenus,upper_middle_all_other_revenue_3e_quart_tous_les_autres_revenus,revenue,total_revenue,30k_5m
total_revenue_2024_30k_5m.csv,31,Top quartile All other revenue  / Quart supérieur Tous les autres revenus,top_quartile_all_other_revenue_quart_sup_rieur_tous_les_autres_revenus,revenue,total_revenue,30k_5m
total_revenue_2024_30k_5m.csv,32,Percent of businesses reporting sales of goods / % des entreprises déclarantes Ventes de biens et de services,percent_of_businesses_reporting_sales_of_goods_des_entreprises_d_clarantes_ventes_de_biens_et_de_services,revenue,total_revenue,30k_5m
total_revenue_2024_30k_5m.csv,33,Percent of businesses reporting all other revenues / % des entreprises déclarantes Tous les autres revenus,percent_of_businesses_reporting_all_other_revenues_des_entreprises_d_clarantes_tous_les_autres_revenus,revenue,total_revenue,30k_5m
total_revenue_2024_30k_5m.csv,34,year,year,revenue,total_revenue,30k_5m
