Level/Niveau,Hierarchical structure,Structure hiérarchique,Code,Parent ,Class title,Titres de classes,Class definition,Définitions de la classe
1,Section (three-character alphanumeric codes),Section (codes à trois caractères alphanumériques),M11,,Crop products,Produits végétaux,This section comprises crop products.,Cette section comprends les produits végétaux.
2,Group (three-digit standard codes and four-character alphanumeric codes),Groupe (codes types à trois chiffres,112,M11,Wheat,Blé,This group comprises all the varieties of unmilled wheat.,Ce groupe comprend toutes les variétés de blé non moulu.
3,Class (five-digit standard codes and six-character alphanumeric codes),Classe (codes types à cinq chiffres,11211,112,Wheat,Blé,This class comprises all the varieties of unmilled wheat.,Cette classe comprend toutes les variétés de blé non moulu.
4,Subclass (six-digit standard codes),Sous-classe (codes types à six chiffres),112111,11211,Wheat,Blé,This subclass comprises all the varieties of unmilled wheat.,Cette sous-classe comprend toutes les variétés de blé non moulu.
5,Detail (seven-digit standard codes),Détail (codes types à sept chiffres),1121111,112111,Wheat (except durum wheat),Blé (sauf le blé dur),"All the varieties of unmilled wheat, except durum wheat.","Toutes les variétés de blé non moulu, sauf le blé dur."
5,Detail (seven-digit standard codes),Détail (codes types à sept chiffres),1121112,112111,Durum wheat,Blé dur,Unmilled durum wheat.,Blé dur non moulu.
2,Group (three-digit standard codes and four-character alphanumeric codes),Groupe (codes types à trois chiffres,113,M11,Canola (including rapeseed),Canola (y compris le colza),This group comprises canola and rapeseed.,Ce groupe comprend le canola et le colza.
3,Class (five-digit standard codes and six-character alphanumeric codes),Classe (codes types à cinq chiffres,11311,113,Canola (including rapeseed),Canola (y compris le colza),This class comprises canola and rapeseed.,Cette classe comprend le canola et le colza.
4,Subclass (six-digit standard codes),Sous-classe (codes types à six chiffres),113111,11311,Canola (including rapeseed),Canola (y compris le colza),This subclass comprises canola and rapeseed.,Cette sous-classe comprend le canola et le colza.
5,Detail (seven-digit standard codes),Détail (codes types à sept chiffres),1131111,113111,Canola,Canola,"Canola, except rapeseed.","Canola, sauf le colza."
5,Detail (seven-digit standard codes),Détail (codes types à sept chiffres),1131112,113111,Rapeseed (except canola),Colza (sauf le canola),"Rapeseed, except canola.","Colza, sauf le canola."
2,Group (three-digit standard codes and four-character alphanumeric codes),Groupe (codes types à trois chiffres,114,M11,"Fresh fruit, nuts and vegetables, and pulse crops","Fruits, noix et légumes frais, et légumineuses de culture","This group comprises fresh fruit, nuts, and vegetables, and pulse crops.","Ce groupe comprend les fruits, noix et légumes frais, et les légumineuses de culture."
3,Class (five-digit standard codes and six-character alphanumeric codes),Classe (codes types à cinq chiffres,11411,114,Fresh fruit and nuts,Fruits et noix frais,This class comprises fresh fruit and nuts.,Cette classe comprend les fruits frais et les noix.
4,Subclass (six-digit standard codes),Sous-classe (codes types à six chiffres),114111,11411,Fresh berries,Baies fraîches,This subclass comprises fresh berries.,Cette sous-classe comprend les baies fraîches.
5,Detail (seven-digit standard codes),Détail (codes types à sept chiffres),1141111,114111,Fresh strawberries,Fraises fraîches,Fresh strawberries.,Fraises fraîches.
5,Detail (seven-digit standard codes),Détail (codes types à sept chiffres),1141112,114111,Fresh raspberries,Framboises fraîches,Fresh raspberries.,Framboises fraîches.
5,Detail (seven-digit standard codes),Détail (codes types à sept chiffres),1141113,114111,Fresh cranberries,Canneberges fraîches,Fresh cranberries.,Canneberges fraîches.
5,Detail (seven-digit standard codes),Détail (codes types à sept chiffres),1141114,114111,Fresh blueberries,Bleuets frais,Fresh blueberries.,Bleuets frais.
5,Detail (seven-digit standard codes),Détail (codes types à sept chiffres),1141115,114111,Other fresh berries,Autres baies fraîches,Other fresh berries.,Autres baies fraîches.
4,Subclass (six-digit standard codes),Sous-classe (codes types à six chiffres),114112,11411,Fresh citrus fruit,Agrumes frais,This subclass comprises fresh citrus fruit.,Cette sous-classe comprend les agrumes frais.
5,Detail (seven-digit standard codes),Détail (codes types à sept chiffres),1141121,114112,Fresh oranges,Oranges fraîches,Fresh oranges.,Oranges fraîches.
5,Detail (seven-digit standard codes),Détail (codes types à sept chiffres),1141122,114112,Other fresh citrus fruit,Autres agrumes frais,Other fresh citrus fruit.,Autres agrumes frais.
4,Subclass (six-digit standard codes),Sous-classe (codes types à six chiffres),114113,11411,Fresh tropical and semitropical fruit (except citrus fruit),Fruits tropicaux et semi-tropicaux frais (sauf les agrumes),"This subclass comprises fresh tropical and semitropical fruit, except citrus fruit.","Cette sous-classe comprend les fruits tropicaux et semi-tropicaux frais, sauf les agrumes."
5,Detail (seven-digit standard codes),Détail (codes types à sept chiffres),1141131,114113,Fresh bananas,Bananes fraîches,Fresh bananas.,Bananes fraîches.
5,Detail (seven-digit standard codes),Détail (codes types à sept chiffres),1141132,114113,Fresh pineapples,Ananas frais,Fresh pineapples.,Ananas frais.
5,Detail (seven-digit standard codes),Détail (codes types à sept chiffres),1141133,114113,Fresh olives,Olives fraîches,Fresh olives.,Olives fraîches.
5,Detail (seven-digit standard codes),Détail (codes types à sept chiffres),1141134,114113,Other fresh tropical and semitropical fruit,Autres fruits tropicaux et semi-tropicaux frais,Other fresh tropical and semitropical fruit.,Autres fruits tropicaux et semi-tropicaux frais.
4,Subclass (six-digit standard codes),Sous-classe (codes types à six chiffres),114114,11411,Other fresh fruit,Autres fruits frais,This subclass comprises fresh fruit n.e.c.,Cette sous-classe comprend les fruits frais n.c.a.
5,Detail (seven-digit standard codes),Détail (codes types à sept chiffres),1141141,114114,Fresh apples,Pommes fraîches,Fresh apples.,Pommes fraîches.
5,Detail (seven-digit standard codes),Détail (codes types à sept chiffres),1141142,114114,Fresh pears,Poires fraîches,Fresh pears.,Poires fraîches.
5,Detail (seven-digit standard codes),Détail (codes types à sept chiffres),1141143,114114,Fresh plums and prune plums,Prunes et prunes à pruneaux fraîches,Fresh plums and prune plums.,Prunes et prunes à pruneaux fraîches.
5,Detail (seven-digit standard codes),Détail (codes types à sept chiffres),1141144,114114,"Fresh peaches, nectarines and apricots","Pêches, nectarines et abricots frais","Fresh peaches, nectarines and apricots.","Pêches, nectarines et abricots frais."
5,Detail (seven-digit standard codes),Détail (codes types à sept chiffres),1141145,114114,Fresh cherries,Cerises fraîches,Fresh cherries.,Cerises fraîches.
5,Detail (seven-digit standard codes),Détail (codes types à sept chiffres),1141146,114114,Other fresh pome and stone fruit,Autres fruits à pépins et à noyau frais,Other fresh pome and stone fruit.,Autres fruits à pépins et à noyau frais.
5,Detail (seven-digit standard codes),Détail (codes types à sept chiffres),1141147,114114,Fresh grapes,Raisins frais,Fresh grapes.,Raisins frais.
5,Detail (seven-digit standard codes),Détail (codes types à sept chiffres),1141148,114114,"Other fresh fruit, n.e.c.","Autres fruits frais, n.c.a.","Other fresh fruit, n.e.c.","Autres fruits frais, n.c.a."
4,Subclass (six-digit standard codes),Sous-classe (codes types à six chiffres),114115,11411,Nuts,Noix,This subclass comprises nuts.,Cette sous-classe comprend les noix.
5,Detail (seven-digit standard codes),Détail (codes types à sept chiffres),1141151,114115,Peanuts,Arachides,Peanuts shelled or in shell.,Arachides décortiquées ou en coque.
5,Detail (seven-digit standard codes),Détail (codes types à sept chiffres),1141152,114115,Hazelnuts,Noisettes,Hazelnuts shelled or in shell.,Noisettes décortiquées ou en coque.
5,Detail (seven-digit standard codes),Détail (codes types à sept chiffres),1141153,114115,Other nuts,Autres noix,"Nuts shelled or in shell, other than peanuts and hazelnuts.","Noix décortiquées ou en coque, autres que les arachides et les noisettes."
3,Class (five-digit standard codes and six-character alphanumeric codes),Classe (codes types à cinq chiffres,11421,114,Fresh potatoes,Pommes de terre fraîches,This class comprises fresh potatoes.,Cette classe comprend les pommes de terre fraîches.
4,Subclass (six-digit standard codes),Sous-classe (codes types à six chiffres),114211,11421,Fresh potatoes,Pommes de terre fraîches,This subclass comprises fresh potatoes.,Cette sous-classe comprend les pommes de terre fraîches.
5,Detail (seven-digit standard codes),Détail (codes types à sept chiffres),1142111,114211,Fresh potatoes for table consumption,Pommes de terre fraîches aux fins de consommation,Fresh potatoes for table consumption.,Pommes de terre fraîches aux fins de consommation.
5,Detail (seven-digit standard codes),Détail (codes types à sept chiffres),1142112,114211,Fresh potatoes for processing,Pommes de terre fraîches aux fins de transformation,Fresh potatoes for processing.,Pommes de terre fraîches aux fins de transformation.
5,Detail (seven-digit standard codes),Détail (codes types à sept chiffres),1142113,114211,Fresh potatoes for seed,Pommes de terre fraîches pour la semence,Fresh potatoes for seed.,Pommes de terre fraîches pour la semence.
3,Class (five-digit standard codes and six-character alphanumeric codes),Classe (codes types à cinq chiffres,11422,114,Fresh vegetables (except potatoes and pulse crops),Légumes frais (sauf les pommes de terre et les légumineuses de culture),"This class comprises fresh vegetables, except potatoes and pulse crops. Vegetables are temporary crops cultivated principally for human consumption both as field crops and garden crops, in the open and under protective cover. Certain gramineous and leguminous plants, if harvested while green for their green grains or for their green pods (for example, green peas, string beans, green maize) are treated as fresh vegetables, but if harvested for their dry grains or seeds, are classified as cereals and pulse crops.","Cette classe comprend les légumes frais, sauf les pommes de terre et les légumineuses de culture. Les légumes sont des cultures temporaires destinées principalement à la consommation humaine, tant à titre de grandes cultures que de cultures de légumes, se trouvant dans des champs et des serres. Certaines plantes graminées et légumineuses, si elles sont récoltées précocement pour leurs grains verts ou leurs gousses vertes (par exemple, pois verts, haricots d'Espagne, maïs vert) sont traitées comme des légumes frais, mais si elles sont récoltées pour leurs grains secs ou leurs semences, elles sont considérées comme des céréales et des légumineuses de culture."
4,Subclass (six-digit standard codes),Sous-classe (codes types à six chiffres),114221,11422,Fresh vegetables (except potatoes and pulse crops),Légumes frais (sauf les pommes de terre et les légumineuses de culture),"This subclass comprises fresh vegetables, except potatoes and pulse crops. Vegetables are temporary crops cultivated principally for human consumption both as field crops and garden crops, in the open and under protective cover. Certain gramineous and leguminous plants, if harvested while green for their green grains or for their green pods (for example, green peas, string beans, green maize) are treated as fresh vegetables, but if harvested for their dry grains or seeds, are classified as cereals and pulse crops.","Cette sous-classe comprend les légumes frais, sauf les pommes de terre et les légumineuses de culture. Les légumes sont des cultures temporaires destinées principalement à la consommation humaine, tant à titre de grandes cultures que de cultures de légumes, se trouvant dans des champs et des serres. Certaines plantes graminées et légumineuses, si elles sont récoltées précocement pour leurs grains verts ou leurs gousses vertes (par exemple, pois verts, haricots d'Espagne, maïs vert) sont traitées comme des légumes frais, mais si elles sont récoltées pour leurs grains secs ou leurs semences, elles sont considérées comme des céréales et des légumineuses de culture."
5,Detail (seven-digit standard codes),Détail (codes types à sept chiffres),1142211,114221,Fresh root type vegetables,Légumes frais de type racine,Fresh root type vegetables.,Légumes frais de type racine.
5,Detail (seven-digit standard codes),Détail (codes types à sept chiffres),1142212,114221,Fresh bulb type vegetables,Légumes frais de type bulbe,Fresh bulb type vegetables.,Légumes frais de type bulbe.
5,Detail (seven-digit standard codes),Détail (codes types à sept chiffres),1142213,114221,Fresh leaf and stem type vegetables,Légumes frais de type feuille et tige,Fresh leaf and stem type vegetables.,Légumes frais de type feuille et tige.
5,Detail (seven-digit standard codes),Détail (codes types à sept chiffres),1142214,114221,Fresh melons,Melons frais,Fresh melons.,Melons frais.
5,Detail (seven-digit standard codes),Détail (codes types à sept chiffres),1142215,114221,Fresh fruit type vegetables (except melons),Légumes frais de type fruit (sauf les melons),"Fresh fruit type vegetables, except melons.","Légumes frais de type fruit, sauf les melons."
5,Detail (seven-digit standard codes),Détail (codes types à sept chiffres),1142216,114221,Green leguminous vegetables,Légumes à gousse verts,"Fresh leguminous and gramineous plants or seed type vegetables (pod vegetable), harvested while green for their green grains or for their green pods, mainly for human consumption.","Plantes légumineuses et graminées fraîches ou légumes sous forme de graines (légumes-gousses), récoltés précocement pour leurs grains verts ou leurs gousses vertes, principalement pour la consommation humaine."
5,Detail (seven-digit standard codes),Détail (codes types à sept chiffres),1142217,114221,Fresh mushrooms (including truffles),Champignons frais (y compris les truffes),Fresh mushrooms and truffles.,Champignons et truffes frais.
5,Detail (seven-digit standard codes),Détail (codes types à sept chiffres),1142218,114221,"Other fresh vegetables, n.e.c.","Autres légumes frais, n.c.a.","Other fresh vegetables, n.e.c.","Autres légumes frais, n.c.a."
3,Class (five-digit standard codes and six-character alphanumeric codes),Classe (codes types à cinq chiffres,11431,114,Pulse crops (except soybeans),Légumineuses de culture (sauf le soya),"This class comprises pulse crops, which are dry annual leguminous plants or edible seeds, harvested from pods, and primarily for the use in food processing, as both human food and animal feed.","Cette classe comprend les légumineuses de culture, qui sont des plantes légumineuses sèches annuelles ou des graines comestibles, récoltées à même les gousses, et utilisées principalement pour la transformation des aliments, comme aliments destinés à la consommation humaine et animale."
4,Subclass (six-digit standard codes),Sous-classe (codes types à six chiffres),114311,11431,Chickpeas,Pois chiches,This subclass comprises chickpeas.,Cette sous-classe comprend les pois chiches.
5,Detail (seven-digit standard codes),Détail (codes types à sept chiffres),1143111,114311,"Chickpeas, Desi",Pois chiches Desi,"Chickpeas, Desi.",Pois chiches Desi.
5,Detail (seven-digit standard codes),Détail (codes types à sept chiffres),1143112,114311,"Chickpeas, Kabuli",Pois chiches Kabuli,"Chickpeas, Kabuli.",Pois chiches Kabuli.
5,Detail (seven-digit standard codes),Détail (codes types à sept chiffres),1143113,114311,Other chickpeas,Autres pois chiches,Other chickpeas.,Autres pois chiches.
4,Subclass (six-digit standard codes),Sous-classe (codes types à six chiffres),114312,11431,Lentils,Lentilles,This subclass comprises lentils.,Cette sous-classe comprend les lentilles.
5,Detail (seven-digit standard codes),Détail (codes types à sept chiffres),1143121,114312,Large green lentils,Grosses lentilles vertes,Large green lentils.,Grosses lentilles vertes.
5,Detail (seven-digit standard codes),Détail (codes types à sept chiffres),1143122,114312,Red lentils,Lentilles rouges,Red lentils.,Lentilles rouges.
5,Detail (seven-digit standard codes),Détail (codes types à sept chiffres),1143123,114312,Small green lentils,Petites lentilles vertes,Small green lentils.,Petites lentilles vertes.
5,Detail (seven-digit standard codes),Détail (codes types à sept chiffres),1143124,114312,Other lentils,Autres lentilles,Other lentils.,Autres lentilles.
4,Subclass (six-digit standard codes),Sous-classe (codes types à six chiffres),114313,11431,Dry beans,Haricots secs,This subclass comprises dry beans.,Cette sous-classe comprend les haricots secs.
5,Detail (seven-digit standard codes),Détail (codes types à sept chiffres),1143131,114313,Dry white beans,Haricots secs blancs,Dry white beans.,Haricots secs blancs.
5,Detail (seven-digit standard codes),Détail (codes types à sept chiffres),1143132,114313,Dry coloured beans,Haricots secs de couleur,Dry coloured beans.,Haricots secs de couleur.
4,Subclass (six-digit standard codes),Sous-classe (codes types à six chiffres),114314,11431,Dry peas,Pois secs,This subclass comprises dry peas.,Cette sous-classe comprend les pois secs.
5,Detail (seven-digit standard codes),Détail (codes types à sept chiffres),1143141,114314,Yellow dry peas,Pois secs jaunes,Yellow dry peas.,Pois secs jaunes.
5,Detail (seven-digit standard codes),Détail (codes types à sept chiffres),1143142,114314,Green dry peas,Pois secs verts,Green dry peas.,Pois secs verts.
5,Detail (seven-digit standard codes),Détail (codes types à sept chiffres),1143143,114314,Other dry peas,Autres pois secs,Other dry peas.,Autres pois secs.
4,Subclass (six-digit standard codes),Sous-classe (codes types à six chiffres),114315,11431,Other pulse crops,Autres légumineuses de culture,This subclass comprises other pulse crops.,Cette sous-classe comprend les autres légumineuses de culture.
5,Detail (seven-digit standard codes),Détail (codes types à sept chiffres),1143151,114315,Faba beans,Féveroles,Faba beans.,Féveroles.
5,Detail (seven-digit standard codes),Détail (codes types à sept chiffres),1143152,114315,"Other pulse crops, n.e.c.","Autres légumineuses de culture, n.c.a.","Other pulse crops, n.e.c.","Autres légumineuses de culture, n.c.a."
2,Group (three-digit standard codes and four-character alphanumeric codes),Groupe (codes types à trois chiffres,115,M11,Other crop products,Autres produits végétaux,This group comprises crop products n.e.c.,Ce groupe comprend les produits végétaux n.c.a.
3,Class (five-digit standard codes and six-character alphanumeric codes),Classe (codes types à cinq chiffres,11511,115,Grains (except wheat),Grains (sauf le blé),"This class comprises unmilled cereal type grains, except wheat.","Cette classe comprend les grains non moulus de type céréalier, sauf le blé."
4,Subclass (six-digit standard codes),Sous-classe (codes types à six chiffres),115111,11511,Corn for grain,Maïs-grain,This subclass comprises unmilled corn for grain.,Cette sous-classe comprend le maïs-grain non moulu.
5,Detail (seven-digit standard codes),Détail (codes types à sept chiffres),1151111,115111,Corn for grain,Maïs-grain,Unmilled corn for grain.,Maïs-grain non moulu.
4,Subclass (six-digit standard codes),Sous-classe (codes types à six chiffres),115112,11511,Unmilled rice,Riz non moulu,This subclass comprises unmilled rice.,Cette sous-classe comprend le riz non moulu.
5,Detail (seven-digit standard codes),Détail (codes types à sept chiffres),1151121,115112,Unmilled rice,Riz non moulu,Unmilled rice.,Riz non moulu.
4,Subclass (six-digit standard codes),Sous-classe (codes types à six chiffres),115113,11511,Oats,Avoine,"This subclass comprises unmilled oats, hulless and unhulled.","Cette sous-classe comprend l'avoine non moulue, à grains nus ou non mondée."
5,Detail (seven-digit standard codes),Détail (codes types à sept chiffres),1151131,115113,Oats,Avoine,"Unmilled oats, hulless and unhulled.","Avoine non moulue, à grains nus ou non mondée."
4,Subclass (six-digit standard codes),Sous-classe (codes types à six chiffres),115114,11511,Barley,Orge,"This subclass comprises unmilled barley, hulless and unhulled.","Cette sous-classe comprend l'orge non moulu, à grains nus ou non mondé."
5,Detail (seven-digit standard codes),Détail (codes types à sept chiffres),1151141,115114,Barley,Orge,"Unmilled barley, hulless and unhulled.","Orge non moulu, à grains nus ou non mondé."
4,Subclass (six-digit standard codes),Sous-classe (codes types à six chiffres),115115,11511,"Other grains, n.e.c.","Autres grains, n.c.a.",This subclass comprises unmilled grains n.e.c.,Cette sous-classe comprend les grains non moulus n.c.a.
5,Detail (seven-digit standard codes),Détail (codes types à sept chiffres),1151151,115115,Mixed grain,Grain mélangé,Unmilled mixed cereal grain.,Grain mélangé non moulu de céréales.
5,Detail (seven-digit standard codes),Détail (codes types à sept chiffres),1151152,115115,Rye,Seigle,Unmilled rye.,Seigle non moulu.
5,Detail (seven-digit standard codes),Détail (codes types à sept chiffres),1151153,115115,Triticale,Triticale,Unmilled triticale.,Triticale non moulu.
5,Detail (seven-digit standard codes),Détail (codes types à sept chiffres),1151154,115115,Wild rice,Riz sauvage,Unmilled wild rice.,Riz sauvage non moulu.
5,Detail (seven-digit standard codes),Détail (codes types à sept chiffres),1151155,115115,Other miscellaneous grains,Autres grains divers,Other miscellaneous unmilled grains.,Autres grains divers non moulus.
3,Class (five-digit standard codes and six-character alphanumeric codes),Classe (codes types à cinq chiffres,11512,115,Oilseeds (except canola),Graines oléagineuses (sauf le canola),"This class comprises oilseeds, except canola.","Cette classe comprend les graines oléagineuses, sauf le canola."
4,Subclass (six-digit standard codes),Sous-classe (codes types à six chiffres),115121,11512,Soybeans,Soya,This subclass comprises unprocessed soybeans.,Cette sous-classe comprend les graines de soya non transformées.
5,Detail (seven-digit standard codes),Détail (codes types à sept chiffres),1151211,115121,Soybeans,Soya,Unprocessed soybeans.,Graines de soya non transformées.
4,Subclass (six-digit standard codes),Sous-classe (codes types à six chiffres),115122,11512,Oilseeds (except canola and soybeans),Graines oléagineuses (sauf le canola et le soya),"This subclass comprises oilseeds, except canola and soybeans.","Cette sous-classe comprend les graines oléagineuses, sauf le canola et le soya."
5,Detail (seven-digit standard codes),Détail (codes types à sept chiffres),1151221,115122,Flaxseed,Graines de lin,Unprocessed flaxseed.,Graines de lin non transformées.
5,Detail (seven-digit standard codes),Détail (codes types à sept chiffres),1151222,115122,Solin,Solin,Unprocessed solin.,Solin non transformé.
5,Detail (seven-digit standard codes),Détail (codes types à sept chiffres),1151223,115122,Sunflower seeds,Graines de tournesol,Unprocessed sunflower seeds.,Graines de tournesol non transformées.
5,Detail (seven-digit standard codes),Détail (codes types à sept chiffres),1151224,115122,Other oilseeds,Autres graines oléagineuses,Other unprocessed oilseeds.,Autres graines oléagineuses non transformées.
3,Class (five-digit standard codes and six-character alphanumeric codes),Classe (codes types à cinq chiffres,11513,115,Other miscellaneous crop products,Autres produits végétaux divers,This class comprises other miscellaneous crop products.,Cette classe comprend les autres produits végétaux divers.
4,Subclass (six-digit standard codes),Sous-classe (codes types à six chiffres),115131,11513,Unstemmed leaf tobacco,Tabac en côtes,This subclass comprises unstemmed leaf tobacco.,Cette sous-classe comprend le tabac en feuilles non écôté.
5,Detail (seven-digit standard codes),Détail (codes types à sept chiffres),1151311,115131,Unstemmed leaf tobacco,Tabac en côtes,Unstemmed leaf tobacco.,Tabac en feuilles non écôté.
4,Subclass (six-digit standard codes),Sous-classe (codes types à six chiffres),115132,11513,Sugar cane and sugar beets,Canne à sucre et betteraves à sucre,This subclass comprises sugar cane and sugar beets.,Cette sous-classe comprend la canne à sucre et les betteraves à sucre.
5,Detail (seven-digit standard codes),Détail (codes types à sept chiffres),1151321,115132,Sugar cane,Canne à sucre,Sugar cane.,Canne à sucre.
5,Detail (seven-digit standard codes),Détail (codes types à sept chiffres),1151322,115132,Sugar beets,Betteraves à sucre,Sugar beets.,Betteraves à sucre.
4,Subclass (six-digit standard codes),Sous-classe (codes types à six chiffres),115133,11513,Raw tea,Thé brut,"This subclass comprises raw tea, except packaged and prepared.","Cette sous-classe comprend le thé brut, sauf emballé et préparé."
5,Detail (seven-digit standard codes),Détail (codes types à sept chiffres),1151331,115133,Raw tea,Thé brut,"Raw tea, except packaged and prepared.","Thé brut, sauf emballé et préparé."
4,Subclass (six-digit standard codes),Sous-classe (codes types à six chiffres),115134,11513,Cocoa beans,Fèves de cacao,This subclass comprises cocoa beans.,Cette sous-classe comprend les fèves de cacao.
5,Detail (seven-digit standard codes),Détail (codes types à sept chiffres),1151341,115134,Cocoa beans,Fèves de cacao,Cocoa beans.,Fèves de cacao.
4,Subclass (six-digit standard codes),Sous-classe (codes types à six chiffres),115135,11513,Green coffee beans,Fèves de café vert,This subclass comprises green coffee beans.,Cette sous-classe comprend les fèves de café vert.
5,Detail (seven-digit standard codes),Détail (codes types à sept chiffres),1151351,115135,Green coffee beans,Fèves de café vert,Green coffee beans.,Fèves de café vert.
4,Subclass (six-digit standard codes),Sous-classe (codes types à six chiffres),115136,11513,Maple syrup and other maple products,Sirop d'érable et autres produits de l'érable,This subclass comprises maple syrup and other maple products.,Cette sous-classe comprend le sirop d'érable et les autres produits de l'érable.
5,Detail (seven-digit standard codes),Détail (codes types à sept chiffres),1151361,115136,Maple syrup,Sirop d'érable,Maple syrup.,Sirop d'érable.
5,Detail (seven-digit standard codes),Détail (codes types à sept chiffres),1151362,115136,Maple butter,Beurre d'érable,Maple butter.,Beurre d'érable.
5,Detail (seven-digit standard codes),Détail (codes types à sept chiffres),1151363,115136,Maple sugar,Sucre d'érable,Maple sugar.,Sucre d'érable.
5,Detail (seven-digit standard codes),Détail (codes types à sept chiffres),1151364,115136,Maple taffy,Tire d'érable,Maple taffy.,Tire d'érable.
5,Detail (seven-digit standard codes),Détail (codes types à sept chiffres),1151365,115136,"Other maple products, n.e.c.","Autres produits de l'érable, n.c.a.","Other maple products, n.e.c.","Autres produits de l'érable, n.c.a."
4,Subclass (six-digit standard codes),Sous-classe (codes types à six chiffres),115137,11513,Raw cotton,Coton brut,This subclass comprises raw cotton.,Cette sous-classe comprend le coton brut.
5,Detail (seven-digit standard codes),Détail (codes types à sept chiffres),1151371,115137,Raw cotton,Coton brut,Raw cotton.,Coton brut.
4,Subclass (six-digit standard codes),Sous-classe (codes types à six chiffres),115138,11513,Hay and forage,Foin et fourrage,This subclass comprises hay and forage.,Cette sous-classe comprend le foin et le fourrage.
5,Detail (seven-digit standard codes),Détail (codes types à sept chiffres),1151381,115138,"Hay, forage seeds and grass seeds","Foin, graines de fourrage et de graminées","Hay, forage seeds and grass seeds.","Foin, graines de fourrage et de graminées."
5,Detail (seven-digit standard codes),Détail (codes types à sept chiffres),1151382,115138,Corn for silage,Maïs à ensilage,Corn for silage.,Maïs à ensilage.
5,Detail (seven-digit standard codes),Détail (codes types à sept chiffres),1151383,115138,Unworked straw,Paille brute,Unworked straw.,Paille brute.
5,Detail (seven-digit standard codes),Détail (codes types à sept chiffres),1151384,115138,"Other forage, n.e.c.","Autre fourrage, n.c.a.","Other forage, n.e.c.","Autre fourrage, n.c.a."
4,Subclass (six-digit standard codes),Sous-classe (codes types à six chiffres),115139,11513,"Other miscellaneous crop products, n.e.c.","Autres produits de culture divers, n.c.a.","This subclass comprises other miscellaneous crop products, n.e.c.","Cette sous-classe comprend les autres produits de culture divers, n.c.a."
5,Detail (seven-digit standard codes),Détail (codes types à sept chiffres),1151391,115139,Hops,Houblon,Hops.,Houblon.
5,Detail (seven-digit standard codes),Détail (codes types à sept chiffres),1151392,115139,Natural vegetable fibres,Fibres végétales naturelles,Natural vegetable fibres.,Fibres végétales naturelles.
5,Detail (seven-digit standard codes),Détail (codes types à sept chiffres),1151393,115139,Medicinal plants (except cannabis),Plantes médicinales (sauf le cannabis),"Medicinal plants, except cannabis.","Plantes médicinales, sauf le cannabis."
5,Detail (seven-digit standard codes),Détail (codes types à sept chiffres),1151394,115139,Mustard seeds,Graines de moutarde,Unprocessed mustard seeds.,Graines de moutarde non transformées.
5,Detail (seven-digit standard codes),Détail (codes types à sept chiffres),1151395,115139,Other spice seeds,Autres graines d'épices,Other spice seeds.,Autres graines d'épices.
5,Detail (seven-digit standard codes),Détail (codes types à sept chiffres),1151396,115139,Vegetal gums,Gommes végétales,"Vegetal gums, resins, gum-resins and oleoresins.","Gommes, résines, gommes-résines et oléorésines végétales."
5,Detail (seven-digit standard codes),Détail (codes types à sept chiffres),1151397,115139,Other crude vegetable materials,Autres matières végétales brutes,Other crude vegetable materials.,Autres matières végétales brutes.
5,Detail (seven-digit standard codes),Détail (codes types à sept chiffres),1151398,115139,"Seeds for planting (except potato, flower, shrub and tree seeds)","Graines de semence (sauf les graines de pommes de terre, de fleurs, d'arbustes et d'arbres)","Seeds for planting, except potato, flower, shrub and tree seeds.","Graines de semence, sauf les graines de pommes de terre, de fleurs, d'arbustes et d'arbres."
3,Class (five-digit standard codes and six-character alphanumeric codes),Classe (codes types à cinq chiffres,11514,115,"Floriculture and nursery products, and sod","Produits de floriculture et de pépinière, et gazon en plaques","This class comprises natural floriculture, nursery products and sod.","Cette classe comprend les produits de floriculture naturels, les produits de pépinière et le gazon en plaques."
4,Subclass (six-digit standard codes),Sous-classe (codes types à six chiffres),115141,11514,"Seeds of flowers, shrubs and trees","Graines de fleurs, d'arbustes et d'arbres","This subclass comprises flower, shrub and tree seeds.","Cette sous-classe comprend les graines de fleurs, d'arbustes et d'arbres."
5,Detail (seven-digit standard codes),Détail (codes types à sept chiffres),1151411,115141,Flower seeds,Graines de fleurs,Flower seeds and dormant bulbs.,Graines de fleurs et bulbes en repos végétatif.
5,Detail (seven-digit standard codes),Détail (codes types à sept chiffres),1151412,115141,Shrub seeds,Graines d'arbustes,Shrub seeds.,Graines d'arbustes.
5,Detail (seven-digit standard codes),Détail (codes types à sept chiffres),1151413,115141,Tree seeds,Graines d'arbres,Tree seeds.,Graines d'arbres.
4,Subclass (six-digit standard codes),Sous-classe (codes types à six chiffres),115142,11514,Christmas trees,Arbres de Noël,This subclass comprises natural Christmas trees.,Cette sous-classe comprend les arbres de Noël naturels.
5,Detail (seven-digit standard codes),Détail (codes types à sept chiffres),1151421,115142,Christmas trees,Arbres de Noël,Natural Christmas trees.,Arbres de Noël naturels.
4,Subclass (six-digit standard codes),Sous-classe (codes types à six chiffres),115143,11514,Floriculture products (except seeds),Produits de floriculture (sauf les graines),"This subclass comprises natural floriculture products, except seeds.","Cette sous-classe comprend les produits de floriculture naturels, sauf les graines."
5,Detail (seven-digit standard codes),Détail (codes types à sept chiffres),1151431,115143,Indoor potted plants,Plantes en pot d'intérieur,Indoor potted plants.,Plantes en pot d'intérieur.
5,Detail (seven-digit standard codes),Détail (codes types à sept chiffres),1151432,115143,Outdoor potted plants,Plantes en pot d'extérieur,Outdoor potted plants.,Plantes en pot d'extérieur.
5,Detail (seven-digit standard codes),Détail (codes types à sept chiffres),1151433,115143,Cuttings,Boutures,Cuttings.,Boutures.
5,Detail (seven-digit standard codes),Détail (codes types à sept chiffres),1151434,115143,Bedding plants,Plantes à repiquer,Bedding plants.,Plantes à repiquer.
5,Detail (seven-digit standard codes),Détail (codes types à sept chiffres),1151435,115143,Cut flowers,Fleurs coupées,Cut flowers.,Fleurs coupées.
4,Subclass (six-digit standard codes),Sous-classe (codes types à six chiffres),115144,11514,Nursery products (except seeds),Produits de pépinière (sauf les graines),"This subclass comprises natural trees, shrubs and their seedlings, except seeds.","Cette sous-classe comprend les arbres et les arbustes naturels, ainsi que leurs semis, sauf les graines."
5,Detail (seven-digit standard codes),Détail (codes types à sept chiffres),1151441,115144,Trees,Arbres,Trees.,Arbres.
5,Detail (seven-digit standard codes),Détail (codes types à sept chiffres),1151442,115144,Shrubs,Arbustes,Shrubs.,Arbustes.
5,Detail (seven-digit standard codes),Détail (codes types à sept chiffres),1151443,115144,Vines,Plantes grimpantes,Vines.,Plantes grimpantes.
5,Detail (seven-digit standard codes),Détail (codes types à sept chiffres),1151444,115144,Small fruit bushes,Arbustes à petits fruits,Small fruit bushes.,Arbustes à petits fruits.
5,Detail (seven-digit standard codes),Détail (codes types à sept chiffres),1151445,115144,Tree seedlings,Arbres de semis,Tree seedlings.,Arbres de semis.
5,Detail (seven-digit standard codes),Détail (codes types à sept chiffres),1151446,115144,"Other nursery trees and plants, n.e.c.","Autres arbres et plants de pépinière, n.c.a.","Other nursery trees and plants, n.e.c.","Autres arbres et plants de pépinière, n.c.a."
4,Subclass (six-digit standard codes),Sous-classe (codes types à six chiffres),115145,11514,Sod,Gazon en plaques,"This subclass comprises sod, natural.","Cette sous-classe comprend le gazon naturel en plaques, précultivé."
5,Detail (seven-digit standard codes),Détail (codes types à sept chiffres),1151451,115145,Sod,Gazon en plaques,"Sod, natural.","Gazon naturel en plaques, précultivé."
2,Group (three-digit standard codes and four-character alphanumeric codes),Groupe (codes types à trois chiffres,213M,M11,"Cannabis seeds, plants and fresh flowering tops, in bulk","Graines, plants et sommités fleuries fraîches de cannabis, en vrac","This group comprises cannabis seeds, vegetative plants and fresh cannabis flowering tops, including leaves, in bulk.","Ce groupe comprend les graines, plants végétatifs et sommités fleuries fraîches de cannabis, y compris les feuilles, en vrac."
3,Class (five-digit standard codes and six-character alphanumeric codes),Classe (codes types à cinq chiffres,21311M,213M,"Cannabis seeds and vegetative plants, in bulk","Graines et plants végétatifs de cannabis, en vrac","This class comprises cannabis seeds and vegetative plants, in bulk.","Cette classe comprend les graines et plants végétatifs de cannabis, en vrac."
4,Subclass (six-digit standard codes),Sous-classe (codes types à six chiffres),213111M,21311M,"Cannabis seeds, in bulk","Graines de cannabis, en vrac","This subclass comprises cannabis seeds, in bulk.","Cette sous-classe comprend les graines de cannabis, en vrac."
5,Detail (seven-digit standard codes),Détail (codes types à sept chiffres),2131111,213111M,"Cannabis seeds, in bulk","Graines de cannabis, en vrac","Cannabis viable seeds mainly used for planting or growing, and propagation of cannabis bred to contain cannabinoids, in particular THC (more than 0.3% w/w) and CBD, in bulk, not prepared or packaged for retail sale.","Graines viables de cannabis généralement utilisées pour le plantage ou l'ensemencement, et la multiplication du cannabis sélectionné pour contenir des cannabinoïdes, en particulier le THC (plus de 0,3 % p/p) et le CBD, en vrac, non préparées ou emballées pour la vente au détail."
4,Subclass (six-digit standard codes),Sous-classe (codes types à six chiffres),213112M,21311M,"Cannabis vegetative plants, in bulk","Plants végétatifs de cannabis, en vrac","This subclass comprises cannabis vegetative plants, in bulk.","Cette sous-classe comprend les plants végétatifs de cannabis, en vrac."
5,Detail (seven-digit standard codes),Détail (codes types à sept chiffres),2131121,213112M,"Cannabis vegetative plants, in bulk","Plants végétatifs de cannabis, en vrac","Cannabis vegetative or live plants of various strain types, mainly used for planting or cultivation, and propagation of cannabis bred to contain cannabinoids, in particular THC (more than 0.3% w/w) and CBD, in bulk, not prepared or packaged for retail sale.","Plants végétatifs ou vivants de cannabis de diverses souches, généralement utilisés pour le plantage ou la culture, et la multiplication du cannabis sélectionné pour contenir des cannabinoïdes, en particulier le THC (plus de 0,3 % p/p) et le CBD, en vrac, non préparés ou emballés pour la vente au détail."
3,Class (five-digit standard codes and six-character alphanumeric codes),Classe (codes types à cinq chiffres,21312M,213M,"Fresh cannabis flowering tops (including leaves), in bulk","Sommités fleuries de cannabis fraîches (y compris les feuilles), en vrac","This class comprises fresh cannabis flowering tops, including leaves, in bulk.","Cette classe comprend les sommités fleuries de cannabis fraîches, y compris les feuilles, en vrac."
4,Subclass (six-digit standard codes),Sous-classe (codes types à six chiffres),213121M,21312M,"Fresh cannabis flowering tops (including leaves), in bulk","Sommités fleuries de cannabis fraîches (y compris les feuilles), en vrac","This subclass comprises fresh cannabis flowering tops, including leaves, in bulk.","Cette sous-classes comprend les sommités fleuries de cannabis fraîches, y compris les feuilles, en vrac."
5,Detail (seven-digit standard codes),Détail (codes types à sept chiffres),2131211,213121M,"Fresh cannabis flowering tops (including leaves), in bulk","Sommités fleuries de cannabis fraîches (y compris les feuilles), en vrac","Fresh cannabis flowering tops, including leaves, containing more than 0.3% w/w of THC, cannabidiol (CBD) and other cannabinoids, in bulk, not prepared or packaged for retail sale. Fresh cannabis refers to fresh or water-rich flowering tops (buds) and leaves, of female plants, that have not been subjected to any drying process.","Sommités fleuries de cannabis fraîches, y compris les feuilles, contenant plus de 0,3 % p/p de THC, du cannabidiol (CBD) et d'autres cannabinoïdes, en vrac, non préparées ou emballées pour la vente au détail. Le cannabis frais réfère aux sommités fleuries (bourgeons) et feuilles fraîches ou riches en eau, de plants femelles, qui n'ont subi aucun processus de séchage."
1,Section (three-character alphanumeric codes),Section (codes à trois caractères alphanumériques),M21,,Animals and animal products,Animaux et produits d'origine animale,This section comprises animals and animal products.,Cette section comprend les animaux et produits d'origine animale.
2,Group (three-digit standard codes and four-character alphanumeric codes),Groupe (codes types à trois chiffres,111,M21,Live animals,Animaux vivants,"This group comprises live animals, live insects and live semen.",Ce groupe comprend les animaux et les insectes vivants et le sperme vivant.
3,Class (five-digit standard codes and six-character alphanumeric codes),Classe (codes types à cinq chiffres,11111,111,Cattle and calves,Bovins et veaux,"This class comprises live beef and dairy cattle, and live calves.","Cette classe comprend les bovins de boucherie et les bovins laitiers vivants, et les veaux vivants."
4,Subclass (six-digit standard codes),Sous-classe (codes types à six chiffres),111111,11111,Cattle and calves,Bovins et veaux,"This subclass comprises live beef and dairy cattle, and live calves.","Cette sous-classe comprend les bovins de boucherie et les bovins laitiers vivants, et les veaux vivants."
5,Detail (seven-digit standard codes),Détail (codes types à sept chiffres),1111111,111111,Cattle,Bovins,"Live beef and dairy cattle, 1 year and over.","Bovins de boucherie et bovins laitiers vivants, d'un an et plus."
5,Detail (seven-digit standard codes),Détail (codes types à sept chiffres),1111112,111111,Calves,Veaux,"Live calves, under 1 year.","Veaux vivants, de moins d'un an."
3,Class (five-digit standard codes and six-character alphanumeric codes),Classe (codes types à cinq chiffres,11112,111,Hogs,Porcs,This class comprises live porcine animals.,Cette classe comprend les porcins vivants.
4,Subclass (six-digit standard codes),Sous-classe (codes types à six chiffres),111121,11112,Hogs,Porcs,This subclass comprises live porcine animals.,Cette sous-classe comprend les porcins vivants.
5,Detail (seven-digit standard codes),Détail (codes types à sept chiffres),1111211,111121,Hogs for breeding,Porcs pour la reproduction,Live porcine animals raised for breeding.,Porcins vivants élevés pour la reproduction.
5,Detail (seven-digit standard codes),Détail (codes types à sept chiffres),1111212,111121,Nursing and weaner hogs,Porcelets allaités et sevrés,"Live young pigs and piglets, weaned and unweaned, raised for meat production.","Jeunes porcs et porcelets vivants, sevrés et non sevrés, élevés pour la production de viande."
5,Detail (seven-digit standard codes),Détail (codes types à sept chiffres),1111213,111121,Market hogs,Porcs de marché,"Live porcine animals 23 kg and over, raised for meat production.","Porcins vivants, 23 kg et plus, élevés pour la production de viande."
3,Class (five-digit standard codes and six-character alphanumeric codes),Classe (codes types à cinq chiffres,11113,111,Poultry,Volailles,This class comprises live poultry.,Cette classe comprend les volailles vivantes.
4,Subclass (six-digit standard codes),Sous-classe (codes types à six chiffres),111131,11113,Chickens,Poulets,This subclass comprises live chickens.,Cette sous-classe comprend les poulets vivants.
5,Detail (seven-digit standard codes),Détail (codes types à sept chiffres),1111311,111131,Chickens for breeding,Poulets pour la reproduction,Live chickens raised for breeding.,Poulets vivants élevés pour la reproduction.
5,Detail (seven-digit standard codes),Détail (codes types à sept chiffres),1111312,111131,Hens and pullets for laying eggs,Poules et poulettes pour la ponte,Live hens and pullets raised for egg production.,Poules et poulettes vivantes élevées pour la production d'oeufs.
5,Detail (seven-digit standard codes),Détail (codes types à sept chiffres),1111313,111131,Chickens for meat,Poulets pour la viande,Live chickens raised for meat production.,Poulets vivants élevés pour la production de viande.
4,Subclass (six-digit standard codes),Sous-classe (codes types à six chiffres),111132,11113,Turkeys,Dindes et dindons,This subclass comprises live turkeys.,Cette sous-classe comprend les dindes et les dindons vivants.
5,Detail (seven-digit standard codes),Détail (codes types à sept chiffres),1111321,111132,Turkeys for breeding,Dindes et dindons pour la reproduction,Live turkeys raised for breeding.,Dindes et dindons vivants élevés pour la reproduction.
5,Detail (seven-digit standard codes),Détail (codes types à sept chiffres),1111322,111132,Turkeys for meat,Dindes et dindons pour la viande,Live turkeys raised for meat production.,Dindes et dindons vivants élevés pour la production de viande.
4,Subclass (six-digit standard codes),Sous-classe (codes types à six chiffres),111133,11113,Chicks and poults,Poussins et dindonneaux,This subclass comprises live chicks and poults.,Cette sous-classe comprend les poussins et les dindonneaux vivants.
5,Detail (seven-digit standard codes),Détail (codes types à sept chiffres),1111331,111133,Chicks,Poussins,"Live chicks, from hatching until placed in raising facilities.","Poussins vivants, de l'éclosion jusqu'à leur arrivée aux installations d'élevage."
5,Detail (seven-digit standard codes),Détail (codes types à sept chiffres),1111332,111133,Poults,Dindonneaux,"Live poults, from hatching until placed in raising facilities.","Dindonneaux vivants, de l'éclosion jusqu'à leur arrivée aux installations d'élevage."
4,Subclass (six-digit standard codes),Sous-classe (codes types à six chiffres),111134,11113,"Poultry (except chickens, turkeys, chicks and poults)","Volailles (sauf les poulets, dindes et dindons, poussins et dindonneaux)","This subclass comprises live poultry, except chickens, turkeys, chicks and poults.","Cette sous-classe comprend la volaille vivante, sauf les poulets, dindes et dindons, poussins et dindonneaux."
5,Detail (seven-digit standard codes),Détail (codes types à sept chiffres),1111341,111134,"Poultry (except chickens, turkeys, chicks and poults)","Volailles (sauf les poulets, dindes et dindons, poussins et dindonneaux)","Live poultry, except chickens, turkeys, chicks and poults.","Volaille vivante, sauf les poulets, dindes et dindons, poussins et dindonneaux."
3,Class (five-digit standard codes and six-character alphanumeric codes),Classe (codes types à cinq chiffres,11114,111,Other live animals,Autres animaux vivants,"This class comprises live animals n.e.c., live insects and live semen.","Cette classe comprend les animaux vivants n.c.a., les insectes vivants et le sperme vivant."
4,Subclass (six-digit standard codes),Sous-classe (codes types à six chiffres),111141,11114,"Sheep, lambs and goats","Moutons, agneaux et chèvres","This subclass comprises live sheep, lambs and goats.","Cette sous-classe comprend les moutons, les agneaux et les chèvres vivants."
5,Detail (seven-digit standard codes),Détail (codes types à sept chiffres),1111411,111141,Sheep and lambs,Moutons et agneaux,Live sheep and lambs.,Moutons et agneaux vivants.
5,Detail (seven-digit standard codes),Détail (codes types à sept chiffres),1111412,111141,Goats,Chèvres,Live goats.,Chèvres vivantes.
4,Subclass (six-digit standard codes),Sous-classe (codes types à six chiffres),111142,11114,Fur-bearing animals,Animaux à fourrure,This subclass comprises live fur-bearing animals.,Cette sous-classe comprend les animaux à fourrure vivants.
5,Detail (seven-digit standard codes),Détail (codes types à sept chiffres),1111421,111142,Fur-bearing animals,Animaux à fourrure,Live fur-bearing animals.,Animaux à fourrure vivants.
4,Subclass (six-digit standard codes),Sous-classe (codes types à six chiffres),111143,11114,Other miscellaneous live animals,Autres animaux divers vivants,"This subclass comprises other live animals for meat and for hair; pets and laboratory animals; bees and pollinating insects; other live animals, n.e.c.; semen; and animal embryos.","Cette sous-classe comprend les autres animaux vivants pour la viande et le poil; les animaux de compagnie et les animaux de laboratoire; les abeilles et les insectes pollinisateurs; les autres animaux vivants, n.c.a.; le sperme; et les embryons d'animaux."
5,Detail (seven-digit standard codes),Détail (codes types à sept chiffres),1111431,111143,Other live animals for meat and for hair,Autres animaux vivants pour la viande et le poil,Other live animals for meat and for hair.,Autres animaux vivants pour la viande et le poil.
5,Detail (seven-digit standard codes),Détail (codes types à sept chiffres),1111432,111143,Pets and laboratory animals,Animaux de compagnie et animaux de laboratoire,Live pets and laboratory animals.,Animaux de compagnie et animaux de laboratoire vivants.
5,Detail (seven-digit standard codes),Détail (codes types à sept chiffres),1111433,111143,Bees and pollinating insects,Abeilles et insectes pollinisateurs,Live bees and pollinating insects.,Abeilles et insectes pollinisateurs vivants.
5,Detail (seven-digit standard codes),Détail (codes types à sept chiffres),1111434,111143,"Other live animals, n.e.c.","Autres animaux vivants, n.c.a.","Other live animals, n.e.c.","Autres animaux vivants, n.c.a."
5,Detail (seven-digit standard codes),Détail (codes types à sept chiffres),1111435,111143,Semen,Sperme,"Live semen, frozen or fresh.","Sperme vivant, congelé ou frais."
5,Detail (seven-digit standard codes),Détail (codes types à sept chiffres),1111436,111143,Animal embryos,Embryons d'animaux,"Live animal embryos, frozen or fresh.","Embryons vivants d'animaux, congelés ou frais."
2,Group (three-digit standard codes and four-character alphanumeric codes),Groupe (codes types à trois chiffres,116,M21,Other animal products,Autres produits d'origine animale,This group comprises animal products n.e.c.,Ce groupe comprend les produits d'origine animale n.c.a.
3,Class (five-digit standard codes and six-character alphanumeric codes),Classe (codes types à cinq chiffres,11611,116,Eggs in shell,Oeufs en coquille,This class comprises eggs in shell for consumption and for hatcheries.,Cette classe comprend les oeufs en coquille aux fins de consommation et les oeufs fécondés en coquille pour couvoirs.
4,Subclass (six-digit standard codes),Sous-classe (codes types à six chiffres),116111,11611,Eggs in shell,Oeufs en coquille,This subclass comprises eggs in shell for consumption and for hatcheries.,Cette sous-classe comprend les oeufs en coquille aux fins de consommation et les oeufs fécondés en coquille pour couvoirs.
5,Detail (seven-digit standard codes),Détail (codes types à sept chiffres),1161111,116111,Eggs in shell for consumption,Oeufs en coquille aux fins de consommation,Eggs in shell for consumption.,Oeufs en coquille aux fins de consommation.
5,Detail (seven-digit standard codes),Détail (codes types à sept chiffres),1161112,116111,Eggs in shell for hatcheries,Oeufs en coquille pour couvoirs,Fertilized eggs in shell for hatcheries.,Oeufs fécondés en coquille pour couvoirs.
5,Detail (seven-digit standard codes),Détail (codes types à sept chiffres),1161113,116111,"Eggs in shell, leakers and rejects","Oeufs en coquille, avec fuites et rejetés","Eggs in shell, leakers and rejects.","Oeufs en coquille, avec fuites et rejetés."
3,Class (five-digit standard codes and six-character alphanumeric codes),Classe (codes types à cinq chiffres,11612,116,Unprocessed milk,Lait non transformé,This class comprises unprocessed milk.,Cette classe comprend le lait non transformé.
4,Subclass (six-digit standard codes),Sous-classe (codes types à six chiffres),116121,11612,Unprocessed milk,Lait non transformé,This subclass comprises unprocessed milk.,Cette sous-classe comprend le lait non transformé.
5,Detail (seven-digit standard codes),Détail (codes types à sept chiffres),1161211,116121,Unprocessed milk,Lait non transformé,Unprocessed milk.,Lait non transformé.
3,Class (five-digit standard codes and six-character alphanumeric codes),Classe (codes types à cinq chiffres,11613,116,"Raw furskins, and animal products n.e.c.","Pelleteries brutes, et produits d'origine animale n.c.a.",This class comprises raw furskins; raw wool and animal hair; natural honey; and pregnant mare urine.,"Cette classe comprend les pelleteries brutes; la laine et les poils d'animaux, bruts; le miel naturel; et l'urine de jument gravide."
4,Subclass (six-digit standard codes),Sous-classe (codes types à six chiffres),116131,11613,Raw furskins,Pelleteries brutes,This subclass comprises raw furskins.,Cette sous-classe comprend les pelleteries brutes.
5,Detail (seven-digit standard codes),Détail (codes types à sept chiffres),1161311,116131,Raw furskins,Pelleteries brutes,Raw furskins.,Pelleteries brutes.
4,Subclass (six-digit standard codes),Sous-classe (codes types à six chiffres),116132,11613,Raw wool and animal hair,"Laine et poils d'animaux, bruts",This subclass comprises raw wool and raw animal hair.,Cette sous-classe comprend la laine brute et les poils bruts d'animaux.
5,Detail (seven-digit standard codes),Détail (codes types à sept chiffres),1161321,116132,Raw wool,Laine brute,"Raw wool, not carded nor combed.","Laine brute, non cardée ni peignée."
5,Detail (seven-digit standard codes),Détail (codes types à sept chiffres),1161322,116132,Raw animal hair,Poils bruts d'animaux,"Raw animal hair, not carded nor combed.","Poils bruts d'animaux, non cardés ni peignés."
4,Subclass (six-digit standard codes),Sous-classe (codes types à six chiffres),116133,11613,Natural honey,Miel naturel,"This subclass comprises natural unprocessed (raw) honey made by bees, and bee-collected pollen.","Cette sous-classe comprend le miel naturel non transformé (brut), fabriqué par les abeilles, et le pollen recueilli par des abeilles."
5,Detail (seven-digit standard codes),Détail (codes types à sept chiffres),1161331,116133,Natural honey,Miel naturel,"Natural unprocessed (raw) honey made by bees, and bee-collected pollen.","Miel naturel non transformé (brut), fabriqué par les abeilles, et pollen recueilli par des abeilles."
4,Subclass (six-digit standard codes),Sous-classe (codes types à six chiffres),116134,11613,Pregnant mare urine,Urine de jument gravide,This subclass comprises pregnant mare urine.,Cette sous-classe comprend l'urine de jument gravide.
5,Detail (seven-digit standard codes),Détail (codes types à sept chiffres),1161341,116134,Pregnant mare urine,Urine de jument gravide,Pregnant mare urine.,Urine de jument gravide.
2,Group (three-digit standard codes and four-character alphanumeric codes),Groupe (codes types à trois chiffres,121,M21,"Fish, crustaceans, shellfish and other fishery products","Poissons, crustacés, mollusques et autres produits de la pêche","This group comprises fish, crustaceans, shellfish and other fishery products, live and dead, except processed beyond frozen or dressed.","Ce groupe comprend les poissons, crustacés, mollusques et autres produits de la pêche, vivants et morts, sauf transformés au-delà de l'habillage et congelés."
3,Class (five-digit standard codes and six-character alphanumeric codes),Classe (codes types à cinq chiffres,12111,121,"Fish, crustaceans, shellfish and other fishery products","Poissons, crustacés, mollusques et autres produits de la pêche","This class comprises fish, crustaceans, shellfish and other fishery products, live and dead, except processed beyond frozen or dressed.","Cette classe comprend les poissons, crustacés, mollusques et autres produits de la pêche, vivants et morts, sauf transformés au-delà de l'habillage et congelés."
4,Subclass (six-digit standard codes),Sous-classe (codes types à six chiffres),121111,12111,"Live fish, crustaceans and shellfish","Poissons, crustacés et mollusques vivants","This subclass comprises live fish, crustaceans and shellfish.","Cette sous-classe comprend les poissons, crustacés et mollusques vivants."
5,Detail (seven-digit standard codes),Détail (codes types à sept chiffres),1211111,121111,Live fish,Poissons vivants,Live fish.,Poissons vivants.
5,Detail (seven-digit standard codes),Détail (codes types à sept chiffres),1211112,121111,Live roe,Oeufs de poissons vivants,Live roe.,Oeufs de poissons vivants.
5,Detail (seven-digit standard codes),Détail (codes types à sept chiffres),1211113,121111,Live crustaceans,Crustacés vivants,Live crustaceans.,Crustacés vivants.
5,Detail (seven-digit standard codes),Détail (codes types à sept chiffres),1211114,121111,Live shellfish,Mollusques vivants,Live shellfish.,Mollusques vivants.
4,Subclass (six-digit standard codes),Sous-classe (codes types à six chiffres),121112,12111,Fish (except live),Poissons (sauf vivants),"This subclass comprises whole fish fresh, chilled or frozen, dressed or not dressed, but not further processed.","Cette sous-classe comprend les poissons entiers frais, réfrigérés et congelés, habillés ou non, mais n'ayant pas subi un conditionnement supplémentaire."
5,Detail (seven-digit standard codes),Détail (codes types à sept chiffres),1211121,121112,Fish (except live),Poissons (sauf vivants),"Whole fish fresh, chilled or frozen, dressed or not dressed, but not further processed.","Poissons entiers frais, réfrigérés et congelés, habillés ou non, mais n'ayant pas subi un conditionnement supplémentaire."
4,Subclass (six-digit standard codes),Sous-classe (codes types à six chiffres),121113,12111,Crustaceans and shellfish (except live),Crustacés et mollusques (sauf vivants),"This subclass comprises fresh, chilled and frozen unshelled crustaceans and shellfish, but not further processed.","Cette sous-classe comprend les crustacés et mollusques non décortiqués, frais, réfrigérés et congelés, mais n'ayant pas subi un conditionnement supplémentaire."
5,Detail (seven-digit standard codes),Détail (codes types à sept chiffres),1211131,121113,Crustaceans (except live),Crustacés (sauf vivants),"Fresh, chilled and frozen unshelled crustaceans, but not further processed.","Crustacés non décortiqués, frais, réfrigérés et congelés, mais n'ayant pas subi un conditionnement supplémentaire."
5,Detail (seven-digit standard codes),Détail (codes types à sept chiffres),1211132,121113,Shellfish (except live),Mollusques (sauf vivants),"Fresh, chilled and frozen unshelled shellfish, but not further processed.","Mollusques non décortiqués, frais, réfrigérés et congelés, mais n'ayant pas subi un conditionnement supplémentaire."
4,Subclass (six-digit standard codes),Sous-classe (codes types à six chiffres),121114,12111,"Seaweed, Irish moss and other algae","Algues marines, mousse d'Irlande et autres algues","This subclass comprises seaweed, Irish moss and other algae.","Cette sous-classe comprend les algues marines, la mousse d'Irlande et les autres algues."
5,Detail (seven-digit standard codes),Détail (codes types à sept chiffres),1211141,121114,Seaweed,Algues marines,Seaweed.,Algues marines.
5,Detail (seven-digit standard codes),Détail (codes types à sept chiffres),1211142,121114,Irish moss,Mousse d'Irlande,Irish moss.,Mousse d'Irlande.
5,Detail (seven-digit standard codes),Détail (codes types à sept chiffres),1211143,121114,Other algae,Autres algues,Other algae.,Autres algues.
1,Section (three-character alphanumeric codes),Section (codes à trois caractères alphanumériques),M31,,Non-metallic minerals,Minéraux non métalliques,This section comprises non-metallic minerals.,Cette section comprend les minéraux non métalliques.
2,Group (three-digit standard codes and four-character alphanumeric codes),Groupe (codes types à trois chiffres,161,M31,Potash,Potasse,This group comprises potash.,Ce groupe comprend la potasse.
3,Class (five-digit standard codes and six-character alphanumeric codes),Classe (codes types à cinq chiffres,16111,161,Potash,Potasse,This class comprises potash.,Cette classe comprend la potasse.
4,Subclass (six-digit standard codes),Sous-classe (codes types à six chiffres),161111,16111,Potash,Potasse,This subclass comprises potash.,Cette sous-classe comprend la potasse.
5,Detail (seven-digit standard codes),Détail (codes types à sept chiffres),1611111,161111,Potash,Potasse,Potash.,Potasse.
2,Group (three-digit standard codes and four-character alphanumeric codes),Groupe (codes types à trois chiffres,162,M31,"Stone, sand, gravel, clay, and refractory minerals","Pierre, sable, gravier, argile et minéraux réfractaires","This group comprises stone, sand, gravel, clay, and refractory minerals.","Ce groupe comprend la pierre, le sable, le gravier, l'argile et les minéraux réfractaires."
3,Class (five-digit standard codes and six-character alphanumeric codes),Classe (codes types à cinq chiffres,16211,162,Stone,Pierre,This class comprises stone.,Cette classe comprend la pierre.
4,Subclass (six-digit standard codes),Sous-classe (codes types à six chiffres),162111,16211,Rough dimension stone,Pierre de taille grossière,This subclass comprises rough dimension stone.,Cette sous-classe comprend la pierre de taille grossière.
5,Detail (seven-digit standard codes),Détail (codes types à sept chiffres),1621111,162111,Rough dimension stone,Pierre de taille grossière,Rough dimension stone.,Pierre de taille grossière.
4,Subclass (six-digit standard codes),Sous-classe (codes types à six chiffres),162112,16211,Crushed stone,Pierre concassée,This subclass comprises crushed stone.,Cette sous-classe comprend la pierre concassée.
5,Detail (seven-digit standard codes),Détail (codes types à sept chiffres),1621121,162112,Crushed stone,Pierre concassée,Crushed stone.,Pierre concassée.
3,Class (five-digit standard codes and six-character alphanumeric codes),Classe (codes types à cinq chiffres,16212,162,"Sand, gravel, clay, and refractory minerals","Sable, gravier, argile et minéraux réfractaires","This class comprises sand, gravel, clay, and refractory minerals.","Cette classe comprend le sable, le gravier, l'argile et les minéraux réfractaires."
4,Subclass (six-digit standard codes),Sous-classe (codes types à six chiffres),162121,16212,Construction sand and gravel,Sable et gravier de construction,"This subclass comprises sand and gravel that has not been further processed than crushing, washing or screening.","Cette sous-classe comprend le sable et le gravier qui n'ont pas subi de traitements autres que le concassage, le lavage et le passage à la claie."
5,Detail (seven-digit standard codes),Détail (codes types à sept chiffres),1621211,162121,Construction sand and gravel,Sable et gravier de construction,"Sand and gravel that has not been further processed than crushing, washing or screening.","Sable et gravier qui n'ont pas subi de traitements autres que le concassage, le lavage et le passage à la claie."
4,Subclass (six-digit standard codes),Sous-classe (codes types à six chiffres),162122,16212,Industrial sand,Sable industriel,This subclass comprises industrial sand.,Cette sous-classe comprend le sable industriel.
5,Detail (seven-digit standard codes),Détail (codes types à sept chiffres),1621221,162122,Industrial sand,Sable industriel,Industrial sand.,Sable industriel.
4,Subclass (six-digit standard codes),Sous-classe (codes types à six chiffres),162123,16212,Clay and refractory minerals,Argile et minéraux réfractaires,"This subclass comprises clay, and refractory minerals.",Cette sous-classe comprend l'argile et les minéraux réfractaires.
5,Detail (seven-digit standard codes),Détail (codes types à sept chiffres),1621231,162123,Clay and refractory minerals,Argile et minéraux réfractaires,"Clay, and refractory minerals.",Argile et minéraux réfractaires.
2,Group (three-digit standard codes and four-character alphanumeric codes),Groupe (codes types à trois chiffres,163,M31,Diamonds and other non-metallic minerals (except cut gemstones),Diamants et autres minéraux non métalliques (sauf les pierres précieuses taillées),"This group comprises diamonds and other non-metallic minerals, except cut gemstones.","Ce groupe comprend les diamants et les autres minéraux non métalliques, sauf les pierres précieuses taillées."
3,Class (five-digit standard codes and six-character alphanumeric codes),Classe (codes types à cinq chiffres,16311,163,Uncut and industrial diamonds,Diamants non taillés et industriels,This class comprises uncut and industrial diamonds.,Cette classe comprend les diamants non taillés et industriels.
4,Subclass (six-digit standard codes),Sous-classe (codes types à six chiffres),163111,16311,Uncut and industrial diamonds,Diamants non taillés et industriels,This subclass comprises uncut and industrial diamonds.,Cette sous-classe comprend les diamants non taillés et industriels.
5,Detail (seven-digit standard codes),Détail (codes types à sept chiffres),1631111,163111,Uncut diamonds,Diamants non taillés,Uncut diamonds.,Diamants non taillés.
5,Detail (seven-digit standard codes),Détail (codes types à sept chiffres),1631112,163111,Industrial diamonds,Diamants industriels,Industrial diamonds.,Diamants industriels.
3,Class (five-digit standard codes and six-character alphanumeric codes),Classe (codes types à cinq chiffres,16312,163,Non-metallic minerals (except diamonds),Minéraux non métalliques (sauf les diamants),"This class comprises non-metallic minerals, except uncut and industrial diamonds.","Cette classe comprend les minéraux non métalliques, sauf les diamants non taillés et industriels."
4,Subclass (six-digit standard codes),Sous-classe (codes types à six chiffres),163121,16312,Gypsum,Gypse,This subclass comprises gypsum.,Cette sous-classe comprend le gypse.
5,Detail (seven-digit standard codes),Détail (codes types à sept chiffres),1631211,163121,Gypsum,Gypse,Gypsum.,Gypse.
4,Subclass (six-digit standard codes),Sous-classe (codes types à six chiffres),163122,16312,Sulphur,Soufre,This subclass comprises sulphur.,Cette sous-classe comprend le soufre.
5,Detail (seven-digit standard codes),Détail (codes types à sept chiffres),1631221,163122,Sulphur,Soufre,Sulphur.,Soufre.
4,Subclass (six-digit standard codes),Sous-classe (codes types à six chiffres),163123,16312,Phosphate rock,Roches phosphatées,This subclass comprises phosphate rock.,Cette sous-classe comprend les roches phosphatées.
5,Detail (seven-digit standard codes),Détail (codes types à sept chiffres),1631231,163123,Phosphate rock,Roches phosphatées,Phosphate rock.,Roches phosphatées.
4,Subclass (six-digit standard codes),Sous-classe (codes types à six chiffres),163124,16312,Rock salt,Sel gemme,This subclass comprises rock salt.,Cette sous-classe comprend le sel gemme.
5,Detail (seven-digit standard codes),Détail (codes types à sept chiffres),1631241,163124,Rock salt,Sel gemme,Rock salt.,Sel gemme.
4,Subclass (six-digit standard codes),Sous-classe (codes types à six chiffres),163125,16312,Other non-metallic minerals,Autres minéraux non métalliques,This subclass comprises other non-metallic minerals.,Cette sous-classe comprend les autres minéraux non métalliques.
5,Detail (seven-digit standard codes),Détail (codes types à sept chiffres),1631251,163125,Quartz,Quartz,Quartz.,Quartz.
5,Detail (seven-digit standard codes),Détail (codes types à sept chiffres),1631252,163125,Peat,Tourbe,Peat.,Tourbe.
5,Detail (seven-digit standard codes),Détail (codes types à sept chiffres),1631253,163125,"Other non-metallic minerals, n.e.c.","Autres minéraux non métalliques, n.c.a.","Other non-metallic minerals, n.e.c.","Autres minéraux non métalliques, n.c.a."
1,Section (three-character alphanumeric codes),Section (codes à trois caractères alphanumériques),M41,,"Logs, pulpwood, natural rubber and other forestry products","Billes, bois à pâte, caoutchouc naturel et autres produits forestiers","This section comprises logs, pulpwood, natural rubber and other forestry products.","Cette section comprend les billes, bois à pâte, caoutchouc naturel et autres produits forestiers."
2,Group (three-digit standard codes and four-character alphanumeric codes),Groupe (codes types à trois chiffres,131,M41,"Logs, pulpwood and other forestry products","Billes, bois à pâte et autres produits forestiers","This group comprises wood logs, pulpwood and other forestry products.","Ce groupe comprend les billes de bois, le bois à pâte et les autres produits forestiers."
3,Class (five-digit standard codes and six-character alphanumeric codes),Classe (codes types à cinq chiffres,13111,131,Logs and bolts,Billes et billons,This class comprises wood logs and bolts.,Cette classe comprend les billes et les billons de bois.
4,Subclass (six-digit standard codes),Sous-classe (codes types à six chiffres),131111,13111,Hardwood logs and bolts (except fuel wood and pulpwood),Billes et billons de feuillus (sauf le bois de chauffage et le bois à pâte),"This subclass comprises hardwood logs and bolts, except fuel wood and pulpwood.","Cette sous-classe comprend les billes et les billons de feuillus, sauf le bois de chauffage et le bois à pâte."
5,Detail (seven-digit standard codes),Détail (codes types à sept chiffres),1311111,131111,Hardwood logs and bolts (except fuel wood and pulpwood),Billes et billons de feuillus (sauf le bois de chauffage et le bois à pâte),"Hardwood logs and bolts, except fuel wood and pulpwood.","Billes et billons de feuillus, sauf le bois de chauffage et le bois à pâte."
4,Subclass (six-digit standard codes),Sous-classe (codes types à six chiffres),131112,13111,Softwood logs and bolts (except fuel wood and pulpwood),Billes et billons de résineux (sauf le bois de chauffage et le bois à pâte),"This subclass comprises softwood logs and bolts, except fuel wood and pulpwood.","Cette sous-classe comprend les billes et les billons de résineux, sauf le bois de chauffage et le bois à pâte."
5,Detail (seven-digit standard codes),Détail (codes types à sept chiffres),1311121,131112,"Logs and bolts of spruce, pine and fir (except fuel wood and pulpwood)","Billes et billons d'épinette, de pin et de sapin (sauf le bois de chauffage et le bois à pâte)","Logs and bolts of spruce, pine and fir, except fuel wood and pulpwood.","Billes et billons d'épinette, de pin et de sapin, sauf le bois de chauffage et le bois à pâte."
5,Detail (seven-digit standard codes),Détail (codes types à sept chiffres),1311122,131112,Logs and bolts of hemlock fir (except fuel wood and pulpwood),Billes et billons de pruche (sauf le bois de chauffage et le bois à pâte),"Logs and bolts of hemlock fir, except fuel wood and pulpwood.","Billes et billons de pruche, sauf le bois de chauffage et le bois à pâte."
5,Detail (seven-digit standard codes),Détail (codes types à sept chiffres),1311123,131112,Logs and bolts of Douglas fir and Western larch (except fuel wood and pulpwood),Billes et billons de sapin de Douglas et de mélèze de l'Ouest (sauf le bois de chauffage et le bois à pâte),"Logs and bolts of Douglas fir and Western larch, except fuel wood and pulpwood.","Billes et billons de sapin de Douglas et de mélèze de l'Ouest, sauf le bois de chauffage et le bois à pâte."
5,Detail (seven-digit standard codes),Détail (codes types à sept chiffres),1311124,131112,Logs and bolts of Western red cedar (except fuel wood and pulpwood),Billes et billons de cèdre rouge de l'Ouest (sauf le bois de chauffage et le bois à pâte),"Logs and bolts of Western red cedar, except fuel wood and pulpwood.","Billes et billons de cèdre rouge de l'Ouest, sauf le bois de chauffage et le bois à pâte."
5,Detail (seven-digit standard codes),Détail (codes types à sept chiffres),1311125,131112,Other logs and bolts of softwood (except fuel wood and pulpwood),Autres billes et billons de résineux (sauf le bois de chauffage et le bois à pâte),"Other logs and bolts of softwood, except fuel wood and pulpwood.","Autres billes et billons de résineux, sauf le bois de chauffage et le bois à pâte."
3,Class (five-digit standard codes and six-character alphanumeric codes),Classe (codes types à cinq chiffres,13112,131,Pulpwood,Bois à pâte,This class comprises pulpwood.,Cette classe comprend le bois à pâte.
4,Subclass (six-digit standard codes),Sous-classe (codes types à six chiffres),131121,13112,Hardwood pulpwood,Bois à pâte de feuillus,This subclass comprises hardwood pulpwood.,Cette sous-classe comprend le bois à pâte de feuillus.
5,Detail (seven-digit standard codes),Détail (codes types à sept chiffres),1311211,131121,Hardwood pulpwood,Bois à pâte de feuillus,Hardwood pulpwood.,Bois à pâte de feuillus.
4,Subclass (six-digit standard codes),Sous-classe (codes types à six chiffres),131122,13112,Softwood pulpwood,Bois à pâte de résineux,This subclass comprises softwood pulpwood.,Cette sous-classe comprend le bois à pâte de résineux.
5,Detail (seven-digit standard codes),Détail (codes types à sept chiffres),1311221,131122,Softwood pulpwood,Bois à pâte de résineux,Softwood pulpwood.,Bois à pâte de résineux.
3,Class (five-digit standard codes and six-character alphanumeric codes),Classe (codes types à cinq chiffres,13113,131,"Rough untreated poles, posts and piling","Poteaux, pieux et piquets, en bois brut non traité","This class comprises rough untreated poles, posts and piling.","Cette classe comprend les poteaux, les pieux et les piquets, en bois brut non traité."
4,Subclass (six-digit standard codes),Sous-classe (codes types à six chiffres),131131,13113,"Rough untreated poles, posts and piling","Poteaux, pieux et piquets, en bois brut non traité","This subclass comprises rough untreated poles, posts and piling.","Cette sous-classe comprend les poteaux, les pieux et les piquets, en bois brut non traité."
5,Detail (seven-digit standard codes),Détail (codes types à sept chiffres),1311311,131131,"Rough untreated poles, posts and piling of softwood","Poteaux, pieux et piquets, en bois résineux brut non traité","Rough untreated poles, posts and piling of softwood.","Poteaux, pieux et piquets, en bois résineux brut non traité."
5,Detail (seven-digit standard codes),Détail (codes types à sept chiffres),1311312,131131,"Rough untreated poles, posts and piling of hardwood","Poteaux, pieux et piquets, en bois de feuillus brut non traité","Rough untreated poles, posts and piling of hardwood.","Poteaux, pieux et piquets, en bois de feuillus brut non traité."
2,Group (three-digit standard codes and four-character alphanumeric codes),Groupe (codes types à trois chiffres,282M,M41,Natural rubber,Caoutchouc naturel,This group comprises natural rubber.,Ce groupe comprend le caoutchouc naturel.
3,Class (five-digit standard codes and six-character alphanumeric codes),Classe (codes types à cinq chiffres,28211M,282M,Natural rubber,Caoutchouc naturel,This class comprises natural rubber.,Cette classe comprend le caoutchouc naturel.
4,Subclass (six-digit standard codes),Sous-classe (codes types à six chiffres),282111,28211M,Natural rubber,Caoutchouc naturel,This subclass comprises natural rubber.,Cette sous-classe comprend le caoutchouc naturel.
5,Detail (seven-digit standard codes),Détail (codes types à sept chiffres),2821111,282111,Natural rubber,Caoutchouc naturel,Natural rubber.,Caoutchouc naturel.
1,Section (three-character alphanumeric codes),Section (codes à trois caractères alphanumériques),M51,,Crude energy products,Produits énergétiques bruts,This section comprises crude energy products.,Cette section comprend les produits énergétiques bruts.
2,Group (three-digit standard codes and four-character alphanumeric codes),Groupe (codes types à trois chiffres,141,M51,Crude oil and bitumen,Pétrole brut et bitume,"This group comprises conventional crude oil, crude and diluted bitumen, and synthetic crude oil.","Ce groupe comprend le pétrole brut classique, le bitume naturel et dilué, et le pétrole brut synthétique."
3,Class (five-digit standard codes and six-character alphanumeric codes),Classe (codes types à cinq chiffres,14111,141,Conventional crude oil,Pétrole brut classique,This class comprises crude oil (a mixture of hydrocarbons in liquid phase) extracted by conventional methods from underground reservoirs.,Cette classe comprend le pétrole brut (un mélange d'hydrocarbones à l'état liquide) extrait de gisements souterrains au moyen de méthodes classiques.
4,Subclass (six-digit standard codes),Sous-classe (codes types à six chiffres),141111,14111,Conventional crude oil,Pétrole brut classique,This subclass comprises crude oil (a mixture of hydrocarbons in liquid phase) extracted by conventional methods from underground reservoirs.,Cette sous-classe comprend le pétrole brut (un mélange d'hydrocarbones à l'état liquide) extrait de gisements souterrains au moyen de méthodes classiques.
5,Detail (seven-digit standard codes),Détail (codes types à sept chiffres),1411111,141111,Light and medium crude oil,Pétrole brut léger et moyen,Light and medium crude oil with a density equal to or less than 875.7 kg/m³ (30.1°API).,"Pétrole brut léger et moyen dont la densité est égale ou inférieure à 875,7 kg/m³ (30,1 °API)."
5,Detail (seven-digit standard codes),Détail (codes types à sept chiffres),1411112,141111,Heavy crude oil,Pétrole brut lourd,Heavy crude oil with a density greater than 875.7 kg/m³ (30.1°API).,"Pétrole brut lourd dont la densité est supérieure à 875,7 kg/m³ (30,1 °API)."
3,Class (five-digit standard codes and six-character alphanumeric codes),Classe (codes types à cinq chiffres,14112,141,Crude and diluted bitumen,Bitume naturel et dilué,This class comprises crude bitumen and bitumen mixed with diluents.,Cette classe comprend le bitume naturel et le bitume mélangé à des diluants.
4,Subclass (six-digit standard codes),Sous-classe (codes types à six chiffres),141121,14112,Crude and diluted bitumen,Bitume naturel et dilué,This subclass comprises crude bitumen and bitumen mixed with diluents.,Cette sous-classe comprend le bitume naturel et le bitume mélangé à des diluants.
5,Detail (seven-digit standard codes),Détail (codes types à sept chiffres),1411211,141121,Crude bitumen,Bitume naturel,Semi solid form of crude oil that does not flow unless it is heated or diluted with lighter hydrocarbons.,Forme semi-solide de pétrole brut qui ne s'écoule pas à moins d'être chauffé ou dilué dans des hydrocarbures plus légers.
5,Detail (seven-digit standard codes),Détail (codes types à sept chiffres),1411212,141121,Diluted bitumen,Bitume dilué,Crude bitumen that has been diluted so that it can be transported by pipeline.,Bitume brut qui a été dilué de manière à pouvoir être transporté par pipeline.
3,Class (five-digit standard codes and six-character alphanumeric codes),Classe (codes types à cinq chiffres,14113,141,Synthetic crude oil,Pétrole brut synthétique,"This class comprises synthetic crude oil, which refers to an intermediate product that is a mixture of hydrocarbons derived from the upgrading of crude bitumen into a transportable liquid form. Synthetic crude oil contains very little sulfur (less than 0.2% by weight) compared to other light crude oils due to its processing, and has a density between 834.8 and 870.8 kg/m³ (31.0°API to 38.0°API).","Cette classe comprend le pétrole brut synthétique, qui réfère à un produit intermédiaire qui est un mélange d'hydrocarbones dérivés de la valorisation du bitume naturel sous la forme d'un liquide transportable. Le pétrole brut synthétique contient très peu de soufre (inférieur à 0,2 % en poids) comparé à d'autres formes de pétrole brut léger en raison de sa transformation, et a une densité de 834,8 à 870,8 kg/m³ (31,0 °API à 38,0 °API)."
4,Subclass (six-digit standard codes),Sous-classe (codes types à six chiffres),141131,14113,Synthetic crude oil,Pétrole brut synthétique,"This subclass comprises synthetic crude oil, which refers to an intermediate product that is a mixture of hydrocarbons derived from the upgrading of crude bitumen into a transportable liquid form. Synthetic crude oil contains very little sulfur (less than 0.2% by weight) compared to other light crude oils due to its processing, and has a density between 834.8 and 870.8 kg/m³ (31.0°API to 38.0°API).","Cette sous-classe comprend le pétrole brut synthétique, qui réfère à un produit intermédiaire qui est un mélange d'hydrocarbones dérivés de la valorisation du bitume naturel sous la forme d'un liquide transportable. Le pétrole brut synthétique contient très peu de soufre (inférieur à 0,2 % en poids) comparé à d'autres formes de pétrole brut léger en raison de sa transformation, et a une densité de 834,8 à 870,8 kg/m³ (31,0 °API à 38,0 °API)."
5,Detail (seven-digit standard codes),Détail (codes types à sept chiffres),1411311,141131,Synthetic crude oil,Pétrole brut synthétique,"Synthetic crude oil, which refers to an intermediate product that is a mixture of hydrocarbons derived from the upgrading of crude bitumen into a transportable liquid form. Synthetic crude oil contains very little sulfur (less than 0.2% by weight) compared to other light crude oils due to its processing, and has a density between 834.8 and 870.8 kg/m³ (31.0°API to 38.0°API).","Pétrole brut synthétique, qui réfère à un produit intermédiaire qui est un mélange d'hydrocarbones dérivés de la valorisation du bitume naturel sous la forme d'un liquide transportable. Le pétrole brut synthétique contient très peu de soufre (inférieur à 0,2 % en poids) comparé à d'autres formes de pétrole brut léger en raison de sa transformation, et a une densité de 834,8 à 870,8 kg/m³ (31,0 °API à 38,0 °API)."
2,Group (three-digit standard codes and four-character alphanumeric codes),Groupe (codes types à trois chiffres,142,M51,Natural gas,Gaz naturel,"This group comprises natural gas, a mixture of gaseous hydrocarbons consisting primarily of methane.","Ce groupe comprend le gaz naturel, un mélange d'hydrocarbures gazeux composé principalement de méthane."
3,Class (five-digit standard codes and six-character alphanumeric codes),Classe (codes types à cinq chiffres,14211,142,Natural gas,Gaz naturel,"This class comprises natural gas, a mixture of gaseous hydrocarbons consisting primarily of methane.","Cette classe comprend le gaz naturel, un mélange d'hydrocarbures gazeux composé principalement de méthane."
4,Subclass (six-digit standard codes),Sous-classe (codes types à six chiffres),142111,14211,Natural gas,Gaz naturel,"This subclass comprises natural gas, a mixture of gaseous hydrocarbons consisting primarily of methane.","Cette sous-classe comprend le gaz naturel, un mélange d'hydrocarbures gazeux composé principalement de méthane."
5,Detail (seven-digit standard codes),Détail (codes types à sept chiffres),1421111,142111,Natural gas,Gaz naturel,"Natural gas, a mixture of gaseous hydrocarbons consisting primarily of methane.","Gaz naturel, un mélange d'hydrocarbures gazeux composé principalement de méthane."
2,Group (three-digit standard codes and four-character alphanumeric codes),Groupe (codes types à trois chiffres,144,M51,Coal,Charbon,"This group comprises coal, a combustible black (hard coal) and brownish-black (brown coal) rock consisting of more than 50% by weight and more than 70% by volume of carbonaceous material. It is formed from plant remains that have been compacted, hardened and chemically altered, and metamorphosed by heat and pressure over geologic time.","Ce groupe comprend le charbon, une roche combustible noire (charbon dur) et brunâtre (charbon brun) composée à plus de 50 % selon le poids et à plus de 70 % selon le volume, de matière carbonée. Il est formé à partir de vestiges de plantes qui ont été compactées, durcies et chimiquement altérées, et métamorphosées par la chaleur et la pression sur la chaîne des temps géologiques."
3,Class (five-digit standard codes and six-character alphanumeric codes),Classe (codes types à cinq chiffres,14411,144,Hard coal,Charbon dur,"This class comprises black coal ranked as hard coal, which includes anthracite and bituminous coal. Hard coal refers to coal of gross calorific value equal to or greater than 24,000 kJ/kg, on an ash-free but moist basis and with a mean random reflectance of vitrinite of at least 0.6%.","Cette classe comprend le charbon noir classé comme dur (houille), ce qui inclut l'anthracite et le charbon bitumineux. La houille est un charbon dont le pouvoir calorifique est égal ou supérieur à 24 000 kJ/kg, sur un échantillon humide exempt de cendres, et ayant un indice moyen de réflectance de la vitrinite au moins égal à 0,6 %."
4,Subclass (six-digit standard codes),Sous-classe (codes types à six chiffres),144111,14411,Anthracite,Anthracite,"This subclass comprises anthracite, a high rank hard, lustrous black coal destined primarily for residential and industrial (as steel making) or commercial applications. It has generally less than 10% volatile matter and a high carbon content (about 90% fixed carbon). Its gross calorific value is equal to or greater than 24,000 kJ/kg, on an ash-free but moist basis.","Cette sous-classe comprend l'anthracite, un charbon dur de rang élevé, noir et brillant, utilisé principalement pour les applications résidentielles et industrielles (notamment la fabrication de l'acier) ou commerciales. Il présente généralement une teneur en matières volatiles inférieure à 10 % et une forte teneur en carbone (environ 90 % de carbone fixe). Son pouvoir calorifique est égal ou supérieur à 24 000 kJ/kg, sur un échantillon humide exempt de cendres."
5,Detail (seven-digit standard codes),Détail (codes types à sept chiffres),1441111,144111,Anthracite,Anthracite,"High rank hard lustrous black coal destined primarily for residential and industrial (as steel making) or commercial applications. It has generally less than 10% volatile matter and a high carbon content (about 90% fixed carbon). Its gross calorific value is equal to or greater than 24,000 kJ/kg, on an ash-free but moist basis.","Charbon dur de rang élevé, noir et brillant, utilisé principalement pour les applications résidentielles et industrielles (notamment la fabrication de l'acier) ou commerciales. Il présente généralement une teneur en matières volatiles inférieure à 10 % et une forte teneur en carbone (environ 90 % de carbone fixe). Son pouvoir calorifique est égal ou supérieur à 24 000 kJ/kg, sur un échantillon humide exempt de cendres."
4,Subclass (six-digit standard codes),Sous-classe (codes types à six chiffres),144112,14411,Bituminous coal,Charbon bitumineux,"This subclass comprises coking or metallurgical coal and other bituminous coal. Bituminous coal is a medium rank coal used for gasification, industrial coking and heat raising, and residential heat raising. It is characterized by higher volatile matter than anthracite (more than 10%) and lower carbon content (less than 90% fixed carbon). Its gross calorific value is equal to or greater than 24,000 kJ/kg, on an ash-free but moist basis.","Cette sous-classe comprend le charbon cokéfiable ou métallurgique et d'autres formes de charbon bitumineux. Le charbon bitumineux est un charbon de rang moyen utilisé pour la gazéification, la cokéfaction et le chauffage industriels, ainsi que le chauffage résidentiel. Il est caractérisé par une teneur en matières volatiles supérieure à l'anthracite (plus de 10 %) et une teneur en carbone inférieure (moins de 90 % de carbone fixe). Son pouvoir calorifique est égal ou supérieur à 24 000 kJ/kg, sur un échantillon humide exempt de cendres."
5,Detail (seven-digit standard codes),Détail (codes types à sept chiffres),1441121,144112,Coking (metallurgical) coal,Charbon cokéfiable (métallurgique),"Bituminous coal with a quality that allows the production of a coke suitable to support a blast furnace charge. Its gross calorific value is equal to or greater than 24,000 kJ/kg, on an ash-free but moist basis.","Charbon bitumineux d'une qualité permettant la production d'un coke susceptible d'être utilisé dans les hauts fourneaux. Son pouvoir calorifique est égal ou supérieur à 24 000 kJ/kg, sur un échantillon humide exempt de cendres."
5,Detail (seven-digit standard codes),Détail (codes types à sept chiffres),1441122,144112,Other bituminous coal,Autre charbon bitumineux,"Other bituminous coal mainly used for steam raising purposes. It is characterized by higher volatile matter than anthracite (more than 10%) and lower carbon content (less than 90% fixed carbon). Its gross calorific value is equal to or greater than 24,000 kJ/kg, on an ash-free but moist basis.","Autre charbon bitumineux utilisé surtout pour la production de vapeur. Il est caractérisé par une teneur en matières volatiles plus élevée que celle de l'anthracite (plus de 10 %) et une teneur en carbone plus faible (moins de 90 % de carbone fixe). Son pouvoir calorifique est égal ou supérieur à 24 000 kJ/kg, sur un échantillon humide exempt de cendres."
3,Class (five-digit standard codes and six-character alphanumeric codes),Classe (codes types à cinq chiffres,14412,144,Brown coal,Charbon brun,"This class comprises softer brown coal, which includes sub-bituminous coal and lignite. Brown coal refers to coal of gross calorific value of less than 24,000 kJ/kg, on an ash-free but moist basis, and a mean random reflectance of vitrinite of less than 0.6%.","Cette classe comprend le charbon brun moins dur qui inclut le charbon subbitumineux et la lignite. Le charbon brun est un charbon dont le pouvoir calorifique est inférieur à 24 000 kJ/kg, sur un échantillon humide exempt de cendres, et ayant un indice moyen de réflectance de la vitrinite de moins de 0,6 %."
4,Subclass (six-digit standard codes),Sous-classe (codes types à six chiffres),144121,14412,Sub-bituminous coal,Charbon subbitumineux,"This subclass comprises sub-bituminous coal, a non-agglomerating coal with a gross calorific value equal to or greater than 20,000 kJ/kg and less than 24,000 kJ/kg, containing more than 31% volatile matter on a dry mineral matter free basis.","Cette sous-classe comprend le charbon subbitumineux, un charbon non agglutinant d'un pouvoir calorifique égal ou supérieur à 20 000 kJ/kg et inférieur à 24 000 kJ/kg, contenant plus de 31 % de matières volatiles pour un produit sec exempt de matières minérales."
5,Detail (seven-digit standard codes),Détail (codes types à sept chiffres),1441211,144121,Sub-bituminous coal,Charbon subbitumineux,"Non-agglomerating coal with a gross calorific value equal to or greater than 20,000 kJ/kg and less than 24,000 kJ/kg, containing more than 31% volatile matter on a dry mineral matter free basis.","Charbon non agglutinant d'un pouvoir calorifique égal ou supérieur à 20 000 kJ/kg et inférieur à 24 000 kJ/kg, contenant plus de 31 % de matières volatiles pour un produit sec exempt de matières minérales."
4,Subclass (six-digit standard codes),Sous-classe (codes types à six chiffres),144122,14412,Lignite,Lignite,"This subclass comprises lignite, a non-agglomerating coal with a gross calorific value less than 20,000 kJ/kg, containing more than 31% volatile matter on a dry mineral matter free basis.","Cette sous-classe comprend le lignite, un charbon non agglutinant dont le pouvoir calorifique est inférieur à 20 000 kJ/kg, contenant plus de 31 % de matières volatiles pour un produit sec exempt de matières minérales."
5,Detail (seven-digit standard codes),Détail (codes types à sept chiffres),1441221,144122,Lignite,Lignite,"Non-agglomerating coal with a gross calorific value less than 20,000 kJ/kg, containing more than 31% volatile matter on a dry mineral matter free basis.","Charbon non agglutinant dont le pouvoir calorifique est inférieur à 20 000 kJ/kg, contenant plus de 31 % de matières volatiles pour un produit sec exempt de matières minérales."
2,Group (three-digit standard codes and four-character alphanumeric codes),Groupe (codes types à trois chiffres,145M,M51,Other energy products,Autres produits énergétiques,This group comprises other energy products.,Ce groupe comprend les autres produits énergétiques.
3,Class (five-digit standard codes and six-character alphanumeric codes),Classe (codes types à cinq chiffres,14512M,145M,Fuel wood,Bois de chauffage,"This class comprises fuel wood, fuel products of waste wood, peat briquettes and other peat products used as fuel.","Cette classe comprend le bois de chauffage, les produits combustibles à base de déchets de bois, les briquettes de tourbe et les autres produits de tourbe utilisés comme combustible."
4,Subclass (six-digit standard codes),Sous-classe (codes types à six chiffres),145121,14512M,Fuel wood,Bois de chauffage,This subclass comprises fuel wood.,Cette sous-classe comprend le bois de chauffage.
5,Detail (seven-digit standard codes),Détail (codes types à sept chiffres),1451211,145121,Fuel wood of hardwood,Bois de chauffage de feuillus,Fuel wood of hardwood.,Bois de chauffage de feuillus.
5,Detail (seven-digit standard codes),Détail (codes types à sept chiffres),1451212,145121,Fuel wood of softwood,Bois de chauffage de résineux,Fuel wood of softwood.,Bois de chauffage de résineux.
3,Class (five-digit standard codes and six-character alphanumeric codes),Classe (codes types à cinq chiffres,14513,145M,Steam and heated or cooled air or water,"Vapeur, et air ou eau refroidis ou chauffés",This class comprises steam and heated or cooled air or water.,"Cette classe comprend la vapeur, et l'air ou l'eau refroidis ou chauffés."
4,Subclass (six-digit standard codes),Sous-classe (codes types à six chiffres),145131,14513,Steam,Vapeur,This subclass comprises steam.,Cette sous-classe comprend la vapeur.
5,Detail (seven-digit standard codes),Détail (codes types à sept chiffres),1451311,145131,Steam,Vapeur,Steam.,Vapeur.
4,Subclass (six-digit standard codes),Sous-classe (codes types à six chiffres),145132,14513,Heated or cooled air or water,Air ou eau refroidis ou chauffés,This subclass comprises heated or cooled air or water.,Cette sous-classe comprend l'air ou l'eau refroidis ou chauffés.
5,Detail (seven-digit standard codes),Détail (codes types à sept chiffres),1451321,145132,Heated or cooled air or water,Air ou eau refroidis ou chauffés,Heated or cooled air or water.,Air ou eau refroidis ou chauffés.
1,Section (three-character alphanumeric codes),Section (codes à trois caractères alphanumériques),M61,,"Metal ores, concentrates and scrap","Minerais et concentrés de métaux, et rebuts de métal","This section comprises metal ores, concentrates and scrap.","Cette section comprend les minerais et concentrés de métaux, et rebuts de métal."
2,Group (three-digit standard codes and four-character alphanumeric codes),Groupe (codes types à trois chiffres,151,M61,Iron ores and concentrates,Minerais et concentrés de fer,This group comprises iron ores and concentrates.,Ce groupe comprend les minerais et concentrés de fer.
3,Class (five-digit standard codes and six-character alphanumeric codes),Classe (codes types à cinq chiffres,15111,151,Iron ores and concentrates,Minerais et concentrés de fer,This class comprises iron ores and concentrates.,Cette classe comprend les minerais et concentrés de fer.
4,Subclass (six-digit standard codes),Sous-classe (codes types à six chiffres),151111,15111,Iron ores and concentrates,Minerais et concentrés de fer,This subclass comprises iron ores and concentrates.,Cette sous-classe comprend les minerais et concentrés de fer.
5,Detail (seven-digit standard codes),Détail (codes types à sept chiffres),1511111,151111,Iron ores and concentrates,Minerais et concentrés de fer,Iron ores and concentrates.,Minerais et concentrés de fer.
2,Group (three-digit standard codes and four-character alphanumeric codes),Groupe (codes types à trois chiffres,152,M61,Copper ores and concentrates,Minerais et concentrés de cuivre,This group comprises copper ores and concentrates.,Ce groupe comprend les minerais et concentrés de cuivre.
3,Class (five-digit standard codes and six-character alphanumeric codes),Classe (codes types à cinq chiffres,15211,152,Copper ores and concentrates,Minerais et concentrés de cuivre,This class comprises copper ores and concentrates.,Cette classe comprend les minerais et concentrés de cuivre.
4,Subclass (six-digit standard codes),Sous-classe (codes types à six chiffres),152111,15211,Copper ores and concentrates,Minerais et concentrés de cuivre,This subclass comprises copper ores and concentrates.,Cette sous-classe comprend les minerais et concentrés de cuivre.
5,Detail (seven-digit standard codes),Détail (codes types à sept chiffres),1521111,152111,Copper ores and concentrates,Minerais et concentrés de cuivre,Copper ores and concentrates.,Minerais et concentrés de cuivre.
2,Group (three-digit standard codes and four-character alphanumeric codes),Groupe (codes types à trois chiffres,153,M61,Nickel ores and concentrates,Minerais et concentrés de nickel,This group comprises nickel ores and concentrates.,Ce groupe comprend les minerais et concentrés de nickel.
3,Class (five-digit standard codes and six-character alphanumeric codes),Classe (codes types à cinq chiffres,15311,153,Nickel ores and concentrates,Minerais et concentrés de nickel,This class comprises nickel ores and concentrates.,Cette classe comprend les minerais et concentrés de nickel.
4,Subclass (six-digit standard codes),Sous-classe (codes types à six chiffres),153111,15311,Nickel ores and concentrates,Minerais et concentrés de nickel,This subclass comprises nickel ores and concentrates.,Cette sous-classe comprend les minerais et concentrés de nickel.
5,Detail (seven-digit standard codes),Détail (codes types à sept chiffres),1531111,153111,Nickel ores and concentrates,Minerais et concentrés de nickel,Nickel ores and concentrates.,Minerais et concentrés de nickel.
2,Group (three-digit standard codes and four-character alphanumeric codes),Groupe (codes types à trois chiffres,154,M61,Radioactive ores and concentrates,Minerais et concentrés radioactifs,This group comprises radioactive ores and concentrates.,Ce groupe comprend les minerais et concentrés radioactifs.
3,Class (five-digit standard codes and six-character alphanumeric codes),Classe (codes types à cinq chiffres,15411,154,Radioactive ores and concentrates,Minerais et concentrés radioactifs,This class comprises radioactive ores and concentrates.,Cette classe comprend les minerais et concentrés radioactifs.
4,Subclass (six-digit standard codes),Sous-classe (codes types à six chiffres),154111,15411,Radioactive ores and concentrates,Minerais et concentrés radioactifs,This subclass comprises radioactive ores and concentrates.,Cette sous-classe comprend les minerais et concentrés radioactifs.
5,Detail (seven-digit standard codes),Détail (codes types à sept chiffres),1541111,154111,Radioactive ores and concentrates,Minerais et concentrés radioactifs,Radioactive ores and concentrates.,Minerais et concentrés radioactifs.
2,Group (three-digit standard codes and four-character alphanumeric codes),Groupe (codes types à trois chiffres,155,M61,Other metal ores and concentrates,Autres minerais et concentrés de métaux,This group comprises other metal ores and concentrates.,Ce groupe comprend les autres minerais et concentrés de métaux.
3,Class (five-digit standard codes and six-character alphanumeric codes),Classe (codes types à cinq chiffres,15511,155,"Gold, silver, and platinum group metal ores and concentrates","Minerais et concentrés d'or, d'argent et de métaux du groupe du platine","This class comprises gold, silver, and platinum group metal ores and concentrates.","Cette classe comprend les minerais et concentrés d'or, d'argent et de métaux du groupe du platine."
4,Subclass (six-digit standard codes),Sous-classe (codes types à six chiffres),155111,15511,"Gold ores, concentrates and mill bullion",Minerais et concentrés d'or et lingots d'usine de concentration de l'or,"This subclass comprises gold ores, concentrates and mill bullion.",Cette sous-classe comprend les minerais et concentrés d'or et les lingots d'usine de concentration de l'or.
5,Detail (seven-digit standard codes),Détail (codes types à sept chiffres),1551111,155111,"Gold ores, concentrates and mill bullion",Minerais et concentrés d'or et lingots d'usine de concentration de l'or,"Gold ores, concentrates and mill bullion.",Minerais et concentrés d'or et lingots d'usine de concentration de l'or.
4,Subclass (six-digit standard codes),Sous-classe (codes types à six chiffres),155112,15511,"Silver ores, concentrates and mill bullion",Minerais et concentrés d'argent et lingots d'usine de concentration de l'argent,"This subclass comprises silver ores, concentrates and mill bullion.",Cette sous-classe comprend les minerais et concentrés d'argent et les lingots d'usine de concentration de l'argent.
5,Detail (seven-digit standard codes),Détail (codes types à sept chiffres),1551121,155112,"Silver ores, concentrates and mill bullion",Minerais et concentrés d'argent et lingots d'usine de concentration de l'argent,"Silver ores, concentrates and mill bullion.",Minerais et concentrés d'argent et lingots d'usine de concentration de l'argent.
4,Subclass (six-digit standard codes),Sous-classe (codes types à six chiffres),155113,15511,Platinum group metal ores and concentrates,Minerais et concentrés de métaux du groupe du platine,This subclass comprises platinum group metal ores and concentrates.,Cette sous-classe comprend les minerais et concentrés de métaux du groupe du platine.
5,Detail (seven-digit standard codes),Détail (codes types à sept chiffres),1551131,155113,Platinum group metal ores and concentrates,Minerais et concentrés de métaux du groupe du platine,Platinum group metal ores and concentrates.,Minerais et concentrés de métaux du groupe du platine.
3,Class (five-digit standard codes and six-character alphanumeric codes),Classe (codes types à cinq chiffres,15521,155,Bauxite and aluminum oxide,Bauxite et oxyde d'aluminium,This class comprises bauxite and aluminum oxide.,Cette classe comprend la bauxite et l'oxyde d'aluminium.
4,Subclass (six-digit standard codes),Sous-classe (codes types à six chiffres),155211,15521,Bauxite and natural alumina,Bauxite et alumine naturelle,This subclass comprises bauxite and natural alumina.,Cette sous-classe comprend la bauxite et l'alumine naturelle.
5,Detail (seven-digit standard codes),Détail (codes types à sept chiffres),1552111,155211,Bauxite and natural alumina,Bauxite et alumine naturelle,Bauxite and natural alumina.,Bauxite et alumine naturelle.
4,Subclass (six-digit standard codes),Sous-classe (codes types à six chiffres),155212,15521,Refined aluminum oxide,Oxyde d'aluminium raffiné,This subclass comprises refined aluminum oxide.,Cette sous-classe comprend l'oxyde d'aluminium raffiné.
5,Detail (seven-digit standard codes),Détail (codes types à sept chiffres),1552121,155212,Refined aluminum oxide,Oxyde d'aluminium raffiné,Refined aluminum oxide.,Oxyde d'aluminium raffiné.
3,Class (five-digit standard codes and six-character alphanumeric codes),Classe (codes types à cinq chiffres,15522,155,Lead and zinc ores and concentrates,Minerais et concentrés de plomb et de zinc,This class comprises lead and zinc ores and concentrates.,Cette classe comprend les minerais et concentrés de plomb et de zinc.
4,Subclass (six-digit standard codes),Sous-classe (codes types à six chiffres),155221,15522,Lead ores and concentrates,Minerais et concentrés de plomb,This subclass comprises lead ores and concentrates.,Cette sous-classe comprend les minerais et concentrés de plomb.
5,Detail (seven-digit standard codes),Détail (codes types à sept chiffres),1552211,155221,Lead ores and concentrates,Minerais et concentrés de plomb,Lead ores and concentrates.,Minerais et concentrés de plomb.
4,Subclass (six-digit standard codes),Sous-classe (codes types à six chiffres),155222,15522,Zinc ores and concentrates,Minerais et concentrés de zinc,This subclass comprises zinc ores and concentrates.,Cette sous-classe comprend les minerais et concentrés de zinc.
5,Detail (seven-digit standard codes),Détail (codes types à sept chiffres),1552221,155222,Zinc ores and concentrates,Minerais et concentrés de zinc,Zinc ores and concentrates.,Minerais et concentrés de zinc.
3,Class (five-digit standard codes and six-character alphanumeric codes),Classe (codes types à cinq chiffres,15523,155,"Other metal ores and concentrates, n.e.c.","Autres minerais et concentrés de métaux, n.c.a.","This class comprises other metal ores and concentrates, n.e.c.","Cette classe comprend les autres minerais et concentrés de métaux, n.c.a."
4,Subclass (six-digit standard codes),Sous-classe (codes types à six chiffres),155231,15523,Ferro-alloy ores and concentrates,Minerais et concentrés de ferro-alliages,This subclass comprises ferro-alloy ores and concentrates.,Cette sous-classe comprend les minerais et concentrés de ferro-alliages.
5,Detail (seven-digit standard codes),Détail (codes types à sept chiffres),1552311,155231,Ferro-alloy ores and concentrates,Minerais et concentrés de ferro-alliages,Ferro-alloy ores and concentrates.,Minerais et concentrés de ferro-alliages.
4,Subclass (six-digit standard codes),Sous-classe (codes types à six chiffres),155232,15523,"Other miscellaneous metal ores and concentrates, n.e.c.","Autres minerais et concentrés de métaux divers, n.c.a.","This subclass comprises other miscellaneous metal ores and concentrates, n.e.c.","Cette sous-classe comprend les autres minerais et concentrés de métaux divers, n.c.a."
5,Detail (seven-digit standard codes),Détail (codes types à sept chiffres),1552321,155232,Cobalt ores and concentrates,Minerais et concentrés de cobalt,Cobalt ores and concentrates.,Minerais et concentrés de cobalt.
5,Detail (seven-digit standard codes),Détail (codes types à sept chiffres),1552322,155232,"Other miscellaneous metal ores and concentrates (except cobalt), n.e.c.","Autres minerais et concentrés de métaux divers (sauf le cobalt), n.c.a.","Other miscellaneous metal ores and concentrates, except cobalt, n.e.c.","Autres minerais et concentrés de métaux divers, sauf le cobalt, n.c.a."
2,Group (three-digit standard codes and four-character alphanumeric codes),Groupe (codes types à trois chiffres,156,M61,Waste and scrap of metal,Déchets et rebuts de métal,This group comprises waste and scrap of metal.,Ce groupe comprend les déchets et rebuts de métal.
3,Class (five-digit standard codes and six-character alphanumeric codes),Classe (codes types à cinq chiffres,15611,156,Waste and scrap of iron and steel,Déchets et rebuts de fer et d'acier,This class comprises waste and scrap of iron and steel.,Cette classe comprend les déchets et rebuts de fer et d'acier.
4,Subclass (six-digit standard codes),Sous-classe (codes types à six chiffres),156111,15611,Waste and scrap of iron and steel,Déchets et rebuts de fer et d'acier,This subclass comprises waste and scrap of iron and steel.,Cette sous-classe comprend les déchets et rebuts de fer et d'acier.
5,Detail (seven-digit standard codes),Détail (codes types à sept chiffres),1561111,156111,Waste and scrap of iron and steel,Déchets et rebuts de fer et d'acier,Waste and scrap of iron and steel.,Déchets et rebuts de fer et d'acier.
3,Class (five-digit standard codes and six-character alphanumeric codes),Classe (codes types à cinq chiffres,15612,156,Waste and scrap of non-ferrous metals,Déchets et rebuts de métaux non ferreux,This class comprises waste and scrap of non-ferrous metals.,Cette classe comprend les déchets et rebuts de métaux non ferreux.
4,Subclass (six-digit standard codes),Sous-classe (codes types à six chiffres),156121,15612,Waste and scrap of aluminum and aluminum alloys,Déchets et rebuts d'aluminium et d'alliages d'aluminium,This subclass comprises waste and scrap of aluminum and aluminum alloys.,Cette sous-classe comprend les déchets et rebuts d'aluminium et d'alliages d'aluminium.
5,Detail (seven-digit standard codes),Détail (codes types à sept chiffres),1561211,156121,Waste and scrap of aluminum and aluminum alloys,Déchets et rebuts d'aluminium et d'alliages d'aluminium,Waste and scrap of aluminum and aluminum alloys.,Déchets et rebuts d'aluminium et d'alliages d'aluminium.
4,Subclass (six-digit standard codes),Sous-classe (codes types à six chiffres),156122,15612,Waste and scrap of other non-ferrous metals,Déchets et rebuts d'autres métaux non ferreux,This subclass comprises waste and scrap of other non-ferrous metals.,Cette sous-classe comprend les déchets et rebuts d'autres métaux non ferreux.
5,Detail (seven-digit standard codes),Détail (codes types à sept chiffres),1561221,156122,Waste and scrap of copper and copper alloys,Déchets et rebuts de cuivre et d'alliages de cuivre,Waste and scrap of copper and copper alloys.,Déchets et rebuts de cuivre et d'alliages de cuivre.
5,Detail (seven-digit standard codes),Détail (codes types à sept chiffres),1561222,156122,"Waste and scrap of gold, silver, and platinum group metals, and their alloys","Déchets et rebuts d'or, d'argent et de métaux du groupe du platine, et de leurs alliages","Waste and scrap of gold, silver, and platinum group metals, and their alloys.","Déchets et rebuts d'or, d'argent et de métaux du groupe du platine, et de leurs alliages."
5,Detail (seven-digit standard codes),Détail (codes types à sept chiffres),1561223,156122,Waste and scrap of other non-ferrous metals and other non-ferrous metal-base alloys,Déchets et rebuts d'autres métaux non ferreux et d'alliages à base d'autres métaux non ferreux,Waste and scrap of other non-ferrous metals and other non-ferrous metal-base alloys.,Déchets et rebuts d'autres métaux non ferreux et d'alliages à base d'autres métaux non ferreux.
