Level/Niveau,Hierarchical structure,Structure hiérarchique,Code,Parent ,Class title,Titres de classes,Class definition,Définitions de la classe
1,Group (three-digit standard codes or four-character alphanumeric variant codes),Groupe (codes types à trois chiffres ou codes de variante à quatre caractères alphanumériques),111,,Live animals,Animaux vivants,"This group comprises live animals, live insects and live semen.",Ce groupe comprend les animaux et les insectes vivants et le sperme vivant.
2,Class (five-digit standard codes or six-character alphanumeric variant codes),Classe (codes types à cinq chiffres ou codes de variante à six caractères alphanumériques),11111,111,Cattle and calves,Bovins et veaux,"This class comprises live beef and dairy cattle, and live calves.","Cette classe comprend les bovins de boucherie et les bovins laitiers vivants, et les veaux vivants."
3,Subclass (six-digit standard codes),Sous-classe (codes types à six chiffres),111111,11111,Cattle and calves,Bovins et veaux,"This subclass comprises live beef and dairy cattle, and live calves.","Cette sous-classe comprend les bovins de boucherie et les bovins laitiers vivants, et les veaux vivants."
4,Detail (seven-digit standard codes),Détail (codes types à sept chiffres),1111111,111111,Cattle,Bovins,"Live beef and dairy cattle, 1 year and over.","Bovins de boucherie et bovins laitiers vivants, d'un an et plus."
5,Detail (eight-digit variant codes),Détail (codes de variante à huit chiffres),11111111,1111111,Cattle for slaughter,Bovins pour l'abattage,"Live beef and dairy cattle, 1 year and over, for slaughter.","Bovins de boucherie et bovins laitiers vivants, un an et plus, pour l'abattage."
6,Detail (nine-digit variant codes),Détail (codes de variante à neuf chiffres),111111111,11111111,Cows for slaughter,Vaches pour l'abattage,"Live cows, 1 year and over, for slaughter.","Vaches vivantes, un an et plus, pour l'abattage."
6,Detail (nine-digit variant codes),Détail (codes de variante à neuf chiffres),111111112,11111111,Bulls for slaughter,Taureaux pour l'abattage,"Live bulls, 1 year and over, for slaughter.","Taureaux vivants, un an et plus, pour l'abattage."
6,Detail (nine-digit variant codes),Détail (codes de variante à neuf chiffres),111111113,11111111,Steers for slaughter,Bouvillons pour l'abattage,"Live steers, 1 year and over, for slaughter.","Bouvillons vivants, un an et plus, pour l'abattage."
6,Detail (nine-digit variant codes),Détail (codes de variante à neuf chiffres),111111114,11111111,Heifers for slaughter,Génisses pour l'abattage,"Live heifers, 1 year and over, for slaughter.","Génisses vivantes, un an et plus, pour l'abattage."
5,Detail (eight-digit variant codes),Détail (codes de variante à huit chiffres),11111112,1111111,Cattle for feeding,Bovins pour l'engraissement,"Live beef and dairy cattle, 1 year and over, for feeding.","Bovins de boucherie et bovins laitiers vivants, un an et plus, pour l'engraissement."
6,Detail (nine-digit variant codes),Détail (codes de variante à neuf chiffres),111111121,11111112,Steers for feeding,Bouvillons pour l'engraissement,"Live steers, 1 year and over, for feeding.","Bouvillons vivants, un an et plus, pour l'engraissement."
6,Detail (nine-digit variant codes),Détail (codes de variante à neuf chiffres),111111122,11111112,Heifers for feeding,Génisses pour l'engraissement,"Live heifers, 1 year and over, for feeding.","Génisses vivantes, un an et plus, pour l'engraissement."
6,Detail (nine-digit variant codes),Détail (codes de variante à neuf chiffres),111111123,11111112,Other cattle for feeding,Autres bovins pour l'engraissement,"Other live beef and dairy cattle, 1 year and over, for feeding.","Autres bovins de boucherie et bovins laitiers vivants, un an et plus, pour l'engraissement."
5,Detail (eight-digit variant codes),Détail (codes de variante à huit chiffres),11111113,1111111,Other cattle,Autres bovins,"Other live beef and dairy cattle, 1 year and over, n.e.c.","Autres bovins de boucherie et bovins laitiers vivants, un an et plus, n.c.a."
6,Detail (nine-digit variant codes),Détail (codes de variante à neuf chiffres),111111131,11111113,Other cattle,Autres bovins,"Other live beef and dairy cattle, 1 year and over, n.e.c.","Autres bovins de boucherie et bovins laitiers vivants, un an et plus, n.c.a."
4,Detail (seven-digit standard codes),Détail (codes types à sept chiffres),1111112,111111,Calves,Veaux,"Live calves, under 1 year.","Veaux vivants, de moins d'un an."
5,Detail (eight-digit variant codes),Détail (codes de variante à huit chiffres),11111121,1111112,Calves for slaughter,Veaux pour l'abattage,"Live calves, under 1 year, for slaughter.","Veaux vivants, moins d'un an, pour l'abattage."
6,Detail (nine-digit variant codes),Détail (codes de variante à neuf chiffres),111111211,11111121,Calves for slaughter,Veaux pour l'abattage,"Live calves, under 1 year, for slaughter.","Veaux vivants, moins d'un an, pour l'abattage."
5,Detail (eight-digit variant codes),Détail (codes de variante à huit chiffres),11111122,1111112,Calves for feeding,Veaux pour l'engraissement,"Live calves, under 1 year, for feeding.","Veaux vivants, moins d'un an, pour l'engraissement."
6,Detail (nine-digit variant codes),Détail (codes de variante à neuf chiffres),111111221,11111122,Calves for feeding,Veaux pour l'engraissement,"Live calves, under 1 year, for feeding.","Veaux vivants, moins d'un an, pour l'engraissement."
5,Detail (eight-digit variant codes),Détail (codes de variante à huit chiffres),11111123,1111112,Other calves,Autres veaux,"Other live calves, under 1 year, n.e.c.","Autres veaux vivants, moins d'un an, n.c.a."
6,Detail (nine-digit variant codes),Détail (codes de variante à neuf chiffres),111111231,11111123,Other calves,Autres veaux,"Other live calves, under 1 year, n.e.c.","Autres veaux vivants, moins d'un an, n.c.a."
2,Class (five-digit standard codes or six-character alphanumeric variant codes),Classe (codes types à cinq chiffres ou codes de variante à six caractères alphanumériques),11112,111,Hogs,Porcs,This class comprises live porcine animals.,Cette classe comprend les porcins vivants.
3,Subclass (six-digit standard codes),Sous-classe (codes types à six chiffres),111121,11112,Hogs,Porcs,This subclass comprises live porcine animals.,Cette sous-classe comprend les porcins vivants.
4,Detail (seven-digit standard codes),Détail (codes types à sept chiffres),1111211,111121,Hogs for breeding,Porcs pour la reproduction,Live porcine animals raised for breeding.,Porcins vivants élevés pour la reproduction.
5,Detail (eight-digit variant codes),Détail (codes de variante à huit chiffres),11112111,1111211,Hogs for breeding,Porcs pour la reproduction,Live porcine animals raised for breeding.,Porcins vivants élevés pour la reproduction.
6,Detail (nine-digit variant codes),Détail (codes de variante à neuf chiffres),111121111,11112111,Hogs for breeding,Porcs pour la reproduction,Live porcine animals raised for breeding.,Porcins vivants élevés pour la reproduction.
4,Detail (seven-digit standard codes),Détail (codes types à sept chiffres),1111212,111121,Nursing and weaner hogs,Porcelets allaités et sevrés,"Live young pigs and piglets, weaned and unweaned, raised for meat production.","Jeunes porcs et porcelets vivants, sevrés et non sevrés, élevés pour la production de viande."
5,Detail (eight-digit variant codes),Détail (codes de variante à huit chiffres),11112121,1111212,Nursing hogs,Porcelets allaités,"Live nursing hogs, less than 7 kg.","Porcelets vivants allaités, moins de 7 kg."
6,Detail (nine-digit variant codes),Détail (codes de variante à neuf chiffres),111121211,11112121,Nursing hogs,Porcelets allaités,"Live nursing hogs, less than 7 kg.","Porcelets vivants allaités, moins de 7 kg."
5,Detail (eight-digit variant codes),Détail (codes de variante à huit chiffres),11112122,1111212,Weaner hogs,Porcelets sevrés,"Live weaner hogs, 7 to 22 kg.","Porcelets vivants sevrés, 7 à 22 kg."
6,Detail (nine-digit variant codes),Détail (codes de variante à neuf chiffres),111121221,11112122,Weaner hogs,Porcelets sevrés,"Live weaner hogs, 7 to 22 kg.","Porcelets vivants sevrés, 7 à 22 kg."
4,Detail (seven-digit standard codes),Détail (codes types à sept chiffres),1111213,111121,Market hogs,Porcs de marché,"Live porcine animals 23 kg and over, raised for meat production.","Porcins vivants, 23 kg et plus, élevés pour la production de viande."
5,Detail (eight-digit variant codes),Détail (codes de variante à huit chiffres),11112131,1111213,Market hogs,Porcs de marché,"Live porcine animals, 23 kg and over, raised for meat production.","Porcins vivants, 23 kg et plus, élevés pour la production de viande."
6,Detail (nine-digit variant codes),Détail (codes de variante à neuf chiffres),111121311,11112131,Market hogs,Porcs de marché,"Live porcine animals, 23 kg and over, raised for meat production.","Porcins vivants, 23 kg et plus, élevés pour la production de viande."
2,Class (five-digit standard codes or six-character alphanumeric variant codes),Classe (codes types à cinq chiffres ou codes de variante à six caractères alphanumériques),11113,111,Poultry,Volailles,This class comprises live poultry.,Cette classe comprend les volailles vivantes.
3,Subclass (six-digit standard codes),Sous-classe (codes types à six chiffres),111131,11113,Chickens,Poulets,This subclass comprises live chickens.,Cette sous-classe comprend les poulets vivants.
4,Detail (seven-digit standard codes),Détail (codes types à sept chiffres),1111311,111131,Chickens for breeding,Poulets pour la reproduction,Live chickens raised for breeding.,Poulets vivants élevés pour la reproduction.
5,Detail (eight-digit variant codes),Détail (codes de variante à huit chiffres),11113111,1111311,Chickens for breeding,Poulets pour la reproduction,Live chickens raised for breeding.,Poulets vivants élevés pour la reproduction.
6,Detail (nine-digit variant codes),Détail (codes de variante à neuf chiffres),111131111,11113111,Chickens for breeding,Poulets pour la reproduction,Live chickens raised for breeding.,Poulets vivants élevés pour la reproduction.
4,Detail (seven-digit standard codes),Détail (codes types à sept chiffres),1111312,111131,Hens and pullets for laying eggs,Poules et poulettes pour la ponte,Live hens and pullets raised for egg production.,Poules et poulettes vivantes élevées pour la production d'oeufs.
5,Detail (eight-digit variant codes),Détail (codes de variante à huit chiffres),11113121,1111312,Hens and pullets for laying eggs,Poules et poulettes pour la ponte,Live hens and pullets raised for egg production.,Poules et poulettes vivantes élevées pour la production d'oeufs.
6,Detail (nine-digit variant codes),Détail (codes de variante à neuf chiffres),111131211,11113121,Hens and pullets for laying eggs,Poules et poulettes pour la ponte,Live hens and pullets raised for egg production.,Poules et poulettes vivantes élevées pour la production d'oeufs.
4,Detail (seven-digit standard codes),Détail (codes types à sept chiffres),1111313,111131,Chickens for meat,Poulets pour la viande,Live chickens raised for meat production.,Poulets vivants élevés pour la production de viande.
5,Detail (eight-digit variant codes),Détail (codes de variante à huit chiffres),11113131,1111313,Chickens for meat,Poulets pour la viande,Live chickens raised for meat production.,Poulets vivants élevés pour la production de viande.
6,Detail (nine-digit variant codes),Détail (codes de variante à neuf chiffres),111131311,11113131,Broilers for meat,Poulets à griller pour la viande,"Live broilers, less than 2.7 kg, raised for meat production.","Poulets à griller vivants, moins de 2,7 kg, élevés pour la production de viande."
6,Detail (nine-digit variant codes),Détail (codes de variante à neuf chiffres),111131312,11113131,Heavies for meat,Poulets lourds pour la viande,"Live heavies, 2.7 kg and more, raised for meat production.","Poulets lourds vivants, 2,7 kg et plus, élevés pour la production de viande."
6,Detail (nine-digit variant codes),Détail (codes de variante à neuf chiffres),111131313,11113131,Stewing hens,Poules à bouillir,"Live layers or breeders, at the end of their production, for meat production.","Poules vivantes, pour la ponte ou la reproduction, en fin de période active, pour la production de viande."
3,Subclass (six-digit standard codes),Sous-classe (codes types à six chiffres),111132,11113,Turkeys,Dindes et dindons,This subclass comprises live turkeys.,Cette sous-classe comprend les dindes et les dindons vivants.
4,Detail (seven-digit standard codes),Détail (codes types à sept chiffres),1111321,111132,Turkeys for breeding,Dindes et dindons pour la reproduction,Live turkeys raised for breeding.,Dindes et dindons vivants élevés pour la reproduction.
5,Detail (eight-digit variant codes),Détail (codes de variante à huit chiffres),11113211,1111321,Turkeys for breeding,Dindes et dindons pour la reproduction,Live turkeys raised for breeding.,Dindes et dindons vivants élevés pour la reproduction.
6,Detail (nine-digit variant codes),Détail (codes de variante à neuf chiffres),111132111,11113211,Turkeys for breeding,Dindes et dindons pour la reproduction,Live turkeys raised for breeding.,Dindes et dindons vivants élevés pour la reproduction.
4,Detail (seven-digit standard codes),Détail (codes types à sept chiffres),1111322,111132,Turkeys for meat,Dindes et dindons pour la viande,Live turkeys raised for meat production.,Dindes et dindons vivants élevés pour la production de viande.
5,Detail (eight-digit variant codes),Détail (codes de variante à huit chiffres),11113221,1111322,Turkeys for meat,Dindes et dindons pour la viande,Live turkeys raised for meat production.,Dindes et dindons vivants élevés pour la production de viande.
6,Detail (nine-digit variant codes),Détail (codes de variante à neuf chiffres),111132211,11113221,Turkeys for meat,Dindes et dindons pour la viande,Live turkeys raised for meat production.,Dindes et dindons vivants élevés pour la production de viande.
3,Subclass (six-digit standard codes),Sous-classe (codes types à six chiffres),111133,11113,Chicks and poults,Poussins et dindonneaux,This subclass comprises live chicks and poults.,Cette sous-classe comprend les poussins et les dindonneaux vivants.
4,Detail (seven-digit standard codes),Détail (codes types à sept chiffres),1111331,111133,Chicks,Poussins,"Live chicks, from hatching until placed in raising facilities.","Poussins vivants, de l'éclosion jusqu'à leur arrivée aux installations d'élevage."
5,Detail (eight-digit variant codes),Détail (codes de variante à huit chiffres),11113311,1111331,Chicks,Poussins,"Live chicks, from hatching until placed in raising facilities.","Poussins vivants, de l'éclosion jusqu'à leur arrivée aux installations d'élevage."
6,Detail (nine-digit variant codes),Détail (codes de variante à neuf chiffres),111133111,11113311,Chicks,Poussins,"Live chicks, from hatching until placed in raising facilities.","Poussins vivants, de l'éclosion jusqu'à leur arrivée aux installations d'élevage."
4,Detail (seven-digit standard codes),Détail (codes types à sept chiffres),1111332,111133,Poults,Dindonneaux,"Live poults, from hatching until placed in raising facilities.","Dindonneaux vivants, de l'éclosion jusqu'à leur arrivée aux installations d'élevage."
5,Detail (eight-digit variant codes),Détail (codes de variante à huit chiffres),11113321,1111332,Poults,Dindonneaux,"Live poults, from hatching until placed in raising facilities.","Dindonneaux vivants, de l'éclosion jusqu'à leur arrivée aux installations d'élevage."
6,Detail (nine-digit variant codes),Détail (codes de variante à neuf chiffres),111133211,11113321,Poults,Dindonneaux,"Live poults, from hatching until placed in raising facilities.","Dindonneaux vivants, de l'éclosion jusqu'à leur arrivée aux installations d'élevage."
3,Subclass (six-digit standard codes),Sous-classe (codes types à six chiffres),111134,11113,"Poultry (except chickens, turkeys, chicks and poults)","Volailles (sauf les poulets, dindes et dindons, poussins et dindonneaux)","This subclass comprises live poultry, except chickens, turkeys, chicks and poults.","Cette sous-classe comprend la volaille vivante, sauf les poulets, dindes et dindons, poussins et dindonneaux."
4,Detail (seven-digit standard codes),Détail (codes types à sept chiffres),1111341,111134,"Poultry (except chickens, turkeys, chicks and poults)","Volailles (sauf les poulets, dindes et dindons, poussins et dindonneaux)","Live poultry, except chickens, turkeys, chicks and poults.","Volaille vivante, sauf les poulets, dindes et dindons, poussins et dindonneaux."
5,Detail (eight-digit variant codes),Détail (codes de variante à huit chiffres),11113411,1111341,"Poultry (except chickens, turkeys, chicks and poults)","Volailles (sauf les poulets, dindes et dindons, poussins et dindonneaux)","Live poultry, except chickens, turkeys, chicks and poults.","Volaille vivante, sauf les poulets, dindes et dindons, poussins et dindonneaux."
6,Detail (nine-digit variant codes),Détail (codes de variante à neuf chiffres),111134111,11113411,"Poultry (except chickens, turkeys, chicks and poults)","Volailles (sauf les poulets, dindes et dindons, poussins et dindonneaux)","Live poultry, except chickens, turkeys, chicks and poults.","Volaille vivante, sauf les poulets, dindes et dindons, poussins et dindonneaux."
2,Class (five-digit standard codes or six-character alphanumeric variant codes),Classe (codes types à cinq chiffres ou codes de variante à six caractères alphanumériques),11114,111,Other live animals,Autres animaux vivants,"This class comprises live animals n.e.c., live insects and live semen.","Cette classe comprend les animaux vivants n.c.a., les insectes vivants et le sperme vivant."
3,Subclass (six-digit standard codes),Sous-classe (codes types à six chiffres),111141,11114,"Sheep, lambs and goats","Moutons, agneaux et chèvres","This subclass comprises live sheep, lambs and goats.","Cette sous-classe comprend les moutons, les agneaux et les chèvres vivants."
4,Detail (seven-digit standard codes),Détail (codes types à sept chiffres),1111411,111141,Sheep and lambs,Moutons et agneaux,Live sheep and lambs.,Moutons et agneaux vivants.
5,Detail (eight-digit variant codes),Détail (codes de variante à huit chiffres),11114111,1111411,Sheep,Moutons,"Live sheep, 1 year and over.","Moutons vivants, un an et plus."
6,Detail (nine-digit variant codes),Détail (codes de variante à neuf chiffres),111141111,11114111,Sheep,Moutons,"Live sheep, 1 year and over.","Moutons vivants, un an et plus."
5,Detail (eight-digit variant codes),Détail (codes de variante à huit chiffres),11114112,1111411,Lambs,Agneaux,"Live lambs, under 1 year.","Agneaux vivants, moins d'un an."
6,Detail (nine-digit variant codes),Détail (codes de variante à neuf chiffres),111141121,11114112,Lambs for slaughter,Agneaux pour l'abattage,"Live lambs, under 1 year, for slaughter.","Agneaux vivants, moins d'un an, pour l'abattage."
6,Detail (nine-digit variant codes),Détail (codes de variante à neuf chiffres),111141122,11114112,Other lambs,Autres agneaux,"Other live lambs, under 1 year.","Autres agneaux vivants, moins d'un an."
4,Detail (seven-digit standard codes),Détail (codes types à sept chiffres),1111412,111141,Goats,Chèvres,Live goats.,Chèvres vivantes.
5,Detail (eight-digit variant codes),Détail (codes de variante à huit chiffres),11114121,1111412,Goats,Chèvres,Live goats.,Chèvres vivantes.
6,Detail (nine-digit variant codes),Détail (codes de variante à neuf chiffres),111141211,11114121,Goats,Chèvres,Live goats.,Chèvres vivantes.
3,Subclass (six-digit standard codes),Sous-classe (codes types à six chiffres),111142,11114,Fur-bearing animals,Animaux à fourrure,This subclass comprises live fur-bearing animals.,Cette sous-classe comprend les animaux à fourrure vivants.
4,Detail (seven-digit standard codes),Détail (codes types à sept chiffres),1111421,111142,Fur-bearing animals,Animaux à fourrure,Live fur-bearing animals.,Animaux à fourrure vivants.
5,Detail (eight-digit variant codes),Détail (codes de variante à huit chiffres),11114211,1111421,Fur-bearing animals,Animaux à fourrure,Live fur-bearing animals.,Animaux à fourrure vivants.
6,Detail (nine-digit variant codes),Détail (codes de variante à neuf chiffres),111142111,11114211,Fur-bearing animals,Animaux à fourrure,Live fur-bearing animals.,Animaux à fourrure vivants.
3,Subclass (six-digit standard codes),Sous-classe (codes types à six chiffres),111143,11114,Other miscellaneous live animals,Autres animaux divers vivants,"This subclass comprises other live animals for meat and for hair; pets and laboratory animals; bees and pollinating insects; other live animals, n.e.c.; semen; and animal embryos.","Cette sous-classe comprend les autres animaux vivants pour la viande et le poil; les animaux de compagnie et les animaux de laboratoire; les abeilles et les insectes pollinisateurs; les autres animaux vivants, n.c.a.; le sperme; et les embryons d'animaux."
4,Detail (seven-digit standard codes),Détail (codes types à sept chiffres),1111431,111143,Other live animals for meat and for hair,Autres animaux vivants pour la viande et le poil,Other live animals for meat and for hair.,Autres animaux vivants pour la viande et le poil.
5,Detail (eight-digit variant codes),Détail (codes de variante à huit chiffres),11114311,1111431,Other live animals for meat and for hair,Autres animaux vivants pour la viande et le poil,Other live animals for meat and for hair.,Autres animaux vivants pour la viande et le poil.
6,Detail (nine-digit variant codes),Détail (codes de variante à neuf chiffres),111143111,11114311,Other live animals for meat and for hair,Autres animaux vivants pour la viande et le poil,Other live animals for meat and for hair.,Autres animaux vivants pour la viande et le poil.
4,Detail (seven-digit standard codes),Détail (codes types à sept chiffres),1111432,111143,Pets and laboratory animals,Animaux de compagnie et animaux de laboratoire,Live pets and laboratory animals.,Animaux de compagnie et animaux de laboratoire vivants.
5,Detail (eight-digit variant codes),Détail (codes de variante à huit chiffres),11114321,1111432,Pets and laboratory animals,Animaux de compagnie et animaux de laboratoire,Live pets and laboratory animals.,Animaux de compagnie et animaux de laboratoire vivants.
6,Detail (nine-digit variant codes),Détail (codes de variante à neuf chiffres),111143211,11114321,Pets and laboratory animals,Animaux de compagnie et animaux de laboratoire,Live pets and laboratory animals.,Animaux de compagnie et animaux de laboratoire vivants.
4,Detail (seven-digit standard codes),Détail (codes types à sept chiffres),1111433,111143,Bees and pollinating insects,Abeilles et insectes pollinisateurs,Live bees and pollinating insects.,Abeilles et insectes pollinisateurs vivants.
5,Detail (eight-digit variant codes),Détail (codes de variante à huit chiffres),11114331,1111433,Bees and pollinating insects,Abeilles et insectes pollinisateurs,Live bees and pollinating insects.,Abeilles et insectes pollinisateurs vivants.
6,Detail (nine-digit variant codes),Détail (codes de variante à neuf chiffres),111143311,11114331,Bees and pollinating insects,Abeilles et insectes pollinisateurs,Live bees and pollinating insects.,Abeilles et insectes pollinisateurs vivants.
4,Detail (seven-digit standard codes),Détail (codes types à sept chiffres),1111434,111143,"Other live animals, n.e.c.","Autres animaux vivants, n.c.a.","Other live animals, n.e.c.","Autres animaux vivants, n.c.a."
5,Detail (eight-digit variant codes),Détail (codes de variante à huit chiffres),11114341,1111434,"Other live animals, n.e.c.","Autres animaux vivants, n.c.a.","Other live animals, n.e.c.","Autres animaux vivants, n.c.a."
6,Detail (nine-digit variant codes),Détail (codes de variante à neuf chiffres),111143411,11114341,"Other live animals, n.e.c.","Autres animaux vivants, n.c.a.","Other live animals, n.e.c.","Autres animaux vivants, n.c.a."
4,Detail (seven-digit standard codes),Détail (codes types à sept chiffres),1111435,111143,Semen,Sperme,"Live semen, frozen or fresh.","Sperme vivant, congelé ou frais."
5,Detail (eight-digit variant codes),Détail (codes de variante à huit chiffres),11114351,1111435,Semen,Sperme,"Live semen, frozen or fresh.","Sperme vivant, congelé ou frais."
6,Detail (nine-digit variant codes),Détail (codes de variante à neuf chiffres),111143511,11114351,Semen,Sperme,"Live semen, frozen or fresh.","Sperme vivant, congelé ou frais."
4,Detail (seven-digit standard codes),Détail (codes types à sept chiffres),1111436,111143,Animal embryos,Embryons d'animaux,"Live animal embryos, frozen or fresh.","Embryons vivants d'animaux, congelés ou frais."
5,Detail (eight-digit variant codes),Détail (codes de variante à huit chiffres),11114361,1111436,Animal embryos,Embryons d'animaux,"Live animal embryos, frozen or fresh.","Embryons vivants d'animaux, congelés ou frais."
6,Detail (nine-digit variant codes),Détail (codes de variante à neuf chiffres),111143611,11114361,Animal embryos,Embryons d'animaux,"Live animal embryos, frozen or fresh.","Embryons vivants d'animaux, congelés ou frais."
1,Group (three-digit standard codes or four-character alphanumeric variant codes),Groupe (codes types à trois chiffres ou codes de variante à quatre caractères alphanumériques),112,,Wheat,Blé,This group comprises all the varieties of unmilled wheat.,Ce groupe comprend toutes les variétés de blé non moulu.
2,Class (five-digit standard codes or six-character alphanumeric variant codes),Classe (codes types à cinq chiffres ou codes de variante à six caractères alphanumériques),11211,112,Wheat,Blé,This class comprises all the varieties of unmilled wheat.,Cette classe comprend toutes les variétés de blé non moulu.
3,Subclass (six-digit standard codes),Sous-classe (codes types à six chiffres),112111,11211,Wheat,Blé,This subclass comprises all the varieties of unmilled wheat.,Cette sous-classe comprend toutes les variétés de blé non moulu.
4,Detail (seven-digit standard codes),Détail (codes types à sept chiffres),1121111,112111,Wheat (except durum wheat),Blé (sauf le blé dur),"All the varieties of unmilled wheat, except durum wheat.","Toutes les variétés de blé non moulu, sauf le blé dur."
5,Detail (eight-digit variant codes),Détail (codes de variante à huit chiffres),11211111,1121111,Spring wheat (except durum wheat),Blé de printemps (sauf le blé dur),"Unmilled spring wheat, except durum wheat.","Blé de printemps non moulu, sauf le blé dur."
6,Detail (nine-digit variant codes),Détail (codes de variante à neuf chiffres),112111111,11211111,Hard red spring wheat,Blé dur rouge de printemps,Unmilled hard red spring wheat.,Blé dur rouge de printemps non moulu.
6,Detail (nine-digit variant codes),Détail (codes de variante à neuf chiffres),112111112,11211111,Prairie spring wheat,Blé de printemps des Prairies,Unmilled Prairie spring wheat.,Blé de printemps des Prairies non moulu.
6,Detail (nine-digit variant codes),Détail (codes de variante à neuf chiffres),112111113,11211111,Soft white spring wheat,Blé tendre blanc de printemps,Unmilled soft white spring wheat.,Blé tendre blanc de printemps non moulu.
6,Detail (nine-digit variant codes),Détail (codes de variante à neuf chiffres),112111114,11211111,Hard white spring wheat,Blé fort blanc de printemps,Unmilled hard white spring wheat.,Blé fort blanc de printemps non moulu.
6,Detail (nine-digit variant codes),Détail (codes de variante à neuf chiffres),112111115,11211111,Extra strong spring wheat,Blé fort roux de printemps,Unmilled extra strong spring wheat.,Blé fort roux de printemps non moulu.
6,Detail (nine-digit variant codes),Détail (codes de variante à neuf chiffres),112111116,11211111,Northern hard red spring wheat,Blé fort rouge du Nord canadien,"Northern hard red spring wheat, unmilled.","Blé fort rouge du Nord canadien, non moulu."
6,Detail (nine-digit variant codes),Détail (codes de variante à neuf chiffres),112111117,11211111,Special purpose spring wheat,Blé de printemps à des fins spéciales,Special purpose unmilled spring wheat.,Blé de printemps non moulu à des fins spéciales.
6,Detail (nine-digit variant codes),Détail (codes de variante à neuf chiffres),112111118,11211111,Other spring wheat (except durum wheat),Autre blé de printemps (sauf le blé dur),"Other unmilled spring wheat, except durum wheat.","Autre blé de printemps non moulu, sauf le blé dur."
5,Detail (eight-digit variant codes),Détail (codes de variante à huit chiffres),11211112,1121111,Winter wheat,Blé d'hiver,Unmilled winter wheat.,Blé d'hiver non moulu.
6,Detail (nine-digit variant codes),Détail (codes de variante à neuf chiffres),112111121,11211112,Winter wheat,Blé d'hiver,Unmilled winter wheat.,Blé d'hiver non moulu.
4,Detail (seven-digit standard codes),Détail (codes types à sept chiffres),1121112,112111,Durum wheat,Blé dur,Unmilled durum wheat.,Blé dur non moulu.
5,Detail (eight-digit variant codes),Détail (codes de variante à huit chiffres),11211121,1121112,Durum wheat,Blé dur,Unmilled durum wheat.,Blé dur non moulu.
6,Detail (nine-digit variant codes),Détail (codes de variante à neuf chiffres),112111211,11211121,Durum wheat,Blé dur,Unmilled durum wheat.,Blé dur non moulu.
1,Group (three-digit standard codes or four-character alphanumeric variant codes),Groupe (codes types à trois chiffres ou codes de variante à quatre caractères alphanumériques),113,,Canola (including rapeseed),Canola (y compris le colza),This group comprises canola and rapeseed.,Ce groupe comprend le canola et le colza.
2,Class (five-digit standard codes or six-character alphanumeric variant codes),Classe (codes types à cinq chiffres ou codes de variante à six caractères alphanumériques),11311,113,Canola (including rapeseed),Canola (y compris le colza),This class comprises canola and rapeseed.,Cette classe comprend le canola et le colza.
3,Subclass (six-digit standard codes),Sous-classe (codes types à six chiffres),113111,11311,Canola (including rapeseed),Canola (y compris le colza),This subclass comprises canola and rapeseed.,Cette sous-classe comprend le canola et le colza.
4,Detail (seven-digit standard codes),Détail (codes types à sept chiffres),1131111,113111,Canola,Canola,"Canola, except rapeseed.","Canola, sauf le colza."
5,Detail (eight-digit variant codes),Détail (codes de variante à huit chiffres),11311111,1131111,Genetically modified canola,Canola génétiquement modifié,"Genetically modified canola, except rapeseed.","Canola génétiquement modifié, sauf le colza."
6,Detail (nine-digit variant codes),Détail (codes de variante à neuf chiffres),113111111,11311111,Genetically modified canola,Canola génétiquement modifié,"Genetically modified canola, except rapeseed.","Canola génétiquement modifié, sauf le colza."
5,Detail (eight-digit variant codes),Détail (codes de variante à huit chiffres),11311112,1131111,Non-genetically modified canola,Canola non génétiquement modifié,"Non-genetically modified canola, except rapeseed.","Canola non génétiquement modifié, sauf le colza."
6,Detail (nine-digit variant codes),Détail (codes de variante à neuf chiffres),113111121,11311112,Non-genetically modified canola,Canola non génétiquement modifié,"Non-genetically modified canola, except rapeseed.","Canola non génétiquement modifié, sauf le colza."
4,Detail (seven-digit standard codes),Détail (codes types à sept chiffres),1131112,113111,Rapeseed (except canola),Colza (sauf le canola),"Rapeseed, except canola.","Colza, sauf le canola."
5,Detail (eight-digit variant codes),Détail (codes de variante à huit chiffres),11311121,1131112,Rapeseed (except canola),Colza (sauf le canola),"Rapeseed, except canola.","Colza, sauf le canola."
6,Detail (nine-digit variant codes),Détail (codes de variante à neuf chiffres),113111211,11311121,Rapeseed (except canola),Colza (sauf le canola),"Rapeseed, except canola.","Colza, sauf le canola."
1,Group (three-digit standard codes or four-character alphanumeric variant codes),Groupe (codes types à trois chiffres ou codes de variante à quatre caractères alphanumériques),114,,"Fresh fruit, nuts and vegetables, and pulse crops","Fruits, noix et légumes frais, et légumineuses de culture","This group comprises fresh fruit, nuts, and vegetables, and pulse crops.","Ce groupe comprend les fruits, noix et légumes frais, et les légumineuses de culture."
2,Class (five-digit standard codes or six-character alphanumeric variant codes),Classe (codes types à cinq chiffres ou codes de variante à six caractères alphanumériques),11411A,114,Fresh fruit,Fruits frais,"This class comprises fresh berries, fresh citrus fruit, fresh tropical and semitropical fruit (except citrus fruit), and other fresh fruit.","Cette classe comprend les baies fraîches, les agrumes frais, les fruits tropicaux et semi-tropicaux frais (sauf les agrumes), et les autres fruits frais."
3,Subclass (six-digit standard codes),Sous-classe (codes types à six chiffres),114111,11411A,Fresh berries,Baies fraîches,This subclass comprises fresh berries.,Cette sous-classe comprend les baies fraîches.
4,Detail (seven-digit standard codes),Détail (codes types à sept chiffres),1141111,114111,Fresh strawberries,Fraises fraîches,Fresh strawberries.,Fraises fraîches.
5,Detail (eight-digit variant codes),Détail (codes de variante à huit chiffres),11411111,1141111,Fresh strawberries,Fraises fraîches,Fresh strawberries.,Fraises fraîches.
6,Detail (nine-digit variant codes),Détail (codes de variante à neuf chiffres),114111111,11411111,Fresh strawberries,Fraises fraîches,Fresh strawberries.,Fraises fraîches.
4,Detail (seven-digit standard codes),Détail (codes types à sept chiffres),1141112,114111,Fresh raspberries,Framboises fraîches,Fresh raspberries.,Framboises fraîches.
5,Detail (eight-digit variant codes),Détail (codes de variante à huit chiffres),11411121,1141112,Fresh raspberries,Framboises fraîches,Fresh raspberries.,Framboises fraîches.
6,Detail (nine-digit variant codes),Détail (codes de variante à neuf chiffres),114111211,11411121,Fresh raspberries,Framboises fraîches,Fresh raspberries.,Framboises fraîches.
4,Detail (seven-digit standard codes),Détail (codes types à sept chiffres),1141113,114111,Fresh cranberries,Canneberges fraîches,Fresh cranberries.,Canneberges fraîches.
5,Detail (eight-digit variant codes),Détail (codes de variante à huit chiffres),11411131,1141113,Fresh cranberries,Canneberges fraîches,Fresh cranberries.,Canneberges fraîches.
6,Detail (nine-digit variant codes),Détail (codes de variante à neuf chiffres),114111311,11411131,Fresh cranberries,Canneberges fraîches,Fresh cranberries.,Canneberges fraîches.
4,Detail (seven-digit standard codes),Détail (codes types à sept chiffres),1141114,114111,Fresh blueberries,Bleuets frais,Fresh blueberries.,Bleuets frais.
5,Detail (eight-digit variant codes),Détail (codes de variante à huit chiffres),11411141,1141114,Fresh highbush blueberries,Bleuets en corymbe frais,"Fresh highbush blueberries, also known as fresh cultivated blueberries.","Bleuets en corymbe frais, aussi appelés bleuets cultivés frais."
6,Detail (nine-digit variant codes),Détail (codes de variante à neuf chiffres),114111411,11411141,Fresh highbush blueberries,Bleuets en corymbe frais,"Fresh highbush blueberries, also known as fresh cultivated blueberries.","Bleuets en corymbe frais, aussi appelés bleuets cultivés frais."
5,Detail (eight-digit variant codes),Détail (codes de variante à huit chiffres),11411142,1141114,Fresh lowbush blueberries,Bleuets nains frais,"Fresh lowbush blueberries, also known as wild blueberries.","Bleuets nains frais, aussi appelés bleuets sauvages frais."
6,Detail (nine-digit variant codes),Détail (codes de variante à neuf chiffres),114111421,11411142,Fresh lowbush blueberries,Bleuets nains frais,"Fresh lowbush blueberries, also known as wild blueberries.","Bleuets nains frais, aussi appelés bleuets sauvages frais."
4,Detail (seven-digit standard codes),Détail (codes types à sept chiffres),1141115,114111,Other fresh berries,Autres baies fraîches,Other fresh berries.,Autres baies fraîches.
5,Detail (eight-digit variant codes),Détail (codes de variante à huit chiffres),11411151,1141115,Fresh blackberries,Mûres sauvages fraîches,Fresh blackberries.,Mûres sauvages fraîches.
6,Detail (nine-digit variant codes),Détail (codes de variante à neuf chiffres),114111511,11411151,Fresh blackberries,Mûres sauvages fraîches,Fresh blackberries.,Mûres sauvages fraîches.
5,Detail (eight-digit variant codes),Détail (codes de variante à huit chiffres),11411152,1141115,Fresh mulberries,Mûres blanches fraîches,Fresh mulberries.,Mûres blanches fraîches.
6,Detail (nine-digit variant codes),Détail (codes de variante à neuf chiffres),114111521,11411152,Fresh mulberries,Mûres blanches fraîches,Fresh mulberries.,Mûres blanches fraîches.
5,Detail (eight-digit variant codes),Détail (codes de variante à huit chiffres),11411153,1141115,Fresh loganberries,Mûres de Logan fraîches,Fresh loganberries.,Mûres de Logan fraîches.
6,Detail (nine-digit variant codes),Détail (codes de variante à neuf chiffres),114111531,11411153,Fresh loganberries,Mûres de Logan fraîches,Fresh loganberries.,Mûres de Logan fraîches.
5,Detail (eight-digit variant codes),Détail (codes de variante à huit chiffres),11411154,1141115,Fresh gooseberries,Groseilles à maquereau fraîches,Fresh gooseberries.,Groseilles à maquereau fraîches.
6,Detail (nine-digit variant codes),Détail (codes de variante à neuf chiffres),114111541,11411154,Fresh gooseberries,Groseilles à maquereau fraîches,Fresh gooseberries.,Groseilles à maquereau fraîches.
5,Detail (eight-digit variant codes),Détail (codes de variante à huit chiffres),11411155,1141115,Fresh saskatoon berries,Amélanches fraîches,Fresh saskatoon berries.,Amélanches fraîches.
6,Detail (nine-digit variant codes),Détail (codes de variante à neuf chiffres),114111551,11411155,Fresh saskatoon berries,Amélanches fraîches,Fresh saskatoon berries.,Amélanches fraîches.
5,Detail (eight-digit variant codes),Détail (codes de variante à huit chiffres),11411156,1141115,Fresh currants,Groseilles à grappe fraîches,Fresh currants.,Groseilles à grappe fraîches.
6,Detail (nine-digit variant codes),Détail (codes de variante à neuf chiffres),114111561,11411156,Fresh red and white currants,Groseilles à grappe rouges et blanches fraîches,Fresh red and white currants.,Groseilles à grappe rouges et blanches fraîches.
6,Detail (nine-digit variant codes),Détail (codes de variante à neuf chiffres),114111562,11411156,Fresh black currants (cassis),Groseilles à grappe noires fraîches (cassis),Fresh black currants or cassis.,Groseilles à grappe noires fraîches ou cassis frais.
5,Detail (eight-digit variant codes),Détail (codes de variante à huit chiffres),11411157,1141115,Fresh haskap,Camerise fraîches,Fresh haskap.,Camerise fraîches.
6,Detail (nine-digit variant codes),Détail (codes de variante à neuf chiffres),114111571,11411157,Fresh haskap,Camerise fraîches,Fresh haskap.,Camerise fraîches.
5,Detail (eight-digit variant codes),Détail (codes de variante à huit chiffres),11411158,1141115,Fresh kiwis,Kiwis frais,Fresh kiwis.,Kiwis frais.
6,Detail (nine-digit variant codes),Détail (codes de variante à neuf chiffres),114111581,11411158,Fresh kiwis,Kiwis frais,Fresh kiwis.,Kiwis frais.
5,Detail (eight-digit variant codes),Détail (codes de variante à huit chiffres),11411159,1141115,"Other fresh berries, n.e.c.","Autres baies fraîches, n.c.a.","Other fresh berries, n.e.c.","Autres baies fraîches, n.c.a."
6,Detail (nine-digit variant codes),Détail (codes de variante à neuf chiffres),114111591,11411159,"Other fresh berries, n.e.c.","Autres baies fraîches, n.c.a.","Other fresh berries, n.e.c.","Autres baies fraîches, n.c.a."
3,Subclass (six-digit standard codes),Sous-classe (codes types à six chiffres),114112,11411A,Fresh citrus fruit,Agrumes frais,This subclass comprises fresh citrus fruit.,Cette sous-classe comprend les agrumes frais.
4,Detail (seven-digit standard codes),Détail (codes types à sept chiffres),1141121,114112,Fresh oranges,Oranges fraîches,Fresh oranges.,Oranges fraîches.
5,Detail (eight-digit variant codes),Détail (codes de variante à huit chiffres),11411211,1141121,"Fresh oranges (except tangerines, clementines and mandarins)","Oranges fraîches (sauf les tangerines, clémentines et mandarines)","Fresh oranges, except tangerines, clementines and mandarins.","Oranges fraîches, sauf les tangerines, clémentines et mandarines."
6,Detail (nine-digit variant codes),Détail (codes de variante à neuf chiffres),114112111,11411211,"Fresh oranges (except tangerines, clementines and mandarins)","Oranges fraîches (sauf les tangerines, clémentines et mandarines)","Fresh oranges, except tangerines, clementines and mandarins.","Oranges fraîches, sauf les tangerines, clémentines et mandarines."
5,Detail (eight-digit variant codes),Détail (codes de variante à huit chiffres),11411212,1141121,Fresh tangerines,Tangerines fraîches,Fresh tangerines.,Tangerines fraîches.
6,Detail (nine-digit variant codes),Détail (codes de variante à neuf chiffres),114112121,11411212,Fresh tangerines,Tangerines fraîches,Fresh tangerines.,Tangerines fraîches.
5,Detail (eight-digit variant codes),Détail (codes de variante à huit chiffres),11411213,1141121,Fresh clementines,Clémentines fraîches,Fresh clementines.,Clémentines fraîches.
6,Detail (nine-digit variant codes),Détail (codes de variante à neuf chiffres),114112131,11411213,Fresh clementines,Clémentines fraîches,Fresh clementines.,Clémentines fraîches.
5,Detail (eight-digit variant codes),Détail (codes de variante à huit chiffres),11411214,1141121,Fresh mandarins,Mandarines fraîches,Fresh mandarins.,Mandarines fraîches.
6,Detail (nine-digit variant codes),Détail (codes de variante à neuf chiffres),114112141,11411214,Fresh mandarins,Mandarines fraîches,Fresh mandarins.,Mandarines fraîches.
4,Detail (seven-digit standard codes),Détail (codes types à sept chiffres),1141122,114112,Other fresh citrus fruit,Autres agrumes frais,Other fresh citrus fruit.,Autres agrumes frais.
5,Detail (eight-digit variant codes),Détail (codes de variante à huit chiffres),11411221,1141122,Fresh lemons,Citrons frais,Fresh lemons.,Citrons frais.
6,Detail (nine-digit variant codes),Détail (codes de variante à neuf chiffres),114112211,11411221,Fresh lemons,Citrons frais,Fresh lemons.,Citrons frais.
5,Detail (eight-digit variant codes),Détail (codes de variante à huit chiffres),11411222,1141122,Fresh grapefruits,Pamplemousses frais,Fresh grapefruits.,Pamplemousses frais.
6,Detail (nine-digit variant codes),Détail (codes de variante à neuf chiffres),114112221,11411222,Fresh grapefruits,Pamplemousses frais,Fresh grapefruits.,Pamplemousses frais.
5,Detail (eight-digit variant codes),Détail (codes de variante à huit chiffres),11411223,1141122,Fresh limes,Limes fraîches,Fresh limes.,Limes fraîches.
6,Detail (nine-digit variant codes),Détail (codes de variante à neuf chiffres),114112231,11411223,Fresh limes,Limes fraîches,Fresh limes.,Limes fraîches.
5,Detail (eight-digit variant codes),Détail (codes de variante à huit chiffres),11411224,1141122,"Other fresh citrus fruit, n.e.c.","Autres agrumes frais, n.c.a.","Other fresh citrus fruit, n.e.c.","Autres agrumes frais, n.c.a."
6,Detail (nine-digit variant codes),Détail (codes de variante à neuf chiffres),114112241,11411224,"Other fresh citrus fruit, n.e.c.","Autres agrumes frais, n.c.a.","Other fresh citrus fruit, n.e.c.","Autres agrumes frais, n.c.a."
3,Subclass (six-digit standard codes),Sous-classe (codes types à six chiffres),114113,11411A,Fresh tropical and semitropical fruit (except citrus fruit),Fruits tropicaux et semi-tropicaux frais (sauf les agrumes),"This subclass comprises fresh tropical and semitropical fruit, except citrus fruit.","Cette sous-classe comprend les fruits tropicaux et semi-tropicaux frais, sauf les agrumes."
4,Detail (seven-digit standard codes),Détail (codes types à sept chiffres),1141131,114113,Fresh bananas,Bananes fraîches,Fresh bananas.,Bananes fraîches.
5,Detail (eight-digit variant codes),Détail (codes de variante à huit chiffres),11411311,1141131,Fresh bananas,Bananes fraîches,Fresh bananas.,Bananes fraîches.
6,Detail (nine-digit variant codes),Détail (codes de variante à neuf chiffres),114113111,11411311,Fresh bananas,Bananes fraîches,Fresh bananas.,Bananes fraîches.
4,Detail (seven-digit standard codes),Détail (codes types à sept chiffres),1141132,114113,Fresh pineapples,Ananas frais,Fresh pineapples.,Ananas frais.
5,Detail (eight-digit variant codes),Détail (codes de variante à huit chiffres),11411321,1141132,Fresh pineapples,Ananas frais,Fresh pineapples.,Ananas frais.
6,Detail (nine-digit variant codes),Détail (codes de variante à neuf chiffres),114113211,11411321,Fresh pineapples,Ananas frais,Fresh pineapples.,Ananas frais.
4,Detail (seven-digit standard codes),Détail (codes types à sept chiffres),1141133,114113,Fresh olives,Olives fraîches,Fresh olives.,Olives fraîches.
5,Detail (eight-digit variant codes),Détail (codes de variante à huit chiffres),11411331,1141133,Fresh olives,Olives fraîches,Fresh olives.,Olives fraîches.
6,Detail (nine-digit variant codes),Détail (codes de variante à neuf chiffres),114113311,11411331,Fresh olives,Olives fraîches,Fresh olives.,Olives fraîches.
4,Detail (seven-digit standard codes),Détail (codes types à sept chiffres),1141134,114113,Other fresh tropical and semitropical fruit,Autres fruits tropicaux et semi-tropicaux frais,Other fresh tropical and semitropical fruit.,Autres fruits tropicaux et semi-tropicaux frais.
5,Detail (eight-digit variant codes),Détail (codes de variante à huit chiffres),11411341,1141134,Fresh dates,Dattes fraîches,Fresh dates.,Dattes fraîches.
6,Detail (nine-digit variant codes),Détail (codes de variante à neuf chiffres),114113411,11411341,Fresh dates,Dattes fraîches,Fresh dates.,Dattes fraîches.
5,Detail (eight-digit variant codes),Détail (codes de variante à huit chiffres),11411342,1141134,Fresh figs,Figues fraîches,Fresh figs.,Figues fraîches.
6,Detail (nine-digit variant codes),Détail (codes de variante à neuf chiffres),114113421,11411342,Fresh figs,Figues fraîches,Fresh figs.,Figues fraîches.
5,Detail (eight-digit variant codes),Détail (codes de variante à huit chiffres),11411343,1141134,Fresh mangoes,Mangues fraîches,Fresh mangoes.,Mangues fraîches.
6,Detail (nine-digit variant codes),Détail (codes de variante à neuf chiffres),114113431,11411343,Fresh mangoes,Mangues fraîches,Fresh mangoes.,Mangues fraîches.
5,Detail (eight-digit variant codes),Détail (codes de variante à huit chiffres),11411344,1141134,Fresh papayas,Papayes fraîches,Fresh papayas.,Papayes fraîches.
6,Detail (nine-digit variant codes),Détail (codes de variante à neuf chiffres),114113441,11411344,Fresh papayas,Papayes fraîches,Fresh papayas.,Papayes fraîches.
5,Detail (eight-digit variant codes),Détail (codes de variante à huit chiffres),11411345,1141134,Fresh avocados,Avocats frais,Fresh avocados.,Avocats frais.
6,Detail (nine-digit variant codes),Détail (codes de variante à neuf chiffres),114113451,11411345,Fresh avocados,Avocats frais,Fresh avocados.,Avocats frais.
5,Detail (eight-digit variant codes),Détail (codes de variante à huit chiffres),11411346,1141134,"Other fresh tropical and semitropical fruit, n.e.c.","Autres fruits tropicaux et semi-tropicaux frais, n.c.a.","Other fresh tropical and semitropical fruit, n.e.c.","Autres fruits tropicaux et semi-tropicaux frais, n.c.a."
6,Detail (nine-digit variant codes),Détail (codes de variante à neuf chiffres),114113461,11411346,"Other fresh tropical and semitropical fruit, n.e.c.","Autres fruits tropicaux et semi-tropicaux frais, n.c.a.","Other fresh tropical and semitropical fruit, n.e.c.","Autres fruits tropicaux et semi-tropicaux frais, n.c.a."
3,Subclass (six-digit standard codes),Sous-classe (codes types à six chiffres),114114,11411A,Other fresh fruit,Autres fruits frais,This subclass comprises fresh fruit n.e.c.,Cette sous-classe comprend les fruits frais n.c.a.
4,Detail (seven-digit standard codes),Détail (codes types à sept chiffres),1141141,114114,Fresh apples,Pommes fraîches,Fresh apples.,Pommes fraîches.
5,Detail (eight-digit variant codes),Détail (codes de variante à huit chiffres),11411411,1141141,Fresh apples,Pommes fraîches,Fresh apples.,Pommes fraîches.
6,Detail (nine-digit variant codes),Détail (codes de variante à neuf chiffres),114114111,11411411,Fresh apples,Pommes fraîches,Fresh apples.,Pommes fraîches.
4,Detail (seven-digit standard codes),Détail (codes types à sept chiffres),1141142,114114,Fresh pears,Poires fraîches,Fresh pears.,Poires fraîches.
5,Detail (eight-digit variant codes),Détail (codes de variante à huit chiffres),11411421,1141142,Fresh pears,Poires fraîches,Fresh pears.,Poires fraîches.
6,Detail (nine-digit variant codes),Détail (codes de variante à neuf chiffres),114114211,11411421,Fresh pears,Poires fraîches,Fresh pears.,Poires fraîches.
4,Detail (seven-digit standard codes),Détail (codes types à sept chiffres),1141143,114114,Fresh plums and prune plums,Prunes et prunes à pruneaux fraîches,Fresh plums and prune plums.,Prunes et prunes à pruneaux fraîches.
5,Detail (eight-digit variant codes),Détail (codes de variante à huit chiffres),11411431,1141143,Fresh plums (except prune plums),Prunes fraîches (sauf les prunes à pruneaux),Fresh plums (except prune plums).,Prunes fraîches (sauf les prunes à pruneaux).
6,Detail (nine-digit variant codes),Détail (codes de variante à neuf chiffres),114114311,11411431,Fresh plums (except prune plums),Prunes fraîches (sauf les prunes à pruneaux),Fresh plums (except prune plums).,Prunes fraîches (sauf les prunes à pruneaux).
5,Detail (eight-digit variant codes),Détail (codes de variante à huit chiffres),11411432,1141143,Fresh prune plums,Prunes à pruneaux fraîches,Fresh prune plums.,Prunes à pruneaux fraîches.
6,Detail (nine-digit variant codes),Détail (codes de variante à neuf chiffres),114114321,11411432,Fresh prune plums,Prunes à pruneaux fraîches,Fresh prune plums.,Prunes à pruneaux fraîches.
4,Detail (seven-digit standard codes),Détail (codes types à sept chiffres),1141144,114114,"Fresh peaches, nectarines and apricots","Pêches, nectarines et abricots frais","Fresh peaches, nectarines and apricots.","Pêches, nectarines et abricots frais."
5,Detail (eight-digit variant codes),Détail (codes de variante à huit chiffres),11411441,1141144,Fresh peaches,Pêches fraîches,Fresh peaches.,Pêches fraîches.
6,Detail (nine-digit variant codes),Détail (codes de variante à neuf chiffres),114114411,11411441,Fresh peaches,Pêches fraîches,Fresh peaches.,Pêches fraîches.
5,Detail (eight-digit variant codes),Détail (codes de variante à huit chiffres),11411442,1141144,Fresh nectarines,Nectarines fraîches,Fresh nectarines.,Nectarines fraîches.
6,Detail (nine-digit variant codes),Détail (codes de variante à neuf chiffres),114114421,11411442,Fresh nectarines,Nectarines fraîches,Fresh nectarines.,Nectarines fraîches.
5,Detail (eight-digit variant codes),Détail (codes de variante à huit chiffres),11411443,1141144,Fresh apricots,Abricots frais,Fresh apricots.,Abricots frais.
6,Detail (nine-digit variant codes),Détail (codes de variante à neuf chiffres),114114431,11411443,Fresh apricots,Abricots frais,Fresh apricots.,Abricots frais.
4,Detail (seven-digit standard codes),Détail (codes types à sept chiffres),1141145,114114,Fresh cherries,Cerises fraîches,Fresh cherries.,Cerises fraîches.
5,Detail (eight-digit variant codes),Détail (codes de variante à huit chiffres),11411451,1141145,Fresh sweet cherries,Cerises douces fraîches,Fresh sweet cherries.,Cerises douces fraîches.
6,Detail (nine-digit variant codes),Détail (codes de variante à neuf chiffres),114114511,11411451,Fresh sweet cherries,Cerises douces fraîches,Fresh sweet cherries.,Cerises douces fraîches.
5,Detail (eight-digit variant codes),Détail (codes de variante à huit chiffres),11411452,1141145,Fresh sour cherries,Cerises aigres fraîches,Fresh sour cherries.,Cerises aigres fraîches.
6,Detail (nine-digit variant codes),Détail (codes de variante à neuf chiffres),114114521,11411452,Fresh sour cherries,Cerises aigres fraîches,Fresh sour cherries.,Cerises aigres fraîches.
4,Detail (seven-digit standard codes),Détail (codes types à sept chiffres),1141146,114114,Other fresh pome and stone fruit,Autres fruits à pépins et à noyau frais,Other fresh pome and stone fruit.,Autres fruits à pépins et à noyau frais.
5,Detail (eight-digit variant codes),Détail (codes de variante à huit chiffres),11411461,1141146,Other fresh pome and stone fruit,Autres fruits à pépins et à noyau frais,Other fresh pome and stone fruit.,Autres fruits à pépins et à noyau frais.
6,Detail (nine-digit variant codes),Détail (codes de variante à neuf chiffres),114114611,11411461,Other fresh pome and stone fruit,Autres fruits à pépins et à noyau frais,Other fresh pome and stone fruit.,Autres fruits à pépins et à noyau frais.
4,Detail (seven-digit standard codes),Détail (codes types à sept chiffres),1141147,114114,Fresh grapes,Raisins frais,Fresh grapes.,Raisins frais.
5,Detail (eight-digit variant codes),Détail (codes de variante à huit chiffres),11411471,1141147,Fresh Labrusca grapes,Raisins Labrusca frais,Fresh Labrusca grapes.,Raisins Labrusca frais.
6,Detail (nine-digit variant codes),Détail (codes de variante à neuf chiffres),114114711,11411471,Fresh Labrusca grapes,Raisins Labrusca frais,Fresh Labrusca grapes.,Raisins Labrusca frais.
5,Detail (eight-digit variant codes),Détail (codes de variante à huit chiffres),11411472,1141147,"Fresh vinifera, fresh French hybrid grapes","Raisins vinifera frais, raisins hybrides français frais","Fresh vinifera, fresh French hybrid grapes.","Raisins vinifera frais, raisins hybrides français frais."
6,Detail (nine-digit variant codes),Détail (codes de variante à neuf chiffres),114114721,11411472,"Fresh vinifera, fresh French hybrid grapes","Raisins vinifera frais, raisins hybrides français frais","Fresh vinifera, fresh French hybrid grapes.","Raisins vinifera frais, raisins hybrides français frais."
5,Detail (eight-digit variant codes),Détail (codes de variante à huit chiffres),11411473,1141147,Other fresh grapes,Autres raisins frais,Other fresh grapes.,Autres raisins frais.
6,Detail (nine-digit variant codes),Détail (codes de variante à neuf chiffres),114114731,11411473,Other fresh grapes,Autres raisins frais,Other fresh grapes.,Autres raisins frais.
4,Detail (seven-digit standard codes),Détail (codes types à sept chiffres),1141148,114114,"Other fresh fruit, n.e.c.","Autres fruits frais, n.c.a.","Other fresh fruit, n.e.c.","Autres fruits frais, n.c.a."
5,Detail (eight-digit variant codes),Détail (codes de variante à huit chiffres),11411481,1141148,"Other fresh fruit, n.e.c.","Autres fruits frais, n.c.a.","Other fresh fruit, n.e.c.","Autres fruits frais, n.c.a."
6,Detail (nine-digit variant codes),Détail (codes de variante à neuf chiffres),114114811,11411481,"Other fresh fruit, n.e.c.","Autres fruits frais, n.c.a.","Other fresh fruit, n.e.c.","Autres fruits frais, n.c.a."
2,Class (five-digit standard codes or six-character alphanumeric variant codes),Classe (codes types à cinq chiffres ou codes de variante à six caractères alphanumériques),11411B,114,Nuts,Noix,This class comprises nuts.,Cette classe comprend les noix.
3,Subclass (six-digit standard codes),Sous-classe (codes types à six chiffres),114115,11411B,Nuts,Noix,This subclass comprises nuts.,Cette sous-classe comprend les noix.
4,Detail (seven-digit standard codes),Détail (codes types à sept chiffres),1141151,114115,Peanuts,Arachides,Peanuts shelled or in shell.,Arachides décortiquées ou en coque.
5,Detail (eight-digit variant codes),Détail (codes de variante à huit chiffres),11411511,1141151,Peanuts in shell,Arachides en coque,Peanuts in shell.,Arachides en coque.
6,Detail (nine-digit variant codes),Détail (codes de variante à neuf chiffres),114115111,11411511,Peanuts in shell,Arachides en coque,Peanuts in shell.,Arachides en coque.
5,Detail (eight-digit variant codes),Détail (codes de variante à huit chiffres),11411512,1141151,Shelled peanuts,Arachides décortiquées,Shelled peanuts.,Arachides décortiquées.
6,Detail (nine-digit variant codes),Détail (codes de variante à neuf chiffres),114115121,11411512,Shelled peanuts,Arachides décortiquées,Shelled peanuts.,Arachides décortiquées.
4,Detail (seven-digit standard codes),Détail (codes types à sept chiffres),1141152,114115,Hazelnuts,Noisettes,Hazelnuts shelled or in shell.,Noisettes décortiquées ou en coque.
5,Detail (eight-digit variant codes),Détail (codes de variante à huit chiffres),11411521,1141152,Hazelnuts in shell,Noisettes en coque,Hazelnuts in shell.,Noisettes en coque.
6,Detail (nine-digit variant codes),Détail (codes de variante à neuf chiffres),114115211,11411521,Hazelnuts in shell,Noisettes en coque,Hazelnuts in shell.,Noisettes en coque.
5,Detail (eight-digit variant codes),Détail (codes de variante à huit chiffres),11411522,1141152,Shelled hazelnuts,Noisettes décortiquées,Shelled hazelnuts.,Noisettes décortiquées.
6,Detail (nine-digit variant codes),Détail (codes de variante à neuf chiffres),114115221,11411522,Shelled hazelnuts,Noisettes décortiquées,Shelled hazelnuts.,Noisettes décortiquées.
4,Detail (seven-digit standard codes),Détail (codes types à sept chiffres),1141153,114115,Other nuts,Autres noix,"Nuts shelled or in shell, other than peanuts and hazelnuts.","Noix décortiquées ou en coque, autres que les arachides et les noisettes."
5,Detail (eight-digit variant codes),Détail (codes de variante à huit chiffres),11411531,1141153,Other nuts in shell,Autres noix en coque,Other nuts in shell.,Autres noix en coque.
6,Detail (nine-digit variant codes),Détail (codes de variante à neuf chiffres),114115311,11411531,Other nuts in shell,Autres noix en coque,Other nuts in shell.,Autres noix en coque.
5,Detail (eight-digit variant codes),Détail (codes de variante à huit chiffres),11411532,1141153,Other shelled nuts,Autres noix décortiquées,Other shelled nuts.,Autres noix décortiquées.
6,Detail (nine-digit variant codes),Détail (codes de variante à neuf chiffres),114115321,11411532,Other shelled nuts,Autres noix décortiquées,Other shelled nuts.,Autres noix décortiquées.
2,Class (five-digit standard codes or six-character alphanumeric variant codes),Classe (codes types à cinq chiffres ou codes de variante à six caractères alphanumériques),11421,114,Fresh potatoes,Pommes de terre fraîches,This class comprises fresh potatoes.,Cette classe comprend les pommes de terre fraîches.
3,Subclass (six-digit standard codes),Sous-classe (codes types à six chiffres),114211,11421,Fresh potatoes,Pommes de terre fraîches,This subclass comprises fresh potatoes.,Cette sous-classe comprend les pommes de terre fraîches.
4,Detail (seven-digit standard codes),Détail (codes types à sept chiffres),1142111,114211,Fresh potatoes for table consumption,Pommes de terre fraîches aux fins de consommation,Fresh potatoes for table consumption.,Pommes de terre fraîches aux fins de consommation.
5,Detail (eight-digit variant codes),Détail (codes de variante à huit chiffres),11421111,1142111,Fresh potatoes for table consumption,Pommes de terre fraîches aux fins de consommation,Fresh potatoes for table consumption.,Pommes de terre fraîches aux fins de consommation.
6,Detail (nine-digit variant codes),Détail (codes de variante à neuf chiffres),114211111,11421111,Fresh potatoes for table consumption,Pommes de terre fraîches aux fins de consommation,Fresh potatoes for table consumption.,Pommes de terre fraîches aux fins de consommation.
4,Detail (seven-digit standard codes),Détail (codes types à sept chiffres),1142112,114211,Fresh potatoes for processing,Pommes de terre fraîches aux fins de transformation,Fresh potatoes for processing.,Pommes de terre fraîches aux fins de transformation.
5,Detail (eight-digit variant codes),Détail (codes de variante à huit chiffres),11421121,1142112,Fresh potatoes for processing,Pommes de terre fraîches aux fins de transformation,Fresh potatoes for processing.,Pommes de terre fraîches aux fins de transformation.
6,Detail (nine-digit variant codes),Détail (codes de variante à neuf chiffres),114211211,11421121,Fresh potatoes for processing,Pommes de terre fraîches aux fins de transformation,Fresh potatoes for processing.,Pommes de terre fraîches aux fins de transformation.
4,Detail (seven-digit standard codes),Détail (codes types à sept chiffres),1142113,114211,Fresh potatoes for seed,Pommes de terre fraîches pour la semence,Fresh potatoes for seed.,Pommes de terre fraîches pour la semence.
5,Detail (eight-digit variant codes),Détail (codes de variante à huit chiffres),11421131,1142113,Fresh potatoes for seed,Pommes de terre fraîches pour la semence,Fresh potatoes for seed.,Pommes de terre fraîches pour la semence.
6,Detail (nine-digit variant codes),Détail (codes de variante à neuf chiffres),114211311,11421131,Fresh potatoes for seed,Pommes de terre fraîches pour la semence,Fresh potatoes for seed.,Pommes de terre fraîches pour la semence.
2,Class (five-digit standard codes or six-character alphanumeric variant codes),Classe (codes types à cinq chiffres ou codes de variante à six caractères alphanumériques),11422,114,Fresh vegetables (except potatoes and pulse crops),Légumes frais (sauf les pommes de terre et les légumineuses de culture),"This class comprises fresh vegetables, except potatoes and pulse crops. Vegetables are temporary crops cultivated principally for human consumption both as field crops and garden crops, in the open and under protective cover. Certain gramineous and leguminous plants, if harvested while green for their green grains or for their green pods (for example, green peas, string beans, green maize) are treated as fresh vegetables, but if harvested for their dry grains or seeds, are classified as cereals and pulse crops.","Cette classe comprend les légumes frais, sauf les pommes de terre et les légumineuses de culture. Les légumes sont des cultures temporaires destinées principalement à la consommation humaine, tant à titre de grandes cultures que de cultures de légumes, se trouvant dans des champs et des serres. Certaines plantes graminées et légumineuses, si elles sont récoltées précocement pour leurs grains verts ou leurs gousses vertes (par exemple, pois verts, haricots d'Espagne, maïs vert) sont traitées comme des légumes frais, mais si elles sont récoltées pour leurs grains secs ou leurs semences, elles sont considérées comme des céréales et des légumineuses de culture."
3,Subclass (six-digit standard codes),Sous-classe (codes types à six chiffres),114221,11422,Fresh vegetables (except potatoes and pulse crops),Légumes frais (sauf les pommes de terre et les légumineuses de culture),"This subclass comprises fresh vegetables, except potatoes and pulse crops. Vegetables are temporary crops cultivated principally for human consumption both as field crops and garden crops, in the open and under protective cover. Certain gramineous and leguminous plants, if harvested while green for their green grains or for their green pods (for example, green peas, string beans, green maize) are treated as fresh vegetables, but if harvested for their dry grains or seeds, are classified as cereals and pulse crops.","Cette sous-classe comprend les légumes frais, sauf les pommes de terre et les légumineuses de culture. Les légumes sont des cultures temporaires destinées principalement à la consommation humaine, tant à titre de grandes cultures que de cultures de légumes, se trouvant dans des champs et des serres. Certaines plantes graminées et légumineuses, si elles sont récoltées précocement pour leurs grains verts ou leurs gousses vertes (par exemple, pois verts, haricots d'Espagne, maïs vert) sont traitées comme des légumes frais, mais si elles sont récoltées pour leurs grains secs ou leurs semences, elles sont considérées comme des céréales et des légumineuses de culture."
4,Detail (seven-digit standard codes),Détail (codes types à sept chiffres),1142211,114221,Fresh root type vegetables,Légumes frais de type racine,Fresh root type vegetables.,Légumes frais de type racine.
5,Detail (eight-digit variant codes),Détail (codes de variante à huit chiffres),11422111,1142211,Fresh carrots,Carottes fraîches,Fresh carrots.,Carottes fraîches.
6,Detail (nine-digit variant codes),Détail (codes de variante à neuf chiffres),114221111,11422111,Fresh regular size carrots,Carottes régulières fraîches,Fresh regular size carrots.,Carottes régulières fraîches.
6,Detail (nine-digit variant codes),Détail (codes de variante à neuf chiffres),114221112,11422111,Fresh baby carrots,Carottes miniatures fraîches,Fresh baby carrots.,Carottes miniatures fraîches.
5,Detail (eight-digit variant codes),Détail (codes de variante à huit chiffres),11422112,1142211,Fresh rutabagas and turnips,Rutabagas et navets frais,Fresh rutabagas and turnips.,Rutabagas et navets frais.
6,Detail (nine-digit variant codes),Détail (codes de variante à neuf chiffres),114221121,11422112,Fresh rutabagas,Rutabagas frais,Fresh rutabagas.,Rutabagas frais.
6,Detail (nine-digit variant codes),Détail (codes de variante à neuf chiffres),114221122,11422112,Fresh turnips,Navets frais,Fresh turnips.,Navets frais.
5,Detail (eight-digit variant codes),Détail (codes de variante à huit chiffres),11422113,1142211,Fresh radishes,Radis frais,Fresh radishes.,Radis frais.
6,Detail (nine-digit variant codes),Détail (codes de variante à neuf chiffres),114221131,11422113,Fresh radishes (except Asian radishes),Radis frais (sauf les radis asiatiques),"Fresh radishes, except Asian radishes.","Radis frais, sauf les radis asiatiques."
6,Detail (nine-digit variant codes),Détail (codes de variante à neuf chiffres),114221132,11422113,Fresh Asian radishes,Radis asiatiques frais,Fresh Asian radishes.,Radis asiatiques frais.
5,Detail (eight-digit variant codes),Détail (codes de variante à huit chiffres),11422114,1142211,Fresh beets,Betteraves fraîches,Fresh beets.,Betteraves fraîches.
6,Detail (nine-digit variant codes),Détail (codes de variante à neuf chiffres),114221141,11422114,Fresh beets,Betteraves fraîches,Fresh beets.,Betteraves fraîches.
5,Detail (eight-digit variant codes),Détail (codes de variante à huit chiffres),11422115,1142211,Fresh parsnips,Panais frais,Fresh parsnips.,Panais frais.
6,Detail (nine-digit variant codes),Détail (codes de variante à neuf chiffres),114221151,11422115,Fresh parsnips,Panais frais,Fresh parsnips.,Panais frais.
5,Detail (eight-digit variant codes),Détail (codes de variante à huit chiffres),11422116,1142211,Fresh sweet potatoes,Patates douces fraîches,Fresh sweet potatoes.,Patates douces fraîches.
6,Detail (nine-digit variant codes),Détail (codes de variante à neuf chiffres),114221161,11422116,Fresh sweet potatoes,Patates douces fraîches,Fresh sweet potatoes.,Patates douces fraîches.
5,Detail (eight-digit variant codes),Détail (codes de variante à huit chiffres),11422117,1142211,Other fresh root type vegetables,Autres légumes frais de type racine,Other fresh root type vegetables.,Autres légumes frais de type racine.
6,Detail (nine-digit variant codes),Détail (codes de variante à neuf chiffres),114221171,11422117,Other fresh root type vegetables,Autres légumes frais de type racine,Other fresh root type vegetables.,Autres légumes frais de type racine.
4,Detail (seven-digit standard codes),Détail (codes types à sept chiffres),1142212,114221,Fresh bulb type vegetables,Légumes frais de type bulbe,Fresh bulb type vegetables.,Légumes frais de type bulbe.
5,Detail (eight-digit variant codes),Détail (codes de variante à huit chiffres),11422121,1142212,Fresh dry onions (except green onions),Oignons secs frais (sauf les oignons verts),"Fresh dry onions, except green onions. Fresh onions dried out completely at harvest.","Oignons secs frais, sauf les oignons verts. Les oignons frais sont asséchés complètement après la récolte."
6,Detail (nine-digit variant codes),Détail (codes de variante à neuf chiffres),114221211,11422121,Fresh dry onions (except green onions),Oignons secs frais (sauf les oignons verts),"Fresh dry onions, except green onions. Fresh onions dried out completely at harvest.","Oignons secs frais, sauf les oignons verts. Les oignons frais sont asséchés complètement après la récolte."
5,Detail (eight-digit variant codes),Détail (codes de variante à huit chiffres),11422122,1142212,Fresh garlic,Ail frais,Fresh garlic.,Ail frais.
6,Detail (nine-digit variant codes),Détail (codes de variante à neuf chiffres),114221221,11422122,Fresh garlic,Ail frais,Fresh garlic.,Ail frais.
5,Detail (eight-digit variant codes),Détail (codes de variante à huit chiffres),11422123,1142212,Fresh shallots and green onions,Échalotes et oignons verts frais,Fresh shallots and green onions.,Échalotes et oignons verts frais.
6,Detail (nine-digit variant codes),Détail (codes de variante à neuf chiffres),114221231,11422123,Fresh shallots,Échalotes fraîches,Fresh shallots.,Échalotes fraîches.
6,Detail (nine-digit variant codes),Détail (codes de variante à neuf chiffres),114221232,11422123,Fresh green onions,Oignons verts frais,Fresh green onions.,Oignons verts frais.
5,Detail (eight-digit variant codes),Détail (codes de variante à huit chiffres),11422124,1142212,Fresh leeks,Poireaux frais,Fresh leeks.,Poireaux frais.
6,Detail (nine-digit variant codes),Détail (codes de variante à neuf chiffres),114221241,11422124,Fresh leeks,Poireaux frais,Fresh leeks.,Poireaux frais.
5,Detail (eight-digit variant codes),Détail (codes de variante à huit chiffres),11422125,1142212,Other fresh bulb type vegetables,Autres légumes frais de type bulbe,Other fresh bulb type vegetables.,Autres légumes frais de type bulbe.
6,Detail (nine-digit variant codes),Détail (codes de variante à neuf chiffres),114221251,11422125,Other fresh bulb type vegetables,Autres légumes frais de type bulbe,Other fresh bulb type vegetables.,Autres légumes frais de type bulbe.
4,Detail (seven-digit standard codes),Détail (codes types à sept chiffres),1142213,114221,Fresh leaf and stem type vegetables,Légumes frais de type feuille et tige,Fresh leaf and stem type vegetables.,Légumes frais de type feuille et tige.
5,Detail (eight-digit variant codes),Détail (codes de variante à huit chiffres),11422131,1142213,Fresh lettuce,Laitue fraîche,Fresh lettuce.,Laitue fraîche.
6,Detail (nine-digit variant codes),Détail (codes de variante à neuf chiffres),114221311,11422131,Fresh head lettuce,Laitue pommée fraîche,Fresh head lettuce.,Laitue pommée fraîche.
6,Detail (nine-digit variant codes),Détail (codes de variante à neuf chiffres),114221312,11422131,Fresh leaf lettuce (except mixed lettuce),Laitue en feuilles fraîche (sauf la laitue mélangée),"Fresh leaf lettuce, except mixed lettuce.","Laitue en feuilles fraîche, sauf la laitue mélangée."
6,Detail (nine-digit variant codes),Détail (codes de variante à neuf chiffres),114221313,11422131,Fresh mixed lettuce,Laitue fraîche mélangée,Fresh mixed lettuce.,Laitue fraîche mélangée.
5,Detail (eight-digit variant codes),Détail (codes de variante à huit chiffres),11422132,1142213,Fresh cabbage,Choux frais,Fresh cabbage.,Choux frais.
6,Detail (nine-digit variant codes),Détail (codes de variante à neuf chiffres),114221321,11422132,Fresh regular cabbage,Choux réguliers frais,Fresh regular cabbage.,Choux réguliers frais.
6,Detail (nine-digit variant codes),Détail (codes de variante à neuf chiffres),114221322,11422132,Fresh Chinese cabbage,Choux chinois frais,Fresh Chinese cabbage.,Choux chinois frais.
6,Detail (nine-digit variant codes),Détail (codes de variante à neuf chiffres),114221323,11422132,Fresh kale,Choux frisés frais,Fresh kale.,Choux frisés frais.
6,Detail (nine-digit variant codes),Détail (codes de variante à neuf chiffres),114221324,11422132,Other fresh non regular cabbage,Autres choux non réguliers frais,Other fresh non regular cabbage.,Autres choux non réguliers frais.
5,Detail (eight-digit variant codes),Détail (codes de variante à huit chiffres),11422133,1142213,Fresh celery,Céleri frais,Fresh celery.,Céleri frais.
6,Detail (nine-digit variant codes),Détail (codes de variante à neuf chiffres),114221331,11422133,Fresh celery,Céleri frais,Fresh celery.,Céleri frais.
5,Detail (eight-digit variant codes),Détail (codes de variante à huit chiffres),11422134,1142213,Fresh spinach,Épinards frais,Fresh spinach.,Épinards frais.
6,Detail (nine-digit variant codes),Détail (codes de variante à neuf chiffres),114221341,11422134,Fresh spinach,Épinards frais,Fresh spinach.,Épinards frais.
5,Detail (eight-digit variant codes),Détail (codes de variante à huit chiffres),11422135,1142213,Fresh asparagus,Asperges fraîches,Fresh asparagus.,Asperges fraîches.
6,Detail (nine-digit variant codes),Détail (codes de variante à neuf chiffres),114221351,11422135,Fresh asparagus,Asperges fraîches,Fresh asparagus.,Asperges fraîches.
5,Detail (eight-digit variant codes),Détail (codes de variante à huit chiffres),11422136,1142213,Fresh Brussels sprouts,Choux de Bruxelles frais,Fresh Brussels sprouts.,Choux de Bruxelles frais.
6,Detail (nine-digit variant codes),Détail (codes de variante à neuf chiffres),114221361,11422136,Fresh Brussels sprouts,Choux de Bruxelles frais,Fresh Brussels sprouts.,Choux de Bruxelles frais.
5,Detail (eight-digit variant codes),Détail (codes de variante à huit chiffres),11422137,1142213,Fresh rhubarb,Rhubarbe fraîche,Fresh rhubarb.,Rhubarbe fraîche.
6,Detail (nine-digit variant codes),Détail (codes de variante à neuf chiffres),114221371,11422137,Fresh rhubarb,Rhubarbe fraîche,Fresh rhubarb.,Rhubarbe fraîche.
5,Detail (eight-digit variant codes),Détail (codes de variante à huit chiffres),11422138,1142213,Fresh fine herbs,Fines herbes fraîches,Fresh fine herbs.,Fines herbes fraîches.
6,Detail (nine-digit variant codes),Détail (codes de variante à neuf chiffres),114221381,11422138,Fresh parsley,Persil frais,Fresh parsley.,Persil frais.
6,Detail (nine-digit variant codes),Détail (codes de variante à neuf chiffres),114221382,11422138,Other fresh fine herbs,Autres fines herbes fraîches,Other fresh fine herbs.,Autres fines herbes fraîches.
5,Detail (eight-digit variant codes),Détail (codes de variante à huit chiffres),11422139,1142213,Other fresh leaf and stem type vegetables,Autres légumes frais de type feuille et tige,Other fresh leaf and stem type vegetables.,Autres légumes frais de type feuille et tige.
6,Detail (nine-digit variant codes),Détail (codes de variante à neuf chiffres),114221391,11422139,Other fresh leaf and stem type vegetables,Autres légumes frais de type feuille et tige,Other fresh leaf and stem type vegetables.,Autres légumes frais de type feuille et tige.
4,Detail (seven-digit standard codes),Détail (codes types à sept chiffres),1142214,114221,Fresh melons,Melons frais,Fresh melons.,Melons frais.
5,Detail (eight-digit variant codes),Détail (codes de variante à huit chiffres),11422141,1142214,Fresh watermelons,Melons d'eau frais,Fresh watermelons.,Melons d'eau frais.
6,Detail (nine-digit variant codes),Détail (codes de variante à neuf chiffres),114221411,11422141,Fresh watermelons,Melons d'eau frais,Fresh watermelons.,Melons d'eau frais.
5,Detail (eight-digit variant codes),Détail (codes de variante à huit chiffres),11422142,1142214,Other fresh melons,Autres melons frais,Other fresh melons.,Autres melons frais.
6,Detail (nine-digit variant codes),Détail (codes de variante à neuf chiffres),114221421,11422142,Other fresh melons,Autres melons frais,Other fresh melons.,Autres melons frais.
4,Detail (seven-digit standard codes),Détail (codes types à sept chiffres),1142215,114221,Fresh fruit type vegetables (except melons),Légumes frais de type fruit (sauf les melons),"Fresh fruit type vegetables, except melons.","Légumes frais de type fruit, sauf les melons."
5,Detail (eight-digit variant codes),Détail (codes de variante à huit chiffres),11422151,1142215,Fresh tomatoes,Tomates fraîches,Fresh tomatoes.,Tomates fraîches.
6,Detail (nine-digit variant codes),Détail (codes de variante à neuf chiffres),114221511,11422151,Fresh Beefsteak tomatoes,Tomates Beefsteak fraîches,Fresh Beefsteak tomatoes.,Tomates Beefsteak fraîches.
6,Detail (nine-digit variant codes),Détail (codes de variante à neuf chiffres),114221512,11422151,Fresh tomatoes on the vine,Tomates en grappe fraîches,Fresh tomatoes on the vine.,Tomates en grappe fraîches.
6,Detail (nine-digit variant codes),Détail (codes de variante à neuf chiffres),114221513,11422151,Fresh cherry and grape tomatoes,Tomates cerises et tomates raisins fraîches,Fresh cherry and grape tomatoes.,Tomates cerises et tomates raisins fraîches.
6,Detail (nine-digit variant codes),Détail (codes de variante à neuf chiffres),114221514,11422151,Other fresh tomatoes,Autres tomates fraîches,Other fresh tomatoes.,Autres tomates fraîches.
5,Detail (eight-digit variant codes),Détail (codes de variante à huit chiffres),11422152,1142215,Fresh cucumbers,Concombres frais,Fresh cucumbers.,Concombres frais.
6,Detail (nine-digit variant codes),Détail (codes de variante à neuf chiffres),114221521,11422152,Fresh English cucumbers,Concombres anglais frais,Fresh English cucumbers.,Concombres anglais frais.
6,Detail (nine-digit variant codes),Détail (codes de variante à neuf chiffres),114221522,11422152,Fresh mini cucumbers,Mini-concombres frais,Fresh mini cucumbers.,Mini-concombres frais.
6,Detail (nine-digit variant codes),Détail (codes de variante à neuf chiffres),114221523,11422152,Other fresh cucumbers,Autres concombres frais,Other fresh cucumbers.,Autres concombres frais.
5,Detail (eight-digit variant codes),Détail (codes de variante à huit chiffres),11422153,1142215,Fresh gherkins,Cornichons frais,"Fresh gherkins, except fresh mini cucumbers.","Cornichons frais, sauf les mini-concombres frais."
6,Detail (nine-digit variant codes),Détail (codes de variante à neuf chiffres),114221531,11422153,Fresh gherkins,Cornichons frais,"Fresh gherkins, except fresh mini cucumbers.","Cornichons frais, sauf les mini-concombres frais."
5,Detail (eight-digit variant codes),Détail (codes de variante à huit chiffres),11422154,1142215,Fresh peppers,Poivrons frais,Fresh peppers.,Poivrons frais.
6,Detail (nine-digit variant codes),Détail (codes de variante à neuf chiffres),114221541,11422154,Fresh peppers,Poivrons frais,Fresh peppers.,Poivrons frais.
5,Detail (eight-digit variant codes),Détail (codes de variante à huit chiffres),11422155,1142215,Fresh pumpkins,Citrouilles fraîches,Fresh pumpkins.,Citrouilles fraîches.
6,Detail (nine-digit variant codes),Détail (codes de variante à neuf chiffres),114221551,11422155,Fresh pumpkins,Citrouilles fraîches,Fresh pumpkins.,Citrouilles fraîches.
5,Detail (eight-digit variant codes),Détail (codes de variante à huit chiffres),11422156,1142215,Fresh squash and zucchini,Courges et zucchinis frais,Fresh squash and zucchini.,Courges et zucchinis frais.
6,Detail (nine-digit variant codes),Détail (codes de variante à neuf chiffres),114221561,11422156,Fresh squash,Courges fraîches,Fresh squash.,Courges fraîches.
6,Detail (nine-digit variant codes),Détail (codes de variante à neuf chiffres),114221562,11422156,Fresh zucchini,Zucchinis frais,Fresh zucchini.,Zucchinis frais.
5,Detail (eight-digit variant codes),Détail (codes de variante à huit chiffres),11422157,1142215,Fresh eggplants,Aubergines fraîches,Fresh eggplants.,Aubergines fraîches.
6,Detail (nine-digit variant codes),Détail (codes de variante à neuf chiffres),114221571,11422157,Fresh eggplants (except Chinese eggplants),Aubergines fraîches (sauf les aubergines chinoises),"Fresh eggplants, except Chinese eggplants.","Aubergines fraîches, sauf les aubergines chinoises."
6,Detail (nine-digit variant codes),Détail (codes de variante à neuf chiffres),114221572,11422157,Fresh Chinese eggplants,Aubergines chinoises fraîches,Fresh Chinese eggplants.,Aubergines chinoises fraîches.
5,Detail (eight-digit variant codes),Détail (codes de variante à huit chiffres),11422158,1142215,Other fresh fruit type vegetables (except melons),Autres légumes frais de type fruit (sauf les melons),"Other fresh fruit type vegetables, except melons.","Autres légumes frais de type fruit, sauf les melons."
6,Detail (nine-digit variant codes),Détail (codes de variante à neuf chiffres),114221581,11422158,Other fresh fruit type vegetables (except melons),Autres légumes frais de type fruit (sauf les melons),"Other fresh fruit type vegetables, except melons.","Autres légumes frais de type fruit, sauf les melons."
4,Detail (seven-digit standard codes),Détail (codes types à sept chiffres),1142216,114221,Green leguminous vegetables,Légumes à gousse verts,"Fresh leguminous and gramineous plants or seed type vegetables (pod vegetable), harvested while green for their green grains or for their green pods, mainly for human consumption.","Plantes légumineuses et graminées fraîches ou légumes sous forme de graines (légumes-gousses), récoltés précocement pour leurs grains verts ou leurs gousses vertes, principalement pour la consommation humaine."
5,Detail (eight-digit variant codes),Détail (codes de variante à huit chiffres),11422161,1142216,Fresh green peas,Pois verts frais,Fresh green peas.,Pois verts frais.
6,Detail (nine-digit variant codes),Détail (codes de variante à neuf chiffres),114221611,11422161,Fresh green peas,Pois verts frais,Fresh green peas.,Pois verts frais.
5,Detail (eight-digit variant codes),Détail (codes de variante à huit chiffres),11422162,1142216,Fresh green and wax beans,Haricots verts et jaunes frais,Fresh green and wax beans.,Haricots verts et jaunes frais.
6,Detail (nine-digit variant codes),Détail (codes de variante à neuf chiffres),114221621,11422162,Fresh green and wax beans,Haricots verts et jaunes frais,Fresh green and wax beans.,Haricots verts et jaunes frais.
5,Detail (eight-digit variant codes),Détail (codes de variante à huit chiffres),11422163,1142216,Other green leguminous vegetables,Autres légumes à gousse verts,"Other fresh leguminous and gramineous plants or seed type vegetables (pod vegetable), harvested while green for their green grains or for their green pods, mainly for human consumption.","Autres plantes légumineuses et graminées fraîches ou légumes sous forme de graines (légumes-gousses), récoltés précocement pour leurs grains verts ou leurs gousses vertes, principalement pour la consommation humaine."
6,Detail (nine-digit variant codes),Détail (codes de variante à neuf chiffres),114221631,11422163,Other green leguminous vegetables,Autres légumes à gousse verts,"Other fresh leguminous and gramineous plants or seed type vegetables (pod vegetable), harvested while green for their green grains or for their green pods, mainly for human consumption.","Autres plantes légumineuses et graminées fraîches ou légumes sous forme de graines (légumes-gousses), récoltés précocement pour leurs grains verts ou leurs gousses vertes, principalement pour la consommation humaine."
4,Detail (seven-digit standard codes),Détail (codes types à sept chiffres),1142217,114221,Fresh mushrooms (including truffles),Champignons frais (y compris les truffes),Fresh mushrooms and truffles.,Champignons et truffes frais.
5,Detail (eight-digit variant codes),Détail (codes de variante à huit chiffres),11422171,1142217,Fresh Agaricus mushrooms,Champignons agaric frais,Fresh Agaricus mushrooms.,Champignons agaric frais.
6,Detail (nine-digit variant codes),Détail (codes de variante à neuf chiffres),114221711,11422171,Fresh white Agaricus mushrooms,Champignons agaric blanc frais,Fresh white Agaricus mushrooms.,Champignons agaric blanc frais.
6,Detail (nine-digit variant codes),Détail (codes de variante à neuf chiffres),114221712,11422171,Fresh brown Agaricus mushrooms,Champignons agaric brun frais,Fresh brown Agaricus mushrooms.,Champignons agaric brun frais.
5,Detail (eight-digit variant codes),Détail (codes de variante à huit chiffres),11422172,1142217,Specialty and other fresh mushrooms,Champignons de spécialité et autres champignons frais,Specialty and other fresh mushrooms.,Champignons de spécialité et autres champignons frais.
6,Detail (nine-digit variant codes),Détail (codes de variante à neuf chiffres),114221721,11422172,Fresh Shiitake mushrooms,Champignons shiitake frais,Fresh Shiitake mushrooms.,Champignons shiitake frais.
6,Detail (nine-digit variant codes),Détail (codes de variante à neuf chiffres),114221722,11422172,Fresh Oyster mushrooms,Pleurotes en forme d'huître frais,Fresh Oyster mushrooms.,Pleurotes en forme d'huître frais.
6,Detail (nine-digit variant codes),Détail (codes de variante à neuf chiffres),114221723,11422172,"Other fresh mushrooms, n.e.c.","Autres champignons frais, n.c.a.","Other fresh mushrooms, n.e.c.","Autres champignons frais, n.c.a."
5,Detail (eight-digit variant codes),Détail (codes de variante à huit chiffres),11422173,1142217,Fresh truffles,Truffes frais,Fresh truffles.,Truffes frais.
6,Detail (nine-digit variant codes),Détail (codes de variante à neuf chiffres),114221731,11422173,Fresh truffles,Truffes frais,Fresh truffles.,Truffes frais.
4,Detail (seven-digit standard codes),Détail (codes types à sept chiffres),1142218,114221,"Other fresh vegetables, n.e.c.","Autres légumes frais, n.c.a.","Other fresh vegetables, n.e.c.","Autres légumes frais, n.c.a."
5,Detail (eight-digit variant codes),Détail (codes de variante à huit chiffres),11422181,1142218,Fresh sweet corn,Maïs sucré frais,Fresh sweet corn.,Maïs sucré frais.
6,Detail (nine-digit variant codes),Détail (codes de variante à neuf chiffres),114221811,11422181,Fresh sweet corn,Maïs sucré frais,Fresh sweet corn.,Maïs sucré frais.
5,Detail (eight-digit variant codes),Détail (codes de variante à huit chiffres),11422182,1142218,Fresh broccoli,Brocolis frais,Fresh broccoli.,Brocolis frais.
6,Detail (nine-digit variant codes),Détail (codes de variante à neuf chiffres),114221821,11422182,Fresh broccoli,Brocolis frais,Fresh broccoli.,Brocolis frais.
5,Detail (eight-digit variant codes),Détail (codes de variante à huit chiffres),11422183,1142218,Fresh cauliflowers,Choux-fleurs frais,Fresh cauliflowers.,Choux-fleurs frais.
6,Detail (nine-digit variant codes),Détail (codes de variante à neuf chiffres),114221831,11422183,Fresh cauliflowers,Choux-fleurs frais,Fresh cauliflowers.,Choux-fleurs frais.
5,Detail (eight-digit variant codes),Détail (codes de variante à huit chiffres),11422184,1142218,Fresh artichokes,Artichauts frais,Fresh artichokes.,Artichauts frais.
6,Detail (nine-digit variant codes),Détail (codes de variante à neuf chiffres),114221841,11422184,Fresh artichokes,Artichauts frais,Fresh artichokes.,Artichauts frais.
5,Detail (eight-digit variant codes),Détail (codes de variante à huit chiffres),11422185,1142218,"Other miscellaneous fresh vegetables, n.e.c.","Autres légumes divers frais, n.c.a.","Other miscellaneous fresh vegetables, n.e.c.","Autres légumes divers frais, n.c.a."
6,Detail (nine-digit variant codes),Détail (codes de variante à neuf chiffres),114221851,11422185,"Other miscellaneous fresh vegetables, n.e.c.","Autres légumes divers frais, n.c.a.","Other miscellaneous fresh vegetables, n.e.c.","Autres légumes divers frais, n.c.a."
2,Class (five-digit standard codes or six-character alphanumeric variant codes),Classe (codes types à cinq chiffres ou codes de variante à six caractères alphanumériques),11431,114,Pulse crops (except soybeans),Légumineuses de culture (sauf le soya),"This class comprises pulse crops, which are dry annual leguminous plants or edible seeds, harvested from pods, and primarily for the use in food processing, as both human food and animal feed.","Cette classe comprend les légumineuses de culture, qui sont des plantes légumineuses sèches annuelles ou des graines comestibles, récoltées à même les gousses, et utilisées principalement pour la transformation des aliments, comme aliments destinés à la consommation humaine et animale."
3,Subclass (six-digit standard codes),Sous-classe (codes types à six chiffres),114311,11431,Chickpeas,Pois chiches,This subclass comprises chickpeas.,Cette sous-classe comprend les pois chiches.
4,Detail (seven-digit standard codes),Détail (codes types à sept chiffres),1143111,114311,"Chickpeas, Desi",Pois chiches Desi,"Chickpeas, Desi.",Pois chiches Desi.
5,Detail (eight-digit variant codes),Détail (codes de variante à huit chiffres),11431111,1143111,"Chickpeas, Desi",Pois chiches Desi,"Chickpeas, Desi.",Pois chiches Desi.
6,Detail (nine-digit variant codes),Détail (codes de variante à neuf chiffres),114311111,11431111,"Chickpeas, Desi",Pois chiches Desi,"Chickpeas, Desi.",Pois chiches Desi.
4,Detail (seven-digit standard codes),Détail (codes types à sept chiffres),1143112,114311,"Chickpeas, Kabuli",Pois chiches Kabuli,"Chickpeas, Kabuli.",Pois chiches Kabuli.
5,Detail (eight-digit variant codes),Détail (codes de variante à huit chiffres),11431121,1143112,"Chickpeas, Kabuli",Pois chiches Kabuli,"Chickpeas, Kabuli.",Pois chiches Kabuli.
6,Detail (nine-digit variant codes),Détail (codes de variante à neuf chiffres),114311211,11431121,"Chickpeas, Kabuli",Pois chiches Kabuli,"Chickpeas, Kabuli.",Pois chiches Kabuli.
4,Detail (seven-digit standard codes),Détail (codes types à sept chiffres),1143113,114311,Other chickpeas,Autres pois chiches,Other chickpeas.,Autres pois chiches.
5,Detail (eight-digit variant codes),Détail (codes de variante à huit chiffres),11431131,1143113,Other chickpeas,Autres pois chiches,Other chickpeas.,Autres pois chiches.
6,Detail (nine-digit variant codes),Détail (codes de variante à neuf chiffres),114311311,11431131,Other chickpeas,Autres pois chiches,Other chickpeas.,Autres pois chiches.
3,Subclass (six-digit standard codes),Sous-classe (codes types à six chiffres),114312,11431,Lentils,Lentilles,This subclass comprises lentils.,Cette sous-classe comprend les lentilles.
4,Detail (seven-digit standard codes),Détail (codes types à sept chiffres),1143121,114312,Large green lentils,Grosses lentilles vertes,Large green lentils.,Grosses lentilles vertes.
5,Detail (eight-digit variant codes),Détail (codes de variante à huit chiffres),11431211,1143121,Large green lentils,Grosses lentilles vertes,Large green lentils.,Grosses lentilles vertes.
6,Detail (nine-digit variant codes),Détail (codes de variante à neuf chiffres),114312111,11431211,Large green lentils,Grosses lentilles vertes,Large green lentils.,Grosses lentilles vertes.
4,Detail (seven-digit standard codes),Détail (codes types à sept chiffres),1143122,114312,Red lentils,Lentilles rouges,Red lentils.,Lentilles rouges.
5,Detail (eight-digit variant codes),Détail (codes de variante à huit chiffres),11431221,1143122,Red lentils,Lentilles rouges,Red lentils.,Lentilles rouges.
6,Detail (nine-digit variant codes),Détail (codes de variante à neuf chiffres),114312211,11431221,Red lentils,Lentilles rouges,Red lentils.,Lentilles rouges.
4,Detail (seven-digit standard codes),Détail (codes types à sept chiffres),1143123,114312,Small green lentils,Petites lentilles vertes,Small green lentils.,Petites lentilles vertes.
5,Detail (eight-digit variant codes),Détail (codes de variante à huit chiffres),11431231,1143123,Small green lentils,Petites lentilles vertes,Small green lentils.,Petites lentilles vertes.
6,Detail (nine-digit variant codes),Détail (codes de variante à neuf chiffres),114312311,11431231,Small green lentils,Petites lentilles vertes,Small green lentils.,Petites lentilles vertes.
4,Detail (seven-digit standard codes),Détail (codes types à sept chiffres),1143124,114312,Other lentils,Autres lentilles,Other lentils.,Autres lentilles.
5,Detail (eight-digit variant codes),Détail (codes de variante à huit chiffres),11431241,1143124,Other lentils,Autres lentilles,Other lentils.,Autres lentilles.
6,Detail (nine-digit variant codes),Détail (codes de variante à neuf chiffres),114312411,11431241,Other lentils,Autres lentilles,Other lentils.,Autres lentilles.
3,Subclass (six-digit standard codes),Sous-classe (codes types à six chiffres),114313,11431,Dry beans,Haricots secs,This subclass comprises dry beans.,Cette sous-classe comprend les haricots secs.
4,Detail (seven-digit standard codes),Détail (codes types à sept chiffres),1143131,114313,Dry white beans,Haricots secs blancs,Dry white beans.,Haricots secs blancs.
5,Detail (eight-digit variant codes),Détail (codes de variante à huit chiffres),11431311,1143131,Dry white beans,Haricots secs blancs,Dry white beans.,Haricots secs blancs.
6,Detail (nine-digit variant codes),Détail (codes de variante à neuf chiffres),114313111,11431311,Dry white beans,Haricots secs blancs,Dry white beans.,Haricots secs blancs.
4,Detail (seven-digit standard codes),Détail (codes types à sept chiffres),1143132,114313,Dry coloured beans,Haricots secs de couleur,Dry coloured beans.,Haricots secs de couleur.
5,Detail (eight-digit variant codes),Détail (codes de variante à huit chiffres),11431321,1143132,"Dry coloured beans, black","Haricots secs de couleur, noirs","Dry coloured beans, black.","Haricots secs de couleur, noirs."
6,Detail (nine-digit variant codes),Détail (codes de variante à neuf chiffres),114313211,11431321,"Dry coloured beans, black","Haricots secs de couleur, noirs","Dry coloured beans, black.","Haricots secs de couleur, noirs."
5,Detail (eight-digit variant codes),Détail (codes de variante à huit chiffres),11431322,1143132,"Dry coloured beans, cranberry","Haricots secs de couleur, canneberges","Dry coloured beans, cranberry.","Haricots secs de couleur, canneberges."
6,Detail (nine-digit variant codes),Détail (codes de variante à neuf chiffres),114313221,11431322,"Dry coloured beans, cranberry","Haricots secs de couleur, canneberges","Dry coloured beans, cranberry.","Haricots secs de couleur, canneberges."
5,Detail (eight-digit variant codes),Détail (codes de variante à huit chiffres),11431323,1143132,"Dry coloured beans, dark red kidney","Haricots secs de couleur, rognons rouge foncé","Dry coloured beans, dark red kidney.","Haricots secs de couleur, rognons rouge foncé."
6,Detail (nine-digit variant codes),Détail (codes de variante à neuf chiffres),114313231,11431323,"Dry coloured beans, dark red kidney","Haricots secs de couleur, rognons rouge foncé","Dry coloured beans, dark red kidney.","Haricots secs de couleur, rognons rouge foncé."
5,Detail (eight-digit variant codes),Détail (codes de variante à huit chiffres),11431324,1143132,"Dry coloured beans, Great Northern","Haricots secs de couleur, Great Northern","Dry coloured beans, Great Northern.","Haricots secs de couleur, Great Northern."
6,Detail (nine-digit variant codes),Détail (codes de variante à neuf chiffres),114313241,11431324,"Dry coloured beans, Great Northern","Haricots secs de couleur, Great Northern","Dry coloured beans, Great Northern.","Haricots secs de couleur, Great Northern."
5,Detail (eight-digit variant codes),Détail (codes de variante à huit chiffres),11431325,1143132,"Dry coloured beans, light red kidney","Haricots secs de couleur, rognons rouge pâle","Dry coloured beans, light red kidney.","Haricots secs de couleur, rognons rouge pâle."
6,Detail (nine-digit variant codes),Détail (codes de variante à neuf chiffres),114313251,11431325,"Dry coloured beans, light red kidney","Haricots secs de couleur, rognons rouge pâle","Dry coloured beans, light red kidney.","Haricots secs de couleur, rognons rouge pâle."
5,Detail (eight-digit variant codes),Détail (codes de variante à huit chiffres),11431326,1143132,"Dry coloured beans, Pinto","Haricots secs de couleur, Pinto","Dry coloured beans, Pinto.","Haricots secs de couleur, Pinto."
6,Detail (nine-digit variant codes),Détail (codes de variante à neuf chiffres),114313261,11431326,"Dry coloured beans, Pinto","Haricots secs de couleur, Pinto","Dry coloured beans, Pinto.","Haricots secs de couleur, Pinto."
5,Detail (eight-digit variant codes),Détail (codes de variante à huit chiffres),11431327,1143132,"Dry coloured beans, small red","Haricots secs de couleur, petits rouges","Dry coloured beans, small red.","Haricots secs de couleur, petits rouges."
6,Detail (nine-digit variant codes),Détail (codes de variante à neuf chiffres),114313271,11431327,"Dry coloured beans, small red","Haricots secs de couleur, petits rouges","Dry coloured beans, small red.","Haricots secs de couleur, petits rouges."
5,Detail (eight-digit variant codes),Détail (codes de variante à huit chiffres),11431328,1143132,Other dry coloured beans,Autres haricots secs de couleur,Other dry coloured beans.,Autres haricots secs de couleur.
6,Detail (nine-digit variant codes),Détail (codes de variante à neuf chiffres),114313281,11431328,Other dry coloured beans,Autres haricots secs de couleur,Other dry coloured beans.,Autres haricots secs de couleur.
3,Subclass (six-digit standard codes),Sous-classe (codes types à six chiffres),114314,11431,Dry peas,Pois secs,This subclass comprises dry peas.,Cette sous-classe comprend les pois secs.
4,Detail (seven-digit standard codes),Détail (codes types à sept chiffres),1143141,114314,Yellow dry peas,Pois secs jaunes,Yellow dry peas.,Pois secs jaunes.
5,Detail (eight-digit variant codes),Détail (codes de variante à huit chiffres),11431411,1143141,Yellow dry peas,Pois secs jaunes,Yellow dry peas.,Pois secs jaunes.
6,Detail (nine-digit variant codes),Détail (codes de variante à neuf chiffres),114314111,11431411,Yellow dry peas,Pois secs jaunes,Yellow dry peas.,Pois secs jaunes.
4,Detail (seven-digit standard codes),Détail (codes types à sept chiffres),1143142,114314,Green dry peas,Pois secs verts,Green dry peas.,Pois secs verts.
5,Detail (eight-digit variant codes),Détail (codes de variante à huit chiffres),11431421,1143142,Green dry peas,Pois secs verts,Green dry peas.,Pois secs verts.
6,Detail (nine-digit variant codes),Détail (codes de variante à neuf chiffres),114314211,11431421,Green dry peas,Pois secs verts,Green dry peas.,Pois secs verts.
4,Detail (seven-digit standard codes),Détail (codes types à sept chiffres),1143143,114314,Other dry peas,Autres pois secs,Other dry peas.,Autres pois secs.
5,Detail (eight-digit variant codes),Détail (codes de variante à huit chiffres),11431431,1143143,Other dry peas,Autres pois secs,Other dry peas.,Autres pois secs.
6,Detail (nine-digit variant codes),Détail (codes de variante à neuf chiffres),114314311,11431431,Other dry peas,Autres pois secs,Other dry peas.,Autres pois secs.
3,Subclass (six-digit standard codes),Sous-classe (codes types à six chiffres),114315,11431,Other pulse crops,Autres légumineuses de culture,This subclass comprises other pulse crops.,Cette sous-classe comprend les autres légumineuses de culture.
4,Detail (seven-digit standard codes),Détail (codes types à sept chiffres),1143151,114315,Faba beans,Féveroles,Faba beans.,Féveroles.
5,Detail (eight-digit variant codes),Détail (codes de variante à huit chiffres),11431511,1143151,Faba beans,Féveroles,Faba beans.,Féveroles.
6,Detail (nine-digit variant codes),Détail (codes de variante à neuf chiffres),114315111,11431511,Faba beans,Féveroles,Faba beans.,Féveroles.
4,Detail (seven-digit standard codes),Détail (codes types à sept chiffres),1143152,114315,"Other pulse crops, n.e.c.","Autres légumineuses de culture, n.c.a.","Other pulse crops, n.e.c.","Autres légumineuses de culture, n.c.a."
5,Detail (eight-digit variant codes),Détail (codes de variante à huit chiffres),11431521,1143152,Other pulse crops n.e.c.,Autres légumineuses de culture n.c.a.,"Other pulse crops, n.e.c.","Autres légumineuses de culture, n.c.a."
6,Detail (nine-digit variant codes),Détail (codes de variante à neuf chiffres),114315211,11431521,Other pulse crops n.e.c.,Autres légumineuses de culture n.c.a.,Other pulse crops n.e.c.,Autres légumineuses de culture n.c.a.
1,Group (three-digit standard codes or four-character alphanumeric variant codes),Groupe (codes types à trois chiffres ou codes de variante à quatre caractères alphanumériques),115,,Other crop products,Autres produits végétaux,This group comprises crop products n.e.c.,Ce groupe comprend les produits végétaux n.c.a.
2,Class (five-digit standard codes or six-character alphanumeric variant codes),Classe (codes types à cinq chiffres ou codes de variante à six caractères alphanumériques),11511,115,Grains (except wheat),Grains (sauf le blé),"This class comprises unmilled cereal type grains, except wheat.","Cette classe comprend les grains non moulus de type céréalier, sauf le blé."
3,Subclass (six-digit standard codes),Sous-classe (codes types à six chiffres),115111,11511,Corn for grain,Maïs-grain,This subclass comprises unmilled corn for grain.,Cette sous-classe comprend le maïs-grain non moulu.
4,Detail (seven-digit standard codes),Détail (codes types à sept chiffres),1151111,115111,Corn for grain,Maïs-grain,Unmilled corn for grain.,Maïs-grain non moulu.
5,Detail (eight-digit variant codes),Détail (codes de variante à huit chiffres),11511111,1151111,Genetically modified corn for grain,Maïs-grain génétiquement modifié,Unmilled genetically modified corn for grain.,"Maïs-grain non moulu, génétiquement modifié."
6,Detail (nine-digit variant codes),Détail (codes de variante à neuf chiffres),115111111,11511111,Genetically modified corn for grain,Maïs-grain génétiquement modifié,Unmilled genetically modified corn for grain.,"Maïs-grain non moulu, génétiquement modifié."
5,Detail (eight-digit variant codes),Détail (codes de variante à huit chiffres),11511112,1151111,Non-genetically modified corn for grain,Maïs-grain non génétiquement modifié,Unmilled non-genetically modified corn for grain.,"Maïs-grain non moulu, non génétiquement modifié."
6,Detail (nine-digit variant codes),Détail (codes de variante à neuf chiffres),115111121,11511112,Non-genetically modified corn for grain,Maïs-grain non génétiquement modifié,Unmilled non-genetically modified corn for grain.,"Maïs-grain non moulu, non génétiquement modifié."
3,Subclass (six-digit standard codes),Sous-classe (codes types à six chiffres),115112,11511,Unmilled rice,Riz non moulu,This subclass comprises unmilled rice.,Cette sous-classe comprend le riz non moulu.
4,Detail (seven-digit standard codes),Détail (codes types à sept chiffres),1151121,115112,Unmilled rice,Riz non moulu,Unmilled rice.,Riz non moulu.
5,Detail (eight-digit variant codes),Détail (codes de variante à huit chiffres),11511211,1151121,Unmilled rice,Riz non moulu,Unmilled rice.,Riz non moulu.
6,Detail (nine-digit variant codes),Détail (codes de variante à neuf chiffres),115112111,11511211,Unmilled rice,Riz non moulu,Unmilled rice.,Riz non moulu.
3,Subclass (six-digit standard codes),Sous-classe (codes types à six chiffres),115113,11511,Oats,Avoine,"This subclass comprises unmilled oats, hulless and unhulled.","Cette sous-classe comprend l'avoine non moulue, à grains nus ou non mondée."
4,Detail (seven-digit standard codes),Détail (codes types à sept chiffres),1151131,115113,Oats,Avoine,"Unmilled oats, hulless and unhulled.","Avoine non moulue, à grains nus ou non mondée."
5,Detail (eight-digit variant codes),Détail (codes de variante à huit chiffres),11511311,1151131,Oats,Avoine,"Unmilled oats, hulless and unhulled.","Avoine non moulue, à grains nus ou non mondée."
6,Detail (nine-digit variant codes),Détail (codes de variante à neuf chiffres),115113111,11511311,Oats,Avoine,"Unmilled oats, hulless and unhulled.","Avoine non moulue, à grains nus ou non mondée."
3,Subclass (six-digit standard codes),Sous-classe (codes types à six chiffres),115114,11511,Barley,Orge,"This subclass comprises unmilled barley, hulless and unhulled.","Cette sous-classe comprend l'orge non moulu, à grains nus ou non mondé."
4,Detail (seven-digit standard codes),Détail (codes types à sept chiffres),1151141,115114,Barley,Orge,"Unmilled barley, hulless and unhulled.","Orge non moulu, à grains nus ou non mondé."
5,Detail (eight-digit variant codes),Détail (codes de variante à huit chiffres),11511411,1151141,Barley for animal feed,Orge pour alimentation animale,"Unmilled barley, hulless and unhulled, for animal feed.","Orge non moulu, à grains nus ou non mondé, pour alimentation animale."
6,Detail (nine-digit variant codes),Détail (codes de variante à neuf chiffres),115114111,11511411,Barley for animal feed,Orge pour alimentation animale,"Unmilled barley, hulless and unhulled, for animal feed.","Orge non moulu, à grains nus ou non mondé, pour alimentation animale."
5,Detail (eight-digit variant codes),Détail (codes de variante à huit chiffres),11511412,1151141,Barley for malt and other human consumption,Orge pour le malt et autre consommation humaine,"Unmilled barley, hulless and unhulled, for malt and other human consumption.","Orge non moulu, à grains nus ou non mondé, pour le malt et autre consommation humaine."
6,Detail (nine-digit variant codes),Détail (codes de variante à neuf chiffres),115114121,11511412,Barley for malt and other human consumption,Orge pour le malt et autre consommation humaine,"Unmilled barley, hulless and unhulled, for malt and other human consumption.","Orge non moulu, à grains nus ou non mondé, pour le malt et autre consommation humaine."
3,Subclass (six-digit standard codes),Sous-classe (codes types à six chiffres),115115,11511,"Other grains, n.e.c.","Autres grains, n.c.a.",This subclass comprises unmilled grains n.e.c.,Cette sous-classe comprend les grains non moulus n.c.a.
4,Detail (seven-digit standard codes),Détail (codes types à sept chiffres),1151151,115115,Mixed grain,Grain mélangé,Unmilled mixed cereal grain.,Grain mélangé non moulu de céréales.
5,Detail (eight-digit variant codes),Détail (codes de variante à huit chiffres),11511511,1151151,Mixed grain,Grain mélangé,Unmilled mixed cereal grain.,Grain mélangé non moulu de céréales.
6,Detail (nine-digit variant codes),Détail (codes de variante à neuf chiffres),115115111,11511511,Mixed grain,Grain mélangé,Unmilled mixed cereal grain.,Grain mélangé non moulu de céréales.
4,Detail (seven-digit standard codes),Détail (codes types à sept chiffres),1151152,115115,Rye,Seigle,Unmilled rye.,Seigle non moulu.
5,Detail (eight-digit variant codes),Détail (codes de variante à huit chiffres),11511521,1151152,Spring rye,Seigle de printemps,Unmilled spring rye.,Seigle de printemps non moulu.
6,Detail (nine-digit variant codes),Détail (codes de variante à neuf chiffres),115115211,11511521,Spring rye,Seigle de printemps,Unmilled spring rye.,Seigle de printemps non moulu.
5,Detail (eight-digit variant codes),Détail (codes de variante à huit chiffres),11511522,1151152,Fall rye,Seigle d'automne,Unmilled fall rye.,Seigle d'automne non moulu.
6,Detail (nine-digit variant codes),Détail (codes de variante à neuf chiffres),115115221,11511522,Fall rye,Seigle d'automne,Unmilled fall rye.,Seigle d'automne non moulu.
4,Detail (seven-digit standard codes),Détail (codes types à sept chiffres),1151153,115115,Triticale,Triticale,Unmilled triticale.,Triticale non moulu.
5,Detail (eight-digit variant codes),Détail (codes de variante à huit chiffres),11511531,1151153,Triticale,Triticale,Unmilled triticale.,Triticale non moulu.
6,Detail (nine-digit variant codes),Détail (codes de variante à neuf chiffres),115115311,11511531,Triticale,Triticale,Unmilled triticale.,Triticale non moulu.
4,Detail (seven-digit standard codes),Détail (codes types à sept chiffres),1151154,115115,Wild rice,Riz sauvage,Unmilled wild rice.,Riz sauvage non moulu.
5,Detail (eight-digit variant codes),Détail (codes de variante à huit chiffres),11511541,1151154,Wild rice,Riz sauvage,Unmilled wild rice.,Riz sauvage non moulu.
6,Detail (nine-digit variant codes),Détail (codes de variante à neuf chiffres),115115411,11511541,Wild rice,Riz sauvage,Unmilled wild rice.,Riz sauvage non moulu.
4,Detail (seven-digit standard codes),Détail (codes types à sept chiffres),1151155,115115,Other miscellaneous grains,Autres grains divers,Other miscellaneous unmilled grains.,Autres grains divers non moulus.
5,Detail (eight-digit variant codes),Détail (codes de variante à huit chiffres),11511551,1151155,Buckwheat,Sarrasin,Buckwheat.,Sarrasin.
6,Detail (nine-digit variant codes),Détail (codes de variante à neuf chiffres),115115511,11511551,Buckwheat,Sarrasin,Buckwheat.,Sarrasin.
5,Detail (eight-digit variant codes),Détail (codes de variante à huit chiffres),11511552,1151155,Sorghum grain,Grains de sorgho,Sorghum grain.,Grains de sorgho.
6,Detail (nine-digit variant codes),Détail (codes de variante à neuf chiffres),115115521,11511552,Sorghum grain,Grains de sorgho,Sorghum grain.,Grains de sorgho.
5,Detail (eight-digit variant codes),Détail (codes de variante à huit chiffres),11511553,1151155,Millet grain and proso millet grain,Graines de millet et de millet commun,Millet grain and proso millet grain.,Graines de millet et de millet commun.
6,Detail (nine-digit variant codes),Détail (codes de variante à neuf chiffres),115115531,11511553,Millet grain and proso millet grain,Graines de millet et de millet commun,Millet grain and proso millet grain.,Graines de millet et de millet commun.
5,Detail (eight-digit variant codes),Détail (codes de variante à huit chiffres),11511554,1151155,Quinoa,Quinoa,Quinoa.,Quinoa.
6,Detail (nine-digit variant codes),Détail (codes de variante à neuf chiffres),115115541,11511554,Quinoa,Quinoa,Quinoa.,Quinoa.
5,Detail (eight-digit variant codes),Détail (codes de variante à huit chiffres),11511555,1151155,Canary seeds,Graines de l'alpiste des Canaries,Canary seeds.,Graines de l'alpiste des Canaries.
6,Detail (nine-digit variant codes),Détail (codes de variante à neuf chiffres),115115551,11511555,Regular canary seeds,"Graines de l'alpiste des Canaries, régulières",Regular canary seeds.,"Graines de l'alpiste des Canaries, régulières."
6,Detail (nine-digit variant codes),Détail (codes de variante à neuf chiffres),115115552,11511555,Hairless canary seeds,"Graines de l'alpiste des Canaries, sans poils",Hairless canary seeds.,"Graines de l'alpiste des Canaries, sans poils."
6,Detail (nine-digit variant codes),Détail (codes de variante à neuf chiffres),115115553,11511555,Other canary seeds,Autres graines de l'alpiste des Canaries,Other canary seeds.,Autres graines de l'alpiste des Canaries.
5,Detail (eight-digit variant codes),Détail (codes de variante à huit chiffres),11511556,1151155,Spelt wheat,Épeautre,Unmilled spelt wheat.,Épeautre non moulu.
6,Detail (nine-digit variant codes),Détail (codes de variante à neuf chiffres),115115561,11511556,Spelt wheat,Épeautre,Unmilled spelt wheat.,Épeautre non moulu.
5,Detail (eight-digit variant codes),Détail (codes de variante à huit chiffres),11511557,1151155,Kamut wheat,Blé kamut,Unmilled kamut wheat.,Blé kamut non moulu.
6,Detail (nine-digit variant codes),Détail (codes de variante à neuf chiffres),115115571,11511557,Kamut wheat,Blé kamut,Unmilled kamut wheat.,Blé kamut non moulu.
5,Detail (eight-digit variant codes),Détail (codes de variante à huit chiffres),11511558,1151155,"Other miscellaneous grains, n.e.c.","Autres grains divers, n.c.a.","Other miscellaneous unmilled grains, n.e.c.","Autres grains divers non moulus, n.c.a."
6,Detail (nine-digit variant codes),Détail (codes de variante à neuf chiffres),115115581,11511558,"Other miscellaneous grains, n.e.c.","Autres grains divers, n.c.a.","Other miscellaneous unmilled grains, n.e.c.","Autres grains divers non moulus, n.c.a."
2,Class (five-digit standard codes or six-character alphanumeric variant codes),Classe (codes types à cinq chiffres ou codes de variante à six caractères alphanumériques),11512,115,Oilseeds (except canola),Graines oléagineuses (sauf le canola),"This class comprises oilseeds, except canola.","Cette classe comprend les graines oléagineuses, sauf le canola."
3,Subclass (six-digit standard codes),Sous-classe (codes types à six chiffres),115121,11512,Soybeans,Soya,This subclass comprises unprocessed soybeans.,Cette sous-classe comprend les graines de soya non transformées.
4,Detail (seven-digit standard codes),Détail (codes types à sept chiffres),1151211,115121,Soybeans,Soya,Unprocessed soybeans.,Graines de soya non transformées.
5,Detail (eight-digit variant codes),Détail (codes de variante à huit chiffres),11512111,1151211,Genetically modified soybeans,Soya génériquement modifié,"Unprocessed soybeans, genetically modified.","Graines de soya non transformées, génétiquement modifiées."
6,Detail (nine-digit variant codes),Détail (codes de variante à neuf chiffres),115121111,11512111,Genetically modified soybeans,Soya génériquement modifié,"Unprocessed soybeans, genetically modified.","Graines de soya non transformées, génétiquement modifiées."
5,Detail (eight-digit variant codes),Détail (codes de variante à huit chiffres),11512112,1151211,Non-genetically modified soybeans,Soya non génériquement modifié,"Unprocessed soybeans, non-genetically modified.","Graines de soya non transformées, non génétiquement modifiées."
6,Detail (nine-digit variant codes),Détail (codes de variante à neuf chiffres),115121121,11512112,Non-genetically modified soybeans,Soya non génériquement modifié,"Unprocessed soybeans, non-genetically modified.","Graines de soya non transformées, non génétiquement modifiées."
3,Subclass (six-digit standard codes),Sous-classe (codes types à six chiffres),115122,11512,Oilseeds (except canola and soybeans),Graines oléagineuses (sauf le canola et le soya),"This subclass comprises oilseeds, except canola and soybeans.","Cette sous-classe comprend les graines oléagineuses, sauf le canola et le soya."
4,Detail (seven-digit standard codes),Détail (codes types à sept chiffres),1151221,115122,Flaxseed,Graines de lin,Unprocessed flaxseed.,Graines de lin non transformées.
5,Detail (eight-digit variant codes),Détail (codes de variante à huit chiffres),11512211,1151221,Flaxseed,Graines de lin,Unprocessed flaxseed.,Graines de lin non transformées.
6,Detail (nine-digit variant codes),Détail (codes de variante à neuf chiffres),115122111,11512211,Flaxseed,Graines de lin,Unprocessed flaxseed.,Graines de lin non transformées.
4,Detail (seven-digit standard codes),Détail (codes types à sept chiffres),1151222,115122,Solin,Solin,Unprocessed solin.,Solin non transformé.
5,Detail (eight-digit variant codes),Détail (codes de variante à huit chiffres),11512221,1151222,Solin,Solin,Unprocessed solin.,Solin non transformé.
6,Detail (nine-digit variant codes),Détail (codes de variante à neuf chiffres),115122211,11512221,Solin,Solin,Unprocessed solin.,Solin non transformé.
4,Detail (seven-digit standard codes),Détail (codes types à sept chiffres),1151223,115122,Sunflower seeds,Graines de tournesol,Unprocessed sunflower seeds.,Graines de tournesol non transformées.
5,Detail (eight-digit variant codes),Détail (codes de variante à huit chiffres),11512231,1151223,Sunflower seeds,Graines de tournesol,Unprocessed sunflower seeds.,Graines de tournesol non transformées.
6,Detail (nine-digit variant codes),Détail (codes de variante à neuf chiffres),115122311,11512231,Sunflower seeds,Graines de tournesol,Unprocessed sunflower seeds.,Graines de tournesol non transformées.
4,Detail (seven-digit standard codes),Détail (codes types à sept chiffres),1151224,115122,Other oilseeds,Autres graines oléagineuses,Other unprocessed oilseeds.,Autres graines oléagineuses non transformées.
5,Detail (eight-digit variant codes),Détail (codes de variante à huit chiffres),11512241,1151224,Hemp seeds,Graines de chanvre,Unprocessed hemp seeds.,Graines de chanvre non transformées.
6,Detail (nine-digit variant codes),Détail (codes de variante à neuf chiffres),115122411,11512241,Hemp seeds,Graines de chanvre,Unprocessed hemp seeds.,Graines de chanvre non transformées.
5,Detail (eight-digit variant codes),Détail (codes de variante à huit chiffres),11512242,1151224,Safflower seeds,Graines de carthame,Unprocessed safflower seeds.,Graines de carthame non transformées.
6,Detail (nine-digit variant codes),Détail (codes de variante à neuf chiffres),115122421,11512242,Safflower seeds,Graines de carthame,Unprocessed safflower seeds.,Graines de carthame non transformées.
5,Detail (eight-digit variant codes),Détail (codes de variante à huit chiffres),11512243,1151224,"Other oilseeds, n.e.c.","Autres graines oléagineuses, n.c.a.","Other unprocessed oilseeds, n.e.c.","Autres graines oléagineuses non transformées, n.c.a."
6,Detail (nine-digit variant codes),Détail (codes de variante à neuf chiffres),115122431,11512243,"Other oilseeds, n.e.c.","Autres graines oléagineuses, n.c.a.","Other unprocessed oilseeds, n.e.c.","Autres graines oléagineuses non transformées, n.c.a."
2,Class (five-digit standard codes or six-character alphanumeric variant codes),Classe (codes types à cinq chiffres ou codes de variante à six caractères alphanumériques),11513,115,Other miscellaneous crop products,Autres produits végétaux divers,This class comprises other miscellaneous crop products.,Cette classe comprend les autres produits végétaux divers.
3,Subclass (six-digit standard codes),Sous-classe (codes types à six chiffres),115131,11513,Unstemmed leaf tobacco,Tabac en côtes,This subclass comprises unstemmed leaf tobacco.,Cette sous-classe comprend le tabac en feuilles non écôté.
4,Detail (seven-digit standard codes),Détail (codes types à sept chiffres),1151311,115131,Unstemmed leaf tobacco,Tabac en côtes,Unstemmed leaf tobacco.,Tabac en feuilles non écôté.
5,Detail (eight-digit variant codes),Détail (codes de variante à huit chiffres),11513111,1151311,Unstemmed leaf tobacco,Tabac en côtes,Unstemmed leaf tobacco.,Tabac en feuilles non écôté.
6,Detail (nine-digit variant codes),Détail (codes de variante à neuf chiffres),115131111,11513111,Unstemmed leaf tobacco,Tabac en côtes,Unstemmed leaf tobacco.,Tabac en feuilles non écôté.
3,Subclass (six-digit standard codes),Sous-classe (codes types à six chiffres),115132,11513,Sugar cane and sugar beets,Canne à sucre et betteraves à sucre,This subclass comprises sugar cane and sugar beets.,Cette sous-classe comprend la canne à sucre et les betteraves à sucre.
4,Detail (seven-digit standard codes),Détail (codes types à sept chiffres),1151321,115132,Sugar cane,Canne à sucre,Sugar cane.,Canne à sucre.
5,Detail (eight-digit variant codes),Détail (codes de variante à huit chiffres),11513211,1151321,Sugar cane,Canne à sucre,Sugar cane.,Canne à sucre.
6,Detail (nine-digit variant codes),Détail (codes de variante à neuf chiffres),115132111,11513211,Sugar cane,Canne à sucre,Sugar cane.,Canne à sucre.
4,Detail (seven-digit standard codes),Détail (codes types à sept chiffres),1151322,115132,Sugar beets,Betteraves à sucre,Sugar beets.,Betteraves à sucre.
5,Detail (eight-digit variant codes),Détail (codes de variante à huit chiffres),11513221,1151322,Sugar beets,Betteraves à sucre,Sugar beets.,Betteraves à sucre.
6,Detail (nine-digit variant codes),Détail (codes de variante à neuf chiffres),115132211,11513221,Sugar beets,Betteraves à sucre,Sugar beets.,Betteraves à sucre.
3,Subclass (six-digit standard codes),Sous-classe (codes types à six chiffres),115133,11513,Raw tea,Thé brut,"This subclass comprises raw tea, except packaged and prepared.","Cette sous-classe comprend le thé brut, sauf emballé et préparé."
4,Detail (seven-digit standard codes),Détail (codes types à sept chiffres),1151331,115133,Raw tea,Thé brut,"Raw tea, except packaged and prepared.","Thé brut, sauf emballé et préparé."
5,Detail (eight-digit variant codes),Détail (codes de variante à huit chiffres),11513311,1151331,Raw tea,Thé brut,"Raw tea, except packaged and prepared.","Thé brut, sauf emballé et préparé."
6,Detail (nine-digit variant codes),Détail (codes de variante à neuf chiffres),115133111,11513311,Raw tea,Thé brut,"Raw tea, except packaged and prepared.","Thé brut, sauf emballé et préparé."
3,Subclass (six-digit standard codes),Sous-classe (codes types à six chiffres),115134,11513,Cocoa beans,Fèves de cacao,This subclass comprises cocoa beans.,Cette sous-classe comprend les fèves de cacao.
4,Detail (seven-digit standard codes),Détail (codes types à sept chiffres),1151341,115134,Cocoa beans,Fèves de cacao,Cocoa beans.,Fèves de cacao.
5,Detail (eight-digit variant codes),Détail (codes de variante à huit chiffres),11513411,1151341,Cocoa beans,Fèves de cacao,Cocoa beans.,Fèves de cacao.
6,Detail (nine-digit variant codes),Détail (codes de variante à neuf chiffres),115134111,11513411,Cocoa beans,Fèves de cacao,Cocoa beans.,Fèves de cacao.
3,Subclass (six-digit standard codes),Sous-classe (codes types à six chiffres),115135,11513,Green coffee beans,Fèves de café vert,This subclass comprises green coffee beans.,Cette sous-classe comprend les fèves de café vert.
4,Detail (seven-digit standard codes),Détail (codes types à sept chiffres),1151351,115135,Green coffee beans,Fèves de café vert,Green coffee beans.,Fèves de café vert.
5,Detail (eight-digit variant codes),Détail (codes de variante à huit chiffres),11513511,1151351,Green coffee beans,Fèves de café vert,Green coffee beans.,Fèves de café vert.
6,Detail (nine-digit variant codes),Détail (codes de variante à neuf chiffres),115135111,11513511,Green coffee beans,Fèves de café vert,Green coffee beans.,Fèves de café vert.
3,Subclass (six-digit standard codes),Sous-classe (codes types à six chiffres),115136,11513,Maple syrup and other maple products,Sirop d'érable et autres produits de l'érable,This subclass comprises maple syrup and other maple products.,Cette sous-classe comprend le sirop d'érable et les autres produits de l'érable.
4,Detail (seven-digit standard codes),Détail (codes types à sept chiffres),1151361,115136,Maple syrup,Sirop d'érable,Maple syrup.,Sirop d'érable.
5,Detail (eight-digit variant codes),Détail (codes de variante à huit chiffres),11513611,1151361,Maple syrup,Sirop d'érable,Maple syrup.,Sirop d'érable.
6,Detail (nine-digit variant codes),Détail (codes de variante à neuf chiffres),115136111,11513611,Maple syrup,Sirop d'érable,Maple syrup.,Sirop d'érable.
4,Detail (seven-digit standard codes),Détail (codes types à sept chiffres),1151362,115136,Maple butter,Beurre d'érable,Maple butter.,Beurre d'érable.
5,Detail (eight-digit variant codes),Détail (codes de variante à huit chiffres),11513621,1151362,Maple butter,Beurre d'érable,Maple butter.,Beurre d'érable.
6,Detail (nine-digit variant codes),Détail (codes de variante à neuf chiffres),115136211,11513621,Maple butter,Beurre d'érable,Maple butter.,Beurre d'érable.
4,Detail (seven-digit standard codes),Détail (codes types à sept chiffres),1151363,115136,Maple sugar,Sucre d'érable,Maple sugar.,Sucre d'érable.
5,Detail (eight-digit variant codes),Détail (codes de variante à huit chiffres),11513631,1151363,Maple sugar,Sucre d'érable,Maple sugar.,Sucre d'érable.
6,Detail (nine-digit variant codes),Détail (codes de variante à neuf chiffres),115136311,11513631,Maple sugar,Sucre d'érable,Maple sugar.,Sucre d'érable.
4,Detail (seven-digit standard codes),Détail (codes types à sept chiffres),1151364,115136,Maple taffy,Tire d'érable,Maple taffy.,Tire d'érable.
5,Detail (eight-digit variant codes),Détail (codes de variante à huit chiffres),11513641,1151364,Maple taffy,Tire d'érable,Maple taffy.,Tire d'érable.
6,Detail (nine-digit variant codes),Détail (codes de variante à neuf chiffres),115136411,11513641,Maple taffy,Tire d'érable,Maple taffy.,Tire d'érable.
4,Detail (seven-digit standard codes),Détail (codes types à sept chiffres),1151365,115136,"Other maple products, n.e.c.","Autres produits de l'érable, n.c.a.","Other maple products, n.e.c.","Autres produits de l'érable, n.c.a."
5,Detail (eight-digit variant codes),Détail (codes de variante à huit chiffres),11513651,1151365,"Other maple products, n.e.c.","Autres produits de l'érable, n.c.a.","Other maple products, n.e.c.","Autres produits de l'érable, n.c.a."
6,Detail (nine-digit variant codes),Détail (codes de variante à neuf chiffres),115136511,11513651,"Other maple products, n.e.c.","Autres produits de l'érable, n.c.a.","Other maple products, n.e.c.","Autres produits de l'érable, n.c.a."
3,Subclass (six-digit standard codes),Sous-classe (codes types à six chiffres),115137,11513,Raw cotton,Coton brut,This subclass comprises raw cotton.,Cette sous-classe comprend le coton brut.
4,Detail (seven-digit standard codes),Détail (codes types à sept chiffres),1151371,115137,Raw cotton,Coton brut,Raw cotton.,Coton brut.
5,Detail (eight-digit variant codes),Détail (codes de variante à huit chiffres),11513711,1151371,Raw cotton,Coton brut,Raw cotton.,Coton brut.
6,Detail (nine-digit variant codes),Détail (codes de variante à neuf chiffres),115137111,11513711,Raw cotton,Coton brut,Raw cotton.,Coton brut.
3,Subclass (six-digit standard codes),Sous-classe (codes types à six chiffres),115138,11513,Hay and forage,Foin et fourrage,This subclass comprises hay and forage.,Cette sous-classe comprend le foin et le fourrage.
4,Detail (seven-digit standard codes),Détail (codes types à sept chiffres),1151381,115138,"Hay, forage seeds and grass seeds","Foin, graines de fourrage et de graminées","Hay, forage seeds and grass seeds.","Foin, graines de fourrage et de graminées."
5,Detail (eight-digit variant codes),Détail (codes de variante à huit chiffres),11513811,1151381,Hay,Foin,Hay.,Foin.
6,Detail (nine-digit variant codes),Détail (codes de variante à neuf chiffres),115138111,11513811,Hay,Foin,Hay.,Foin.
5,Detail (eight-digit variant codes),Détail (codes de variante à huit chiffres),11513812,1151381,Forage seeds and grass seeds,Graines de fourrage et de graminées,Forage seeds and grass seeds.,Graines de fourrage et de graminées.
6,Detail (nine-digit variant codes),Détail (codes de variante à neuf chiffres),115138121,11513812,Forage seeds and grass seeds,Graines de fourrage et de graminées,Forage seeds and grass seeds.,Graines de fourrage et de graminées.
4,Detail (seven-digit standard codes),Détail (codes types à sept chiffres),1151382,115138,Corn for silage,Maïs à ensilage,Corn for silage.,Maïs à ensilage.
5,Detail (eight-digit variant codes),Détail (codes de variante à huit chiffres),11513821,1151382,Corn for silage,Maïs à ensilage,Corn for silage.,Maïs à ensilage.
6,Detail (nine-digit variant codes),Détail (codes de variante à neuf chiffres),115138211,11513821,Corn for silage,Maïs à ensilage,Corn for silage.,Maïs à ensilage.
4,Detail (seven-digit standard codes),Détail (codes types à sept chiffres),1151383,115138,Unworked straw,Paille brute,Unworked straw.,Paille brute.
5,Detail (eight-digit variant codes),Détail (codes de variante à huit chiffres),11513831,1151383,Unworked straw,Paille brute,Unworked straw.,Paille brute.
6,Detail (nine-digit variant codes),Détail (codes de variante à neuf chiffres),115138311,11513831,Unworked straw,Paille brute,Unworked straw.,Paille brute.
4,Detail (seven-digit standard codes),Détail (codes types à sept chiffres),1151384,115138,"Other forage, n.e.c.","Autre fourrage, n.c.a.","Other forage, n.e.c.","Autre fourrage, n.c.a."
5,Detail (eight-digit variant codes),Détail (codes de variante à huit chiffres),11513841,1151384,"Other forage, n.e.c.","Autre fourrage, n.c.a.","Other forage, n.e.c.","Autre fourrage, n.c.a."
6,Detail (nine-digit variant codes),Détail (codes de variante à neuf chiffres),115138411,11513841,"Other forage, n.e.c.","Autre fourrage, n.c.a.","Other forage, n.e.c.","Autre fourrage, n.c.a."
3,Subclass (six-digit standard codes),Sous-classe (codes types à six chiffres),115139,11513,"Other miscellaneous crop products, n.e.c.","Autres produits de culture divers, n.c.a.","This subclass comprises other miscellaneous crop products, n.e.c.","Cette sous-classe comprend les autres produits de culture divers, n.c.a."
4,Detail (seven-digit standard codes),Détail (codes types à sept chiffres),1151391,115139,Hops,Houblon,Hops.,Houblon.
5,Detail (eight-digit variant codes),Détail (codes de variante à huit chiffres),11513911,1151391,Hops,Houblon,Hops.,Houblon.
6,Detail (nine-digit variant codes),Détail (codes de variante à neuf chiffres),115139111,11513911,Hops,Houblon,Hops.,Houblon.
4,Detail (seven-digit standard codes),Détail (codes types à sept chiffres),1151392,115139,Natural vegetable fibres,Fibres végétales naturelles,Natural vegetable fibres.,Fibres végétales naturelles.
5,Detail (eight-digit variant codes),Détail (codes de variante à huit chiffres),11513921,1151392,Industrial hemp,Chanvre industriel,"Cannabis plant, or any part of the plant, in which the concentration of the tetrahydrocannabinol (THC) is 0.3% w/w or less in the flowering tops and leaves, taking into account the potential to convert the delta-9-tetrahydrocannabinolic acid into THC.","Plant de cannabis, ou toute partie d'un tel plant, dont la concentration de tétrahydrocannabinol (THC) dans les sommités fleuries et les feuilles est d'au plus 0,3 % p/p, en prenant en compte du potentiel de transformation de l'acide delta-9-tétrahydrocannabinolique en THC."
6,Detail (nine-digit variant codes),Détail (codes de variante à neuf chiffres),115139211,11513921,Industrial hemp,Chanvre industriel,"Cannabis plant, or any part of the plant, in which the concentration of the tetrahydrocannabinol (THC) is 0.3% w/w or less in the flowering tops and leaves, taking into account the potential to convert the delta-9-tetrahydrocannabinolic acid into THC.","Plant de cannabis, ou toute partie d'un tel plant, dont la concentration de tétrahydrocannabinol (THC) dans les sommités fleuries et les feuilles est d'au plus 0,3 % p/p, en prenant en compte du potentiel de transformation de l'acide delta-9-tétrahydrocannabinolique en THC."
5,Detail (eight-digit variant codes),Détail (codes de variante à huit chiffres),11513922,1151392,Other natural vegetable fibres,Autres fibres végétales naturelles,Other natural vegetable fibres.,Autres fibres végétales naturelles.
6,Detail (nine-digit variant codes),Détail (codes de variante à neuf chiffres),115139221,11513922,Other natural vegetable fibres,Autres fibres végétales naturelles,Other natural vegetable fibres.,Autres fibres végétales naturelles.
4,Detail (seven-digit standard codes),Détail (codes types à sept chiffres),1151393,115139,Medicinal plants (except cannabis),Plantes médicinales (sauf le cannabis),"Medicinal plants, except cannabis.","Plantes médicinales, sauf le cannabis."
5,Detail (eight-digit variant codes),Détail (codes de variante à huit chiffres),11513931,1151393,Borage seeds for medicinal use,Graines de bourrache pour usage médicinal,Borage seeds for medicinal use.,Graines de bourrache pour usage médicinal.
6,Detail (nine-digit variant codes),Détail (codes de variante à neuf chiffres),115139311,11513931,Borage seeds for medicinal use,Graines de bourrache pour usage médicinal,Borage seeds for medicinal use.,Graines de bourrache pour usage médicinal.
5,Detail (eight-digit variant codes),Détail (codes de variante à huit chiffres),11513932,1151393,Ginseng root for medicinal use,Racines de ginseng pour usage médicinal,Ginseng root for medicinal use.,Racines de ginseng pour usage médicinal.
6,Detail (nine-digit variant codes),Détail (codes de variante à neuf chiffres),115139321,11513932,Ginseng root for medicinal use,Racines de ginseng pour usage médicinal,Ginseng root for medicinal use.,Racines de ginseng pour usage médicinal.
5,Detail (eight-digit variant codes),Détail (codes de variante à huit chiffres),11513933,1151393,Other medicinal plants (except cannabis),Autres plantes médicinales (sauf le cannabis),"Other medicinal plants, except cannabis.","Autres plantes médicinales, sauf le cannabis."
6,Detail (nine-digit variant codes),Détail (codes de variante à neuf chiffres),115139331,11513933,Other medicinal plants (except cannabis),Autres plantes médicinales (sauf le cannabis),"Other medicinal plants, except cannabis.","Autres plantes médicinales, sauf le cannabis."
4,Detail (seven-digit standard codes),Détail (codes types à sept chiffres),1151394,115139,Mustard seeds,Graines de moutarde,Unprocessed mustard seeds.,Graines de moutarde non transformées.
5,Detail (eight-digit variant codes),Détail (codes de variante à huit chiffres),11513941,1151394,Brown mustard seeds,Graines de moutarde brune,Unprocessed brown mustard seeds.,Graines de moutarde brune non transformées.
6,Detail (nine-digit variant codes),Détail (codes de variante à neuf chiffres),115139411,11513941,Brown mustard seeds,Graines de moutarde brune,Unprocessed brown mustard seeds.,Graines de moutarde brune non transformées.
5,Detail (eight-digit variant codes),Détail (codes de variante à huit chiffres),11513942,1151394,Oriental mustard seeds,Graines de moutarde orientale,Unprocessed oriental mustard seeds.,Graines de moutarde orientale non transformées.
6,Detail (nine-digit variant codes),Détail (codes de variante à neuf chiffres),115139421,11513942,Oriental mustard seeds,Graines de moutarde orientale,Unprocessed oriental mustard seeds.,Graines de moutarde orientale non transformées.
5,Detail (eight-digit variant codes),Détail (codes de variante à huit chiffres),11513943,1151394,Yellow mustard seeds,Graines de moutarde jaune,Unprocessed yellow mustard seeds.,Graines de moutarde jaune non transformées.
6,Detail (nine-digit variant codes),Détail (codes de variante à neuf chiffres),115139431,11513943,Yellow mustard seeds,Graines de moutarde jaune,Unprocessed yellow mustard seeds.,Graines de moutarde jaune non transformées.
5,Detail (eight-digit variant codes),Détail (codes de variante à huit chiffres),11513944,1151394,Other mustard seeds,Autres graines de moutarde,Unprocessed other mustard seeds.,Autres graines de moutarde non transformées.
6,Detail (nine-digit variant codes),Détail (codes de variante à neuf chiffres),115139441,11513944,Other mustard seeds,Autres graines de moutarde,Unprocessed other mustard seeds.,Autres graines de moutarde non transformées.
4,Detail (seven-digit standard codes),Détail (codes types à sept chiffres),1151395,115139,Other spice seeds,Autres graines d'épices,Other spice seeds.,Autres graines d'épices.
5,Detail (eight-digit variant codes),Détail (codes de variante à huit chiffres),11513951,1151395,Coriander seeds,Graines de coriandre,Coriander seeds.,Graines de coriandre.
6,Detail (nine-digit variant codes),Détail (codes de variante à neuf chiffres),115139511,11513951,Coriander seeds,Graines de coriandre,Coriander seeds.,Graines de coriandre.
5,Detail (eight-digit variant codes),Détail (codes de variante à huit chiffres),11513952,1151395,Caraway seeds,Graines de carvi,Caraway seeds.,Graines de carvi.
6,Detail (nine-digit variant codes),Détail (codes de variante à neuf chiffres),115139521,11513952,Caraway seeds,Graines de carvi,Caraway seeds.,Graines de carvi.
5,Detail (eight-digit variant codes),Détail (codes de variante à huit chiffres),11513953,1151395,"Other spice seeds, n.e.c.","Autres graines d'épices, n.c.a.","Other spice seeds, n.e.c.","Autres graines d'épices, n.c.a."
6,Detail (nine-digit variant codes),Détail (codes de variante à neuf chiffres),115139531,11513953,"Other spice seeds, n.e.c.","Autres graines d'épices, n.c.a.","Other spice seeds, n.e.c.","Autres graines d'épices, n.c.a."
4,Detail (seven-digit standard codes),Détail (codes types à sept chiffres),1151396,115139,Vegetal gums,Gommes végétales,"Vegetal gums, resins, gum-resins and oleoresins.","Gommes, résines, gommes-résines et oléorésines végétales."
5,Detail (eight-digit variant codes),Détail (codes de variante à huit chiffres),11513961,1151396,Vegetal gums,Gommes végétales,"Vegetal gums, resins, gum-resins and oleoresins.","Gommes, résines, gommes-résines et oléorésines végétales."
6,Detail (nine-digit variant codes),Détail (codes de variante à neuf chiffres),115139611,11513961,Vegetal gums,Gommes végétales,"Vegetal gums, resins, gum-resins and oleoresins.","Gommes, résines, gommes-résines et oléorésines végétales."
4,Detail (seven-digit standard codes),Détail (codes types à sept chiffres),1151397,115139,Other crude vegetable materials,Autres matières végétales brutes,Other crude vegetable materials.,Autres matières végétales brutes.
5,Detail (eight-digit variant codes),Détail (codes de variante à huit chiffres),11513971,1151397,Other crude vegetable materials,Autres matières végétales brutes,Other crude vegetable materials.,Autres matières végétales brutes.
6,Detail (nine-digit variant codes),Détail (codes de variante à neuf chiffres),115139711,11513971,Other crude vegetable materials,Autres matières végétales brutes,Other crude vegetable materials.,Autres matières végétales brutes.
4,Detail (seven-digit standard codes),Détail (codes types à sept chiffres),1151398,115139,"Seeds for planting (except potato, flower, shrub and tree seeds)","Graines de semence (sauf les graines de pommes de terre, de fleurs, d'arbustes et d'arbres)","Seeds for planting, except potato, flower, shrub and tree seeds.","Graines de semence, sauf les graines de pommes de terre, de fleurs, d'arbustes et d'arbres."
5,Detail (eight-digit variant codes),Détail (codes de variante à huit chiffres),11513981,1151398,"Seeds for planting (except potato, flower, shrub and tree seeds)","Graines de semence (sauf les graines de pommes de terre, de fleurs, d'arbustes et d'arbres)","Seeds for planting, except potato, flower, shrub and tree seeds.","Graines de semence, sauf les graines de pommes de terre, de fleurs, d'arbustes et d'arbres."
6,Detail (nine-digit variant codes),Détail (codes de variante à neuf chiffres),115139811,11513981,"Seeds for planting (except potato, flower, shrub and tree seeds)","Graines de semence (sauf les graines de pommes de terre, de fleurs, d'arbustes et d'arbres)","Seeds for planting, except potato, flower, shrub and tree seeds.","Graines de semence, sauf les graines de pommes de terre, de fleurs, d'arbustes et d'arbres."
2,Class (five-digit standard codes or six-character alphanumeric variant codes),Classe (codes types à cinq chiffres ou codes de variante à six caractères alphanumériques),11514,115,"Floriculture and nursery products, and sod","Produits de floriculture et de pépinière, et gazon en plaques","This class comprises natural floriculture, nursery products and sod.","Cette classe comprend les produits de floriculture naturels, les produits de pépinière et le gazon en plaques."
3,Subclass (six-digit standard codes),Sous-classe (codes types à six chiffres),115141,11514,"Seeds of flowers, shrubs and trees","Graines de fleurs, d'arbustes et d'arbres","This subclass comprises flower, shrub and tree seeds.","Cette sous-classe comprend les graines de fleurs, d'arbustes et d'arbres."
4,Detail (seven-digit standard codes),Détail (codes types à sept chiffres),1151411,115141,Flower seeds,Graines de fleurs,Flower seeds and dormant bulbs.,Graines de fleurs et bulbes en repos végétatif.
5,Detail (eight-digit variant codes),Détail (codes de variante à huit chiffres),11514111,1151411,Flower seeds,Graines de fleurs,Flower seeds and dormant bulbs.,Graines de fleurs et bulbes en repos végétatif.
6,Detail (nine-digit variant codes),Détail (codes de variante à neuf chiffres),115141111,11514111,Flower seeds,Graines de fleurs,Flower seeds and dormant bulbs.,Graines de fleurs et bulbes en repos végétatif.
4,Detail (seven-digit standard codes),Détail (codes types à sept chiffres),1151412,115141,Shrub seeds,Graines d'arbustes,Shrub seeds.,Graines d'arbustes.
5,Detail (eight-digit variant codes),Détail (codes de variante à huit chiffres),11514121,1151412,Shrub seeds,Graines d'arbustes,Shrub seeds.,Graines d'arbustes.
6,Detail (nine-digit variant codes),Détail (codes de variante à neuf chiffres),115141211,11514121,Shrub seeds,Graines d'arbustes,Shrub seeds.,Graines d'arbustes.
4,Detail (seven-digit standard codes),Détail (codes types à sept chiffres),1151413,115141,Tree seeds,Graines d'arbres,Tree seeds.,Graines d'arbres.
5,Detail (eight-digit variant codes),Détail (codes de variante à huit chiffres),11514131,1151413,Tree seeds,Graines d'arbres,Tree seeds.,Graines d'arbres.
6,Detail (nine-digit variant codes),Détail (codes de variante à neuf chiffres),115141311,11514131,Tree seeds,Graines d'arbres,Tree seeds.,Graines d'arbres.
3,Subclass (six-digit standard codes),Sous-classe (codes types à six chiffres),115142,11514,Christmas trees,Arbres de Noël,This subclass comprises natural Christmas trees.,Cette sous-classe comprend les arbres de Noël naturels.
4,Detail (seven-digit standard codes),Détail (codes types à sept chiffres),1151421,115142,Christmas trees,Arbres de Noël,Natural Christmas trees.,Arbres de Noël naturels.
5,Detail (eight-digit variant codes),Détail (codes de variante à huit chiffres),11514211,1151421,Christmas trees,Arbres de Noël,Natural Christmas trees.,Arbres de Noël naturels.
6,Detail (nine-digit variant codes),Détail (codes de variante à neuf chiffres),115142111,11514211,Christmas trees,Arbres de Noël,Natural Christmas trees.,Arbres de Noël naturels.
3,Subclass (six-digit standard codes),Sous-classe (codes types à six chiffres),115143,11514,Floriculture products (except seeds),Produits de floriculture (sauf les graines),"This subclass comprises natural floriculture products, except seeds.","Cette sous-classe comprend les produits de floriculture naturels, sauf les graines."
4,Detail (seven-digit standard codes),Détail (codes types à sept chiffres),1151431,115143,Indoor potted plants,Plantes en pot d'intérieur,Indoor potted plants.,Plantes en pot d'intérieur.
5,Detail (eight-digit variant codes),Détail (codes de variante à huit chiffres),11514311,1151431,Indoor potted flowering shrubs and woody perennials,"Arbustes à fleurs et plantes ligneuses vivaces à fleurs, en pot d'intérieur",Indoor potted flowering shrubs and woody perennials.,"Arbustes à fleurs et plantes ligneuses vivaces à fleurs, en pot d'intérieur."
6,Detail (nine-digit variant codes),Détail (codes de variante à neuf chiffres),115143111,11514311,Indoor potted azaleas,Azalées en pot d'intérieur,Indoor potted azaleas.,Azalées en pot d'intérieur.
6,Detail (nine-digit variant codes),Détail (codes de variante à neuf chiffres),115143112,11514311,Indoor potted poinsettias,Poinsettias en pot d'intérieur,Indoor potted poinsettias.,Poinsettias en pot d'intérieur.
6,Detail (nine-digit variant codes),Détail (codes de variante à neuf chiffres),115143113,11514311,Indoor potted kalanchoes,Kalanchoes en pot d'intérieur,Indoor potted kalanchoes.,Kalanchoes en pot d'intérieur.
6,Detail (nine-digit variant codes),Détail (codes de variante à neuf chiffres),115143114,11514311,Indoor potted miniature roses,Rosiers miniatures en pot d'intérieur,Indoor potted miniature roses.,Rosiers miniatures en pot d'intérieur.
6,Detail (nine-digit variant codes),Détail (codes de variante à neuf chiffres),115143115,11514311,Other indoor potted flowering shrubs and woody perennials,"Autres arbustes à fleurs et plantes ligneuses vivaces à fleurs, en pot d'intérieur",Other indoor potted flowering shrubs and woody perennials.,"Autres arbustes à fleurs et plantes ligneuses vivaces à fleurs, en pot d'intérieur."
5,Detail (eight-digit variant codes),Détail (codes de variante à huit chiffres),11514312,1151431,"Indoor potted perennial bulbous, corm and tuberous plants","Plantes bulbeuses, plantes à corme et plantes tubéreuses, vivaces, en pot d'intérieur","Indoor potted perennial bulbous, corm and tuberous plants.","Plantes bulbeuses, plantes à corme et plantes tubéreuses, vivaces, en pot d'intérieur."
6,Detail (nine-digit variant codes),Détail (codes de variante à neuf chiffres),115143121,11514312,Indoor potted tulips,Tulipes en pot d'intérieur,Indoor potted tulips.,Tulipes en pot d'intérieur.
6,Detail (nine-digit variant codes),Détail (codes de variante à neuf chiffres),115143122,11514312,Indoor potted cyclamens,Cyclamens en pot d'intérieur,Indoor potted cyclamens.,Cyclamens en pot d'intérieur.
6,Detail (nine-digit variant codes),Détail (codes de variante à neuf chiffres),115143123,11514312,"Other indoor potted perennial bulbous, corm and tuberous plants","Autres plantes bulbeuses, plantes à corme et plantes tubéreuses, vivaces, en pot d'intérieur","Other indoor potted perennial bulbous, corm and tuberous plants.","Autres plantes bulbeuses, plantes à corme et plantes tubéreuses, vivaces, en pot d'intérieur."
5,Detail (eight-digit variant codes),Détail (codes de variante à huit chiffres),11514313,1151431,Indoor potted herbaceous flowering perennials,Plantes herbacées vivaces à fleurs en pot d'intérieur,Indoor potted herbaceous flowering perennials.,Plantes herbacées vivaces à fleurs en pot d'intérieur.
6,Detail (nine-digit variant codes),Détail (codes de variante à neuf chiffres),115143131,11514313,Indoor potted African violets,Violettes africaines en pot d'intérieur,Indoor potted African violets.,Violettes africaines en pot d'intérieur.
6,Detail (nine-digit variant codes),Détail (codes de variante à neuf chiffres),115143132,11514313,Indoor potted gerberas,Gerberas en pot d'intérieur,Indoor potted gerberas.,Gerberas en pot d'intérieur.
6,Detail (nine-digit variant codes),Détail (codes de variante à neuf chiffres),115143133,11514313,Indoor potted chrysanthemums,Chrysanthèmes en pot d'intérieur,Indoor potted chrysanthemums.,Chrysanthèmes en pot d'intérieur.
6,Detail (nine-digit variant codes),Détail (codes de variante à neuf chiffres),115143134,11514313,Indoor potted primulas,Primulas en pot d'intérieur,Indoor potted primulas.,Primulas en pot d'intérieur.
6,Detail (nine-digit variant codes),Détail (codes de variante à neuf chiffres),115143135,11514313,Other indoor potted herbaceous flowering perennials,Autres plantes herbacées vivaces à fleurs en pot d'intérieur,Other indoor potted herbaceous flowering perennials.,Autres plantes herbacées vivaces à fleurs en pot d'intérieur.
5,Detail (eight-digit variant codes),Détail (codes de variante à huit chiffres),11514314,1151431,Indoor potted perennial rhizome plants,Plantes vivaces à rhizomes en pot d'intérieur,Indoor potted perennial rhizome plants.,Plantes vivaces à rhizomes en pot d'intérieur.
6,Detail (nine-digit variant codes),Détail (codes de variante à neuf chiffres),115143141,11514314,Indoor potted orchids,Orchidées en pot d'intérieur,Indoor potted orchids.,Orchidées en pot d'intérieur.
6,Detail (nine-digit variant codes),Détail (codes de variante à neuf chiffres),115143142,11514314,Indoor potted lilies,Lis en pot d'intérieur,Indoor potted lilies.,lis en pot d'intérieur
6,Detail (nine-digit variant codes),Détail (codes de variante à neuf chiffres),115143143,11514314,Other indoor potted perennial rhizome plants,Autres plantes vivaces à rhizomes en pot d'intérieur,Other indoor potted perennial rhizome plants.,Autres plantes vivaces à rhizomes en pot d'intérieur.
5,Detail (eight-digit variant codes),Détail (codes de variante à huit chiffres),11514315,1151431,Indoor potted tropical foliage and green plants,Plantes tropicales et plantes vertes en pot d'intérieur,Indoor potted tropical foliage and green plants.,Plantes tropicales et plantes vertes en pot d'intérieur.
6,Detail (nine-digit variant codes),Détail (codes de variante à neuf chiffres),115143151,11514315,Indoor potted tropical foliage and green plants,Plantes tropicales et plantes vertes en pot d'intérieur,Indoor potted tropical foliage and green plants.,Plantes tropicales et plantes vertes en pot d'intérieur.
5,Detail (eight-digit variant codes),Détail (codes de variante à huit chiffres),11514316,1151431,Indoor hanging pots,Plantes suspendues d'intérieur,Indoor hanging pots.,Plantes suspendues d'intérieur.
6,Detail (nine-digit variant codes),Détail (codes de variante à neuf chiffres),115143161,11514316,Indoor hanging pots,Plantes suspendues d'intérieur,Indoor hanging pots.,Plantes suspendues d'intérieur.
5,Detail (eight-digit variant codes),Détail (codes de variante à huit chiffres),11514317,1151431,"Other indoor potted plants, n.e.c.","Autres plantes en pot d'intérieur, n.c.a.","Other indoor potted plants, n.e.c.","Autres plantes en pot d'intérieur, n.c.a."
6,Detail (nine-digit variant codes),Détail (codes de variante à neuf chiffres),115143171,11514317,"Other indoor potted plants, n.e.c.","Autres plantes en pot d'intérieur, n.c.a.","Other indoor potted plants, n.e.c.","Autres plantes en pot d'intérieur, n.c.a."
4,Detail (seven-digit standard codes),Détail (codes types à sept chiffres),1151432,115143,Outdoor potted plants,Plantes en pot d'extérieur,Outdoor potted plants.,Plantes en pot d'extérieur.
5,Detail (eight-digit variant codes),Détail (codes de variante à huit chiffres),11514321,1151432,Outdoor potted annual plants,Plantes annuelles en pot d'extérieur,Outdoor potted annual plants.,Plantes annuelles en pot d'extérieur.
6,Detail (nine-digit variant codes),Détail (codes de variante à neuf chiffres),115143211,11514321,Outdoor potted begonias,Bégonias en pot d'extérieur,Outdoor potted begonias.,Bégonias en pot d'extérieur.
6,Detail (nine-digit variant codes),Détail (codes de variante à neuf chiffres),115143212,11514321,Outdoor potted dahlias,Dahlias en pot d'extérieur,Outdoor potted dahlias.,Dahlias en pot d'extérieur.
6,Detail (nine-digit variant codes),Détail (codes de variante à neuf chiffres),115143213,11514321,Outdoor potted calibrachoas,Calibrachoas en pot d'extérieur,Outdoor potted calibrachoas.,Calibrachoas en pot d'extérieur.
6,Detail (nine-digit variant codes),Détail (codes de variante à neuf chiffres),115143214,11514321,Outdoor potted verbenas,Verveines en pot d'extérieur,Outdoor potted verbenas.,Verveines en pot d'extérieur.
6,Detail (nine-digit variant codes),Détail (codes de variante à neuf chiffres),115143215,11514321,Outdoor potted geraniums,Géraniums en pot d'extérieur,Outdoor potted geraniums.,Géraniums en pot d'extérieur.
6,Detail (nine-digit variant codes),Détail (codes de variante à neuf chiffres),115143216,11514321,Outdoor potted Hawker's balsams,Balsamines de Hawker en pot d'extérieur,Outdoor potted Hawker's balsams.,Balsamines de Hawker en pot d'extérieur.
6,Detail (nine-digit variant codes),Détail (codes de variante à neuf chiffres),115143217,11514321,Outdoor potted petunias,Pétunias en pot d'extérieur,Outdoor potted petunias.,Pétunias en pot d'extérieur.
6,Detail (nine-digit variant codes),Détail (codes de variante à neuf chiffres),115143218,11514321,Outdoor potted pansies,Pensées en pot d'extérieur,Outdoor potted pansies.,Pensées en pot d'extérieur.
6,Detail (nine-digit variant codes),Détail (codes de variante à neuf chiffres),115143219,11514321,"Other outdoor potted annual plants, n.e.c.","Autres plantes annuelles en pot d'extérieur, n.c.a.","Other outdoor potted annual plants, n.e.c.","Autres plantes annuelles en pot d'extérieur, n.c.a."
5,Detail (eight-digit variant codes),Détail (codes de variante à huit chiffres),11514322,1151432,Outdoor potted perennials,Plantes vivaces en pot d'extérieur,Outdoor potted perennials.,Plantes vivaces en pot d'extérieur.
6,Detail (nine-digit variant codes),Détail (codes de variante à neuf chiffres),115143221,11514322,Outdoor potted chrysanthemums,Chrysanthèmes en pot d'extérieur,Outdoor potted chrysanthemums.,Chrysanthèmes en pot d'extérieur.
6,Detail (nine-digit variant codes),Détail (codes de variante à neuf chiffres),115143222,11514322,Outdoor potted argyranthemums,Argyranthèmes en pot d'extérieur,Outdoor potted argyranthemums.,Argyranthèmes en pot d'extérieur.
6,Detail (nine-digit variant codes),Détail (codes de variante à neuf chiffres),115143223,11514322,Outdoor potted rudbeckias,Rudbeckias en pot d'extérieur,Outdoor potted rudbeckias.,Rudbeckias en pot d'extérieur.
6,Detail (nine-digit variant codes),Détail (codes de variante à neuf chiffres),115143224,11514322,Outdoor potted heliopsis,Heliopsis en pot d'extérieur,Outdoor potted heliopsis.,Heliopsis en pot d'extérieur.
6,Detail (nine-digit variant codes),Détail (codes de variante à neuf chiffres),115143225,11514322,"Outdoor potted herbaceous flowering perennials, n.e.c.","Plantes herbacées vivaces à fleurs en pot d'extérieur, n.c.a.","Outdoor potted herbaceous flowering perennials, n.e.c.","Plantes herbacées vivaces à fleurs en pot d'extérieur, n.c.a."
6,Detail (nine-digit variant codes),Détail (codes de variante à neuf chiffres),115143226,11514322,"Other outdoor potted perennials, n.e.c.","Autres plantes vivaces en pot d'extérieur, n.c.a.","Other outdoor potted perennials, n.e.c.","Autres plantes vivaces en pot d'extérieur, n.c.a."
5,Detail (eight-digit variant codes),Détail (codes de variante à huit chiffres),11514323,1151432,Outdoor hanging pots,Plantes suspendues d'extérieur,Outdoor hanging pots.,Plantes suspendues d'extérieur.
6,Detail (nine-digit variant codes),Détail (codes de variante à neuf chiffres),115143231,11514323,Outdoor hanging pots,Plantes suspendues d'extérieur,Outdoor hanging pots.,Plantes suspendues d'extérieur.
5,Detail (eight-digit variant codes),Détail (codes de variante à huit chiffres),11514324,1151432,Outdoor potted fine herb plants,Plants de fines herbes en pot d'extérieur,Outdoor potted fine herb plants.,Plants de fines herbes en pot d'extérieur.
6,Detail (nine-digit variant codes),Détail (codes de variante à neuf chiffres),115143241,11514324,Outdoor potted fine herb plants,Plants de fines herbes en pot d'extérieur,Outdoor potted fine herb plants.,Plants de fines herbes en pot d'extérieur.
5,Detail (eight-digit variant codes),Détail (codes de variante à huit chiffres),11514325,1151432,Outdoor potted vegetable plants,Plants de légumes en pot d'extérieur,Outdoor potted vegetable plants.,Plants de légumes en pot d'extérieur.
6,Detail (nine-digit variant codes),Détail (codes de variante à neuf chiffres),115143251,11514325,Outdoor potted vegetable plants,Plants de légumes en pot d'extérieur,Outdoor potted vegetable plants.,Plants de légumes en pot d'extérieur.
5,Detail (eight-digit variant codes),Détail (codes de variante à huit chiffres),11514326,1151432,"Other outdoor potted plants, n.e.c.","Autres plantes en pot d'extérieur, n.c.a.","Other outdoor potted plants, n.e.c.","Autres plantes en pot d'extérieur, n.c.a."
6,Detail (nine-digit variant codes),Détail (codes de variante à neuf chiffres),115143261,11514326,"Other outdoor potted plants, n.e.c.","Autres plantes en pot d'extérieur, n.c.a.","Other outdoor potted plants, n.e.c.","Autres plantes en pot d'extérieur, n.c.a."
4,Detail (seven-digit standard codes),Détail (codes types à sept chiffres),1151433,115143,Cuttings,Boutures,Cuttings.,Boutures.
5,Detail (eight-digit variant codes),Détail (codes de variante à huit chiffres),11514331,1151433,Chrysanthemum cuttings,Boutures de chrysanthèmes,Chrysanthemum cuttings.,Boutures de chrysanthèmes.
6,Detail (nine-digit variant codes),Détail (codes de variante à neuf chiffres),115143311,11514331,Chrysanthemum cuttings,Boutures de chrysanthèmes,Chrysanthemum cuttings.,Boutures de chrysanthèmes.
5,Detail (eight-digit variant codes),Détail (codes de variante à huit chiffres),11514332,1151433,Poinsettia cuttings,Boutures de poinsettias,Poinsettia cuttings.,Boutures de poinsettias.
6,Detail (nine-digit variant codes),Détail (codes de variante à neuf chiffres),115143321,11514332,Poinsettia cuttings,Boutures de poinsettias,Poinsettia cuttings.,Boutures de poinsettias.
5,Detail (eight-digit variant codes),Détail (codes de variante à huit chiffres),11514333,1151433,Geranium cuttings,Boutures de géraniums,Geranium cuttings.,Boutures de géraniums.
6,Detail (nine-digit variant codes),Détail (codes de variante à neuf chiffres),115143331,11514333,Geranium cuttings,Boutures de géraniums,Geranium cuttings.,Boutures de géraniums.
5,Detail (eight-digit variant codes),Détail (codes de variante à huit chiffres),11514334,1151433,Impatien cuttings,Boutures d'impatientes,Impatien cuttings.,Boutures d'impatientes.
6,Detail (nine-digit variant codes),Détail (codes de variante à neuf chiffres),115143341,11514334,Impatien cuttings,Boutures d'impatientes,Impatien cuttings.,Boutures d'impatientes.
5,Detail (eight-digit variant codes),Détail (codes de variante à huit chiffres),11514335,1151433,"Other cuttings, n.e.c.","Autres boutures, n.c.a.","Other cuttings, n.e.c.","Autres boutures, n.c.a."
6,Detail (nine-digit variant codes),Détail (codes de variante à neuf chiffres),115143351,11514335,"Other cuttings, n.e.c.","Autres boutures, n.c.a.","Other cuttings, n.e.c.","Autres boutures, n.c.a."
4,Detail (seven-digit standard codes),Détail (codes types à sept chiffres),1151434,115143,Bedding plants,Plantes à repiquer,Bedding plants.,Plantes à repiquer.
5,Detail (eight-digit variant codes),Détail (codes de variante à huit chiffres),11514341,1151434,Ornamental bedding plants,Plantes ornementales à repiquer,Ornamental bedding plants.,Plantes ornementales à repiquer.
6,Detail (nine-digit variant codes),Détail (codes de variante à neuf chiffres),115143411,11514341,Ornamental bedding plants,Plantes ornementales à repiquer,Ornamental bedding plants.,Plantes ornementales à repiquer.
5,Detail (eight-digit variant codes),Détail (codes de variante à huit chiffres),11514342,1151434,Vegetable bedding plants,Plantes potagères à repiquer,Vegetable bedding plants.,Plantes potagères à repiquer.
6,Detail (nine-digit variant codes),Détail (codes de variante à neuf chiffres),115143421,11514342,Vegetable bedding plants,Plantes potagères à repiquer,Vegetable bedding plants.,Plantes potagères à repiquer.
4,Detail (seven-digit standard codes),Détail (codes types à sept chiffres),1151435,115143,Cut flowers,Fleurs coupées,Cut flowers.,Fleurs coupées.
5,Detail (eight-digit variant codes),Détail (codes de variante à huit chiffres),11514351,1151435,Cut flowers from flowering woody perennials plants,Fleurs coupées de plantes ligneuses vivaces,Cut flowers from flowering woody perennials plants.,Fleurs coupées de plantes ligneuses vivaces.
6,Detail (nine-digit variant codes),Détail (codes de variante à neuf chiffres),115143511,11514351,Cut roses,Roses coupées,Cut roses.,Roses coupées.
6,Detail (nine-digit variant codes),Détail (codes de variante à neuf chiffres),115143512,11514351,"Other cut flowers from flowering woody perennials plants, n.e.c.","Autres fleurs coupées de plantes ligneuses vivaces, n.c.a.","Other cut flowers from flowering woody perennials plants, n.e.c.","Autres fleurs coupées de plantes ligneuses vivaces, n.c.a."
5,Detail (eight-digit variant codes),Détail (codes de variante à huit chiffres),11514352,1151435,"Cut flowers from bulb, corm, tubers and rhizomes plants","Fleurs coupées de plantes bulbeuses, plantes à corme, plantes à turbercules et plantes à rhizomes","Cut flowers from bulb, corm, tubers and rhizomes plants.","Fleurs coupées de plantes bulbeuses, plantes à corme, plantes à turbercules et plantes à rhizomes."
6,Detail (nine-digit variant codes),Détail (codes de variante à neuf chiffres),115143521,11514352,Cut daffodils,Jonquilles coupées,Cut daffodils.,Jonquilles coupées.
6,Detail (nine-digit variant codes),Détail (codes de variante à neuf chiffres),115143522,11514352,Cut freesias,Freesias coupés,Cut freesias.,Freesias coupés.
6,Detail (nine-digit variant codes),Détail (codes de variante à neuf chiffres),115143523,11514352,Cut tulips,Tulipes coupées,Cut tulips.,Tulipes coupées.
6,Detail (nine-digit variant codes),Détail (codes de variante à neuf chiffres),115143524,11514352,Cut lilies,Lis coupés,Cut lilies.,Lis coupés.
6,Detail (nine-digit variant codes),Détail (codes de variante à neuf chiffres),115143525,11514352,Cut irises,Iris coupés,Cut irises.,Iris coupés.
6,Detail (nine-digit variant codes),Détail (codes de variante à neuf chiffres),115143526,11514352,Cut alstroemerias,Alstroemerias coupés,Cut alstroemerias.,Alstroemerias coupés.
5,Detail (eight-digit variant codes),Détail (codes de variante à huit chiffres),11514353,1151435,Cut flowers from seed plants,Fleurs coupées de plantes à graines,Cut flowers from seed plants.,Fleurs coupées de plantes à graines.
6,Detail (nine-digit variant codes),Détail (codes de variante à neuf chiffres),115143531,11514353,Cut chrysanthemums,Chrysanthèmes coupés,Cut chrysanthemums.,Chrysanthèmes coupés.
6,Detail (nine-digit variant codes),Détail (codes de variante à neuf chiffres),115143532,11514353,Cut gerberas,Gerberas coupés,Cut gerberas.,Gerberas coupés.
6,Detail (nine-digit variant codes),Détail (codes de variante à neuf chiffres),115143533,11514353,Cut snapdragons,Mufliers coupés,Cut snapdragons.,Mufliers coupés.
6,Detail (nine-digit variant codes),Détail (codes de variante à neuf chiffres),115143534,11514353,Cut lisianthus,Lisianthus coupés,Cut lisianthus.,Lisianthus coupés.
5,Detail (eight-digit variant codes),Détail (codes de variante à huit chiffres),11514354,1151435,"Other cut flowers, n.e.c.","Autres fleurs coupées, n.c.a.","Other cut flowers, n.e.c.","Autres fleurs coupées, n.c.a."
6,Detail (nine-digit variant codes),Détail (codes de variante à neuf chiffres),115143541,11514354,"Other cut flowers, n.e.c.","Autres fleurs coupées, n.c.a.","Other cut flowers, n.e.c.","Autres fleurs coupées, n.c.a."
3,Subclass (six-digit standard codes),Sous-classe (codes types à six chiffres),115144,11514,Nursery products (except seeds),Produits de pépinière (sauf les graines),"This subclass comprises natural trees, shrubs and their seedlings, except seeds.","Cette sous-classe comprend les arbres et les arbustes naturels, ainsi que leurs semis, sauf les graines."
4,Detail (seven-digit standard codes),Détail (codes types à sept chiffres),1151441,115144,Trees,Arbres,Trees.,Arbres.
5,Detail (eight-digit variant codes),Détail (codes de variante à huit chiffres),11514411,1151441,Conifer trees,Arbres résineux,Conifer trees.,Arbres résineux.
6,Detail (nine-digit variant codes),Détail (codes de variante à neuf chiffres),115144111,11514411,Conifer trees,Arbres résineux,Conifer trees.,Arbres résineux.
5,Detail (eight-digit variant codes),Détail (codes de variante à huit chiffres),11514412,1151441,Fruit trees,Arbres fruitiers,Fruit trees.,Arbres fruitiers.
6,Detail (nine-digit variant codes),Détail (codes de variante à neuf chiffres),115144121,11514412,Fruit trees,Arbres fruitiers,Fruit trees.,Arbres fruitiers.
5,Detail (eight-digit variant codes),Détail (codes de variante à huit chiffres),11514413,1151441,Shade and ornamental trees,Arbres d'ombrage ou d'ornement,Shade and ornamental trees.,Arbres d'ombrage ou d'ornement.
6,Detail (nine-digit variant codes),Détail (codes de variante à neuf chiffres),115144131,11514413,Shade and ornamental trees,Arbres d'ombrage ou d'ornement,Shade and ornamental trees.,Arbres d'ombrage ou d'ornement.
4,Detail (seven-digit standard codes),Détail (codes types à sept chiffres),1151442,115144,Shrubs,Arbustes,Shrubs.,Arbustes.
5,Detail (eight-digit variant codes),Détail (codes de variante à huit chiffres),11514421,1151442,Evergreen and conifer shrubs,Arbustes sempervirents et résineux,Evergreen and conifer shrubs.,Arbustes sempervirents et résineux.
6,Detail (nine-digit variant codes),Détail (codes de variante à neuf chiffres),115144211,11514421,Evergreen and conifer shrubs,Arbustes sempervirents et résineux,Evergreen and conifer shrubs.,Arbustes sempervirents et résineux.
5,Detail (eight-digit variant codes),Détail (codes de variante à huit chiffres),11514422,1151442,Evergreen and broadleaf shrubs,Arbustes sempervirents et feuillus,Evergreen and broadleaf shrubs.,Arbustes sempervirents et feuillus.
6,Detail (nine-digit variant codes),Détail (codes de variante à neuf chiffres),115144221,11514422,Evergreen and broadleaf shrubs,Arbustes sempervirents et feuillus,Evergreen and broadleaf shrubs.,Arbustes sempervirents et feuillus.
5,Detail (eight-digit variant codes),Détail (codes de variante à huit chiffres),11514423,1151442,Deciduous shrubs,Arbustes décidus,Deciduous shrubs.,Arbustes décidus.
6,Detail (nine-digit variant codes),Détail (codes de variante à neuf chiffres),115144231,11514423,Deciduous shrubs,Arbustes décidus,Deciduous shrubs.,Arbustes décidus.
4,Detail (seven-digit standard codes),Détail (codes types à sept chiffres),1151443,115144,Vines,Plantes grimpantes,Vines.,Plantes grimpantes.
5,Detail (eight-digit variant codes),Détail (codes de variante à huit chiffres),11514431,1151443,Vines,Plantes grimpantes,Vines.,Plantes grimpantes.
6,Detail (nine-digit variant codes),Détail (codes de variante à neuf chiffres),115144311,11514431,Vines,Plantes grimpantes,Vines.,Plantes grimpantes.
4,Detail (seven-digit standard codes),Détail (codes types à sept chiffres),1151444,115144,Small fruit bushes,Arbustes à petits fruits,Small fruit bushes.,Arbustes à petits fruits.
5,Detail (eight-digit variant codes),Détail (codes de variante à huit chiffres),11514441,1151444,Small fruit bushes,Arbustes à petits fruits,Small fruit bushes.,Arbustes à petits fruits.
6,Detail (nine-digit variant codes),Détail (codes de variante à neuf chiffres),115144411,11514441,Small fruit bushes,Arbustes à petits fruits,Small fruit bushes.,Arbustes à petits fruits.
4,Detail (seven-digit standard codes),Détail (codes types à sept chiffres),1151445,115144,Tree seedlings,Arbres de semis,Tree seedlings.,Arbres de semis.
5,Detail (eight-digit variant codes),Détail (codes de variante à huit chiffres),11514451,1151445,Tree seedlings,Arbres de semis,Tree seedlings.,Arbres de semis.
6,Detail (nine-digit variant codes),Détail (codes de variante à neuf chiffres),115144511,11514451,Ornamental and fruit tree seedlings,Arbres de semis d'arbres ornementaux et fruitiers,"Ornamental and fruit tree seedlings. Deciduous and evergreen seedlings, grown for landscape planting and fruit or nut tree production activities.","Arbres de semis d'arbres ornementaux et fruitiers. Semis d'arbres décidus et à feuilles sempervirentes, cultivés pour l'aménagement paysager et pour la production de fruits ou noix."
6,Detail (nine-digit variant codes),Détail (codes de variante à neuf chiffres),115144512,11514451,Tree seedlings for reforestation,Arbres de semis pour le reboisement,Tree seedlings grown for the purpose of reforestation activities.,Arbres de semis cultivés pour les activités de reboisement.
4,Detail (seven-digit standard codes),Détail (codes types à sept chiffres),1151446,115144,"Other nursery trees and plants, n.e.c.","Autres arbres et plants de pépinière, n.c.a.","Other nursery trees and plants, n.e.c.","Autres arbres et plants de pépinière, n.c.a."
5,Detail (eight-digit variant codes),Détail (codes de variante à huit chiffres),11514461,1151446,"Other nursery trees and plants, n.e.c.","Autres arbres et plants de pépinière, n.c.a.","Other nursery trees and plants, n.e.c.","Autres arbres et plants de pépinière, n.c.a."
6,Detail (nine-digit variant codes),Détail (codes de variante à neuf chiffres),115144611,11514461,"Other nursery trees and plants, n.e.c.","Autres arbres et plants de pépinière, n.c.a.","Other nursery trees and plants, n.e.c.","Autres arbres et plants de pépinière, n.c.a."
3,Subclass (six-digit standard codes),Sous-classe (codes types à six chiffres),115145,11514,Sod,Gazon en plaques,"This subclass comprises sod, natural.","Cette sous-classe comprend le gazon naturel en plaques, précultivé."
4,Detail (seven-digit standard codes),Détail (codes types à sept chiffres),1151451,115145,Sod,Gazon en plaques,"Sod, natural.","Gazon naturel en plaques, précultivé."
5,Detail (eight-digit variant codes),Détail (codes de variante à huit chiffres),11514511,1151451,Sod,Gazon en plaques,"Sod, natural.","Gazon naturel en plaques, précultivé."
6,Detail (nine-digit variant codes),Détail (codes de variante à neuf chiffres),115145111,11514511,Sod,Gazon en plaques,"Sod, natural.","Gazon naturel en plaques, précultivé."
1,Group (three-digit standard codes or four-character alphanumeric variant codes),Groupe (codes types à trois chiffres ou codes de variante à quatre caractères alphanumériques),116,,Other animal products,Autres produits d'origine animale,This group comprises animal products n.e.c.,Ce groupe comprend les produits d'origine animale n.c.a.
2,Class (five-digit standard codes or six-character alphanumeric variant codes),Classe (codes types à cinq chiffres ou codes de variante à six caractères alphanumériques),11611,116,Eggs in shell,Oeufs en coquille,This class comprises eggs in shell for consumption and for hatcheries.,Cette classe comprend les oeufs en coquille aux fins de consommation et les oeufs fécondés en coquille pour couvoirs.
3,Subclass (six-digit standard codes),Sous-classe (codes types à six chiffres),116111,11611,Eggs in shell,Oeufs en coquille,This subclass comprises eggs in shell for consumption and for hatcheries.,Cette sous-classe comprend les oeufs en coquille aux fins de consommation et les oeufs fécondés en coquille pour couvoirs.
4,Detail (seven-digit standard codes),Détail (codes types à sept chiffres),1161111,116111,Eggs in shell for consumption,Oeufs en coquille aux fins de consommation,Eggs in shell for consumption.,Oeufs en coquille aux fins de consommation.
5,Detail (eight-digit variant codes),Détail (codes de variante à huit chiffres),11611111,1161111,Eggs in shell sold for consumption,Oeufs en coquille vendus aux fins de consommation,Eggs in shell sold for consumption.,Oeufs en coquille vendus aux fins de consommation.
6,Detail (nine-digit variant codes),Détail (codes de variante à neuf chiffres),116111111,11611111,Eggs in shell sold for consumption,Oeufs en coquille vendus aux fins de consommation,Eggs in shell sold for consumption.,Oeufs en coquille vendus aux fins de consommation.
4,Detail (seven-digit standard codes),Détail (codes types à sept chiffres),1161112,116111,Eggs in shell for hatcheries,Oeufs en coquille pour couvoirs,Fertilized eggs in shell for hatcheries.,Oeufs fécondés en coquille pour couvoirs.
5,Detail (eight-digit variant codes),Détail (codes de variante à huit chiffres),11611121,1161112,Eggs in shell for hatcheries,Oeufs en coquille pour couvoirs,Fertilized eggs in shell for hatcheries.,Oeufs fécondés en coquille pour couvoirs.
6,Detail (nine-digit variant codes),Détail (codes de variante à neuf chiffres),116111211,11611121,Eggs in shell for hatcheries,Oeufs en coquille pour couvoirs,Fertilized eggs in shell for hatcheries.,Oeufs fécondés en coquille pour couvoirs.
4,Detail (seven-digit standard codes),Détail (codes types à sept chiffres),1161113,116111,"Eggs in shell, leakers and rejects","Oeufs en coquille, avec fuites et rejetés","Eggs in shell, leakers and rejects.","Oeufs en coquille, avec fuites et rejetés."
5,Detail (eight-digit variant codes),Détail (codes de variante à huit chiffres),11611131,1161113,"Eggs in shell, leakers and rejects","Oeufs en coquille, avec fuites et rejetés","Eggs in shell, leakers and rejects.","Oeufs en coquille, avec fuites et rejetés."
6,Detail (nine-digit variant codes),Détail (codes de variante à neuf chiffres),116111311,11611131,"Eggs in shell, leakers and rejects","Oeufs en coquille, avec fuites et rejetés","Eggs in shell, leakers and rejects.","Oeufs en coquille, avec fuites et rejetés."
2,Class (five-digit standard codes or six-character alphanumeric variant codes),Classe (codes types à cinq chiffres ou codes de variante à six caractères alphanumériques),11612,116,Unprocessed milk,Lait non transformé,This class comprises unprocessed milk.,Cette classe comprend le lait non transformé.
3,Subclass (six-digit standard codes),Sous-classe (codes types à six chiffres),116121,11612,Unprocessed milk,Lait non transformé,This subclass comprises unprocessed milk.,Cette sous-classe comprend le lait non transformé.
4,Detail (seven-digit standard codes),Détail (codes types à sept chiffres),1161211,116121,Unprocessed milk,Lait non transformé,Unprocessed milk.,Lait non transformé.
5,Detail (eight-digit variant codes),Détail (codes de variante à huit chiffres),11612111,1161211,Unprocessed milk from bovine,Lait non transformé provenant de bovins,Unprocessed milk from bovine.,Lait non transformé provenant de bovins.
6,Detail (nine-digit variant codes),Détail (codes de variante à neuf chiffres),116121111,11612111,"Unprocessed milk from bovine, class 1","Lait non transformé provenant de bovins, de catégorie 1","Unprocessed milk from bovine, class 1. Class 1 milk is used for fluid and beverage.","Lait non transformé provenant de bovins, de catégorie 1. Le lait de catégorie 1 est utilisé pour les fluides et les breuvages."
6,Detail (nine-digit variant codes),Détail (codes de variante à neuf chiffres),116121112,11612111,"Unprocessed milk from bovine, industrial","Lait non transformé provenant de bovins, de production industrielle","Unprocessed milk from bovine, industrial. Industrial milk is used to produce butter, cheese, yogurt, ice cream, sour cream, etc. It includes classes 2, 3 and 4.","Lait non transformé provenant de bovins, de production industrielle. Le lait de production industrielle est utilisé pour produire beurre, fromage, yogourt, crème glacée, crème sure, etc. Il comprend les catégories 2, 3 et 4."
5,Detail (eight-digit variant codes),Détail (codes de variante à huit chiffres),11612112,1161211,Unprocessed milk from goats and other animals,Lait non transformé provenant de chèvres et d'autres animaux,Unprocessed milk from goats and other animals.,Lait non transformé provenant de chèvres et d'autres animaux.
6,Detail (nine-digit variant codes),Détail (codes de variante à neuf chiffres),116121121,11612112,Unprocessed milk from goats and other animals,Lait non transformé provenant de chèvres et d'autres animaux,Unprocessed milk from goats and other animals.,Lait non transformé provenant de chèvres et d'autres animaux.
2,Class (five-digit standard codes or six-character alphanumeric variant codes),Classe (codes types à cinq chiffres ou codes de variante à six caractères alphanumériques),11613,116,"Raw furskins, and animal products n.e.c.","Pelleteries brutes, et produits d'origine animale n.c.a.",This class comprises raw furskins; raw wool and animal hair; natural honey; and pregnant mare urine.,"Cette classe comprend les pelleteries brutes; la laine et les poils d'animaux, bruts; le miel naturel; et l'urine de jument gravide."
3,Subclass (six-digit standard codes),Sous-classe (codes types à six chiffres),116131,11613,Raw furskins,Pelleteries brutes,This subclass comprises raw furskins.,Cette sous-classe comprend les pelleteries brutes.
4,Detail (seven-digit standard codes),Détail (codes types à sept chiffres),1161311,116131,Raw furskins,Pelleteries brutes,Raw furskins.,Pelleteries brutes.
5,Detail (eight-digit variant codes),Détail (codes de variante à huit chiffres),11613111,1161311,Raw mink furs,Fourrures brutes de vison,Raw mink furs.,Fourrures brutes de vison.
6,Detail (nine-digit variant codes),Détail (codes de variante à neuf chiffres),116131111,11613111,Raw furs from farm mink,Fourrures brutes de vison d'élevage,Raw furs from farm mink.,Fourrures brutes de vison d'élevage.
6,Detail (nine-digit variant codes),Détail (codes de variante à neuf chiffres),116131112,11613111,Raw furs from wild mink,Fourrures brutes de vison sauvage,Raw furs from wild mink.,Fourrures brutes de vison sauvage.
5,Detail (eight-digit variant codes),Détail (codes de variante à huit chiffres),11613112,1161311,Raw fox furs,Fourrures brutes de renard,Raw fox furs.,Fourrures brutes de renard.
6,Detail (nine-digit variant codes),Détail (codes de variante à neuf chiffres),116131121,11613112,Raw furs from farm fox,Fourrures brutes de renard d'élevage,Raw furs from farm fox.,Fourrures brutes de renard d'élevage.
6,Detail (nine-digit variant codes),Détail (codes de variante à neuf chiffres),116131122,11613112,Raw furs from wild fox,Fourrures brutes de renard sauvage,Raw furs from wild fox.,Fourrures brutes de renard sauvage.
5,Detail (eight-digit variant codes),Détail (codes de variante à huit chiffres),11613113,1161311,Other raw animal furs,Fourrures brutes d'autres animaux,Other raw animal furs.,Fourrures brutes d'autres animaux.
6,Detail (nine-digit variant codes),Détail (codes de variante à neuf chiffres),116131131,11613113,Raw furs from other farm animals,Fourrures brutes d'autres animaux d'élevage,Raw furs from other farm animals.,Fourrures brutes d'autres animaux d'élevage.
6,Detail (nine-digit variant codes),Détail (codes de variante à neuf chiffres),116131132,11613113,Raw furs from other wild animals,Fourrures brutes d'autres animaux sauvages,Raw furs from other wild animals.,Fourrures brutes d'autres animaux sauvages.
3,Subclass (six-digit standard codes),Sous-classe (codes types à six chiffres),116132,11613,Raw wool and animal hair,"Laine et poils d'animaux, bruts",This subclass comprises raw wool and raw animal hair.,Cette sous-classe comprend la laine brute et les poils bruts d'animaux.
4,Detail (seven-digit standard codes),Détail (codes types à sept chiffres),1161321,116132,Raw wool,Laine brute,"Raw wool, not carded nor combed.","Laine brute, non cardée ni peignée."
5,Detail (eight-digit variant codes),Détail (codes de variante à huit chiffres),11613211,1161321,Raw wool,Laine brute,"Raw wool, not carded nor combed.","Laine brute, non cardée ni peignée."
6,Detail (nine-digit variant codes),Détail (codes de variante à neuf chiffres),116132111,11613211,Raw wool,Laine brute,"Raw wool, not carded nor combed.","Laine brute, non cardée ni peignée."
4,Detail (seven-digit standard codes),Détail (codes types à sept chiffres),1161322,116132,Raw animal hair,Poils bruts d'animaux,"Raw animal hair, not carded nor combed.","Poils bruts d'animaux, non cardés ni peignés."
5,Detail (eight-digit variant codes),Détail (codes de variante à huit chiffres),11613221,1161322,Raw animal hair,Poils bruts d'animaux,"Raw animal hair, not carded nor combed.","Poils bruts d'animaux, non cardés ni peignés."
6,Detail (nine-digit variant codes),Détail (codes de variante à neuf chiffres),116132211,11613221,Raw animal hair,Poils bruts d'animaux,"Raw animal hair, not carded nor combed.","Poils bruts d'animaux, non cardés ni peignés."
3,Subclass (six-digit standard codes),Sous-classe (codes types à six chiffres),116133,11613,Natural honey,Miel naturel,"This subclass comprises natural unprocessed (raw) honey made by bees, and bee-collected pollen.","Cette sous-classe comprend le miel naturel non transformé (brut), fabriqué par les abeilles, et le pollen recueilli par des abeilles."
4,Detail (seven-digit standard codes),Détail (codes types à sept chiffres),1161331,116133,Natural honey,Miel naturel,"Natural unprocessed (raw) honey made by bees, and bee-collected pollen.","Miel naturel non transformé (brut), fabriqué par les abeilles, et pollen recueilli par des abeilles."
5,Detail (eight-digit variant codes),Détail (codes de variante à huit chiffres),11613311,1161331,Natural honey (except pollen),Miel naturel (sauf le pollen),"Natural honey, except pollen.","Miel naturel, sauf le pollen."
6,Detail (nine-digit variant codes),Détail (codes de variante à neuf chiffres),116133111,11613311,Natural honey (except pollen),Miel naturel (sauf le pollen),"Natural honey, except pollen.","Miel naturel, sauf le pollen."
5,Detail (eight-digit variant codes),Détail (codes de variante à huit chiffres),11613312,1161331,Natural pollen from bees,Pollen d'abeille naturel,Natural pollen from bees.,Pollen d'abeille naturel.
6,Detail (nine-digit variant codes),Détail (codes de variante à neuf chiffres),116133121,11613312,Natural pollen from bees,Pollen d'abeille naturel,Natural pollen from bees.,Pollen d'abeille naturel.
3,Subclass (six-digit standard codes),Sous-classe (codes types à six chiffres),116134,11613,Pregnant mare urine,Urine de jument gravide,This subclass comprises pregnant mare urine.,Cette sous-classe comprend l'urine de jument gravide.
4,Detail (seven-digit standard codes),Détail (codes types à sept chiffres),1161341,116134,Pregnant mare urine,Urine de jument gravide,Pregnant mare urine.,Urine de jument gravide.
5,Detail (eight-digit variant codes),Détail (codes de variante à huit chiffres),11613411,1161341,Pregnant mare urine,Urine de jument gravide,Pregnant mare urine.,Urine de jument gravide.
6,Detail (nine-digit variant codes),Détail (codes de variante à neuf chiffres),116134111,11613411,Pregnant mare urine,Urine de jument gravide,Pregnant mare urine.,Urine de jument gravide.
1,Group (three-digit standard codes or four-character alphanumeric variant codes),Groupe (codes types à trois chiffres ou codes de variante à quatre caractères alphanumériques),121A,,Fish and shellfish,Poissons et mollusques,"This group comprises fish and shellfish, live and dead, except processed beyond frozen or dressed.","Ce groupe comprend les poissons et mollusques, vivants et morts, sauf transformés au-delà de l'habillage et congelés."
2,Class (five-digit standard codes or six-character alphanumeric variant codes),Classe (codes types à cinq chiffres ou codes de variante à six caractères alphanumériques),12111A,121A,Fish and shellfish,Poissons et mollusques,"This class comprises fish and shellfish, live and dead, except processed beyond frozen or dressed.","Cette classe comprend les poissons et mollusques, vivants et morts, sauf transformés au-delà de l'habillage et congelés."
3,Subclass (six-digit standard codes),Sous-classe (codes types à six chiffres),121111A,12111A,Live fish and shellfish,Poissons et mollusques vivants,This subclass comprises live fish and shellfish.,Cette sous-classe comprend les poissons et mollusques vivants.
4,Detail (seven-digit standard codes),Détail (codes types à sept chiffres),1211111,121111A,Live fish,Poissons vivants,Live fish.,Poissons vivants.
5,Detail (eight-digit variant codes),Détail (codes de variante à huit chiffres),12111111,1211111,"Live fish, farmed",Poissons vivants d'élevage,"Live fish, farmed.",Poissons vivants d'élevage.
6,Detail (nine-digit variant codes),Détail (codes de variante à neuf chiffres),121111111,12111111,"Live Atlantic salmon, farmed","Saumons atlantique vivants, d'élevage","Live Atlantic salmon, farmed.","Saumons atlantique vivants, d'élevage."
6,Detail (nine-digit variant codes),Détail (codes de variante à neuf chiffres),121111112,12111111,"Live chinook salmon and coho salmon, farmed","Saumons quinnat et saumons coho vivants, d'élevage","Live chinook salmon and coho salmon, farmed.","Saumons quinnat et saumons coho vivants, d'élevage."
6,Detail (nine-digit variant codes),Détail (codes de variante à neuf chiffres),121111113,12111111,"Other live salmons, farmed","Autres saumons vivants, d'élevage","Other live salmons, farmed.","Autres saumons vivants, d'élevage."
6,Detail (nine-digit variant codes),Détail (codes de variante à neuf chiffres),121111114,12111111,"Live steelhead trout, farmed","Truites arc-en-ciel vivantes, d'élevage","Live steelhead trout, farmed.","Truites arc-en-ciel vivantes, d'élevage."
6,Detail (nine-digit variant codes),Détail (codes de variante à neuf chiffres),121111115,12111111,"Other live trouts, farmed","Autres truites vivantes, d'élevage","Other live trouts, farmed.","Autres truites vivantes, d'élevage."
6,Detail (nine-digit variant codes),Détail (codes de variante à neuf chiffres),121111116,12111111,"Other live fish, farmed","Autres poissons vivants, d'élevage","Other live fish, farmed.","Autres poissons vivants, d'élevage."
5,Detail (eight-digit variant codes),Détail (codes de variante à huit chiffres),12111112,1211111,Live fish (except farmed),Poissons vivants (sauf d'élevage),Live fish (except farmed).,Poissons vivants (sauf d'élevage).
6,Detail (nine-digit variant codes),Détail (codes de variante à neuf chiffres),121111121,12111112,Live fish (except farmed),Poissons vivants (sauf d'élevage),Live fish (except farmed).,Poissons vivants (sauf d'élevage).
4,Detail (seven-digit standard codes),Détail (codes types à sept chiffres),1211114,121111A,Live shellfish,Mollusques vivants,Live shellfish.,Mollusques vivants.
5,Detail (eight-digit variant codes),Détail (codes de variante à huit chiffres),12111141,1211114,"Live shellfish, farmed","Mollusques vivants, d'élevage","Live shellfish, farmed.","Mollusques vivants, d'élevage."
6,Detail (nine-digit variant codes),Détail (codes de variante à neuf chiffres),121111411,12111141,"Live clams, farmed","Palourdes vivantes, d'élevage","Live clams, farmed.","Palourdes vivantes, d'élevage."
6,Detail (nine-digit variant codes),Détail (codes de variante à neuf chiffres),121111412,12111141,"Live oysters, farmed","Huîtres vivantes, d'élevage","Live oysters, farmed.","Huîtres vivantes, d'élevage."
6,Detail (nine-digit variant codes),Détail (codes de variante à neuf chiffres),121111413,12111141,"Live mussels, farmed","Moules vivantes, d'élevage","Live mussels, farmed.","Moules vivantes, d'élevage."
6,Detail (nine-digit variant codes),Détail (codes de variante à neuf chiffres),121111414,12111141,"Live scallops, farmed","Pétoncles vivants, d'élevage","Live scallops, farmed.","Pétoncles vivants, d'élevage."
6,Detail (nine-digit variant codes),Détail (codes de variante à neuf chiffres),121111415,12111141,"Other live shellfish, farmed","Autres mollusques vivants, d'élevage","Other live shellfish, farmed.","Autres mollusques vivants, d'élevage."
5,Detail (eight-digit variant codes),Détail (codes de variante à huit chiffres),12111142,1211114,Live shellfish (except farmed),Mollusques vivants (sauf d'élevage),Live shellfish (except farmed).,Mollusques vivants (sauf d'élevage).
6,Detail (nine-digit variant codes),Détail (codes de variante à neuf chiffres),121111421,12111142,Live shellfish (except farmed),Mollusques vivants (sauf d'élevage),Live shellfish (except farmed).,Mollusques vivants (sauf d'élevage).
3,Subclass (six-digit standard codes),Sous-classe (codes types à six chiffres),121112,12111A,Fish (except live),Poissons (sauf vivants),"This subclass comprises whole fish fresh, chilled or frozen, dressed or not dressed, but not further processed.","Cette sous-classe comprend les poissons entiers frais, réfrigérés et congelés, habillés ou non, mais n'ayant pas subi un conditionnement supplémentaire."
4,Detail (seven-digit standard codes),Détail (codes types à sept chiffres),1211121,121112,Fish (except live),Poissons (sauf vivants),"Whole fish fresh, chilled or frozen, dressed or not dressed, but not further processed.","Poissons entiers frais, réfrigérés et congelés, habillés ou non, mais n'ayant pas subi un conditionnement supplémentaire."
5,Detail (eight-digit variant codes),Détail (codes de variante à huit chiffres),12111211,1211121,Farmed fish (except live),Poissons d'élevage (sauf vivants),Farmed fish (except live).,Poissons d'élevage (sauf vivants).
6,Detail (nine-digit variant codes),Détail (codes de variante à neuf chiffres),121112111,12111211,"Atlantic salmon, farmed (except live)","Saumons atlantique, d'élevage (sauf vivants)","Atlantic salmon, farmed (except live).","Saumons atlantique, d'élevage (sauf vivants)."
6,Detail (nine-digit variant codes),Détail (codes de variante à neuf chiffres),121112112,12111211,"Chinook salmon and coho salmon, farmed (except live)","Saumons quinnat et saumons coho, d'élevage (sauf vivants)","Chinook salmon and coho salmon, farmed (except live).","Saumons quinnat et saumons coho, d'élevage (sauf vivants)."
6,Detail (nine-digit variant codes),Détail (codes de variante à neuf chiffres),121112113,12111211,"Other salmons, farmed (except live)","Autres saumons, d'élevage (sauf vivants)","Other salmons, farmed (except live).","Autres saumons, d'élevage (sauf vivants)."
6,Detail (nine-digit variant codes),Détail (codes de variante à neuf chiffres),121112114,12111211,"Steelhead trout, farmed (except live)","Truites arc-en-ciel, d'élevage (sauf vivantes)","Steelhead trout, farmed (except live).","Truites arc-en-ciel, d'élevage (sauf vivantes)."
6,Detail (nine-digit variant codes),Détail (codes de variante à neuf chiffres),121112115,12111211,"Other trouts, farmed (except live)","Autres truites, d'élevage (sauf vivantes)","Other trouts, farmed (except live).","Autres truites, d'élevage (sauf vivantes)."
6,Detail (nine-digit variant codes),Détail (codes de variante à neuf chiffres),121112116,12111211,"Other fish, farmed (except live)","Autres poissons, d'élevage (sauf vivants)","Other fish, farmed (except live).","Autres poissons, d'élevage (sauf vivants)."
5,Detail (eight-digit variant codes),Détail (codes de variante à huit chiffres),12111212,1211121,Other fish (except live and farmed),Autres poissons (sauf vivants et d'élevage),Other fish (except live and farmed).,Autres poissons (sauf vivants et d'élevage).
6,Detail (nine-digit variant codes),Détail (codes de variante à neuf chiffres),121112121,12111212,Other fish (except live and farmed),Autres poissons (sauf vivants et d'élevage),Other fish (except live and farmed).,Autres poissons (sauf vivants et d'élevage).
3,Subclass (six-digit standard codes),Sous-classe (codes types à six chiffres),121113A,12111A,Shellfish (except live),Mollusques (sauf vivants),"This subclass comprises fresh, chilled and frozen unshelled shellfish, but not further processed.","Cette sous-classe comprend les mollusques non décortiqués, frais, réfrigérés et congelés, mais n'ayant pas subi un conditionnement supplémentaire."
4,Detail (seven-digit standard codes),Détail (codes types à sept chiffres),1211132,121113A,Shellfish (except live),Mollusques (sauf vivants),"Fresh, chilled and frozen unshelled shellfish, but not further processed.","Mollusques non décortiqués, frais, réfrigérés et congelés, mais n'ayant pas subi un conditionnement supplémentaire."
5,Detail (eight-digit variant codes),Détail (codes de variante à huit chiffres),12111321,1211132,"Shellfish (except live), farmed","Mollusques (sauf vivants), d'élevage","Shellfish (except live), farmed.","Mollusques (sauf vivants), d'élevage."
6,Detail (nine-digit variant codes),Détail (codes de variante à neuf chiffres),121113211,12111321,"Clams, farmed (except live)",Palourdes d'élevage (sauf vivantes),"Clams, farmed (except live).",Palourdes d'élevage (sauf vivantes).
6,Detail (nine-digit variant codes),Détail (codes de variante à neuf chiffres),121113212,12111321,"Oysters, farmed (except live)",Huîtres d'élevage (sauf vivantes),"Oysters, farmed (except live).",Huîtres d'élevage (sauf vivantes).
6,Detail (nine-digit variant codes),Détail (codes de variante à neuf chiffres),121113213,12111321,"Mussels, farmed (except live)",Moules d'élevage (sauf vivantes),"Mussels, farmed (except live).",Moules d'élevage (sauf vivantes).
6,Detail (nine-digit variant codes),Détail (codes de variante à neuf chiffres),121113214,12111321,"Scallops, farmed (except live)",Pétoncles d'élevage (sauf vivants),"Scallops, farmed (except live).",Pétoncles d'élevage (sauf vivants).
6,Detail (nine-digit variant codes),Détail (codes de variante à neuf chiffres),121113215,12111321,"Other shellfish, farmed (except live)",Autres mollusques d'élevage (sauf vivants),"Other shellfish, farmed (except live).",Autres mollusques d'élevage (sauf vivants).
5,Detail (eight-digit variant codes),Détail (codes de variante à huit chiffres),12111322,1211132,Shellfish (except live and farmed),Mollusques (sauf vivants et d'élevage),Shellfish (except live and farmed).,Mollusques (sauf vivants et d'élevage).
6,Detail (nine-digit variant codes),Détail (codes de variante à neuf chiffres),121113221,12111322,Shellfish (except live and farmed),Mollusques (sauf vivants et d'élevage),Shellfish (except live and farmed).,Mollusques (sauf vivants et d'élevage).
1,Group (three-digit standard codes or four-character alphanumeric variant codes),Groupe (codes types à trois chiffres ou codes de variante à quatre caractères alphanumériques),213A,,"Cannabis seeds, vegetative plants and flowering tops (including leaves)","Graines, plants végétatifs et sommités fleuries de cannabis (y compris les feuilles)","This group comprises cannabis viable seeds and vegetative plants and fresh and dried cannabis (buds and leaves), for non-medical (recreational, wellness, lifestyle, spiritual, etc.) and medical uses. A plant of the genus Cannabis refers generally to three varieties which are cannabis Sativa, cannabis Indica and cannabis Ruderalis. Sativas and Indicas are the most commonly used cannabis strains for cultivation and propagation. The genetics of the different cannabis strains are widely mixed or cloned to create cannabis hybrids. Cannabis contains a number of active elements, including cannabinoids such as tetrahydrocannabinol (THC) or dronabinol, cannabidiol (CBD) and terpenes (aromatic compounds or chemical markers). Cannabis plants containing 0.3% w/w (weight for weight) of THC or less in the flowering tops and leaves - industrial hemp - and their derivatives with the THC concentration of 10 µg/g or less, as well as prescription drugs or pharmaceuticals containing cannabis, are excluded from this group.","Ce groupe comprend les graines viables et plants végétatifs de cannabis et le cannabis frais et séché (bourgeons et feuilles), pour usages non médical (récréatif, bien-être, mode de vie, spirituel, etc.) et médical. Un plant du genre Cannabis désigne en règle générale trois variétés, qui sont le cannabis Sativa, le cannabis Indica et le cannabis Ruderalis. Les variétés Sativa et Indica sont le plus souvent utilisées pour la culture et la multiplication. Les éléments composants de la génétique des différentes variétés de cannabis sont largement mélangés ou clonés pour créer des variétés hybrides de cannabis. Le cannabis comprend divers éléments actifs, y compris des cannabinoïdes comme le tétrahydrocannabinol (THC) ou la dronabinol, le cannabidiol (CBD) et les terpènes (composés aromatiques ou marqueurs chimiques). Les plants de cannabis dont les sommités fleuries et les feuilles ne contiennent pas plus de 0,3 % p/p (en poids ou poids pour poids) de THC - chanvre industriel - et leurs dérivés dont la concentration de THC est d'au plus 10 µg/g, ainsi que les drogues (médicaments) sur ordonnance ou les produits pharmaceutiques contenant du cannabis, sont exclus de ce groupe."
2,Class (five-digit standard codes or six-character alphanumeric variant codes),Classe (codes types à cinq chiffres ou codes de variante à six caractères alphanumériques),21311,213A,Cannabis seeds and vegetative plants,Graines et plants végétatifs de cannabis,"This class comprises cannabis viable seeds and cannabis vegetative plants mainly used for planting or sowing, cultivation and propagation of cannabis bred to contain cannabinoids, in particular THC (more than 0.3% w/w) and CBD, for non-medical (recreational, wellness, lifestyle, spiritual, etc.) and medical uses. Cannabis seeds and vegetative plants are commonly from three varieties which are cannabis Sativa, cannabis Indica and cannabis Ruderalis. Sativas and Indicas are the most commonly used cannabis strains for cultivation and propagation. The genetics of the different cannabis strains are widely mixed or cloned to create cannabis hybrids.","Cette classe comprend les graines viables et les plants végétatifs de cannabis généralement utilisés pour le plantage ou l'ensemencement, la culture et la multiplication du cannabis sélectionné pour contenir des cannabinoïdes, en particulier le THC (plus de 0,3 % p/p) et le CBD, pour usages non médical (récréatif, bien-être, mode de vie, spirituel, etc.) et médical. Les graines et plants végétatifs de cannabis proviennent généralement de trois variétés, qui sont le cannabis Sativa, le cannabis Indica et le cannabis Ruderalis. Les variétés Sativa et Indica sont les plus souvent utilisées pour la culture et la multiplication. Les éléments composants de la génétique des différentes variétés de cannabis sont largement mélangés ou clonés pour créer des variétés hybrides de cannabis."
3,Subclass (six-digit standard codes),Sous-classe (codes types à six chiffres),213111,21311,Cannabis seeds,Graines de cannabis,"This subclass comprises cannabis viable seeds mainly used for planting or sowing, and propagation of cannabis bred to contain cannabinoids, in particular THC (more than 0.3% w/w) and CBD, in bulk or prepared for retail sale.","Cette sous-classe comprend les graines viables de cannabis généralement utilisées pour le plantage ou l'ensemencement, et la multiplication du cannabis sélectionné pour contenir des cannabinoïdes, en particulier le THC (plus de 0,3 % p/p) et le CBD, en vrac ou préparées pour la vente au détail."
4,Detail (seven-digit standard codes),Détail (codes types à sept chiffres),2131111,213111,"Cannabis seeds, in bulk","Graines de cannabis, en vrac","Cannabis viable seeds mainly used for planting or growing, and propagation of cannabis bred to contain cannabinoids, in particular THC (more than 0.3% w/w) and CBD, in bulk, not prepared or packaged for retail sale.","Graines viables de cannabis généralement utilisées pour le plantage ou l'ensemencement, et la multiplication du cannabis sélectionné pour contenir des cannabinoïdes, en particulier le THC (plus de 0,3 % p/p) et le CBD, en vrac, non préparées ou emballées pour la vente au détail."
5,Detail (eight-digit variant codes),Détail (codes de variante à huit chiffres),21311111,2131111,"Cannabis seeds, in bulk","Graines de cannabis, en vrac","Cannabis viable seeds mainly used for planting or growing, and propagation of cannabis bred to contain cannabinoids, in particular THC (more than 0.3% w/w) and CBD, in bulk, not prepared or packaged for retail sale.","Graines viables de cannabis généralement utilisées pour le plantage ou l'ensemencement, et la multiplication du cannabis sélectionné pour contenir des cannabinoïdes, en particulier le THC (plus de 0,3 % p/p) et le CBD, en vrac, non préparées ou emballées pour la vente au détail."
6,Detail (nine-digit variant codes),Détail (codes de variante à neuf chiffres),213111111,21311111,"Cannabis seeds, in bulk","Graines de cannabis, en vrac","Cannabis viable seeds mainly used for planting or growing, and propagation of cannabis bred to contain cannabinoids, in particular THC (more than 0.3% w/w) and CBD, in bulk, not prepared or packaged for retail sale.","Graines viables de cannabis généralement utilisées pour le plantage ou l'ensemencement, et la multiplication du cannabis sélectionné pour contenir des cannabinoïdes, en particulier le THC (plus de 0,3 % p/p) et le CBD, en vrac, non préparées ou emballées pour la vente au détail."
4,Detail (seven-digit standard codes),Détail (codes types à sept chiffres),2131112,213111,"Cannabis seeds, prepared for retail sale, for non-medical use","Graines de cannabis, préparées pour la vente au détail, pour usage non médical","Cannabis viable seeds mainly used for planting or growing, and propagation of cannabis bred to contain cannabinoids, in particular THC (more than 0.3% w/w) and CBD, prepared for retail sale, for non-medical use.","Graines viables de cannabis généralement utilisées pour le plantage ou l'ensemencement, et la multiplication du cannabis sélectionné pour contenir des cannabinoïdes, en particulier le THC (plus de 0,3 % p/p) et le CBD, préparées pour la vente au détail, pour usage non médical."
5,Detail (eight-digit variant codes),Détail (codes de variante à huit chiffres),21311121,2131112,"Cannabis seeds, prepared for retail sale, for non-medical use","Graines de cannabis, préparées pour la vente au détail, pour usage non médical","Cannabis viable seeds mainly used for planting or growing, and propagation of cannabis bred to contain cannabinoids, in particular THC (more than 0.3% w/w) and CBD, prepared for retail sale, for non-medical use.","Graines viables de cannabis généralement utilisées pour le plantage ou l'ensemencement, et la multiplication du cannabis sélectionné pour contenir des cannabinoïdes, en particulier le THC (plus de 0,3 % p/p) et le CBD, préparées pour la vente au détail, pour usage non médical."
6,Detail (nine-digit variant codes),Détail (codes de variante à neuf chiffres),213111211,21311121,"Cannabis seeds, prepared for retail sale, for non-medical use","Graines de cannabis, préparées pour la vente au détail, pour usage non médical","Cannabis viable seeds mainly used for planting or growing, and propagation of cannabis bred to contain cannabinoids, in particular THC (more than 0.3% w/w) and CBD, prepared for retail sale, for non-medical use.","Graines viables de cannabis généralement utilisées pour le plantage ou l'ensemencement, et la multiplication du cannabis sélectionné pour contenir des cannabinoïdes, en particulier le THC (plus de 0,3 % p/p) et le CBD, préparées pour la vente au détail, pour usage non médical."
4,Detail (seven-digit standard codes),Détail (codes types à sept chiffres),2131113,213111,"Cannabis seeds, prepared for retail sale, for medical use","Graines de cannabis, préparées pour la vente au détail, pour usage médical","Cannabis viable seeds mainly used for planting or sowing, and propagation of cannabis bred to contain cannabinoids, in particular THC (more than 0.3% w/w) and CBD, prepared for retail sale, for medical use. To obtain cannabis for medical use, a patient or client generally needs to register with a governmental authority and a holder of a licence for sale of cannabis for medical purposes, and get an authorization (medical document and written order) from an authorized health care practitioner.","Graines viables de cannabis généralement utilisées pour le plantage ou l'ensemencement, et la multiplication du cannabis sélectionné pour contenir des cannabinoïdes, en particulier le THC (plus de 0,3 % p/p) et le CBD, préparées pour la vente au détail, pour usage médical. Pour obtenir le cannabis pour usage médical, un patient ou client a généralement besoin de s'enregistrer auprès d'une autorité gouvernementale et d'un titulaire d'une licence de vente de cannabis à des fins médicales, et d'obtenir une autorisation (document médical et commande écrite) d'un praticien de la santé autorisé."
5,Detail (eight-digit variant codes),Détail (codes de variante à huit chiffres),21311131,2131113,"Cannabis seeds, prepared for retail sale, for medical use","Graines de cannabis, préparées pour la vente au détail, pour usage médical","Cannabis viable seeds mainly used for planting or sowing, and propagation of cannabis bred to contain cannabinoids, in particular THC (more than 0.3% w/w) and CBD, prepared for retail sale, for medical use. To obtain cannabis for medical use, a patient or client generally needs to register with a governmental authority and a holder of a licence for sale of cannabis for medical purposes, and get an authorization (medical document and written order) from an authorized health care practitioner.","Graines viables de cannabis généralement utilisées pour le plantage ou l'ensemencement, et la multiplication du cannabis sélectionné pour contenir des cannabinoïdes, en particulier le THC (plus de 0,3 % p/p) et le CBD, préparées pour la vente au détail, pour usage médical. Pour obtenir le cannabis pour usage médical, un patient ou client a généralement besoin de s'enregistrer auprès d'une autorité gouvernementale et d'un titulaire d'une licence de vente de cannabis à des fins médicales, et d'obtenir une autorisation (document médical et commande écrite) d'un praticien de la santé autorisé."
6,Detail (nine-digit variant codes),Détail (codes de variante à neuf chiffres),213111311,21311131,"Cannabis seeds, prepared for retail sale, for medical use","Graines de cannabis, préparées pour la vente au détail, pour usage médical","Cannabis viable seeds mainly used for planting or sowing, and propagation of cannabis bred to contain cannabinoids, in particular THC (more than 0.3% w/w) and CBD, prepared for retail sale, for medical use. To obtain cannabis for medical use, a patient or client generally needs to register with a governmental authority and a holder of a licence for sale of cannabis for medical purposes, and get an authorization (medical document and written order) from an authorized health care practitioner.","Graines viables de cannabis généralement utilisées pour le plantage ou l'ensemencement, et la multiplication du cannabis sélectionné pour contenir des cannabinoïdes, en particulier le THC (plus de 0,3 % p/p) et le CBD, préparées pour la vente au détail, pour usage médical. Pour obtenir le cannabis pour usage médical, un patient ou client a généralement besoin de s'enregistrer auprès d'une autorité gouvernementale et d'un titulaire d'une licence de vente de cannabis à des fins médicales, et d'obtenir une autorisation (document médical et commande écrite) d'un praticien de la santé autorisé."
3,Subclass (six-digit standard codes),Sous-classe (codes types à six chiffres),213112,21311,Cannabis vegetative plants,Plants végétatifs de cannabis,"This subclass comprises vegetative or live plants of various strain types, mainly used for planting or cultivation, and propagation of cannabis bred to contain cannabinoids, in particular THC (more than 0.3% w/w) and CBD, in bulk or prepared for retail sale.","Cette sous-classe comprend les plants végétatifs ou vivants de cannabis de diverses souches, généralement utilisés pour le plantage ou la culture, et la multiplication du cannabis sélectionné pour contenir des cannabinoïdes, en particulier le THC (plus de 0,3 % p/p) et le CBD, en vrac ou préparés pour la vente au détail."
4,Detail (seven-digit standard codes),Détail (codes types à sept chiffres),2131121,213112,"Cannabis vegetative plants, in bulk","Plants végétatifs de cannabis, en vrac","Cannabis vegetative or live plants of various strain types, mainly used for planting or cultivation, and propagation of cannabis bred to contain cannabinoids, in particular THC (more than 0.3% w/w) and CBD, in bulk, not prepared or packaged for retail sale.","Plants végétatifs ou vivants de cannabis de diverses souches, généralement utilisés pour le plantage ou la culture, et la multiplication du cannabis sélectionné pour contenir des cannabinoïdes, en particulier le THC (plus de 0,3 % p/p) et le CBD, en vrac, non préparés ou emballés pour la vente au détail."
5,Detail (eight-digit variant codes),Détail (codes de variante à huit chiffres),21311211,2131121,"Cannabis vegetative plants, in bulk","Plants végétatifs de cannabis, en vrac","Cannabis vegetative or live plants of various strain types, mainly used for planting or cultivation, and propagation of cannabis bred to contain cannabinoids, in particular THC (more than 0.3% w/w) and CBD, in bulk, not prepared or packaged for retail sale.","Plants végétatifs ou vivants de cannabis de diverses souches, généralement utilisés pour le plantage ou la culture, et la multiplication du cannabis sélectionné pour contenir des cannabinoïdes, en particulier le THC (plus de 0,3 % p/p) et le CBD, en vrac, non préparés ou emballés pour la vente au détail."
6,Detail (nine-digit variant codes),Détail (codes de variante à neuf chiffres),213112111,21311211,"Cannabis vegetative plants, in bulk","Plants végétatifs de cannabis, en vrac","Cannabis vegetative or live plants of various strain types, mainly used for planting or cultivation, and propagation of cannabis bred to contain cannabinoids, in particular THC (more than 0.3% w/w) and CBD, in bulk, not prepared or packaged for retail sale.","Plants végétatifs ou vivants de cannabis de diverses souches, généralement utilisés pour le plantage ou la culture, et la multiplication du cannabis sélectionné pour contenir des cannabinoïdes, en particulier le THC (plus de 0,3 % p/p) et le CBD, en vrac, non préparés ou emballés pour la vente au détail."
4,Detail (seven-digit standard codes),Détail (codes types à sept chiffres),2131122,213112,"Cannabis vegetative plants, prepared for retail sale, for non-medical use","Plants végétatifs de cannabis, préparés pour la vente au détail, pour usage non médical","Cannabis vegetative or live plants of various strain types, mainly used for planting or cultivation, and propagation of cannabis bred to contain cannabinoids, in particular THC (more than 0.3% w/w) and CBD, prepared for retail sale, for non-medical use.","Plants végétatifs ou vivants de cannabis de diverses souches, généralement utilisés pour le plantage ou la culture, et la multiplication du cannabis sélectionné pour contenir des cannabinoïdes, en particulier le THC (plus de 0,3 % p/p) et le CBD, préparés pour la vente au détail, pour usage non médical."
5,Detail (eight-digit variant codes),Détail (codes de variante à huit chiffres),21311221,2131122,"Cannabis vegetative plants, prepared for retail sale, for non-medical use","Plants végétatifs de cannabis, préparés pour la vente au détail, pour usage non médical","Cannabis vegetative or live plants of various strain types, mainly used for planting or cultivation, and propagation of cannabis bred to contain cannabinoids, in particular THC (more than 0.3% w/w) and CBD, prepared for retail sale, for non-medical use.","Plants végétatifs ou vivants de cannabis de diverses souches, généralement utilisés pour le plantage ou la culture, et la multiplication du cannabis sélectionné pour contenir des cannabinoïdes, en particulier le THC (plus de 0,3 % p/p) et le CBD, préparés pour la vente au détail, pour usage non médical."
6,Detail (nine-digit variant codes),Détail (codes de variante à neuf chiffres),213112211,21311221,"Cannabis vegetative plants, prepared for retail sale, for non-medical use","Plants végétatifs de cannabis, préparés pour la vente au détail, pour usage non médical","Cannabis vegetative or live plants of various strain types, mainly used for planting or cultivation, and propagation of cannabis bred to contain cannabinoids, in particular THC (more than 0.3% w/w) and CBD, prepared for retail sale, for non-medical use.","Plants végétatifs ou vivants de cannabis de diverses souches, généralement utilisés pour le plantage ou la culture, et la multiplication du cannabis sélectionné pour contenir des cannabinoïdes, en particulier le THC (plus de 0,3 % p/p) et le CBD, préparés pour la vente au détail, pour usage non médical."
4,Detail (seven-digit standard codes),Détail (codes types à sept chiffres),2131123,213112,"Cannabis vegetative plants, prepared for retail sale, for medical use","Plants végétatifs de cannabis, préparés pour la vente au détail, pour usage médical","Cannabis vegetative or live plants of various strain types, mainly used for planting or cultivation, and propagation of cannabis bred to contain cannabinoids, in particular THC (more than 0.3% w/w) and CBD, prepared for retail sale, for medical use. To obtain cannabis for medical use, a patient or client generally needs to register with a governmental authority and a holder of a licence for sale of cannabis for medical purposes, and get an authorization (medical document and written order) from an authorized health care practitioner.","Plants végétatifs ou vivants de cannabis de diverses souches, généralement utilisés pour le plantage ou la culture, et la multiplication du cannabis sélectionné pour contenir des cannabinoïdes, en particulier le THC (plus de 0,3 % p/p) et le CBD, préparés pour la vente au détail, pour usage médical. Pour obtenir le cannabis pour usage médical, un patient ou client a généralement besoin de s'enregistrer auprès d'une autorité gouvernementale et d'un titulaire d'une licence de vente de cannabis à des fins médicales, et d'obtenir une autorisation (document médical et commande écrite) d'un praticien de la santé autorisé."
5,Detail (eight-digit variant codes),Détail (codes de variante à huit chiffres),21311231,2131123,"Cannabis vegetative plants, prepared for retail sale, for medical use","Plants végétatifs de cannabis, préparés pour la vente au détail, pour usage médical","Cannabis vegetative or live plants of various strain types, mainly used for planting or cultivation, and propagation of cannabis bred to contain cannabinoids, in particular THC (more than 0.3% w/w) and CBD, prepared for retail sale, for medical use. To obtain cannabis for medical use, a patient or client generally needs to register with a governmental authority and a holder of a licence for sale of cannabis for medical purposes, and get an authorization (medical document and written order) from an authorized health care practitioner.","Plants végétatifs ou vivants de cannabis de diverses souches, généralement utilisés pour le plantage ou la culture, et la multiplication du cannabis sélectionné pour contenir des cannabinoïdes, en particulier le THC (plus de 0,3 % p/p) et le CBD, préparés pour la vente au détail, pour usage médical. Pour obtenir le cannabis pour usage médical, un patient ou client a généralement besoin de s'enregistrer auprès d'une autorité gouvernementale et d'un titulaire d'une licence de vente de cannabis à des fins médicales, et d'obtenir une autorisation (document médical et commande écrite) d'un praticien de la santé autorisé."
6,Detail (nine-digit variant codes),Détail (codes de variante à neuf chiffres),213112311,21311231,"Cannabis vegetative plants, prepared for retail sale, for medical use","Plants végétatifs de cannabis, préparés pour la vente au détail, pour usage médical","Cannabis vegetative or live plants of various strain types, mainly used for planting or cultivation, and propagation of cannabis bred to contain cannabinoids, in particular THC (more than 0.3% w/w) and CBD, prepared for retail sale, for medical use. To obtain cannabis for medical use, a patient or client generally needs to register with a governmental authority and a holder of a licence for sale of cannabis for medical purposes, and get an authorization (medical document and written order) from an authorized health care practitioner.","Plants végétatifs ou vivants de cannabis de diverses souches, généralement utilisés pour le plantage ou la culture, et la multiplication du cannabis sélectionné pour contenir des cannabinoïdes, en particulier le THC (plus de 0,3 % p/p) et le CBD, préparés pour la vente au détail, pour usage médical. Pour obtenir le cannabis pour usage médical, un patient ou client a généralement besoin de s'enregistrer auprès d'une autorité gouvernementale et d'un titulaire d'une licence de vente de cannabis à des fins médicales, et d'obtenir une autorisation (document médical et commande écrite) d'un praticien de la santé autorisé."
2,Class (five-digit standard codes or six-character alphanumeric variant codes),Classe (codes types à cinq chiffres ou codes de variante à six caractères alphanumériques),21312,213A,Fresh and dried cannabis flowering tops (including leaves),Sommités fleuries de cannabis fraîches et séchées (y compris les feuilles),"This class comprises freshly harvested and dried cannabis flowering tops, including leaves, for non-medical and medical uses. They contain cannabinoids, in particular THC (more than 0.3% w/w) and CBD. Fresh cannabis refers to fresh or water-rich flowering tops (buds) and leaves, of female plants, that have not been subjected to any drying process. Dried cannabis (also called marijuana, pot or weed) refers to harvested cannabis fresh flowering tops and leaves that have been subjected to drying and irradiation processes, but not further processed.","Cette classe comprend les sommités fleuries de cannabis fraîchement récoltées et séchées, y compris les feuilles, pour usages non médical et médical. Elles contiennent des cannabinoïdes, en particulier le THC (plus de 0,3 % p/p) et le CBD. Le cannabis frais réfère aux sommités fleuries (bourgeons) et feuilles fraîches ou riches en eau, de plants femelles, qui n'ont subi aucun processus de séchage. Le cannabis séché (aussi appelé marijuana ou pot) réfère aux sommités fleuries et feuilles fraîchement récoltées qui ont été soumises à des processus de séchage et de radioexposition, mais n'ayant pas subi de transformation supplémentaire."
3,Subclass (six-digit standard codes),Sous-classe (codes types à six chiffres),213121,21312,Fresh cannabis flowering tops (including leaves),Sommités fleuries de cannabis fraîches (y compris les feuilles),"This subclass comprises freshly harvested cannabis flowering tops, including leaves, containing more than 0.3% w/w of THC, cannabidiol (CBD) and other cannabinoids, in bulk or prepared for retail sale, for non-medical and medical uses. Fresh cannabis refers to fresh or water-rich flowering tops (buds) and leaves, of female plants, that have not been subjected to any drying process.","Cette sous-classe comprend les sommités fleuries de cannabis fraîchement récoltées, y compris les feuilles, contenant plus de 0,3 % p/p de THC, du cannabidiol (CBD) et d'autres cannabinoïdes, en vrac ou préparées pour la vente au détail, pour usages non médical et médical. Le cannabis frais réfère aux sommités fleuries (bourgeons) et feuilles fraîches ou riches en eau, de plants femelles, qui n'ont subi aucun processus de séchage."
4,Detail (seven-digit standard codes),Détail (codes types à sept chiffres),2131211,213121,"Fresh cannabis flowering tops (including leaves), in bulk","Sommités fleuries de cannabis fraîches (y compris les feuilles), en vrac","Fresh cannabis flowering tops, including leaves, containing more than 0.3% w/w of THC, cannabidiol (CBD) and other cannabinoids, in bulk, not prepared or packaged for retail sale. Fresh cannabis refers to fresh or water-rich flowering tops (buds) and leaves, of female plants, that have not been subjected to any drying process.","Sommités fleuries de cannabis fraîches, y compris les feuilles, contenant plus de 0,3 % p/p de THC, du cannabidiol (CBD) et d'autres cannabinoïdes, en vrac, non préparées ou emballées pour la vente au détail. Le cannabis frais réfère aux sommités fleuries (bourgeons) et feuilles fraîches ou riches en eau, de plants femelles, qui n'ont subi aucun processus de séchage."
5,Detail (eight-digit variant codes),Détail (codes de variante à huit chiffres),21312111,2131211,"Fresh cannabis flowering tops (including leaves), in bulk","Sommités fleuries de cannabis fraîches (y compris les feuilles), en vrac","Fresh cannabis flowering tops, including leaves, containing more than 0.3% w/w of THC, cannabidiol (CBD) and other cannabinoids, in bulk, not prepared or packaged for retail sale. Fresh cannabis refers to fresh or water-rich flowering tops (buds) and leaves, of female plants, that have not been subjected to any drying process.","Sommités fleuries de cannabis fraîches, y compris les feuilles, contenant plus de 0,3 % p/p de THC, du cannabidiol (CBD) et d'autres cannabinoïdes, en vrac, non préparées ou emballées pour la vente au détail. Le cannabis frais réfère aux sommités fleuries (bourgeons) et feuilles fraîches ou riches en eau, de plants femelles, qui n'ont subi aucun processus de séchage."
6,Detail (nine-digit variant codes),Détail (codes de variante à neuf chiffres),213121111,21312111,"Fresh cannabis flowering tops (including leaves), in bulk","Sommités fleuries de cannabis fraîches (y compris les feuilles), en vrac","Fresh cannabis flowering tops, including leaves, containing more than 0.3% w/w of THC, cannabidiol (CBD) and other cannabinoids, in bulk, not prepared or packaged for retail sale. Fresh cannabis refers to fresh or water-rich flowering tops (buds) and leaves, of female plants, that have not been subjected to any drying process.","Sommités fleuries de cannabis fraîches, y compris les feuilles, contenant plus de 0,3 % p/p de THC, du cannabidiol (CBD) et d'autres cannabinoïdes, en vrac, non préparées ou emballées pour la vente au détail. Le cannabis frais réfère aux sommités fleuries (bourgeons) et feuilles fraîches ou riches en eau, de plants femelles, qui n'ont subi aucun processus de séchage."
4,Detail (seven-digit standard codes),Détail (codes types à sept chiffres),2131212,213121,"Fresh cannabis flowering tops (including leaves), prepared for retail sale, for non-medical use","Sommités fleuries de cannabis fraîches (y compris les feuilles), préparées pour la vente au détail, pour usage non médical","Fresh cannabis flowering tops, including leaves, containing more than 0.3% w/w of THC, cannabidiol (CBD) and other cannabinoids, prepared for retail sale, for non-medical use. Fresh cannabis refers to fresh or water-rich flowering tops (buds) and leaves, of female plants, that have not been subjected to any drying process.","Sommités fleuries de cannabis fraîches, y compris les feuilles, contenant plus de 0,3 % p/p de THC, du cannabidiol (CBD) et d'autres cannabinoïdes, préparées pour la vente au détail, pour usage non médical. Le cannabis frais réfère aux sommités fleuries (bourgeons) et feuilles fraîches ou riches en eau, de plants femelles, qui n'ont subi aucun processus de séchage."
5,Detail (eight-digit variant codes),Détail (codes de variante à huit chiffres),21312121,2131212,"Fresh cannabis flowering tops (including leaves), prepared for retail sale, for non-medical use","Sommités fleuries de cannabis fraîches (y compris les feuilles), préparées pour la vente au détail, pour usage non médical","Fresh cannabis flowering tops, including leaves, containing more than 0.3% w/w of THC, cannabidiol (CBD) and other cannabinoids, prepared for retail sale, for non-medical use. Fresh cannabis refers to fresh or water-rich flowering tops (buds) and leaves, of female plants, that have not been subjected to any drying process.","Sommités fleuries de cannabis fraîches, y compris les feuilles, contenant plus de 0,3 % p/p de THC, du cannabidiol (CBD) et d'autres cannabinoïdes, préparées pour la vente au détail, pour usage non médical. Le cannabis frais réfère aux sommités fleuries (bourgeons) et feuilles fraîches ou riches en eau, de plants femelles, qui n'ont subi aucun processus de séchage."
6,Detail (nine-digit variant codes),Détail (codes de variante à neuf chiffres),213121211,21312121,"Fresh cannabis flowering tops (including leaves), prepared for retail sale, for non-medical use","Sommités fleuries de cannabis fraîches (y compris les feuilles), préparées pour la vente au détail, pour usage non médical","Fresh cannabis flowering tops, including leaves, containing more than 0.3% w/w of THC, cannabidiol (CBD) and other cannabinoids, prepared for retail sale, for non-medical use. Fresh cannabis refers to fresh or water-rich flowering tops (buds) and leaves, of female plants, that have not been subjected to any drying process.","Sommités fleuries de cannabis fraîches, y compris les feuilles, contenant plus de 0,3 % p/p de THC, du cannabidiol (CBD) et d'autres cannabinoïdes, préparées pour la vente au détail, pour usage non médical. Le cannabis frais réfère aux sommités fleuries (bourgeons) et feuilles fraîches ou riches en eau, de plants femelles, qui n'ont subi aucun processus de séchage."
4,Detail (seven-digit standard codes),Détail (codes types à sept chiffres),2131213,213121,"Fresh cannabis flowering tops (including leaves), prepared for retail sale, for medical use","Sommités fleuries de cannabis fraîches (y compris les feuilles), préparées pour la vente au détail, pour usage médical","Fresh cannabis flowering tops, including leaves, containing more than 0.3% w/w of THC, cannabidiol (CBD) and other cannabinoids, prepared for retail sale, for medical use. Fresh cannabis refers to fresh or water-rich flowering tops (buds) and leaves, of female plants, that have not been subjected to any drying process. To obtain cannabis for medical use, a patient or client generally needs to register with a governmental authority and a holder of a licence for sale of cannabis for medical purposes, and get an authorization (medical document and written order) from an authorized health care practitioner.","Sommités fleuries de cannabis fraîches y compris les feuilles, contenant plus de 0,3 % p/p de THC, du cannabidiol (CBD) et d'autres cannabinoïdes, préparées pour la vente au détail, pour usage médical. Le cannabis frais réfère aux sommités fleuries (bourgeons) et feuilles fraîches ou riches en eau, de plants femelles, qui n'ont subi aucun processus de séchage. Pour obtenir le cannabis pour usage médical, un patient ou client a généralement besoin de s'enregistrer auprès d'une autorité gouvernementale et d'un titulaire d'une licence de vente de cannabis à des fins médicales, et d'obtenir une autorisation (document médical et commande écrite) d'un praticien de la santé autorisé."
5,Detail (eight-digit variant codes),Détail (codes de variante à huit chiffres),21312131,2131213,"Fresh cannabis flowering tops (including leaves), prepared for retail sale, for medical use","Sommités fleuries de cannabis fraîches (y compris les feuilles), préparées pour la vente au détail, pour usage médical","Fresh cannabis flowering tops, including leaves, containing more than 0.3% w/w of THC, cannabidiol (CBD) and other cannabinoids, prepared for retail sale, for medical use. Fresh cannabis refers to fresh or water-rich flowering tops (buds) and leaves, of female plants, that have not been subjected to any drying process. To obtain cannabis for medical use, a patient or client generally needs to register with a governmental authority and a holder of a licence for sale of cannabis for medical purposes, and get an authorization (medical document and written order) from an authorized health care practitioner.","Sommités fleuries de cannabis fraîches y compris les feuilles, contenant plus de 0,3 % p/p de THC, du cannabidiol (CBD) et d'autres cannabinoïdes, préparées pour la vente au détail, pour usage médical. Le cannabis frais réfère aux sommités fleuries (bourgeons) et feuilles fraîches ou riches en eau, de plants femelles, qui n'ont subi aucun processus de séchage. Pour obtenir le cannabis pour usage médical, un patient ou client a généralement besoin de s'enregistrer auprès d'une autorité gouvernementale et d'un titulaire d'une licence de vente de cannabis à des fins médicales, et d'obtenir une autorisation (document médical et commande écrite) d'un praticien de la santé autorisé."
6,Detail (nine-digit variant codes),Détail (codes de variante à neuf chiffres),213121311,21312131,"Fresh cannabis flowering tops (including leaves), prepared for retail sale, for medical use","Sommités fleuries de cannabis fraîches (y compris les feuilles), préparées pour la vente au détail, pour usage médical","Fresh cannabis flowering tops, including leaves, containing more than 0.3% w/w of THC, cannabidiol (CBD) and other cannabinoids, prepared for retail sale, for medical use. Fresh cannabis refers to fresh or water-rich flowering tops (buds) and leaves, of female plants, that have not been subjected to any drying process. To obtain cannabis for medical use, a patient or client generally needs to register with a governmental authority and a holder of a licence for sale of cannabis for medical purposes, and get an authorization (medical document and written order) from an authorized health care practitioner.","Sommités fleuries de cannabis fraîches y compris les feuilles, contenant plus de 0,3 % p/p de THC, du cannabidiol (CBD) et d'autres cannabinoïdes, préparées pour la vente au détail, pour usage médical. Le cannabis frais réfère aux sommités fleuries (bourgeons) et feuilles fraîches ou riches en eau, de plants femelles, qui n'ont subi aucun processus de séchage. Pour obtenir le cannabis pour usage médical, un patient ou client a généralement besoin de s'enregistrer auprès d'une autorité gouvernementale et d'un titulaire d'une licence de vente de cannabis à des fins médicales, et d'obtenir une autorisation (document médical et commande écrite) d'un praticien de la santé autorisé."
3,Subclass (six-digit standard codes),Sous-classe (codes types à six chiffres),213122,21312,Dried cannabis flowering tops (including leaves),Sommités fleuries de cannabis séchées (y compris les feuilles),"This subclass comprises dried cannabis flowering tops, including leaves, containing more than 0.3% w/w of THC, cannabidiol (CBD) and other cannabinoids, in bulk or prepared for retail sale, for non-medical and medical uses. Dried cannabis (also called marijuana, pot or weed) refers to harvested cannabis fresh flowering tops (buds) and leaves that have been subjected to drying and irradiation processes, but not further processed.","Cette sous-classe comprend les sommités fleuries de cannabis séchées, incluant les feuilles, contenant plus de 0,3 % p/p de THC, du cannabidiol (CBD) et d'autres cannabinoïdes, en vrac ou préparées pour la vente au détail, pour usages non médical et médical. Le cannabis séché (aussi appelé marijuana ou pot) réfère aux sommités fleuries (bourgeons) et feuilles fraîchement récoltées qui ont été soumises à des processus de séchage et de radioexposition, mais n'ayant pas subi de transformation supplémentaire."
4,Detail (seven-digit standard codes),Détail (codes types à sept chiffres),2131221,213122,"Dried cannabis flowering tops (including leaves), in bulk","Sommités fleuries de cannabis séchées (y compris les feuilles), en vrac","Dried cannabis flowering tops, including leaves, containing more than 0.3% w/w of THC, cannabidiol (CBD) and other cannabinoids, in bulk, not prepared or packaged for retail sale. Dried cannabis (also called marijuana, pot or weed) refers to harvested cannabis fresh flowering tops (buds) and leaves that have been subjected to drying and irradiation processes, but not further processed.","Sommités fleuries de cannabis séchées, y compris les feuilles, contenant plus de 0,3 % p/p de THC, du cannabidiol (CBD) et d'autres cannabinoïdes, en vrac, non préparées ou emballées pour la vente au détail. Le cannabis séché (aussi appelé marijuana ou pot) réfère aux sommités fleuries (bourgeons) et feuilles fraîchement récoltées qui ont été soumises à des processus de séchage et de radioexposition, mais n'ayant pas subi de transformation supplémentaire."
5,Detail (eight-digit variant codes),Détail (codes de variante à huit chiffres),21312211,2131221,"Dried cannabis flowering tops (including leaves), in bulk","Sommités fleuries de cannabis séchées (y compris les feuilles), en vrac","Dried cannabis flowering tops, including leaves, containing more than 0.3% w/w of THC, cannabidiol (CBD) and other cannabinoids, in bulk, not prepared or packaged for retail sale. Dried cannabis (also called marijuana, pot or weed) refers to harvested cannabis fresh flowering tops (buds) and leaves that have been subjected to drying and irradiation processes, but not further processed.","Sommités fleuries de cannabis séchées, y compris les feuilles, contenant plus de 0,3 % p/p de THC, du cannabidiol (CBD) et d'autres cannabinoïdes, en vrac, non préparées ou emballées pour la vente au détail. Le cannabis séché (aussi appelé marijuana ou pot) réfère aux sommités fleuries (bourgeons) et feuilles fraîchement récoltées qui ont été soumises à des processus de séchage et de radioexposition, mais n'ayant pas subi de transformation supplémentaire."
6,Detail (nine-digit variant codes),Détail (codes de variante à neuf chiffres),213122111,21312211,"Dried cannabis flowering tops (including leaves), in bulk","Sommités fleuries de cannabis séchées (y compris les feuilles), en vrac","Dried cannabis flowering tops, including leaves, containing more than 0.3% w/w of THC, cannabidiol (CBD) and other cannabinoids, in bulk, not prepared or packaged for retail sale. Dried cannabis (also called marijuana, pot or weed) refers to harvested cannabis fresh flowering tops (buds) and leaves that have been subjected to drying and irradiation processes, but not further processed.","Sommités fleuries de cannabis séchées, y compris les feuilles, contenant plus de 0,3 % p/p de THC, du cannabidiol (CBD) et d'autres cannabinoïdes, en vrac, non préparées ou emballées pour la vente au détail. Le cannabis séché (aussi appelé marijuana ou pot) réfère aux sommités fleuries (bourgeons) et feuilles fraîchement récoltées qui ont été soumises à des processus de séchage et de radioexposition, mais n'ayant pas subi de transformation supplémentaire."
4,Detail (seven-digit standard codes),Détail (codes types à sept chiffres),2131222,213122,"Dried cannabis flowering tops (including leaves), prepared for retail sale, for non-medical use","Sommités fleuries de cannabis séchées (y compris les feuilles), préparées pour la vente au détail, pour usage non médical","Dried cannabis flowering tops, including leaves, containing more than 0.3% w/w of THC, cannabidiol (CBD) and other cannabinoids, prepared for retail sale, for non-medical use. Dried cannabis (also called marijuana, pot or weed) refers to harvested cannabis fresh flowering tops (buds) and leaves that have been subjected to drying and irradiation processes, but not further processed.","Sommités fleuries de cannabis séchées, y compris les feuilles, contenant plus de 0,3 % p/p de THC, du cannabidiol (CBD) et d'autres cannabinoïdes, préparées pour la vente au détail, pour usage non médical. Le cannabis séché (aussi appelé marijuana ou pot) réfère aux sommités fleuries (bourgeons) et feuilles fraîchement récoltées qui ont été soumises à des processus de séchage et de radioexposition, mais n'ayant pas subi de transformation supplémentaire."
5,Detail (eight-digit variant codes),Détail (codes de variante à huit chiffres),21312221,2131222,"Dried cannabis flowering tops (including leaves), prepared for retail sale, for non-medical use","Sommités fleuries de cannabis séchées (y compris les feuilles), préparées pour la vente au détail, pour usage non médical","Dried cannabis flowering tops, including leaves, containing more than 0.3% w/w of THC, cannabidiol (CBD) and other cannabinoids, prepared for retail sale, for non-medical use. Dried cannabis (also called marijuana, pot or weed) refers to harvested cannabis fresh flowering tops (buds) and leaves that have been subjected to drying and irradiation processes, but not further processed.","Sommités fleuries de cannabis séchées, y compris les feuilles, contenant plus de 0,3 % p/p de THC, du cannabidiol (CBD) et d'autres cannabinoïdes, préparées pour la vente au détail, pour usage non médical. Le cannabis séché (aussi appelé marijuana ou pot) réfère aux sommités fleuries (bourgeons) et feuilles fraîchement récoltées qui ont été soumises à des processus de séchage et de radioexposition, mais n'ayant pas subi de transformation supplémentaire."
6,Detail (nine-digit variant codes),Détail (codes de variante à neuf chiffres),213122211,21312221,"Dried cannabis flowering tops (including leaves), prepared for retail sale, for non-medical use","Sommités fleuries de cannabis séchées (y compris les feuilles), préparées pour la vente au détail, pour usage non médical","Dried cannabis flowering tops, including leaves, containing more than 0.3% w/w of THC, cannabidiol (CBD) and other cannabinoids, prepared for retail sale, for non-medical use. Dried cannabis (also called marijuana, pot or weed) refers to harvested cannabis fresh flowering tops (buds) and leaves that have been subjected to drying and irradiation processes, but not further processed.","Sommités fleuries de cannabis séchées, y compris les feuilles, contenant plus de 0,3 % p/p de THC, du cannabidiol (CBD) et d'autres cannabinoïdes, préparées pour la vente au détail, pour usage non médical. Le cannabis séché (aussi appelé marijuana ou pot) réfère aux sommités fleuries (bourgeons) et feuilles fraîchement récoltées qui ont été soumises à des processus de séchage et de radioexposition, mais n'ayant pas subi de transformation supplémentaire."
4,Detail (seven-digit standard codes),Détail (codes types à sept chiffres),2131223,213122,"Dried cannabis flowering tops (including leaves), prepared for retail sale, for medical use","Sommités fleuries de cannabis séchées (y compris les feuilles), préparées pour la vente au détail, pour usage médical","Dried cannabis flowering tops, including leaves, containing more than 0.3% w/w of THC, cannabidiol (CBD) and other cannabinoids, prepared for retail sale, for medical use. Dried cannabis (also called marijuana, pot or weed) refers to harvested cannabis fresh flowering tops (buds) and leaves that have been subjected to drying and irradiation processes, but not further processed. To obtain cannabis for medical use, a patient or client generally needs to register with a governmental authority and a holder of a licence for sale of cannabis for medical purposes, and get an authorization (medical document and written order) from an authorized health care practitioner.","Sommités fleuries de cannabis séchées, y compris les feuilles, contenant plus de 0,3 % p/p de THC, du cannabidiol (CBD) et d'autres cannabinoïdes, préparées pour la vente au détail, pour usage médical. Le cannabis séché (aussi appelé marijuana ou pot) réfère aux sommités fleuries (bourgeons) et feuilles fraîchement récoltées qui ont été soumises à des processus de séchage et de radioexposition, mais n'ayant pas subi de transformation supplémentaire. Pour obtenir le cannabis pour usage médical, un patient ou client a généralement besoin de s'enregistrer auprès d'une autorité gouvernementale et d'un titulaire d'une licence de vente de cannabis à des fins médicales, et d'obtenir une autorisation (document médical et commande écrite) d'un praticien de la santé autorisé."
5,Detail (eight-digit variant codes),Détail (codes de variante à huit chiffres),21312231,2131223,"Dried cannabis flowering tops (including leaves), prepared for retail sale, for medical use","Sommités fleuries de cannabis séchées (y compris les feuilles), préparées pour la vente au détail, pour usage médical","Dried cannabis flowering tops, including leaves, containing more than 0.3% w/w of THC, cannabidiol (CBD) and other cannabinoids, prepared for retail sale, for medical use. Dried cannabis (also called marijuana, pot or weed) refers to harvested cannabis fresh flowering tops (buds) and leaves that have been subjected to drying and irradiation processes, but not further processed. To obtain cannabis for medical use, a patient or client generally needs to register with a governmental authority and a holder of a licence for sale of cannabis for medical purposes, and get an authorization (medical document and written order) from an authorized health care practitioner.","Sommités fleuries de cannabis séchées, y compris les feuilles, contenant plus de 0,3 % p/p de THC, du cannabidiol (CBD) et d'autres cannabinoïdes, préparées pour la vente au détail, pour usage médical. Le cannabis séché (aussi appelé marijuana ou pot) réfère aux sommités fleuries (bourgeons) et feuilles fraîchement récoltées qui ont été soumises à des processus de séchage et de radioexposition, mais n'ayant pas subi de transformation supplémentaire. Pour obtenir le cannabis pour usage médical, un patient ou client a généralement besoin de s'enregistrer auprès d'une autorité gouvernementale et d'un titulaire d'une licence de vente de cannabis à des fins médicales, et d'obtenir une autorisation (document médical et commande écrite) d'un praticien de la santé autorisé."
6,Detail (nine-digit variant codes),Détail (codes de variante à neuf chiffres),213122311,21312231,"Dried cannabis flowering tops (including leaves), prepared for retail sale, for medical use","Sommités fleuries de cannabis séchées (y compris les feuilles), préparées pour la vente au détail, pour usage médical","Dried cannabis flowering tops, including leaves, containing more than 0.3% w/w of THC, cannabidiol (CBD) and other cannabinoids, prepared for retail sale, for medical use. Dried cannabis (also called marijuana, pot or weed) refers to harvested cannabis fresh flowering tops (buds) and leaves that have been subjected to drying and irradiation processes, but not further processed. To obtain cannabis for medical use, a patient or client generally needs to register with a governmental authority and a holder of a licence for sale of cannabis for medical purposes, and get an authorization (medical document and written order) from an authorized health care practitioner.","Sommités fleuries de cannabis séchées, y compris les feuilles, contenant plus de 0,3 % p/p de THC, du cannabidiol (CBD) et d'autres cannabinoïdes, préparées pour la vente au détail, pour usage médical. Le cannabis séché (aussi appelé marijuana ou pot) réfère aux sommités fleuries (bourgeons) et feuilles fraîchement récoltées qui ont été soumises à des processus de séchage et de radioexposition, mais n'ayant pas subi de transformation supplémentaire. Pour obtenir le cannabis pour usage médical, un patient ou client a généralement besoin de s'enregistrer auprès d'une autorité gouvernementale et d'un titulaire d'une licence de vente de cannabis à des fins médicales, et d'obtenir une autorisation (document médical et commande écrite) d'un praticien de la santé autorisé."
