institution,level,department,course_name,course_code,credit,division
Adams State College,High School,Mathematics,Algebra skills,099-3,3S,
Adams State College,High School,Mathematics,Arithmetic,095-3,3S,
Adams State College,College,Business,Auditing,407,3S,U
Adams State College,College,Business,Business communications,265,3S,L
Adams State College,College,Business,Business computer applications,120,3S,L
Adams State College,College,Business,Business law,211,3S,L
Adams State College,College,Business,Business statistics,318,3S,U
Adams State College,College,Business,Fundamentals of income tax,355,3S,U
Adams State College,College,Governmental and institutional accounting,Personal finance,114,3S,L
Adams State College,College,Governmental and institutional accounting,Principles of management,361,3S,U
Adams State College,College,Economics,Managerial economics,433,3S,U
Adams State College,College,English,Communication arts (I),101,3S,L
Adams State College,College,English,Communication arts (II),102,3S,L
Adams State College,College,English,Development of vocabulary,280,2S,L
Adams State College,College,Environmental Science,Environmental control,431,2S,U
Adams State College,College,Environmental Science,Toxic chemicals,325,3S,U
Adams State College,College,History,History of the Southwest,305,3S,U
Adams State College,College,History,Mexico,357,3S,U
Adams State College,College,Mathematics,Differential equations,327,3S,U
Adams State College,College,Psychology,Human development,205,3S,L
Adams State College,College,Psychology,Human development: conception-childhood,204,3S,L
Adams State College,College,Psychology,Psychological testing,445,3S,U
Adams State College,College,Psychology,Success psychology,179,3S,L
Adams State College,College,Science,Contemporary topics in biology,507,2S,U
Adams State College,College,Sociology,Formation of self-concept,259,2S,L
Arizona State University,College,Art History,Art of the Western world I,AR101,3S,L
Arizona State University,College,Art History,Art of the Western world II,AR102,3S,L
Arizona State University,College,Art History,Western American art,AR494,3S,U
Arizona State University,College,Business,Business communications,BU233,3S,L
Arizona State University,College,Business,Business report writing,BU431,3S,U
Arizona State University,College,Communication,Communication and aging,C0417,3S,U
Arizona State University,College,Communication,Crisis communication,C0414,3S,U
Arizona State University,College,Elements of intercultural communication,Gender and communication,C0316,3S,U
Arizona State University,College,Elements of intercultural communication,Intercultural communication,C0463,3S,U
Arizona State University,College,Elements of intercultural communication,Medical communication,C0494,3S,U
Arizona State University,College,Elementary school organization and,Home-school relations,ED498,3S,U
Arizona State University,College,French,Elementary French,FR101,4S,L
Arizona State University,College,French,Elementary French,FR102,4S,L
Arizona State University,College,French,French literature,FR321,3S,U
Arizona State University,College,French,French literature,FR322,3S,U
Arizona State University,College,French,Intermediate grammar review,FR201,4S,L
Arizona State University,College,French,Intermediate reading,FR205,4S,L
Arizona State University,College,German,Elementary German,GE101,4S,L
Arizona State University,College,German,Elementary German,GE102,4S,L
Arizona State University,College,German,Intermediate German,GE201,4S,L
Arizona State University,College,German,Intermediate German,GE202,4S,L
Arizona State University,College,Higher Education,Successful recareering,AE494,3S,U
Arizona State University,College,History,Asian civilizations,HI306,3S,U
Arizona State University,College,History,Contemporary America,HI411,3S,U
Arizona State University,College,History,Introduction to Japan,HI 107,3S,L
Arizona State University,College,History,Japan,HI478,3S,U
Arizona State University,College,History,Japan,HI477,3S,U
Arizona State University,College,History,The United States and Japan,HI471,3S,U
Arizona State University,College,History,United States history,HI104,3S,L
Arizona State University,College,History,United States history,HI103,3S,L
Arizona State University,College,Home Economics,Family relationships,FA331,3S,U
Arizona State University,College,Italian,Elementary Italian,IT101,4S,L
Arizona State University,College,Italian,Elementary Italian,IT102,4S,L
Arizona State University,College,Italian,Intermediate Italian,IT201,4S,L
Arizona State University,College,Italian,Intermediate Italian,IT202,4S,L
Arizona State University,College,Italian,justice Studies American Indian justice,JU294,3S,U
Arizona State University,College,Community relations in the justice system,Concepts and issues of justice,JU200,3S,L
Arizona State University,College,Prevention of delinquent and criminal,behavior,JU311,3S,U
Arizona State University,College,Prevention of delinquent and criminal,Procedural criminal law,JU462,3S,U
Arizona State University,College,Prevention of delinquent and criminal,Research in justice studies,JU301,3S,U
Arizona State University,College,Prevention of delinquent and criminal,Substantive criminal law,JU461,3S,U
Arizona State University,College,Prevention of delinquent and criminal,The adjudication function,JU308,3S,U
Arizona State University,College,Prevention of delinquent and criminal,The justice system,JU100,3S,U
Arizona State University,College,Prevention of delinquent and criminal,The police function,JU306,3S,U
Arizona State University,College,Mathematics,Brief calculus,MA210,3S,L
Arizona State University,College,Mathematics,College algebra,MAI 17,3S,L
Arizona State University,College,Mathematics,Finite mathematics,MAI 19,3S,L
Arizona State University,College,Mathematics,Intermediate algebra,MA106,3S,L
Arizona State University,College,Mathematics,Precalculus,MAI 70,3S,L
Arizona State University,College,Spanish,Elementary Spanish,SP101,4S,L
Arizona State University,College,Spanish,Elementary Spanish,SP102,4S,L
Arizona State University,College,Spanish,Intermediate Spanish,SP201,4S,L
Arizona State University,College,Spanish,Intermediate Spanish,SP202,4S,L
Arizona State University,College,Introduction to speech and hearing science,Nature of fluency disorders,SH431,2S,U
Athabasca University,College,Accounting,Advanced financial accounting,451,3U,U
Athabasca University,College,Accounting,Financial accounting theory,453,3U,U
Athabasca University,College,Accounting,"Mgmt accounting II: strategy, planning & budgeting",356,3U,U
Athabasca University,College,Administration,Administrative principles,232,3U,L
Athabasca University,College,Administration,Business policy,404,3U,U
Athabasca University,College,Independent study in administrative,studies,499,3U,U
Athabasca University,College,Independent study in administrative,Writing in organizations,233,3U,L
Athabasca University,College,Advanced readings in regional ethnology,Anthropology and the city,394,3U,U
Athabasca University,College,Advanced readings in regional ethnology,Language and culture,354,3U,U
Athabasca University,College,Advanced readings in regional ethnology,Special topics in anthropology,406,3U,U
Athabasca University,College,Advanced readings in regional ethnology,The Inuit way,307,3U,U
Athabasca University,College,Advanced readings in regional ethnology,The anthropology of gender,375,3U,U
Athabasca University,College,Applied Studies,Community health planning,336,3U,U
Athabasca University,College,Applied Studies,Practician: community health administration,335,6U,U
Athabasca University,College,Art His ton/,A survey of western art,I 201,3U,L
Athabasca University,College,Art His ton/,A survey of western art,II 202,3U,L
Athabasca University,College,Biology,Animal behaviour,342,3U,U
Athabasca University,College,Biology,Biological laboratories,206,3U,L
Athabasca University,College,Biology,Biology projects,I 495,3U,U
Athabasca University,College,Biology,Cell biology,401,3U,U
Athabasca University,College,Biology,Human genetics,341,3U,U
Athabasca University,College,Biology,Human physiology,230,6U,L
Athabasca University,College,Biology,Principles of biology,I 204,3U,L
Athabasca University,College,Biology,Principles of Biology,II 205,3U,L
Athabasca University,College,Biology,Wild flowers,321,3U,U
Athabasca University,College,Chemistry,Chemical principles,I 217,3U,L
Athabasca University,College,Chemistry,Chemical principles,II 218,3U,L
Athabasca University,College,Chemistry,Chemistry projects,I 495,3U,U
Athabasca University,College,Chemistry,Chemistry projects,II 496,3U,U
Athabasca University,College,Chemistry,Introduction to biochemistry,401,3U,U
Athabasca University,College,Chemistry,Organic chemistry,245,3U,U
Athabasca University,College,Computers and management information,systems,322,3U,U
Athabasca University,College,Computer and information systems projects,Computer programming in,C 305,3U,U
Athabasca University,College,Computer and information systems projects,Expert systems in business,455,3U,U
Athabasca University,College,Computer and information systems projects,Fortran programming,220,3U,L
Athabasca University,College,Economic development in the third world,Microeconomics,247,3U,L
Athabasca University,College,"Money, banking and Canadian financial",institutions,385,3U,U
Athabasca University,College,Political economy of resource dev in,Canada,375,3U,U
Athabasca University,College,English,Advanced composition,353,3U,U
Athabasca University,College,English,American literature,I 344,3U,U
Athabasca University,College,English,American literature,II 345,3U,U
Athabasca University,College,English,Basic composition,155,3U,L
Athabasca University,College,English,Canadian drama,431,3U,U
Athabasca University,College,Early twentieth-century British literature,English literature before 1800,310,6U,U
Athabasca University,College,Early twentieth-century British literature,History of drama,300,3U,U
Athabasca University,College,Early twentieth-century British literature,Introduction to literature,II 202,3U,L
Athabasca University,College,Early twentieth-century British literature,Literature for children,305,3U,U
Athabasca University,College,Early twentieth-century British literature,Literature of the Americas,358,6U,U
Athabasca University,College,Early twentieth-century British literature,Literature of the Canadian west,437,6U,U
Athabasca University,College,Early twentieth-century British literature,Modern British drama,432,3U,U
Athabasca University,College,Early twentieth-century British literature,Native literature in Canada,308,3U,U
Athabasca University,College,Early twentieth-century British literature,"Poetry, tradition, and change",362,3U,U
Athabasca University,College,Early twentieth-century British literature,Prose forms,211,3U,L
Athabasca University,College,Early twentieth-century British literature,Shakespeare,343,6U,U
Athabasca University,College,Early twentieth-century British literature,Shakespeare,I 324,3U,U
Athabasca University,College,Early twentieth-century British literature,Shakespeare,II 396,3U,U
Athabasca University,College,Early twentieth-century British literature,The short story,360,3U,U
Athabasca University,College,Early twentieth-century British literature,Twentieth-century English novel,397,6U,U
Athabasca University,College,Early twentieth-century British literature,Women in literature,307,3U,U
Athabasca University,College,Early twentieth-century British literature,Writing skills,255,3U,L
Athabasca University,College,Environmental Studies,Introduction to global change,210,3U,L
Athabasca University,College,Finance,Advanced corporate finance,470,3U,U
Athabasca University,College,Finance,Personal finance,322,3U,U
Athabasca University,College,French,Composition francaise,401,3U,U
Athabasca University,College,French,Directed studies in French,498,3U,U
Athabasca University,College,French,Directed studies in French,I 497,3U,U
Athabasca University,College,French,Directed studies in French,II 498,3U,U
Athabasca University,College,French,First year university French,I 200,3U,L
Athabasca University,College,French,First year university French,II 201,3U,L
Athabasca University,College,French,Francais langue des affaires,387,3U,U
Athabasca University,College,French,French for beginners,II 101,3U,L
Athabasca University,College,Introduction la litterature canadienne,francaise,363,6U,U
Athabasca University,College,Introduction la litterature canadienne,Le Roman quebecois,464,3U,U
Athabasca University,College,Introduction la litterature canadienne,Pense et structure de l'anglais et du Francais,402,3U,U
Athabasca University,College,Introduction la litterature canadienne,Pratique orale thematique,383,3U,U
Athabasca University,College,Introduction la litterature canadienne,Second year university French,362,6U,U
Athabasca University,College,Geography,Canadian urban development,310,6U,U
Athabasca University,College,Geography,Geography projects,I 495,3U,U
Athabasca University,College,Geography,Geography projects,II 496,3U,U
Athabasca University,College,Lab exercises in introductory physical,geography,262,3U,L
Athabasca University,College,Lab exercises in introductory physical,Urban change and conflict,326,3U,U
Athabasca University,College,Geology,Geology projects,I 495,3U,U
Athabasca University,College,Geology,Geology projects,II 496,3U,U
Athabasca University,College,Geology,Introductory historical geology,201,3U,L
Athabasca University,College,Geology,Introductory physical geology,200,3U,L
Athabasca University,College,Geology,Our physical resources,313,3U,U
Athabasca University,College,Geology,Structural geology: architecture of earth's crust,319,3U,U
Athabasca University,College,German,Reading German,I 305,3U,U
Athabasca University,College,History,American history since 1865,379,3U,U
Athabasca University,College,History,American history to 1865,378,3U,U
Athabasca University,College,History,Canada and the bomb: Canada and the world in Cold War,455,3U,U
Athabasca University,College,History,Canadian history: 1867-present,225,3U,L
Athabasca University,College,History,Directed studies in history,I 491,3U,U
Athabasca University,College,Historical foundations of modern science,History of Canadian West,338,bU,U
Athabasca University,College,Introduction to modern European history,Labour and socialist thought,470,3U,U
Athabasca University,College,Introduction to modern European history,"Labour thought, 1800-1850",471,3U,U
Athabasca University,College,Introduction to modern European history,"Labour thought, 1850-1917",472,3U,U
Athabasca University,College,Social and economic history of early,modern Europe,375,3U,U
Athabasca University,College,General / Interdisciplinary,Reformation,374,3U,U
Athabasca University,College,General / Interdisciplinary,The Renaissance,373,3U,U
Athabasca University,College,General / Interdisciplinary,The enlightenment,407,3U,U
Athabasca University,College,General / Interdisciplinary,The history of human conflict,398,bU,U
Athabasca University,College,General / Interdisciplinary,The medieval world,II 372,3U,U
Athabasca University,College,General / Interdisciplinary,The social history of Canada,329,bU,U
Athabasca University,College,General / Interdisciplinary,Twentieth century United States,380,3U,U
Athabasca University,College,General / Interdisciplinary,Western family in history,399,3U,U
Athabasca University,College,Anglo American popular music traditions,Rome and early Christianity,II 321,3U,U
Athabasca University,College,Anglo American popular music traditions,Studies in popular music,423,3U,U
Athabasca University,College,Anglo American popular music traditions,The folk music revival,421,3U,U
Athabasca University,College,Industrial Relations,Canadian industrial relations,311,bU,U
Athabasca University,College,Industrial Relations,Collective bargaining,305,3U,U
Athabasca University,College,Industrial Relations,Labour relations and the law,320,3U,U
Athabasca University,College,Industrial Relations,Occupational health and safety,308,3U,U
Athabasca University,College,Industrial Relations,Public sector labour relations,307,3U,U
Athabasca University,College,Industrial Relations,Introduction to labour studies,200,3U,L
Athabasca University,College,Legal Relations,Administrative law,331,3U,U
Athabasca University,College,Impact of the Canadian charter on labour,relations,310,3U,U
Athabasca University,College,Mathematics,Business mathematics,244,3U,L
Athabasca University,College,Mathematics,Linear algebra,I 270,3U,L
Athabasca University,College,Mathematics,Linear algebra,II 271,3U,U
Athabasca University,College,Community development in native,settlements,315,3U,U
Athabasca University,College,Community development in native,Contemporary native issues,357,3U,U
Athabasca University,College,Community development in native,First year university Cree,211,3U,U
Athabasca University,College,Community development in native,First year university Cree,II 212,3U,U
Athabasca University,College,Health issues and the native peoples of,History of Canada's first nations to 1830,368,3U,U
Athabasca University,College,Health issues and the native peoples of,Introduction to native studies,I 200,3U,L
Athabasca University,College,Health issues and the native peoples of,Introduction to native studies,II 201,3U,L
Athabasca University,College,Health issues and the native peoples of,Introductory Cree,I 111,3U,L
Athabasca University,College,Health issues and the native peoples of,Introductory Cree,II 112,3U,L
Athabasca University,College,Nursing,Concepts in nursing practice,444,3U,U
Athabasca University,College,Nursing,Health assessment,450,3U,U
Athabasca University,College,Principles of management in nursing,practice,432,4U,U
Athabasca University,College,Principles of teaching and learning for,health professionals,482,3U,U
Athabasca University,College,Principles of teaching and learning for,Research in nursing,425,3U,U
Athabasca University,College,Principles of teaching and learning for,Senior focus elective,490,3U,U
Athabasca University,College,Principles of teaching and learning for,Trends and issues in nursing,489,3U,U
Athabasca University,College,Nutrition,Introductory nutrition,330,3U,U
Athabasca University,College,Nutrition,Nutrition in health and disease,405,3U,U
Athabasca University,College,Organizational Behaviour,Motivation and management,319,3U,U
Athabasca University,College,Organizational Behaviour,Organization theory,326,3U,U
Athabasca University,College,Organizational Behaviour,Organizational behaviour,364,3U,U
Athabasca University,College,Organizational Behaviour,Organizational culture,400,3U,U
Athabasca University,College,Philosophy,Basic critical thinking,152,3U,L
Athabasca University,College,Philosophy,Critical thinking,252,3U,L
Athabasca University,College,"Ethics, science, technology, and the",environment,371,3U,U
Athabasca University,College,"Ethics, science, technology, and the",From Socrates to Sartre,261,6U,L
Athabasca University,College,Physics,Introductory physics,274,6U,L
Athabasca University,College,Canada and the global political economy,International political economics: power/ production /global order,483,3U,U
Athabasca University,College,Political Science,Canadian federalism,390,3U,U
Athabasca University,College,Canadian national government and politics,Introduction to political science I: concepts/ structures /institutions,277,3U,L
Athabasca University,College,Introduction to Canadian political economy,Politics and the media,303,3U,U
Athabasca University,College,Introduction to Canadian political economy,Socialization in politics,494,3U,U
Athabasca University,College,Psychology,Abnormal psychology,435,3S,U
Athabasca University,College,Psychology,Biological psychology,402,3U,U
Athabasca University,College,Psychology,Cognitive psychology,455,3U,U
Athabasca University,College,Psychology,Counseling girls and women,343,3U,U
Athabasca University,College,Psychology,General psychology,290,3U,L
Athabasca University,College,Psychology,Independent study,418,3U,U
Athabasca University,College,Introduction to personality theories and,issues,356,3U,U
Athabasca University,College,Introduction to personality theories and,Learning,387,3U,U
Athabasca University,College,Introduction to personality theories and,Learning through life,401,3U,U
Athabasca University,College,Introduction to personality theories and,Psychology as natural science,289,3U,L
Athabasca University,College,Introduction to personality theories and,Psychology of aesthetics,342,3U,U
Athabasca University,College,Introduction to personality theories and,Social psychology,379,3U,U
Athabasca University,College,Teaching and managing the learning,disabled child,400,6U,U
Athabasca University,College,Public Administration,Canadian public administration,390,3U,U
Athabasca University,College,Public Administration,Canadian public finance,372,3U,U
Athabasca University,College,Municipal public administration in Canada,Public policy,403,3U,U
Athabasca University,College,Religious Studies,Introduction to world religions,204,6U,L
Athabasca University,College,Science,Science projects,495,3U,U
Athabasca University,College,Science,Science projects,II 496,3U,U
Athabasca University,College,Science,Scientific reasoning,326,3U,U
Athabasca University,College,Social Science,Aging and you (II): an introduction to gerontology,330,3U,U
Athabasca University,College,Social Science,Canadian ethnic studies,380,3U,U
Athabasca University,College,Social Science,Introduction to sociology,287,3U,U
Athabasca University,College,Selected topics in Canadian society to,women's studies,445,3U,U
Athabasca University,College,Selected topics in Canadian society to,Social organization,300,3U,U
Athabasca University,College,Selected topics in Canadian society to,Sociology of deviance,365,3U,U
Auburn University,College,Biology,Perspectives in biology,BI105,"5Q, LK",L
Auburn University,College,Economics,Economics I,EC200,5Q,L
Auburn University,College,Economics,Economics II,EC202,5Q,L
Auburn University,College,Health Sciences,Health science,HP195,2Q,L
Auburn University,College,History and principles of physical,education,HP201,3Q,L
Auburn University,College,History,History of Alabama,HY381,5Q,U
Auburn University,College,History,History of the US since 1865,HY202,5Q,L
Auburn University,College,Mathematics,College algebra,MH140,5Q,L
Auburn University,College,Political Science,Criminal justice,P0336,3Q,L
Auburn University,College,Political Science,Survey of law enforcement,PO260,5Q,L
Auburn University,College,Psychology,Adult development,PG423,5Q,U
Auburn University,College,Psychology,Psychology,PG211,5Q,L
Ball State University,College,Accounting,Principles of accounting 1,201,3S,L
Ball State University,College,Accounting,Principles of accounting 2,202,3S,L
Ball State University,College,Astronomy,Mysteries of the sky,100,3S,L
Ball State University,College,Criminal Justice and Criminology,Community corrections,361,3S,U
Ball State University,College,Criminal Justice and Criminology,Criminal evidence,330,3S,U
Ball State University,College,Criminal Justice and Criminology,Criminal law,320,3S,U
Ball State University,College,Criminal Justice and Criminology,Current topics in policing,430,3S,U
Ball State University,College,Data and theories of crime and delinquency,Institutional corrections,360,3S,L
Ball State University,College,Introduction to the American criminal,justice system,101,3S,L
Ball State University,College,Introduction to the American criminal,Police systems and organization,333,3S,U
Ball State University,College,Introduction to the American criminal,Policing in American society,300,3S,L
Ball State University,College,Economics,Elementary macroeconomics,202,3S,L
Ball State University,College,Economics,Elementary microeconomics,201,3S,L
Ball State University,College,Economics,Survey of economic ideas,116,3S,L
Ball State University,College,English,English composition 1,103,3S,L
Ball State University,College,English,English composition 2,104,3S,L
Ball State University,College,English,World literature,205,3S,L
Ball State University,College,Finance,Personal finance,110,3S,L
Ball State University,College,Geography,Climate,331,3S,U
Ball State University,College,Geography,Global geography,150,3S,L
Ball State University,College,Geography,Global geography for teachers,111,3S,L
Ball State University,College,Physical geography and earth science,concepts for teachers,111,3S,L
Ball State University,College,Physical geography and earth science,Weather 1,230,3S,L
Ball State University,College,Geology,Geomorphology,240,3S,L
Ball State University,College,Geology,Historical geology,102,3S,L
Ball State University,College,Health Science,Alcohol problems,465,3S,U
Ball State University,College,Health Science,Community health problems,180,3S,L
Ball State University,College,Health Science,Death and dying,471,3S,U
Ball State University,College,Health Science,Drug dependence and abuse,467,3S,U
Ball State University,College,Health Science,Fundamentals of human health,160,3S,L
Ball State University,College,Health Science,Health quackery,468,3S,U
Ball State University,College,History,"American history, 1492-1876",413,3S,U
Ball State University,College,History,Introduction to public history,240,3S,L
Ball State University,College,Introduction to the history of business in,the,US 110,3S,L
Ball State University,College,Introduction to the history of business in,Recent United States history: 1945 to the present,413,3S,U
Ball State University,College,Introduction to the history of business in,The Spanish borderlands,327,3S,U
Ball State University,College,Introduction to the history of business in,World civilization 2,152,3S,L
Ball State University,College,Introduction to the history of business in,World civilization,I 151,3S,L
Ball State University,College,Insurance,Principles of insurance,370,3S,U
Ball State University,College,Journalism,Introduction to advertising,250,3S,L
Brigham Young University,High School,Art,Basic marketing part 1,15,HF,
Brigham Young University,High School,Art,Basic marketing part 2,16,HF,
Brigham Young University,High School,Art,Business communications 7 (HF) Business law part 1,11,HF,
Brigham Young University,High School,Art,Business law part 2,12,HF,
Brigham Young University,High School,Art,Fashion merchandising,34,HF,
Brigham Young University,High School,Psychology and human relations in,marketing,27,HF,
Brigham Young University,High School,Psychology and human relations in,Real estate,40,HF,
Brigham Young University,High School,Psychology and human relations in,Speed writing,13,HF,
Brigham Young University,High School,Psychology and human relations in,Starting your own business,29,HF,
Brigham Young University,High School,Driver Education,Bible as literature,22,HF,
Brigham Young University,High School,Driver Education,Business English 9 (HF) Creative writing,33,HF,
Brigham Young University,High School,Developmental reading with short stories,Expository writing: explaining your ideas,31,HF,
Brigham Young University,High School,Developmental reading with short stories,Narrative and descriptive writing: storytelling,32,HF,
Brigham Young University,High School,Developmental reading with short stories,Practical English: review of fundamentals,20,HF,
Brigham Young University,High School,Developmental reading with short stories,Reading comprehension,23,HF,
Brigham Young University,High School,Developmental reading with short stories,Recreational reading,27,HF,
Brigham Young University,High School,Developmental reading with short stories,Remedial reading,25,HF,
Brigham Young University,High School,Developmental reading with short stories,Self-esteem: a search for dignity and worth,12,HF,
Brigham Young University,High School,Developmental reading with short stories,Spelling,42,HF,
Brigham Young University,High School,Developmental reading with short stories,The year 2100,18,HF,
Brigham Young University,High School,Developmental reading with short stories,Understanding literature,10,HF,
Brigham Young University,High School,Foreign Languages,French 1 part 1,15,"HF, AC",
Brigham Young University,High School,Foreign Languages,French 1 part 2,16,"HF, AC",
Brigham Young University,High School,Foreign Languages,German 1 part 1,11,"HF, AC",
Brigham Young University,High School,Foreign Languages,German 1 part 2,12,"HF, AC",
Brigham Young University,High School,Foreign Languages,German 2 part 1,13,"HF, AC",
Brigham Young University,High School,Foreign Languages,German 2 part 2,14,"HF, AC",
Brigham Young University,High School,Foreign Languages,Japanese 1 part 1,23,"HF, AC",
Brigham Young University,High School,Foreign Languages,Russian 1 part 1,19,HF,
Brigham Young University,High School,Foreign Languages,Russian 1 part 2,20,HF,
Brigham Young University,High School,Mathematics,Analytic geometry,15,HF,
Brigham Young University,High School,Mathematics,Applied math part 1,19,HF,
Brigham Young University,High School,Mathematics,Applied math part 2,20,HF,
Brigham Young University,High School,Mathematics,Pre-algebra part 1,21,HF,
Brigham Young University,High School,Mathematics,Pre-algebra part 2,22,HF,
Brigham Young University,High School,Mathematics,Precalculus 1,23,HF,
Brigham Young University,High School,Mathematics,Precalculus 2,24,HF,
Brigham Young University,High School,Mathematics,Trigonometry part 2,12,HF,
Brigham Young University,High School,Music,Tennis 4 (HF) Science Biology part 1 1 (HF) Biology part 2 2 (HF) Chemistry part 1,20,HF,
Brigham Young University,High School,Music,Chemistry part 2,21,HF,
Brigham Young University,High School,Music,Earth science part 1,13,HF,
Brigham Young University,High School,Music,Earth science part 2,14,HF,
Brigham Young University,High School,Brighton Young University,Ecology 3 (HF) General astronomy,12,HF,
Brigham Young University,High School,Brighton Young University,General chemistry,18,HF,
Brigham Young University,High School,Brighton Young University,Human physiology /anatomy 4 (HF) Physics part 1,22,HF,
Brigham Young University,High School,Brighton Young University,Physics part 2,23,HF,
Brigham Young University,High School,Social Science,American government part 1,12,HF,
Brigham Young University,High School,Social Science,American government part 2,13,HF,
Brigham Young University,High School,Social Science,Consumer economics,18,HF,
Brigham Young University,High School,Social Science,Current events,38,HF,
Brigham Young University,High School,Social Science,Da ting-romance and reason,16,HF,
Brigham Young University,High School,Social Science,How to find your roots,21,HF,
Brigham Young University,High School,Social Science,Introduction to psychology,31,HF,
Brigham Young University,High School,Social Science,Peer counseling,40,HF,
Brigham Young University,High School,Social Science,Personal freedom: how to gain control of your life,14,HF,
Brigham Young University,High School,Social Science,Practical decision making,22,HF,
Brigham Young University,High School,Social Science,Project self-discovery,39,HF,
Brigham Young University,High School,Social Science,Sociology 1,27,HF,
Brigham Young University,High School,Social Science,Sociology 2,28,HF,
Brigham Young University,High School,Social Science,Studying in high school,25,"HF, AC",
Brigham Young University,High School,Understanding and improving your,memory,26,"HF, AC",
Brigham Young University,High School,Understanding and improving your,World history: Western hemisphere (N & S America) 9 (HF) World history: ancient civilizations,11,HF,
Brigham Young University,College,Accounting,Business law in the environment,341,2S,U
Brigham Young University,College,Accounting,Principles of accounting,200,3S,L
Brigham Young University,College,Accounting,Principles of accounting 2,210,3S,L
Brigham Young University,College,Accounting,Principles of financial accounting,201,3S,L
Brigham Young University,College,American Heritage,American heritage,100,3S,L
Brigham Young University,College,Animal Science,Applied animal nutrition,307,3S,U
Brigham Young University,College,Anthropology,Introduction to archaeology,110,3S,L
Brigham Young University,College,Anthropology,Social/cultural anthropology,101,3S,L
Brigham Young University,College,Art,19th-century European art,309,3S,U
Brigham Young University,College,Art,Introduction to calligraphy,109,2S,L
Brigham Young University,College,Art,Modern art,316,3S,U
Brigham Young University,College,Art,Survey of western art,I 211,3S,L
Brigham Young University,College,Art,Survey of western art,II 212,3S,L
Brigham Young University,College,Biology,Heredity and reproduction,276,3S,L
Brigham Young University,College,Biology,Principles of biology,100,3S,L
Brigham Young University,College,Botany,Plants through the ages,105,3S,L
Brigham Young University,College,Business,Marketing management,341,3S,U
Brigham Young University,College,Business Management,Financial management,301,3S,U
Brigham Young University,College,Business Management,Personal finance,200,2S,L
Brigham Young University,College,Chemistry,Elementary college chemistry,100,3S,L
Brigham Young University,College,Engineering mechanics-mechanics of,materials,203,3S,L
Brigham Young University,College,Engineering mechanics-mechanics of,Engineering mechanics-statics,103,2S,L
Brigham Young University,College,Clothing and Textiles,Textiles,261,3S,L
Brigham Young University,College,Communications,Mass communication and society,101,3S,L
Brigham Young University,College,Communications,Public speaking,150,3S,L
Brigham Young University,College,Communications,Rhetorical methods,310,3S,U
Brigham Young University,College,Theory of communication and persuasion,Writing for mass audiences,311,3S,U
Brigham Young University,College,Dance,Aerobic dance,130,"HF, VI, AC",L
Brigham Young University,College,Dance,Social dance: beginning,180,HF,L
Brigham Young University,College,Educational Leadership,The professional teacher,452,IS,U
Brigham Young University,College,Elementary Education,Children's literature,340,3S,U
Brigham Young University,College,English,American literature since 1914,363,3S,U
Brigham Young University,College,English,"English literature, 1603-1660: late Renaissance period",385,3S,U
Brigham Young University,College,English,"English literature, 1780-1832: the Romantic period",374,3S,U
Brigham Young University,College,English,"English literature, 1832 to 1890: Victorian period",375,3S,U
Brigham Young University,College,Expository writing for elementary,education majors,313,3S,U
Brigham Young University,College,Expository writing for elementary,"Fiction, drama, poetry",230,3S,L
Brigham Young University,College,Expository writing for elementary,Fundamentals: literary interpretation and criticism,251,3S,L
Brigham Young University,College,Expository writing for elementary,Grammar and usage,325,3S,U
Brigham Young University,College,Expository writing for elementary,Modern poetry,366,3S,U
Brigham Young University,College,Expository writing for elementary,Technical writing,316,3S,U
Brigham Young University,College,Expository writing for elementary,The American novel,336,3S,U
Brigham Young University,College,Expository writing for elementary,The English novel,333,3S,U
Brigham Young University,College,Expository writing for elementary,The short story,359,3S,U
Brigham Young University,College,Expository writing for elementary,Vocabulary building,225,2S,L
Brigham Young University,College,General / Interdisciplinary,Introduction to family science,160,3S,U
Brigham Young University,College,Food Science and Nutrition,Essentials of human nutrition,100,3S,L
Brigham Young University,College,Geography,Geography and world affairs,120,3S,L
Brigham Young University,College,Geography,Tour operation,352,3S,L
Brigham Young University,College,Geography,United States and Canada,450,3S,U
Brigham Young University,College,Geology,Introduction to geology,101,3S,L
Brigham Young University,College,Geology,Life of the past,103,3S,L
Brigham Young University,College,German for family historians and,Grammar and composition 2,321,3S,U
Brigham Young University,College,Health Sciences,Community health,451,"2S, AC",U
Brigham Young University,College,Health Sciences,Consumer health,370,2S,U
Brigham Young University,College,Driver and safety education workshop,First aid and safety instruction,121,2S,L
Brigham Young University,College,Driver and safety education workshop,Health and lifestyle management,129,IS,L
Brigham Young University,College,Driver and safety education workshop,Health and lifestyle management,130,2S,L
Brigham Young University,College,Driver and safety education workshop,Health and the aging process,466,2S,U
Brigham Young University,College,Driver and safety education workshop,Health crisis intervention,465,2S,U
Brigham Young University,College,"History, philosophy and foundations of",health,300,2S,U
Brigham Young University,College,Organization and administration of driver,and traffic safety education,444,2S,U
Brigham Young University,College,Organization and administration of driver,Safety education,325,2S,U
Brigham Young University,College,Hebrew,First-year biblical Hebrew,131,"4S, AC",L
Brigham Young University,College,Hebrew,First-year biblical Hebrew,132,4S,L
Brigham Young University,College,History,American family history,398,3S,U
Brigham Young University,College,History,Civil War,377,3S,U
Brigham Young University,College,History,English history to 1689,335,3S,U
Brigham Young University,College,Oral history interviewing and processing,The United States from 1877,121,3S,L
Brigham Young University,College,Oral history interviewing and processing,The United States to 1877,120,3S,L
Brigham Young University,College,General / Interdisciplinary,The family in Europe,326,3S,U
Brigham Young University,College,General / Interdisciplinary,Utah,366,3S,U
Brigham Young University,College,General / Interdisciplinary,World civilization since 1500,202,3S,L
Brigham Young University,College,General / Interdisciplinary,World civilization to 1500,201,3S,L
Brigham Young University,College,Humanities,Arts in western culture 2,202,3S,L
Brigham Young University,College,Latin,Latin for genealogists,121,3S,L
Brigham Young University,College,Management Communications,Written business communication,320,3S,U
Brigham Young University,College,Managerial Economics,Economics of market systems,300,3S,U
Brigham Young University,College,Managerial Economics,Calculus,I 112,4S,L
Brigham Young University,College,Managerial Economics,Calculus,II 113,4S,L
Brigham Young University,College,Managerial Economics,College algebra,110,3S,L
Brigham Young University,College,Managerial Economics,Concepts of mathematics,306,3S,U
Brigham Young University,College,Managerial Economics,Elementary linear algebra,343,3S,U
Brigham Young University,College,Managerial Economics,Finite math for teachers,301,3S,U
Brigham Young University,College,Managerial Economics,History of mathematics,300,3S,U
Brigham Young University,College,Managerial Economics,Introduction to calculus,119,4S,L
Brigham Young University,College,Managerial Economics,Survey of geometry,302,3S,U
Brigham Young University,College,Managerial Economics,Trigonometry,111,2S,L
Brigham Young University,College,Microbiology,General microbiology,221,3S,L
Brigham Young University,College,Mutii,Basic piano skills,113,2S,L
Brigham Young University,College,Mutii,Introduction to music,101,3S,L
Brigham Young University,College,Personnel and human resource,administration,327,3S,U
Brigham Young University,College,Philosophy,Deductive logic,205,3S,L
Brigham Young University,College,Philosophy,Introduction to philosophy,110,3S,L
Brigham Young University,College,Administration of athletic & intramural,programs,351,2S,U
Brigham Young University,College,Administration of athletic & intramural,"Bowling, beginning",116,HF,L
Brigham Young University,College,Administration of athletic & intramural,Fitness for living,129,HF,L
Brigham Young University,College,Administration of athletic & intramural,Intermediate swimming,172,HF,L
Brigham Young University,College,Administration of athletic & intramural,Jogging,139,HF,L
Brigham Young University,College,Administration of athletic & intramural,"Tennis, beginning",181,HF,L
Brigham Young University,College,Physical Sciences,Physical science,100,3S,L
Brigham Young University,College,Physics,Descriptive astronomy,127,3S,L
Brigham Young University,College,Physics,Introductory applied physics,105,3S,L
Brigham Young University,College,Physics,Introductory applied physics,106,3S,L
Brigham Young University,College,Political Science,Western political heritage 2,202,3S,L
Brigham Young University,College,Psychology,Abnormal psychology,342,3S,U
Brigham Young University,College,Psychology,Exceptional children,346,3S,U
Brigham Young University,College,Psychology,General psychology,111,3S,L
Brigham Young University,College,Interpersonal growth and group processes,Organizational psychology,330,3S,U
Brigham Young University,College,Interpersonal growth and group processes,Parenting,303,3S,U
Brigham Young University,College,Interpersonal growth and group processes,Personal and social adjustment,240,3S,L
Brigham Young University,College,Interpersonal growth and group processes,Personality,341,3S,U
Brigham Young University,College,Interpersonal growth and group processes,Principles of learning,361,3S,U
Brigham Young University,College,Interpersonal growth and group processes,Psychological statistics,301,4S,U
Brigham Young University,College,Understanding and improving your,memory,170,"IS, AC",L
Brigham Young University,College,Introduction to Latter-day Saint family,history,261,2S,L
Brigham Young University,College,Introduction to Latter-day Saint family,Latter-day Saint history from 1844 to the present,342,2S,U
Brigham Young University,College,Introduction to Latter-day Saint family,Teachings of the living prophets,333,2S,U
Brigham Young University,College,Introduction to Latter-day Saint family,The New Testament,211,2S,L
Brigham Young University,College,Introduction to Latter-day Saint family,The New Testament,212,2S,L
Brigham Young University,College,Introduction to Latter-day Saint family,The Old Testament,301,2S,U
Brigham Young University,College,Introduction to Latter-day Saint family,The Old Testament,302,2S,U
Brigham Young University,College,Introduction to Latter-day Saint family,The doctrine and covenants,324,2S,U
Brigham Young University,College,Introduction to Latter-day Saint family,The doctrine and covenants,325,2S,U
Brigham Young University,College,Introduction to Latter-day Saint family,The pearl of great price,327,2S,U
Brigham Young University,College,Secondary Education,Creativity in the classroom 3,7611,IS,U
Brigham Young University,College,Secondary Education,Evaluating student learning 3,7635,IS,U
Brigham Young University,College,Formulating useful instructional objectives,Improving discipline in the schools: 8 models 3,7634,IS,U
Brigham Young University,College,Questioning that turns students on rather,than off 3,7646,"IS, AC",U
Brigham Young University,College,Questioning that turns students on rather,Reflective teaching 3,7613,IS,U
Brigham Young University,College,Questioning that turns students on rather,Simulation and games 3,7636,IS,U
Brigham Young University,College,Social Work,Family interaction,211,3S,L
Brigham Young University,College,Introduction to social work research,methods,305,VC,U
Brigham Young University,College,Sociology,Applied social statistics,205,3S,L
Brigham Young University,College,Sociology,Current social problems,112,3S,U
Brigham Young University,College,Sociology,Methods of research in sociology,300,3S,U
Brigham Young University,College,Sociology,Sociology of aging,365,3S,U
Brigham Young University,College,Sociology,Sociology of education,326,3S,U
Brigham Young University,College,Spanish,Survey of Spanish literature,441,3S,U
Brigham Young University,College,Student Development,Career exploration,117,2S,L
Brigham Young University,College,Student Development,Effective study and learning,110,"2S, AC",U
Brigham Young University,College,Technology Education,Basic electricity,209,3S,L
Brigham Young University,College,Theater and Tilm,Introduction to the theater,115,3S,L
Brigham Young University,Graduate,Educational Psychology,Applied behavior analysis 5,1550,3S,
Brigham Young University,Graduate,Educational Psychology,Classroom management: obtaining student cooperation 5,1543,IS,
Brigham Young University,Graduate,Educational Psychology,Developing capable people 5,1510,2S,
Brigham Young University,Graduate,Educating students with severe and,profound handicaps,519,3S,
Brigham Young University,Graduate,Introduction to counseling and guidance,services,600,3S,
Brigham Young University,Graduate,Elementary Education,"Elementary school math: curriculum standards, K-4 5",1514,IS,
Brigham Young University,Graduate,Elementary Education,How to teach concepts 515R3 (2S) Improving discipline in the schools: 8 models 5,1534,IS,
Brigham Young University,Graduate,Reading-developing comprehension skills,Reflective teaching 5,1513,IS,
Brigham Young University,Graduate,Applying structured tutoring model to,advanced reading skills 5,1524,"2S, AC",
Brigham Young University,Graduate,Applying structured tutoring model to,basic math 5,1525,"2S, AC",
Brigham Young University,Graduate,Applving the structured tutoring model in,reading 5,1522,"2S, AC",
Brigham Young University,Graduate,Applving the structured tutoring model in,Companion reading programs: practicum 5,1519,2S,
Brigham Young University,Graduate,Applving the structured tutoring model in,"Instructional technology in teaching 515R6 (2S, VI) Microcomputers in the school 5",1530,"IS, CI",
Brigham Young University,Graduate,Recreation Management and Youth Leadership,Aging and leisure,490,2S,
Brigham Young University,Graduate,Secondary Education,Creativity in the classroom 5,1511,IS,
Brigham Young University,Graduate,Secondary Education,Evaluating student learning 5,1535,IS,
Brigham Young University,Graduate,Questions that turn students on rather than,off 5,1546,"IS, AC",
Brigham Young University,Graduate,Questions that turn students on rather than,Simulation and games 5,1536,IS,
Brigham Young University,Noncredit,Business,Understanding taxes,81,NC,
Brigham Young University,Noncredit,Understanding computers and information,processing,71,NC,
Brigham Young University,Noncredit,Early childhood learning experiences for,the home,71,"NC, VI, AC",
Brigham Young University,Noncredit,Preparing your child to succeed in school,Raising children in truth and light,80,NC,
Brigham Young University,Noncredit,Eight convenient steps to finding your roots,Ireland,74-3,NC,
Brigham Young University,Noncredit,Eight convenient steps to finding your roots,Midwestern states,72-3,NC,
Brigham Young University,Noncredit,Eight convenient steps to finding your roots,Northeastern states and Canada,72-1,NC,
Brigham Young University,Noncredit,Eight convenient steps to finding your roots,Scotland,74-1,NC,
Brigham Young University,Noncredit,Eight convenient steps to finding your roots,Southern states,72-2,NC,
Brigham Young University,Noncredit,Eight convenient steps to finding your roots,Writing family histories,80,NC,
Brigham Young University,Noncredit,Fine Arts,Calligraphy,73,NC,
Brigham Young University,Noncredit,Fine Arts,Drawing,72,NC,
Brigham Young University,Noncredit,Fine Arts,Flat pattern designing,75,NC,
Brigham Young University,Noncredit,Fine Arts,Fun guitar for all part 1,76,"NC, AC",
Brigham Young University,Noncredit,Fine Arts,Fun guitar for all part 2,77,"NC, AC",
Brigham Young University,Noncredit,Fine Arts,Italic handwriting,74,NC,
Brigham Young University,Noncredit,Health,Hooked on aerobics,71,"NC, AC, VI",
Brigham Young University,Noncredit,Languages,Building your vocabulary,77,NC,
Brigham Young University,Noncredit,Languages,English at home part 1,85-1,"NC, AC",
Brigham Young University,Noncredit,Languages,English at home part 2,85-2,"NC, AC",
Brigham Young University,Noncredit,Languages,English at home part 3,85-3,"NC, AC",
Brigham Young University,Noncredit,Languages,Expository writing: explaining your ideas,71,NC,
Brigham Young University,Noncredit,Languages,Narrative and descriptive writing: storytelling,72,NC,
Brigham Young University,Noncredit,Organ,Organ certification,71-76,NC,
Brigham Young University,Noncredit,Organ,Service playing certification,80,NC,
Brigham Young University,Noncredit,Personal Development,Changing undesired emotions,72,NC,
Brigham Young University,Noncredit,Personal Development,Dealing with loneliness,73,NC,
Brigham Young University,Noncredit,How to handle conflict at home and other,places,75,"NC, AC",
Brigham Young University,Noncredit,How to handle conflict at home and other,Taxidermy,79,NC,
Caldwell College,College,Art,Advanced drawing,304,3S,U
Caldwell College,College,Art,Advanced sculpture,450,3S,U
Caldwell College,College,Art,Advertising design,332,3S,U
Caldwell College,College,Art,African art history,346,3S,U
Caldwell College,College,Art,Art therapy practicum,430,3S,U
Caldwell College,College,Art,BFA thesis and exhibition,411,3S,U
Caldwell College,College,Art,Basic design,113,3S,L
Caldwell College,College,Art,Basic drawing,111,3S,L
Caldwell College,College,Art,Basic painting,280,3S,L
Caldwell College,College,Art,Basic photography,208,3S,L
Caldwell College,College,Art,Basic sculpture,250,3S,L
Caldwell College,College,Art,Ceramics,243,3S,L
Caldwell College,College,Art,Clinical art therapy,360,3S,U
Caldwell College,College,Art,Color theory,204,3S,L
Caldwell College,College,Art,Computer art,I 220,3S,L
Caldwell College,College,Art,Computer art,II 323,3S,U
Caldwell College,College,Art,Concepts of painting,262,3S,L
Caldwell College,College,Art,Contemporary art seminar,303,3S,U
Caldwell College,College,Art,Crafts workshop,344,3S,U
Caldwell College,College,"Creativity, communications, and technology",Current trends in art therapy,340,3S,U
Caldwell College,College,"Creativity, communications, and technology",Exploratory drawing,415,3S,U
Caldwell College,College,"Creativity, communications, and technology",Exploratory painting,314,3S,U
Caldwell College,College,"Creativity, communications, and technology",Field internship,489,3S,U
Caldwell College,College,"Creativity, communications, and technology",Filmmaking,420,3S,U
Caldwell College,College,"Creativity, communications, and technology",Illustration,355,3S,U
Caldwell College,College,"Creativity, communications, and technology",Independent study,499,3S,U
Caldwell College,College,"Creativity, communications, and technology",Intaglio,315,3S,U
Caldwell College,College,"Creativity, communications, and technology",Intermediate drawing,201,3S,L
Caldwell College,College,"Creativity, communications, and technology",Intermediate painting,I 341,3S,U
Caldwell College,College,"Creativity, communications, and technology",Intermediate painting,II 342,3S,U
Caldwell College,College,"Creativity, communications, and technology",Intermediate sculpture,319,3S,U
Caldwell College,College,"Creativity, communications, and technology",Introduction to art therapy,230,3S,L
Caldwell College,College,"Creativity, communications, and technology",Lettering and calligraphy,231,3S,L
Caldwell College,College,"Creativity, communications, and technology",Life drawing and anatomy,227,3S,L
Caldwell College,College,"Creativity, communications, and technology",Lithography,335,3S,U
Caldwell College,College,"Creativity, communications, and technology",Metals workshop,320,3S,U
Caldwell College,College,"Creativity, communications, and technology",Modern art,214,3S,L
Caldwell College,College,"Creativity, communications, and technology",Photographies,440,3S,U
Caldwell College,College,"Creativity, communications, and technology",Pre-Columbian art history,345,3S,U
Caldwell College,College,"Creativity, communications, and technology",Printing and publication design,339,3S,U
Caldwell College,College,"Creativity, communications, and technology",Relief printmaking,233,3S,L
Caldwell College,College,"Creativity, communications, and technology",Renaissance to modern art,213,3S,L
Caldwell College,College,"Creativity, communications, and technology",Sculptural concepts,240,3S,L
Caldwell College,College,"Creativity, communications, and technology",Senior seminar,410,3S,U
Caldwell College,College,"Creativity, communications, and technology",Serigraphy,235,3S,L
Caldwell College,College,"Creativity, communications, and technology",Stained glass workshop,435,3S,U
Caldwell College,College,"Creativity, communications, and technology",Visual communications,I 248,3S,L
Caldwell College,College,"Creativity, communications, and technology",Visual communications,II 350,3S,U
Caldwell College,College,"Creativity, communications, and technology",Visual communications,III 437,3S,U
Caldwell College,College,"Creativity, communications, and technology",Watercolor,216,3S,L
Caldwell College,College,Biology,Biological principles,103,2S,L
Caldwell College,College,Biology,Cell biology,210,3S,L
Caldwell College,College,Comparative anatomy and physiology II,Embryology,302,3S,U
Caldwell College,College,Comparative anatomy and physiology II,General biology,I 101,2S,L
Caldwell College,College,Comparative anatomy and physiology II,Microbiology,315,2S,U
Caldwell College,College,Comparative anatomy and physiology II,Research in biology,411,3S,U
Caldwell College,College,Business Administration,Accounting,I 211,3S,L
Caldwell College,College,Business Administration,Accounting,II 212,3S,L
Caldwell College,College,Business Administration,Advanced accounting,430,3S,U
Caldwell College,College,Business Administration,Advertising,360,3S,U
Caldwell College,College,Business Administration,Auditing,325,3S,U
Caldwell College,College,Business Administration,Business communications,110,3S,L
Caldwell College,College,Business Administration,Business cycles and forecasting,432,3S,U
Caldwell College,College,Business Administration,Business law,I 350,3S,U
Caldwell College,College,Business Administration,Business law,II 355,3S,U
Caldwell College,College,Business Administration,Business policy,420,3S,U
Caldwell College,College,Business Administration,Comparative economic systems,315,3S,U
Caldwell College,College,Business Administration,Consumer behavior,366,3S,U
Caldwell College,College,Business Administration,Contemporary business,105,3S,L
Caldwell College,College,Business Administration,Cooperative education,479,3S,U
Caldwell College,College,Business Administration,Cost accounting,323,3S,U
Caldwell College,College,Business Administration,Federal income taxes,332,3S,U
Caldwell College,College,Business Administration,Financial markets,431,3S,U
Caldwell College,College,Financing and management of working,capitol,442,3S,U
Caldwell College,College,Financing and management of working,Government and business,450,3S,U
Caldwell College,College,Financing and management of working,Human resources management,470,3S,U
Caldwell College,College,Financing and management of working,Industrial marketing,326,3S,U
Caldwell College,College,Financing and management of working,Intermediate accounting,I 321,3S,U
Caldwell College,College,Financing and management of working,Intermediate accounting,II 322,3S,U
Caldwell College,College,Financing and management of working,International accounting,319,3S,U
Caldwell College,College,Financing and management of working,International business,375,3S,U
Caldwell College,College,Financing and management of working,International development,318,3S,U
Caldwell College,College,Financing and management of working,International finance,417,3S,U
Caldwell College,College,Financing and management of working,International marketing,327,3S,U
Caldwell College,College,Financing and management of working,International trade,316,3S,U
Caldwell College,College,Financing and management of working,Interpersonal relations,261,3S,L
Caldwell College,College,Financing and management of working,Introduction to statistics,305,3S,U
Caldwell College,College,Financing and management of working,Investments management,338,3S,U
Caldwell College,College,Financing and management of working,Job search strategy and tactics,430,3S,U
Caldwell College,College,Financing and management of working,Labor relations management,334,3S,U
Caldwell College,College,Financing and management of working,Market research,380,3S,U
Caldwell College,College,Financing and management of working,Marketing,221,3S,L
Caldwell College,College,Financing and management of working,Marketing management,471,3S,U
Caldwell College,College,Financing and management of working,Microeconomics,205,3S,L
Caldwell College,College,Financing and management of working,Organizational behavior,370,3S,U
Caldwell College,College,Financing and management of working,Organizational theory,422,3S,U
Caldwell College,College,Financing and management of working,Principles of finance,337,3S,U
Caldwell College,College,Financing and management of working,Principles of management,330,3S,U
Caldwell College,College,Financing and management of working,Public sector economics,317,3S,U
Caldwell College,College,Financing and management of working,Quantitative methods,335,3S,U
Caldwell College,College,Financing and management of working,Retailing,480,3S,U
Caldwell College,College,Financing and management of working,Sales management,416,3S,U
Caldwell College,College,Financing and management of working,Salesmanship,207,3S,L
Caldwell College,College,Financing and management of working,Small business management,460,3S,U
Caldwell College,College,Financing and management of working,Urban economics,390,3S,U
Caldwell College,College,Chemistry,Advanced inorganic chemistry,405,3S,U
Caldwell College,College,Analytical chemistry II/instrumental,analysis,307,2S,U
Caldwell College,College,Analytical chemistry II/instrumental,Biochemistry,II 402,3S,U
Caldwell College,College,Analytical chemistry II/instrumental,General chemistry,I 111,3S,L
Caldwell College,College,Analytical chemistry II/instrumental,Literature/research,411,4S,U
Caldwell College,College,Analytical chemistry II/instrumental,Organic chemistry,I 203,4S,L
Caldwell College,College,Analytical chemistry II/instrumental,Physical chemistry,II 404,3S,U
Caldwell College,College,Communication Arts,Advanced broadcast journalism,325,3S,U
Caldwell College,College,Communication Arts,Advanced public speaking,280,3S,L
Caldwell College,College,Communication Arts,Advanced television production,404,3S,U
Caldwell College,College,Communication Arts,Audio production,220,3S,L
Caldwell College,College,Communication Arts,Broadcast journalism,225,3S,L
Caldwell College,College,Communication Arts,Children's television,330,3S,U
Caldwell College,College,Communication Arts,Electronic field production,308,3S,U
Caldwell College,College,Communication Arts,Instructional media,412,3S,U
Caldwell College,College,Communication Arts,Introduction to radio /TV writing,245,3S,L
Caldwell College,College,Communication Arts,Television production,210,3S,L
Caldwell College,College,Communication Arts,Television programming,305,3S,U
Caldwell College,College,Communication Arts,Television /film criticism,302,3S,U
Caldwell College,College,Communication Arts,The communications industry,212,3S,L
Caldwell College,College,Communication Arts,Video tape editing,310,3S,U
Caldwell College,College,Computer Science,Advanced data structures,318,3S,U
Caldwell College,College,Computer Science,Data management systems,317,3S,U
Caldwell College,College,Computer Science,Data structures and algorithms,216,3S,L
Caldwell College,College,Computer Science,Decision support software,219,3S,L
Caldwell College,College,Computer Science,Elements of systems analysis,315,3S,U
Caldwell College,College,Computer Science,Operating systems,316,3S,U
Caldwell College,College,Computer Science,Systems programming,319,3S,U
Caldwell College,College,Computer Science,Theory of computation,430,3S,U
Caldwell College,College,Criminal Justice Studies,Community-based corrections,280,3S,L
Caldwell College,College,Criminal Justice Studies,Criminal investigation,425,3S,U
Caldwell College,College,Criminal Justice Studies,Introduction to security,285,3S,L
Caldwell College,College,Criminal Justice Studies,Juvenile justice,275,3S,L
Caldwell College,College,Criminal Justice Studies,Organized crime in America: the early 1900's,387,3S,U
Caldwell College,College,Education,Art education methods K-12,411,3S,U
Caldwell College,College,Curriculum in early childhood education,Diagnostic reading instruction,328,3S,U
Caldwell College,College,Curriculum in early childhood education,Dynamics of evaluation,319,3S,U
Caldwell College,College,Educating the socially and emotionally,maladjusted chid,335,3S,U
Caldwell College,College,Educational perspectives in learning,disabilities,334,3S,U
Caldwell College,College,Educational perspectives in learning,Elementary school education,412,9S,U
Caldwell College,College,Introduction to the education of exceptional,children,331,3S,U
Caldwell College,College,Introduction to the education of exceptional,Junior field practicum,389,3S,U
Caldwell College,College,Introduction to the education of exceptional,Language arts,313,3S,U
Caldwell College,College,Introduction to the education of exceptional,Mental health,452,3S,U
Caldwell College,College,Methods of teaching health for school,nurses K-12,409,3S,U
Caldwell College,College,Methods of teaching modern foreign,language K-12,402,3S,U
Caldwell College,College,Cahlwcll College,Methods of teaching music K-12,408,3S,U
Caldwell College,College,Modern approaches to successful teaching,Public school curriculum K-12,315,3S,U
Caldwell College,College,Modern approaches to successful teaching,School nursing,I 451,3S,U
Caldwell College,College,Modern approaches to successful teaching,School nursing,II 455,3S,U
Caldwell College,College,Modern approaches to successful teaching,Student teaching and seminar,406,9S,U
Caldwell College,College,English,American images in literature,227,3S,L
Caldwell College,College,English,American literature,305,3S,U
Caldwell College,College,English,Basic composition,101,3S,L
Caldwell College,College,English,Contemporary fiction,413,3S,U
Caldwell College,College,English,Contemporary poetry,411,3S,U
Caldwell College,College,English,Creative writing,406,3S,U
Caldwell College,College,English,English literature,306,3S,U
Caldwell College,College,History and structure of the English,language,420,3S,U
Caldwell College,College,History and structure of the English,Introduction to drama,202,3S,L
Caldwell College,College,History and structure of the English,Literary criticism,317,3S,U
Caldwell College,College,History and structure of the English,Literary types and themes,111,3S,L
Caldwell College,College,History and structure of the English,Medieval literature,405,3S,U
Caldwell College,College,History and structure of the English,Modern poetry,409,3S,U
Caldwell College,College,History and structure of the English,Psychology and literature,226,3S,L
Caldwell College,College,History and structure of the English,Renaissance poetry and prose,302,3S,U
Caldwell College,College,History and structure of the English,Russian literature in translation,412,3S,U
Caldwell College,College,History and structure of the English,Seminar,410,3S,U
Caldwell College,College,History and structure of the English,Shakespeare: plays of love,417,3S,U
Caldwell College,College,History and structure of the English,Shakespeare: plays of politics,401,3S,U
Caldwell College,College,History and structure of the English,The American novel,313,3S,U
Caldwell College,College,History and structure of the English,The English novel,312,3S,U
Caldwell College,College,History and structure of the English,The age of Chaucer,311,3S,U
Caldwell College,College,History and structure of the English,The age of Milton,309,3S,U
Caldwell College,College,History and structure of the English,The age of satire,402,3S,U
Caldwell College,College,History and structure of the English,Theater arts,228,3S,L
Caldwell College,College,History and structure of the English,Western world literature,I 203,3S,L
Caldwell College,College,History and structure of the English,Western world literature,II 204,3S,L
Caldwell College,College,History and structure of the English,Women in literature,221,3S,L
Caldwell College,College,History and structure of the English,Writing for performance,408,3S,U
Caldwell College,College,History and structure of the English,Writing power,320,3S,U
Caldwell College,College,English as n Second Language,ESL reading-beginning,II 091,3S,L
Caldwell College,College,English as n Second Language,ESL reading-intermediate,I 092,3S,L
Caldwell College,College,English as n Second Language,ESL reading-intermediate,II 093,3S,L
Caldwell College,College,English as n Second Language,English reading-beginning 1,090,3S,L
Caldwell College,College,Fine Arts,The language of music,202,2S,L
Caldwell College,College,Foreign Languages,Advanced French grammar,I 307,3S,U
Caldwell College,College,Foreign Languages,Advanced French grammar,II 308,3S,U
Caldwell College,College,Foreign Languages,Advanced French translation,412,3S,U
Caldwell College,College,Advanced Spanish grammar & applied,linguistics,II 308,3S,U
Caldwell College,College,Advanced Spanish grammar and applied,linguistics,I 307,3S,U
Caldwell College,College,Advanced Spanish grammar and applied,Cervantes and the novel,406,3S,U
Caldwell College,College,Advanced Spanish grammar and applied,Elementary French,I 101,3S,L
Caldwell College,College,Advanced Spanish grammar and applied,Elementary French,II 102,3S,L
Caldwell College,College,Advanced Spanish grammar and applied,Elementary German,I 101,3S,L
Caldwell College,College,Advanced Spanish grammar and applied,Elementary German,II 102,3S,L
Caldwell College,College,Advanced Spanish grammar and applied,Elementary Italian,I 101,3S,L
Caldwell College,College,Advanced Spanish grammar and applied,Elementary Italian,II 102,3S,L
Caldwell College,College,Advanced Spanish grammar and applied,Elementary Spanish,I 101,3S,L
Caldwell College,College,Advanced Spanish grammar and applied,Elementary Spanish,II 102,3S,L
Caldwell College,College,External degree French language and,culture,I 113,3S,L
Caldwell College,College,External degree French language and,culture,II 114,3S,L
Caldwell College,College,External degree Spanish language and,French civilization,207,3S,L
Caldwell College,College,External degree Spanish language and,French literature,II 306,3S,U
Caldwell College,College,External degree Spanish language and,French translation,411,3S,U
Caldwell College,College,External degree Spanish language and,Hispanic civilization,207,3S,L
Caldwell College,College,External degree Spanish language and,Independent study (French),499,3S,U
Caldwell College,College,External degree Spanish language and,Independent study (Spanish),499,3S,U
Caldwell College,College,External degree Spanish language and,Intensive review French,110,3S,L
Caldwell College,College,External degree Spanish language and,Intensive review Spanish,110,3S,L
Caldwell College,College,External degree Spanish language and,Intermediate French,I 111,3S,L
Caldwell College,College,External degree Spanish language and,Intermediate French,II 112,3S,L
Caldwell College,College,External degree Spanish language and,Intermediate German,I 111,3S,L
Caldwell College,College,External degree Spanish language and,Intermediate German,II 112,3S,L
Caldwell College,College,External degree Spanish language and,Intermediate Italian,I 111,3S,L
Caldwell College,College,External degree Spanish language and,Intermediate Italian,II 112,3S,L
Caldwell College,College,External degree Spanish language and,Intermediate Spanish,I 111,3S,L
Caldwell College,College,External degree Spanish language and,Intermediate Spanish,II 112,3S,L
Caldwell College,College,External degree Spanish language and,Introduction to linguistics,301,3S,U
Caldwell College,College,Literary movements of the nineteenth,century,407,3S,U
Caldwell College,College,Spanish conversation and composition II,Spanish for native speakers,I 115,3S,L
Caldwell College,College,Spanish conversation and composition II,Spanish for native speakers,II 116,3S,L
Caldwell College,College,Spanish conversation and composition II,Spanish literature,I 305,3S,U
Caldwell College,College,Spanish conversation and composition II,Spanish literature,II 306,3S,U
Caldwell College,College,Spanish conversation and composition II,Spanish translation,412,3S,U
Caldwell College,College,General / Interdisciplinary,The generation of 1898,401,3S,U
Caldwell College,College,General / Interdisciplinary,Topics in Spanish studies,409,3S,U
Caldwell College,College,General / Interdisciplinary,Health care continuum,220,3S,L
Caldwell College,College,General / Interdisciplinary,Principles of human services,315,3S,U
Caldwell College,College,History and Political Science,American Constitutional history,405,3S,U
Caldwell College,College,History and Political Science,American government,225,3S,L
Caldwell College,College,History and Political Science,American intellectual history,408,3S,U
Caldwell College,College,History and Political Science,American parties and politics,325,3S,U
Caldwell College,College,History and Political Science,Ethnic politics,328,3S,U
Caldwell College,College,History and Political Science,European social history,212,3S,L
Caldwell College,College,History and Political Science,International relations,362,3S,U
Caldwell College,College,History and Political Science,Internship,489,3S,U
Caldwell College,College,History and Political Science,Introduction to African history,333,3S,U
Caldwell College,College,History and Political Science,Introduction to Asian history,331,3S,U
Caldwell College,College,Introduction to the American legal system,Modern British history,316,3S,U
Caldwell College,College,Introduction to the American legal system,Modern Irish history,326,3S,U
Caldwell College,College,Introduction to the American legal system,Recent America,440,3S,U
Caldwell College,College,Introduction to the American legal system,Social science research methods,340,3S,U
Caldwell College,College,Introduction to the American legal system,State and local government,230,3S,L
Caldwell College,College,General / Interdisciplinary,The Western heritage,I 101,3S,L
Caldwell College,College,General / Interdisciplinary,The Western heritage,II 102,3S,L
Caldwell College,College,General / Interdisciplinary,The contemporary world,430,3S,U
Caldwell College,College,General / Interdisciplinary,Travel experience,312,3S,U
Caldwell College,College,United States foreign policy and diplomacy,Women in history,210,3S,L
Caldwell College,College,Library Science,Literature for children,422,3S,U
Caldwell College,College,Library Science,Literature for young adults,423,3S,U
Caldwell College,College,Mathematics,Abstract algebra,306,3S,U
Caldwell College,College,Mathematics,Applications of statistics,322,3S,U
Caldwell College,College,Applied math for business and the social,sciences,120,3S,L
Caldwell College,College,Applied math for business and the social,Basic algebraic skills,090,3S,L
Caldwell College,College,Applied math for business and the social,Basic mathematical techniques,085,3S,L
Caldwell College,College,Applied math for business and the social,Calculus,I 220,4S,L
Caldwell College,College,Applied math for business and the social,Calculus,II 221,4S,L
Caldwell College,College,Applied math for business and the social,Calculus,III 308,4S,U
Caldwell College,College,Applied math for business and the social,Calculus,IV 402,3S,U
Caldwell College,College,Applied math for business and the social,Concepts of mathematics,112,3S,L
Caldwell College,College,Applied math for business and the social,Differential equations,401,3S,U
Caldwell College,College,Applied math for business and the social,Discrete structures,222,3S,L
Caldwell College,College,Applied math for business and the social,Foundations of analysis,I 107,3S,L
Caldwell College,College,Applied math for business and the social,Foundations of analysis,II 108,3S,L
Caldwell College,College,Applied math for business and the social,Foundations of mathematics,309,3S,U
Caldwell College,College,Applied math for business and the social,Introduction to real analysis,411,3S,U
Caldwell College,College,Applied math for business and the social,Linear algebra,214,3S,L
Caldwell College,College,Applied math for business and the social,Modern geometry,307,3S,U
Caldwell College,College,Applied math for business and the social,Number theory,331,3S,U
Caldwell College,College,Applied math for business and the social,Numerical analysis,I 409,3S,U
Caldwell College,College,Applied math for business and the social,Numerical analysis,II 410,3S,U
Caldwell College,College,Applied math for business and the social,Statistical computing,328,3S,U
Caldwell College,College,Applied math for business and the social,Structures of mathematics,204,3S,L
Caldwell College,College,Musk,American music,340,3S,U
Caldwell College,College,Musk,Applied music,101,IS,L
Caldwell College,College,Musk,College choir,I 105,IS,L
Caldwell College,College,Musk,Composition,309,2S,L
Caldwell College,College,Musk,Conducting,310,3S,U
Caldwell College,College,Musk,Ensembles,111,IS,L
Caldwell College,College,Musk,History and literature of music,I 206,3S,L
Caldwell College,College,Musk,History and literature of music,II 207,3S,L
Caldwell College,College,Musk,Instrumental techniques,I 208,IS,L
Caldwell College,College,Musk,Instrumental techniques,II 308,IS,U
Caldwell College,College,Musk,Instrumental techniques,III 408,IS,U
Caldwell College,College,Musk,Jazz studies,220,3S,L
Caldwell College,College,Musk,Keyboard harmony,315,2S,U
Caldwell College,College,Musk,"Style, form, and analysis",425,2S,U
Caldwell College,College,Musk,Theory,I 103,3S,L
Caldwell College,College,Musk,Theory,II 104,3S,L
Caldwell College,College,Musk,Theory,III 203,3S,L
Caldwell College,College,Musk,Theory,IV 204,3S,L
Caldwell College,College,Philosophy,American philosophy,214,3S,L
Caldwell College,College,Philosophy,Business ethics,216,3S,L
Caldwell College,College,Philosophy,Introduction to philosophy,202,3S,L
Caldwell College,College,Philosophy,Logic,202,3S,L
Caldwell College,College,Philosophy of psychology and social science,Philosophy of religion,315,3S,U
Caldwell College,College,Philosophy of psychology and social science,Philosophy of science,322,3S,U
Caldwell College,College,Philosophy of psychology and social science,Philosophy of the human person,210,3S,L
Caldwell College,College,Philosophy of psychology and social science,Reality as existential,207,3S,L
Caldwell College,College,Philosophy of psychology and social science,Twentieth century philosophy,212,3S,L
Caldwell College,College,Physical Science,Astronomy,104,3S,L
Caldwell College,College,Physical Science,Departmental seminar,341,IS,U
Caldwell College,College,Physical Science,Environmental science,102,3S,L
Caldwell College,College,Physical Science,General physics,I 201,3S,L
Caldwell College,College,Physical Science,Survey of the physical sciences,101,3S,L
Caldwell College,College,Psychology,Abnormal psychology,309,3S,U
Caldwell College,College,Psychology,Applied behavioral psychology,312,3S,U
Caldwell College,College,Psychology,Career counseling,310,3S,U
Caldwell College,College,Psychology,Career planning workshop,288,IS,L
Caldwell College,College,Psychology,Clinical psychology,406,3S,U
Caldwell College,College,Psychology,Counseling psychology,313,3S,U
Caldwell College,College,Psychology,Cross-cultural counseling,318,3S,U
Caldwell College,College,Psychology,Educational psychology,322,3S,U
Caldwell College,College,Psychology,Experimental psychology,402,3S,U
Caldwell College,College,Psychology,General psychology,204,3S,L
Caldwell College,College,Psychology,Human sexuality,215,3S,L
Caldwell College,College,Humanistic and transpersonal psychology,Peer advisor,289,3S,L
Caldwell College,College,Humanistic and transpersonal psychology,Perspectives in psychology,100,3S,L
Caldwell College,College,Philosophical and historical trends in,psychology,325,3S,U
Caldwell College,College,Philosophical and historical trends in,Psychological statistics,208,3S,L
Caldwell College,College,Philosophical and historical trends in,Psychology and the law,324,3S,U
Caldwell College,College,Philosophical and historical trends in,Psychology of addiction,330,3S,U
Caldwell College,College,Philosophical and historical trends in,Psychology of adult life styles,306,3S,U
Caldwell College,College,Philosophical and historical trends in,Psychology of learning,328,3S,U
Caldwell College,College,Philosophical and historical trends in,Social psychology,314,3S,U
Caldwell College,College,Philosophical and historical trends in,Total student development,189,IS,L
Caldwell College,College,Religious Studies,Christian biomedical ethics,215,3S,L
Caldwell College,College,Religious Studies,Christian responsibility,201,3S,L
Caldwell College,College,Religious Studies,Christian social conscience,209,3S,L
Caldwell College,College,Religious Studies,Christian spirituality,371,3S,U
Caldwell College,College,Religious Studies,Contemporary Jewish thought,421,3S,U
Caldwell College,College,Religious Studies,History of Judaism,420,3S,U
Caldwell College,College,"Jesus Christ, yesterday today and forever",Marriage and Catholic thought,415,3S,U
Caldwell College,College,"Jesus Christ, yesterday today and forever",Ministry in the church,428,3S,U
Caldwell College,College,"Jesus Christ, yesterday today and forever",Reflections on ministry,414,3S,U
Caldwell College,College,"Jesus Christ, yesterday today and forever",Sacraments in contemporary life,312,3S,U
Caldwell College,College,"Jesus Christ, yesterday today and forever",The Old Testament,318,3S,U
Caldwell College,College,"Jesus Christ, yesterday today and forever",The church and the churches,321,3S,U
Caldwell College,College,"Jesus Christ, yesterday today and forever",The history of Christian thought,316,3S,U
Caldwell College,College,"Jesus Christ, yesterday today and forever",Ways of meditation,424,3S,U
Caldwell College,College,"Jesus Christ, yesterday today and forever",Women and religion,426,3S,U
Caldwell College,College,Sociology,Contemporary social problems,474,3S,U
Caldwell College,College,Sociology,Criminology,335,3S,U
Caldwell College,College,Sociology,Cultural anthropology,225,3S,L
Caldwell College,College,Sociology,Intro to sociology II: institutions and change,102,3S,L
Caldwell College,College,Sociology,Sociological theory,236,3S,L
Caldwell College,College,Sociology,Sociology of aging,339,3S,U
Caldwell College,College,Sociology,Sociology of deviance,348,3S,U
Caldwell College,College,Sociology,Sociology of education,343,3S,U
Caldwell College,College,Sociology,Sociology of poverty,231,3S,L
Caldwell College,College,Sociology,Sociology of sex roles,425,3S,U
Caldwell College,College,Sociology,Television and society,312,3S,U
Caldwell College,Graduate,"Alienation, estrangement, and subcultures",Defining the humanities: art,504,2S,
Caldwell College,Graduate,"Alienation, estrangement, and subcultures",Defining the humanities: history,501,2S,
Caldwell College,Graduate,"Alienation, estrangement, and subcultures",Defining the humanities: literature,502,2S,
Caldwell College,Graduate,"Alienation, estrangement, and subcultures",Defining the humanities: music,503,2S,
Caldwell College,Graduate,"Alienation, estrangement, and subcultures",Final project,599,VC,
Caldwell College,Graduate,"Alienation, estrangement, and subcultures",Humanities encounter: art,520,VC,
Caldwell College,Graduate,"Alienation, estrangement, and subcultures",Humanities encounter: history,523,VC,
Caldwell College,Graduate,"Alienation, estrangement, and subcultures",Humanities encounter: the living theatre,521,VC,
Central Michigan University,College,Accounting,Principles of accounting,I 201,3S,L
Central Michigan University,College,Accounting,Principles of accounting,II 202,3S,L
Central Michigan University,College,Biology,Ecology,340,3S,L
Central Michigan University,College,Biology,Nature study,229,3S,L
Central Michigan University,College,Computer Science,Survey of computer science,501,3S,U
Central Michigan University,College,Economics,Principles of economics,I 201,3S,L
Central Michigan University,College,Economics,Principles of economics,II 202,3S,L
Central Michigan University,College,English,Fantasy and science fiction,323,3S,L
Central Michigan University,College,English Language and Literature,American literature,251,3S,L
Central Michigan University,College,English Language and Literature,American literature,252,3S,L
Central Michigan University,College,Geography,Cultures of the world,121,3S,L
Central Michigan University,College,Health Education,Community health,317,3S,L
Central Michigan University,College,Health Education,Health services administration,520,3S,U
Central Michigan University,College,Health Education,Mood modifiers,235,3S,L
Central Michigan University,College,Health Education,Personal health,106,3S,L
Central Michigan University,College,Library,Introduction to the library,197,IS,L
Central Michigan University,College,Management,Global management strategy,495,3S,U
Central Michigan University,College,Management,Introduction to management,312,3S,L
Central Michigan University,College,Management,Women in management,357,3S,L
Central Michigan University,College,Marketing,Introduction to marketing,300,3S,L
Central Michigan University,College,Mathematics,College algebra,107,3S,L
Central Michigan University,College,Mathematics,Plane trigonometry,106,3S,L
Central Michigan University,College,Music,Musical management,110,3S,L
Central Michigan University,College,Physics,Physics for poets,100,3S,L
Central Michigan University,College,Political Science,American political thought,371,3S,L
Central Michigan University,College,Introduction to American government and,politics,105,3S,L
Central Michigan University,College,Personnel and organization in public,bureaucracies,511,3S,U
Central Michigan University,College,Personnel and organization in public,World politics,150,3S,L
Central Michigan University,College,Sociology,Introduction to human sexuality,213,3S,L
Central Michigan University,College,Sociology,Minorities,323,3S,L
Central Michigan University,College,Spanish Language and Literature,Elementary Spanish,I 101,4S,L
Central Michigan University,College,Spanish Language and Literature,Elementary Spanish,II 102,4S,L
Central Michigan University,College,Spanish Language and Literature,Spanish for business,335,3S,U
Central Michigan University,College,Statistics,Introduction to statistics,282,3S,L
Chadron State College,College,Agriculture and Industrial Technology,Safety education,IT334,3S,U
Chadron State College,College,Business and Economics,Auditing,AC438,3S,U
Chadron State College,College,Business and Economics,Business law I,BA337,3S,U
Chadron State College,College,Business and Economics,Business law II,BA432,3S,U
Chadron State College,College,Business and Economics,Buyer behavior,MK338,3S,U
Colorado State University,Graduate,Education,The middle school,ED533,3S,
Colorado State University,College,Management and control of on-farm stored,grain,A466,IS,U
Colorado State University,College,Management and control of,wood-destroying pests,A467,2S,U
Colorado State University,College,Management and control of,Pesticide management,A465,3S,U
Colorado State University,College,Animal Sciences,Basic nutrition for pets,AN322,2S,U
Colorado State University,College,Animal Sciences,Commercial poultry industry,AN371,3S,U
Colorado State University,College,Economics,Intermediate economics,EC304,3S,U
Colorado State University,College,Creative experiences for preschool children,Curriculum development,HD375,3S,U
Colorado State University,College,Creative experiences for preschool children,Studying young children,HD276,2S,L
Colorado State University,College,Industrial Sciences,AutoCAD fundamentals: AutoCAD 10,IS134,3S,L
Colorado State University,College,Occupational and Educational Psychology,Educational psychology,ED355,3S,U
Colorado State University,College,Philosophy,Practical thinking,PL101,"3S, CI",L
Colorado State University,College,Psychology,Environmental psychology,PY316,3S,U
Colorado State University,College,Management of the wilderness resource,Management of wilderness,RR438,2S,U
Colorado State University,College,"Off-road vehicle, river, and winter",recreation,RR437,2S,U
Colorado State University,College,"Recreation, visual, cultural resource",Special uses management,NR433,4S,U
Colorado State University,College,"Trails, facility design, operation, and",maintenance,RR435,3S,U
Colorado State University,College,Wilderness management skills and,projections,RR455,3S,U
Colorado State University,College,Wilderness philosophy and ethic,development,RR450,3S,U
Colorado State University,Graduate,Hist ory,Imperial Russia,HY440,3S,
Colorado State University,Graduate,Human Development and Family Studies,Administration of child care centers HD439 (3S) Play behavior,HD430,3S,
Colorado State University,Graduate,Recreation Resources,Foundations of forest recreation,RR432,IS,
Colorado State University,Graduate,Foundations of national forest lands,Linear uses and FERC licenses,NR434,3S,
Columbia Union College,College,Accounting,Principles of accounting,211,3S,L
Columbia Union College,College,Biology,A scientific study of creation,311,2S,U
Columbia Union College,College,Business,Business law,283,3S,L
Columbia Union College,College,Business,Quantitative methods,315,2S,U
Columbia Union College,College,Business,Typing,105,3S,L
Columbia Union College,College,Computer Science,Introduction to computers,105,3S,L
Columbia Union College,College,Economics,Principles of economics I-macro,265,3S,L
Columbia Union College,College,Economics,Principles of economics II-micro,266,3S,L
Columbia Union College,College,Education,Evaluation in teaching,360,3S,U
Columbia Union College,College,Fundamentals of curriculum development,Health education,260,3S,L
Columbia Union College,College,English,American literature,I 221,3S,L
Columbia Union College,College,English,American literature,II 222,3S,L
Columbia Union College,College,English,English literature,I 241,3S,L
Columbia Union College,College,English,English literature,II 242,3S,L
Columbia Union College,College,English,Research and literature,102,3S,L
Columbia Union College,College,Finance,Business finance,325,3S,U
Columbia Union College,College,Foods/Nutrition,Nutrition,300,3S,U
Columbia Union College,College,French,French,1110,"4S, AC",L
Columbia Union College,College,Geography,Cultural geography,351,2S,U
Columbia Union College,College,Health Science,Healthier living,110,3S,L
Columbia Union College,College,History,American civilization,I 275,3S,L
Columbia Union College,College,History,American civilization,II 276,3S,L
Columbia Union College,College,History,Early Christian church,325,3S,U
Columbia Union College,College,History,History of world civilization,I 125,3S,L
Columbia Union College,College,History,History of world civilization,II 126,3S,L
Columbia Union College,College,History,Modern Christian church,326,3S,U
Columbia Union College,College,Management,Business strategy and policy,485,3S,U
Columbia Union College,College,Management,Personnel management,333,3S,U
Columbia Union College,College,Management,Principles of management,330,3S,U
Columbia Union College,College,Marketing,Principles of marketing,310,3S,U
Columbia Union College,College,Mathematics,Intermediate college algebra,120,4S,L
Columbia Union College,College,Mathematics,Probability and statistics,110,4S,L
Columbia Union College,College,Music,Music appreciation,204,3S,L
Columbia Union College,College,Political Science,American government,250,3S,L
Columbia Union College,College,Psychology,Abnormal psychology,360,3S,U
Columbia Union College,College,Psychology,Independent study project,495,2S,U
Columbia Union College,College,Psychology,Introduction to psychology,105,3S,L
Columbia Union College,College,Psychology,Motivation and perception,355,3S,U
Columbia Union College,College,Psychology,Organization and work,315,3S,U
Columbia Union College,College,Psychology of development and learning,Social psychology,305,4S,U
Columbia Union College,College,Religion,Acts and the Epistles,405,3S,U
Columbia Union College,College,Religion,Adventist heritage,270,3S,L
Columbia Union College,College,Religion,Bible survey,101,4S,L
Columbia Union College,College,Religion,Biblical preaching,308,3S,U
Columbia Union College,College,Religion,Biblical theology,410,3S,U
Columbia Union College,College,Religion,Cross-culutural ministry,460,3S,U
Columbia Union College,College,Religion,Elementary Greek,201,4S,L
Columbia Union College,College,Religion,Hebrew prophets,310,3S,U
Columbia Union College,College,Religion,Intermediate Greek,251,4S,L
Columbia Union College,College,Religion,Knowing and sharing Christ,220,3S,L
Columbia Union College,College,Religion,Old Testament prophets-early,355,3S,U
Columbia Union College,College,Religion,Old Testament prophets-later,336,3S,U
Columbia Union College,College,Religion,Paul and his letters,335,3S,U
Columbia Union College,College,Religion,Principles of Bible instruction,235,4S,L
Columbia Union College,College,Religion,Principles of Christian faith,250,3S,L
Columbia Union College,College,Religion,Prophecies of Daniel,325,3S,U
Columbia Union College,College,Religion,Prophetic guidance,360,2S,U
Columbia Union College,College,Religion,Public evangelism,370,2S,U
Columbia Union College,College,Religion,Science and Christian belief,314,IS,U
Columbia Union College,College,Religion,World religions,280,3S,L
Columbia Union College,College,Respiratory Care,Advanced human physiology,435,3S,U
Columbia Union College,College,Respiratory Care,Advanced patient assessment,355,3S,U
Columbia Union College,College,Respiratory Care,Current concepts,420,3S,U
Columbia Union College,College,Respiratory Care,Hemodynamic monitoring,365,4S,U
Columbia Union College,College,Respiratory Care,Physical fitness assessment,425,3S,U
Columbia Union College,College,Respiratory Care,Seminar in human diseases,360,2S,U
Columbia Union College,College,Sociology,General sociology,105,3S,L
Columbia Union College,College,Spanish,Spanish,I 110,"4S, AC",L
Columbia Union College,College,Spanish,Spanish,II 150,"4S, AC",L
Eastern Kentucky University,College,Anthropology,Human variation,111,3S,L
Eastern Kentucky University,College,Atmospheric Sciences,Synoptic meteorology,I 561,3S,U
Eastern Kentucky University,College,"Writers, artists, and the human response to",the land,381,3S,U
Eastern Kentucky University,College,Mathematics,Basic algebra,101,3S,L
Eastern Kentucky University,College,Mathematics,College algebra,135,3S,L
Eastern Kentucky University,College,Mathematics,Intermediate algebra,103,3S,L
Eastern Kentucky University,College,Mathematics,Trigonometry,137,3S,L
Eastern Kentucky University,College,Nursing,Nutrition,223,2S,L
Eastern Kentucky University,College,Critical and historical introduction to,philosophy,107,"3S, SL",L
Eastern Kentucky University,College,Physics,Einstein and modern physics,147,3S,L
Eastern Kentucky University,College,Physics,Sound and music,127,3S,L
Eastern Kentucky University,College,Psychology,'Child psychology,223,3S,L
Eastern Kentucky University,College,Psychology,Developmental psychology,231,3S,L
Eastern Kentucky University,College,Psychology,Introductory psychology,111,3S,L
Eastern Kentucky University,College,Psychology,Marriage and family values,436,3S,U
Eastern Kentucky University,College,Sociology,Self and society,101,3S,L
Eastern Kentucky University,High School,Economics,Economics,12,HF,
Eastern Kentucky University,High School,English,English grammar,12,HF,
Eastern Kentucky University,High School,Government,Government,12,HF,
Eastern Kentucky University,High School,Sociology,Sociology,12,HF,
Eastern Kentucky University,College,Administrative Systems and Business Education,Business and office calculations,254,3S,L
Eastern Kentucky University,College,Administrative Systems and Business Education,Business communications,201,3S,L
Eastern Kentucky University,College,Administrative Systems and Business Education,Introduction to business,101,3S,L
Eastern Kentucky University,College,Biology,Economic plants,300,3S,U
Eastern Kentucky University,College,Business Law,Legal environment of business,204,3S,L
Eastern Kentucky University,College,Introduction to computer information,systems,212,"3S, CI",L
Eastern Kentucky University,College,Corrections and Law Enforcement Education,Introduction to corrections,120,3S,L
Eastern Kentucky University,College,Economics,Money and banking,324,3S,U
Eastern Kentucky University,College,Economics,Principles of economics 1,230,3S,L
Eastern Kentucky University,College,Economics,Principles of economics 2,231,3S,L
Eastern Kentucky University,College,English,English composition 1,101,3S,L
Eastern Kentucky University,College,English,English composition 2,102,3S,L
Eastern Kentucky University,College,English,Survey of world literature 1,211,3S,L
Eastern Kentucky University,College,English,Survey of world literature 2,212,3S,L
Eastern Kentucky University,College,Finance,Business finance,300,3S,U
Eastern Kentucky University,College,Fundamentals of real estate for the,consumer,110,3S,L
Eastern Kentucky University,College,Conservation and environmental problems,Economic geography,330,3S,U
Eastern Kentucky University,College,Conservation and environmental problems,Introduction to geography,101,3S,L
Eastern Kentucky University,College,Health,Personal /community health,281,2S,L
Eastern Kentucky University,College,Health,Safety and first aid,202,2S,L
Eastern Kentucky University,College,History,American civilization since 1877,202,3S,L
Eastern Kentucky University,College,History,American civilization to 1877,202,3S,L
Eastern Kentucky University,College,History,Kentucky history,516,3S,U
Eastern Kentucky University,College,Insurance,Principles of risk and insurance,370,3S,U
Eastern Kentucky University,College,Management,Introduction to management,220,3S,L
Eastern Kentucky University,College,Management,Principles of management,300,3S,U
Eastern Kentucky University,College,Marketing,Advertising,320,3S,U
Eastern Kentucky University,College,Marketing,Consumer behavior,450,3S,U
Eastern Kentucky University,College,Marketing,Introduction to marketing,200,3S,L
Eastern Kentucky University,College,Marketing,Marketing,300,3S,U
Eastern Kentucky University,College,Mathematics,College algebra,107,3S,L
Eastern Kentucky University,College,Mathematics,Mathematical concepts: middle /elementary teachers,201,3S,L
Eastern Kentucky University,College,Mathematics,Trigonometry,108,3S,L
Eastern Kentucky University,College,Music,Enjoyment of music,271,"3S, AC",L
Eastern Kentucky University,College,Philosophy,Beginning philosophy,110,3S,L
Eastern Kentucky University,College,Delinquency and the juvenile justice system,Introduction to criminal justice,101,3S,L
Eastern Kentucky University,College,Psychology,Abnormal psychology,308,3S,U
Eastern Kentucky University,College,Environmental and industrial toxicology,Industrial hygiene,340,3S,U
Eastern Kentucky University,College,Introduction to environmental health,sciences,280,3S,L
Eastern Kentucky University,College,Real Estate,Real estate finance,330,3S,U
Eastern Kentucky University,College,Real Estate,Real estate law,320,3S,U
Eastern Kentucky University,College,Real Estate,Real estate marketing,350,3S,U
Eastern Kentucky University,College,Real Estate,Real estate principles,310,3S,U
Eastern Kentucky University,College,Real Estate,Religion (Religious Studies) World religions,301,3S,U
Eastern Kentucky University,College,Science,History of science,310,3S,U
Eastern Kentucky University,College,Security /Safety Technology /Loss Prevention,Introduction to security,110,3S,L
Eastern Kentucky University,College,Sociology,Introductory sociology,131,3S,L
Eastern Kentucky University,College,Sociology,Sociology of the family,245,3S,L
Eastern Kentucky University,College,Traffic Safety,Alcohol and other drugs,232,3S,L
Eastern Kentucky University,College,Current developments in driver and traffic,safety,413,3S,U
Eastern Oregon State College,College,Biology,Genetics,301,"3S, VI",U
Eastern Oregon State College,College,English,Children's literature,207,"3S, VI",L
Eastern Oregon State College,College,English Language and Literature,Reading of literature,100,"3S, VI, AC",L
Eastern Oregon State College,College,Management,Basic supervision,281,"3S, VI",L
Eastern Oregon State College,College,Management,Business communication,202,"3S, VI",L
Eastern Oregon State College,College,Mathematics,Intermediate algebra,104,"3S, VI",L
Eastern Oregon State College,College,Psychology,General psychology,101,"3S, VI",L
Eastern Oregon State College,College,Sociology,Introduction to sociology,105,"3S, AC",L
Eastern Oregon State College,College,Technology,Understanding technology,150,"3S, VI",L
Eastern Oregon State College,Graduate,English,History of the English language,421,"3S, VI",
Eastern Oregon State College,Graduate,English,Modern English grammar,402,"3S, VI",
Eastern Michigan University,High School,Mathematics,Algebraic foundations,095,"4Q, VI",
Eastern Michigan University,High School,Mathematics,Arithmetic skills,040,"3Q, VI",
Eastern Michigan University,High School,Mathematics,Elementary algebra,070,"4Q, VI",
Eastern Michigan University,College,Anthropology,Cultural anthropology,101,"5Q, VI",L
Eastern Michigan University,College,Anthropology,North American archaeology,310,5Q,U
Eastern Michigan University,College,Anthropology,Pacific Northwest archaeology,310,5Q,U
Eastern Michigan University,College,Biology,Introduction to biology,101,"3Q, VI",L
Eastern Michigan University,College,Biology,Introduction to biology,102,"3Q, VI",L
Eastern Michigan University,College,Biology,Introduction to biology,103,"3Q, VI",L
Eastern Michigan University,College,Biology,Introductory microbiology,234,"4Q, VI",L
Eastern Michigan University,College,Botany,Plant biology,201,"5Q, VI",L
Eastern Oregon State College,Graduate,Certificate of initial mastery goals through,science,708,"VC, VI, LK",
Eastern Oregon State College,Graduate,Humanities,Study and travel,510,VC,
Eastern Oregon State College,College,Business organizations and legal,transactions,GB357,3S,U
East Texas State University,Noncredit,Continuing Education,Agency relationship,RE135,NC,
East Texas State University,Noncredit,Continuing Education,American history I,AH216,NC,
East Texas State University,Noncredit,Continuing Education,American history II,AH217,NC,
East Texas State University,Noncredit,Continuing Education,Appraisal standards and ethics,RE900,NC,
East Texas State University,Noncredit,Continuing Education,Business brokerage,RE 150,NC,
East Texas State University,Noncredit,Continuing Education,Buyer agency,RE136,NC,
East Texas State University,Noncredit,Continuing Education,Effective real estate marketing,RE115,NC,
East Texas State University,Noncredit,Continuing Education,English,EN210,NC,
East Texas State University,Noncredit,Continuing Education,"Getting past ""no""",ME302,NC,
East Texas State University,Noncredit,Continuing Education,Home inspection,RE120,NC,
East Texas State University,Noncredit,Home inspection-mastering the profession,Income property appraisal,RE109,NC,
East Texas State University,Noncredit,Home inspection-mastering the profession,Law: contracts,RE105,NC,
East Texas State University,Noncredit,Home inspection-mastering the profession,Mandatory continuing education RE999 (NC) Modern residential financing,RE 107,NC,
East Texas State University,Noncredit,Home inspection-mastering the profession,Personal financial planning,PF251,NC,
East Texas State University,Noncredit,Home inspection-mastering the profession,Property management,RE112,NC,
East Texas State University,Noncredit,Home inspection-mastering the profession,Psychology of human relations,PS220,NC,
East Texas State University,Noncredit,Home inspection-mastering the profession,Real estate appraisal,RE108,NC,
East Texas State University,Noncredit,Home inspection-mastering the profession,Real estate brokerage,RE130,NC,
East Texas State University,Noncredit,Home inspection-mastering the profession,Real estate exchange,RE127,NC,
East Texas State University,Noncredit,Home inspection-mastering the profession,Real estate finance,RE106,NC,
East Texas State University,Noncredit,Home inspection-mastering the profession,Real estate investments,RE110,NC,
East Texas State University,Noncredit,Home inspection-mastering the profession,Real estate law,RE104,NC,
East Texas State University,Noncredit,Home inspection-mastering the profession,Real estate math,RE116,NC,
East Texas State University,Noncredit,Home inspection-mastering the profession,Real estate principles,RE100,NC,
East Texas State University,Noncredit,Home inspection-mastering the profession,Residential real estate marketing RE114 (NO Texas agency (1111),RE133,NC,
East Texas State University,Noncredit,Home inspection-mastering the profession,The mediation process,ME301,NC,
East Texas State University,Noncredit,Home inspection-mastering the profession,You can negotiate anything,ME303,NC,
East Texas State University,College,Aeronautical Science,Aviation regulation,254,"3S, VI",L
East Texas State University,College,Aeronautical Science,Aviation safety,409,"3S, AC",U
East Texas State University,College,Introduction to computer programming,with basic,109,"3S, VI",L
East Texas State University,College,Economics,Macroeconomics,211,"3S, AC",L
East Texas State University,College,Economics,Microeconomics,210,"3S, AC",L
East Texas State University,College,Humanities,Technical report writing,221,3S,L
East Texas State University,College,Management Science/Business,Airport management,408,"3S, VI",U
East Texas State University,College,Management Science/Business,Aviation insurance,322,"3S, AC",U
East Texas State University,College,Management Science/Business,Corporate finance,I 332,"3S, VI",U
East Texas State University,College,Management Science/Business,Financial accounting,I 210,"3S, AC",L
East Texas State University,College,Management Science/Business,Financial accounting,II 212,"3S, VI",L
East Texas State University,College,Management Science/Business,Managerial economics,315,"3S, VI",U
East Texas State University,College,Management Science/Business,Marketing,311,"3S, AC",U
East Texas State University,College,Management Science/Business,Organizational behavior,317,"3S, VI",U
East Texas State University,College,Management Science/Business,Principles of management,201,3S,L
East Texas State University,College,Management Science/Business,Transportation principles,331,"3S, AC",U
East Texas State University,College,Mathematics,College math for aviation,I 111,"3S, VI",L
East Texas State University,College,Physical Sciences,Explorations in physics,102,"3S, AC",L
East Texas State University,College,Social Science,Personality development,310,3S,U
East Texas State University,Graduate,Aerospace Science,Air carrier operations,620,"3S, VI, CI",
East Texas State University,Graduate,Aviation/aerospace accident investigation,and safety systems,608,"3S, VI, CI",
East Texas State University,Graduate,Aviation /aerospace communication/control,systems,606,"3S, VI, CI",
East Texas State University,Graduate,Human factors in the aviation /aerospace,industry,604,"3S, VI, CI",
East Texas State University,Graduate,Supply and distribution in aviation/,aerospace industry,640,"3S, VI, CI",
East Texas State University,Graduate,Aviation Business Administration,Airport management,645,"3S, VI, CI",
East Texas State University,Graduate,Aviation Business Administration,Aviation labor relations,632,"3S, VI, CI",
East Texas State University,Graduate,Aviation Business Administration,Graduate seminar,590,"3S, VI, CI",
Gannon University,College,Business,Principles of macroeconomics,BK112,3S,L
Gannon University,College,Business,Principles of management,BK251,3S,L
Gannon University,College,Business,Principles of marketing,BK241,3S,L
Gannon University,College,Business,Principles of microeconomics,BK111,3S,L
Gannon University,College,English,Public relations,HE372,3S,U
Gannon University,College,History,History of United States from 1865 to present,HM122,3S,L
Gannon University,College,Liberal Studies,College composition,LE111,3S,L
Gannon University,College,Liberal Studies,Prose fiction,LE241,3S,L
Gannon University,College,Liberal Studies,Protestant tradition,L6225,3S,L
Gannon University,College,Liberal Studies,Sacred scriptures,L6121,3S,L
Gannon University,College,Social Science,Applied climatology,HI111,3S,L
Gannon University,College,Geography of United States and Canada,Introduction to psychology,HY111,3S,L
Governors State University,College,Biology,Human evolution,308,3U,U
Governors State University,College,Communications,Concepts in communication,310,3U,U
Governors State University,College,Economics,Public finance,404,3U,U
Governors State University,College,English,Black literature,512,3U,U
Governors State University,College,English,Writing principles,310,3U,U
Governors State University,College,Health Sciences,Health promotion,600,3U,U
Governors State University,College,Intercultural Studies,"Ethnicity, culture, and politics",541,3U,U
Governors State University,College,General / Interdisciplinary,States,540,3U,U
Governors State University,College,Management,Organizational behavior,401,"3U, VI",U
Governors State University,College,Political Science,Urban politics,538,3U,U
Governors State University,College,Social Science,Survey of social science,311,3U,U
Governors State University,Graduate,Alcoholism,Alcoholism: a study of addiction,340,3U,
Governors State University,Graduate,Alcoholism,Alcoholism: employee assistance programs,532,3U,
Governors State University,Graduate,Sociology,"Family history: legacies 52A (3U, AC) Principles of urban studies",310,3U,
Governors State University,High School,Art History,"Art history, 1st semester",15,HF,
Governors State University,High School,Art History,"Art history, 2nd semester",16,HF,
Governors State University,High School,English,Adventist literature,13,HF,
Governors State University,High School,English,American literature 1st semester 9 (HF) American literature 2nd semester,10,HF,
Governors State University,High School,English,English literature 2nd semester,12,HF,
Governors State University,High School,Health,Health,15,"HF, AC",
Home Study International /Griggs University,College,Accounting,Principles of accounting,I 211,3S,L
Home Study International /Griggs University,College,Accounting,Principles of accounting,II 212,3S,L
Home Study International /Griggs University,College,Business,Introduction to business,105,3S,L
Home Study International /Griggs University,College,Business/ Marketing,Principles of marketing,310,"3S, VI",U
Home Study International /Griggs University,College,Education,Evaluation in teaching,360,3S,U
Home Study International /Griggs University,College,Fundamentals of curriculum development,Health education,260,3S,L
Home Study International /Griggs University,College,Fundamentals of curriculum development,Math in elementary school,355,3S,U
Home Study International /Griggs University,College,Fundamentals of curriculum development,Teaching social studies,340,3S,U
Home Study International /Griggs University,College,Fundamentals of curriculum development,The teaching of reading,354,3S,U
Home Study International /Griggs University,College,English,American literature,225,4S,L
Home Study International /Griggs University,College,English,English literature,230,4S,L
Home Study International /Griggs University,College,English literature beginnings to Renaissance,Research and literature,102,3S,L
Home Study International /Griggs University,College,French,French I 1st semester,101,"2S, AC",L
Home Study International /Griggs University,College,French,French I 2nd semester,102,"2S, AC",L
Home Study International /Griggs University,College,Geography,Cultural geography 1st semester,351,2S,U
Home Study International /Griggs University,College,Greek,Elementary Greek,I 201,4S,L
Home Study International /Griggs University,College,Greek,Elementary Greek,II 202,4S,L
Indiana State University,College,Art,Art appreciation,100,2S,L
Indiana State University,College,Art,Visual arts in civilization,151,"3S, VI",L
Indiana State University,College,Communications,Parliamentary procedures,251,IS,L
Indiana State University,College,Communications,Survey of broadcasting,218,3S,L
Indiana State University,College,Communications,Writing for broadcast media,290,3S,L
Indiana State University,College,Criminology,Correctional institutions,430,3S,U
Indiana State University,College,Criminology,Crime prevention,203,3S,L
Indiana State University,College,Criminology,Criminal investigations,435,3S,U
Indiana State University,College,Criminology,Criminology,200,3S,L
Indiana State University,College,"Institutional, industrial, and commercial",security,201,3S,L
Indiana State University,College,"Institutional, industrial, and commercial",Retail security,202,3S,L
Indiana State University,College,Educational Psychology,Adolescent psychology,422,3S,U
Indiana State University,College,Educational Psychology,Developmental psychology,221,3S,L
Indiana State University,College,English,English grammar,310,3S,U
Indiana State University,College,English,Introduction to fiction writing,220,3S,L
Indiana State University,College,English,Introduction to literature,130,3S,L
Indiana State University,College,English,Introduction to the short story,231,3S,L
Indiana State University,College,English,Literature for younger children,280,3S,L
Indiana State University,College,History,Studies in world civilization,101,3S,L
Indiana State University,College,History,Studies in world civilization,102,3S,L
Indiana State University,College,Journalism,Introduction to photojournalism,270,3S,L
Indiana State University,College,Journalism,Magazine writing,318,3S,U
Indiana State University,College,Journalism,News writing,116,3S,L
Indiana State University,College,Fundamentals and applications of calculus,Intermediate algebra,111,3S,L
Indiana State University,College,Fundamentals and applications of calculus,Math for elementary teachers,305,3S,U
Indiana State University,College,Fundamentals and applications of calculus,Principles of statistics,241,3S,L
Indiana State University,College,Physical Education,Foundations of conditioning,385,3S,U
Indiana State University,College,Organization /administration of physical,education,441,2S,U
Indiana State University,College,Organization /administration of physical,Physical education and the law,486,3S,U
Indiana State University,College,Scientific aspects of physical education and,coaching,404,3S,U
Indiana State University,College,Scientific aspects of physical education and,Sports management,403,3S,U
Indiana State University,College,Psychology,Abnormal psychology,368,3S,U
Indiana State University,College,Psychology,General psychology,101,"3S, VI",L
Indiana State University,College,Sociology,Contemporary social problems,220,3S,L
Indiana State University,College,Sociology,Principles of sociology,120,3S,L
Indiana State University,College,Sociology,Social conflict,322,"3S, VI",U
Indiana University,College,American Studies,Representative Americans: people with disabilities,A201,"3S, AC",L
Indiana University,College,Anthropology,Bioanthropology,B200,3S,L
Indiana University,College,Anthropology,Culture and society El,05,3S,L
Indiana University,College,Anthropology,Human origins and prehistory,A105,3S,L
Indiana University,College,Apparel Merchandising and Interior Design,Textiles,H203,3S,L
Indiana University,College,Astronomy,Introduction to astronomy,A110,3S,L
Indiana University,College,Astronomy,Stellar astronomy,A105,3S,L
Indiana University,College,Astronomy,The solar system,A100,3S,L
Indiana University,College,Biology,Biology of women,N200,3S,L
Indiana University,College,Biology,Contemporary biology,N100,3S,L
Indiana University,College,Business,Advanced financial accounting,A422,3S,U
Indiana University,College,Business,Advanced income tax,A339,3S,U
Indiana University,College,Business,Auditing,A424,3S,U
Indiana University,College,Business,Commercial law II,L303,3S,U
Indiana University,College,Business,Cost accounting,A325,3S,U
Indiana University,College,Business,Financial management,F301,3S,U
Indiana University,College,Business,Fund accounting,A335,3S,U
Indiana University,College,Intermediate accounting theory and,problems I,A311,3S,U
Indiana University,College,Intermediate accounting theory and,problems II,A312,3S,U
Indiana University,College,Intermediate accounting theory and,Introduction to accounting II,A202,3S,L
Indiana University,College,Intermediate accounting theory and,Introduction to taxation,A328,3S,U
Indiana University,College,Intermediate accounting theory and,Job search techniques,X425,IS,U
Indiana University,College,Intermediate accounting theory and,Legal environment of business,L201,3S,L
Indiana University,College,Intermediate accounting theory and,Operations management,P301,3S,U
Indiana University,College,Organizational behavior and leadership,(hospital),Z300H,3S,U
Indiana University,College,Organizational behavior and leadership,Personal finance,F260,3S,L
Indiana University,College,Organizational behavior and leadership,Retail management,M419,3S,U
Indiana University,College,Classical Studies,Ancient Greek culture,CI 01,3S,L
Indiana University,College,Classical Studies,Classical mythology,C205,3S,L
Indiana University,College,Classical Studies,Elementary Latin I,LI 00,4S,L
Indiana University,College,Classical Studies,Elementary Latin II,L150,4S,L
Indiana University,College,College of Arts and Sciences,Basic career development,Q294,IS,L
Indiana University,College,Comparative Literature,An introduction to film,CI 90,3S,L
Indiana University,College,Comparative Literature,Modern literature and other arts: an introduction,C255,"3S, AC",L
Indiana University,College,Computer Science,COBOL and file processing,C203,"3S, CI",L
Indiana University,College,Computer Science,COBOL programming,C303,"IS, CI",U
Indiana University,College,Introduction to microcomputers and,computing,A106,"3S, CI",L
Indiana University,College,Introduction to microcomputers and,Theories of crime and deviance,P200,3S,L
Indiana University,College,Statistical theory in economics and business,Survey of public finance,E308,3S,U
Indiana University,College,Development of the self-acquired,competency portfolio,F400,IS,U
Indiana University,College,Human development opportunities for,college students,U205,3S,L
Indiana University,College,Organization and administration of a school,reading program,L549,3S,U
Indiana University,College,Organization and administration of a school,Self-instruction in art Ml,35,VC,L
Indiana University,College,Teaching reading in junior high and,secondary schools,L517,3S,U
Indiana University,College,Teaching secondary school English,language,L516,3S,U
Indiana University,College,English,19th-century British fiction,L348,3S,U
Indiana University,College,English,20th-century American fiction,L358,3S,U
Indiana University,College,English,Advanced expository writing,W350,3S,U
Indiana University,College,English,American fiction to 1900,L355,3S,U
Indiana University,College,English,American literature since 1914,L354,3S,U
Indiana University,College,English,Children's literature,L390,3S,U
Indiana University,College,English,Creative writing: poetry,W203A,3S,L
Indiana University,College,English,Critical review writing,W119,IS,L
Indiana University,College,English,Elementary composition,W131,3S,L
Indiana University,College,English,English grammar review,W202,IS,L
Indiana University,College,English,English literature since 1800,L299,3S,L
Indiana University,College,English,English literature to 1700,L211,3S,L
Indiana University,College,Intro to writing and the study of literature,Introduction to Shakespeare,L220,3S,L
Indiana University,College,Intro to writing and the study of literature,Introduction to drama,L203,3S,L
Indiana University,College,Intro to writing and the study of literature,Introduction to fiction,L204,3S,L
Indiana University,College,Intro to writing and the study of literature,Introduction to poetry,L205,3S,L
Indiana University,College,Intro to writing and the study of literature,Late plays of Shakespeare,L314,3S,U
Indiana University,College,Intro to writing and the study of literature,Literary interpretation,L202,3S,L
Indiana University,College,Intro to writing and the study of literature,Literary interpretation,L202A,3S,L
Indiana University,College,Intro to writing and the study of literature,Literary masterpieces I,L213,3S,L
Indiana University,College,Intro to writing and the study of literature,Professional writing skills,VV231,3S,L
Indiana University,College,Intro to writing and the study of literature,Science fiction,L230,3S,L
Indiana University,College,Intro to writing and the study of literature,Vocabulary acquisition,VV205,IS,L
Indiana University,College,Intro to writing and the study of literature,Women and literature,L207,3S,L
Indiana University,College,Fine Arts,Ancient and medieval art,A 101,3S,L
Indiana University,College,Fine Arts,Introduction to African art,A250,"3S, SL",L
Indiana University,College,Folklore,Topics in folklore: interdisciplinary perspective,F404,"3S, AC",U
Indiana University,College,French,Elementary French I,F100,"4S, AC",L
Indiana University,College,French,Elementary French II: language and culture,F150,"4S, AC",L
Indiana University,College,Geography,Environmental conservation,G315,3S,U
Indiana University,College,Geography,Geography of North America,G326,3S,U
Indiana University,College,Geography,World regional geography,G120,3S,L
Indiana University,College,German,Beginning German I,G131,"5S, AC",L
Indiana University,College,German,Beginning German II,G132,"5S, AC",L
Indiana University,College,"Health, Physical Education, and Recreation",Basic nutrition,N220,3S,L
Indiana University,College,"Health, Physical Education, and Recreation",Dynamics of outdoor recreation,R271,3S,L
Indiana University,College,Introduction to armed forces recreation,Marriage and family interaction,F258,3S,L
Indiana University,College,Introduction to armed forces recreation,Personal health,H363,3S,U
Indiana University,College,Recreation activities and leadership,methods,R272,3S,L
Indiana University,College,Recreation activities and leadership,Recreation and leisure,R160,3S,L
Indiana University,College,Recreation activities and leadership,Special recreation services,R270,3S,L
Indiana University,College,History,American colonial history I,A301,3S,U
Indiana University,College,History,American history I,HI 05,3S,L
Indiana University,College,History,American history II,HI 06,3S,L
Indiana University,College,History,American military history,H220,3S,L
Indiana University,College,History,Europe in the 20th century I,B361,3S,U
Indiana University,College,History,Europe in the 20th century II,B362,3S,U
Indiana University,College,History,History of Black Americans,A364,3S,U
Indiana University,College,History,History of Indiana I,A333,2S,U
Indiana University,College,Modern American social and intellectual,history,A317,3S,U
Indiana University,College,Modern American social and intellectual,Modern East Asian civilization,H207,3S,L
Indiana University,College,Modern American social and intellectual,Sports in history,H233,3S,L
Indiana University,College,Modern American social and intellectual,Survey of Indiana history,A363,3S,U
Indiana University,College,Modern American social and intellectual,The American West,A318,3S,U
Indiana University,College,Modern American social and intellectual,Unted States 1829-1865 II,A304,3S,U
Indiana University,College,Modern American social and intellectual,World in the 20th century I,H101,3S,L
Indiana University,College,History and Philosophy of Science,Scientific reasoning,X200,3S,L
Indiana University,College,Italian,Elementary Italian I Ml,00,"4S, AC",L
Indiana University,College,Italian,Elementary Italian II,M150,"4S, AC",L
Indiana University,College,Journalism,The citizen and the news,C300,"3S, AC",U
Indiana University,College,Journalism,Writing for publication,C327,3S,U
Indiana University,College,Labor Studies,American labor history,LI 01,3S,L
Indiana University,College,Labor Studies,Collective bargaining,L250,3S,L
Indiana University,College,Labor Studies,Comparative labor movements,L375,3S,U
Indiana University,College,Labor Studies,Contemporary labor problems,L105,3S,L
Indiana University,College,Labor Studies,Directed labor study,L495,3S,U
Indiana University,College,Labor Studies,Grievance arbitration,L320,3S,U
Indiana University,College,Labor Studies,Grievance representation,L220,3S,L
Indiana University,College,Labor Studies,Labor and the economy,L230,3S,L
Indiana University,College,Labor Studies,Labor and the political system,L203,3S,L
Indiana University,College,Labor Studies,Labor law,L201,3S,L
Indiana University,College,Labor Studies,Labor studies internship,L420,3S,U
Indiana University,College,Labor Studies,Occupational health and safety,L240,3S,L
Indiana University,College,Survey of unions and collective bargaining,Topics: labor and the media,L290,3S,L
Indiana University,College,Survey of unions and collective bargaining,Topics: unions in the construction trades,L290,3S,L
Indiana University,College,Linguistics,English language improvement,L100,3S,L
Indiana University,College,Linguistics,Calculus II,M216,5S,L
Indiana University,College,Linguistics,Math for elementary teachers 1,T101,3S,L
Indiana University,College,Linguistics,Math for elementary teachers 2,T102,3S,L
Indiana University,College,Linguistics,Math for elementary teachers 3,T103,3S,L
Indiana University,College,Linguistics,Pre-calculus mathematics,M125,3S,L
Indiana University,College,Linguistics,Trigonometric functions Ml,26,2S,L
Indiana University,College,Music,Music for the listener,Z101,"3S, AC",L
Indiana University,College,Philosophy,Ancient Greek philosophy,P201,3S,L
Indiana University,College,Philosophy,Elementary ethics,PI 40,3S,L
Indiana University,College,Philosophy,Introduction to philosophy,PI 00,3S,L
Indiana University,College,Philosophy,Philosophy of work,P337,3S,U
Indiana University,College,Physics,Energy,P110,2S,L
Indiana University,College,Physics,Energy and technology,P120,3S,L
Indiana University,College,Physics,Physics in the modern world I,PI 01,4S,L
Indiana University,College,Political Science,American constitutional law I,Y304,3S,U
Indiana University,College,Political Science,Introduction to world politics,Y109,3S,L
Indiana University,College,Psychology,Abnormal psychology,P324,3S,U
Indiana University,College,Psychology,Introduction to psychology I,PI 01,3S,L
Indiana University,College,Psychology,Introduction to psychology II,PI 02,3S,L
Indiana University,College,Psychology of childhood and adolescence,Psychology of personality,P319,3S,U
Indiana University,College,Psychology of childhood and adolescence,Social psychology,P320,3S,U
Indiana University,College,Psychology of childhood and adolescence,Statistical techniques,K300,3S,U
Indiana University,College,Psychology of childhood and adolescence,Religion (Religious Studies) Introduction to Christianity,R180,3S,L
Indiana University,College,General / Interdisciplinary,times,R220,3S,L
Kansas State University,College,Agriculture,Cereal science,602,"3U, VI",U
Kansas State University,College,Agriculture,Chemistry of foods,715,"3U, VI",U
Kansas State University,College,Agriculture,Food microbiology,661,"2U, VI",U
Kansas State University,College,Agriculture,Food science problems,630,1U,U
Kansas State University,College,Agriculture,Food science seminar,500,1U,U
Kansas State University,College,Animal Science and Industry,Principles of animal science,102,"3U, AC",U
Kansas State University,College,Arts and Sciences,General chemistry,110,"5U, VI",L
Kansas State University,College,Business Administration,Management concepts,420,"3U, VI",U
Kansas State University,College,Horticulture,Horticultural therapy,780,"1U, VI",U
Kansas State University,Graduate,Chemistry,Chemical laboratory practices,601,"1U, VI",
Kansas State University,Graduate,Management,Industrial and labor relations,530,"3U, VI",
Louisiana State University,High School,Anthropology,Anthropology,691,HF,
Louisiana State University,High School,Art,Art,121,HF,
Louisiana State University,High School,Art,Art,122,HF,
Louisiana State University,High School,Art Education,Fine arts survey-art,116,"HF, VI",
Louisiana State University,High School,Biology,Biology,511,HF,
Louisiana State University,High School,Biology,Biology,512,HF,
Louisiana State University,High School,Business,Clerical practice,241,HF,
Louisiana State University,High School,Business,General business,201,HF,
Louisiana State University,High School,Business,General business,202,HF,
Louisiana State University,High School,English,Business English,351,HF,
Louisiana State University,High School,English,Business English,352,HF,
Louisiana State University,High School,English,English,I 311,HF,
Louisiana State University,High School,English,English,I 312,HF,
Louisiana State University,High School,English,English,II 321,"HF, AC",
Louisiana State University,High School,English,English,II 322,"HF, VI",
Louisiana State University,High School,English,English,III 331,HF,
Louisiana State University,High School,English,English,III 332,HF,
Louisiana State University,High School,English,English,IV 341,HF,
Louisiana State University,High School,English,English,IV 342,HF,
Louisiana State University,High School,French,French,I 141,"HF, AC",
Louisiana State University,High School,French,French,I 142,"HF, AC",
Louisiana State University,High School,French,French,II 143,"HF, AC",
Louisiana State University,High School,French,French,II 144,"HF, AC",
Louisiana State University,High School,Health Education,Health,131,HF,
Louisiana State University,High School,Health Education,Health,132,HF,
Louisiana State University,High School,Home Economics,Child development,157,HF,
Louisiana State University,High School,Home Economics,Consumer education,153,HF,
Louisiana State University,High School,Home Economics,Home and family,151,HF,
Louisiana State University,High School,Home Economics,Nutrition education,155,HF,
Louisiana State University,High School,Mathematics,Algebra,I 411,HF,
Louisiana State University,High School,Mathematics,Algebra,I 412,HF,
Louisiana State University,High School,Mathematics,Algebra,II 431,HF,
Louisiana State University,High School,Mathematics,Algebra,II 432,HF,
Louisiana State University,High School,Mathematics,Business math,421,HF,
Louisiana State University,High School,Mathematics,Business math,422,HF,
Louisiana State University,High School,Mathematics,Computer literacy,171,HF,
Louisiana State University,High School,Mathematics,Consumer mathematics,461,HF,
Louisiana State University,High School,Mathematics,Consumer mathematics,462,HF,
Louisiana State University,High School,Mathematics,Mathematics,I 401,HF,
Louisiana State University,High School,Mathematics,Mathematics,I 402,HF,
Louisiana State University,High School,Mathematics,Trigonometry,451,HF,
Louisiana State University,High School,Music,Fine arts survey-music,115,"HF, AC, VI",
Louisiana State University,High School,Music,Music appreciation,117,"HF, AC",
Louisiana State University,High School,Science,Chemistry 1st semester,531,HF,
Louisiana State University,High School,Science,Chemistry 2nd semester,532,HF,
Louisiana State University,High School,Science,Earth science 1st semester,521,HF,
Louisiana State University,High School,Science,Earth science 2nd semester,522,HF,
Louisiana State University,High School,Science,General science,502,HF,
Louisiana State University,High School,Science,Physical science 1st semester,505,HF,
Louisiana State University,High School,Science,Physical science 2nd semester,506,HF,
Louisiana State University,High School,Science,Physics 1st semester,541,HF,
Louisiana State University,High School,Science,Physics 2nd semester,542,HF,
Louisiana State University,High School,Social Science,American government,631,HF,
Louisiana State University,High School,Social Science,American history,641,HF,
Louisiana State University,High School,Social Science,American history,642,HF,
Louisiana State University,High School,Social Science,Free enterprise,661,HF,
Louisiana State University,High School,Social Science,Sociology,652,HF,
Louisiana State University,High School,Social Science,Sociology,651,HF,
Louisiana State University,High School,Social Science,World geography,601,HF,
Louisiana State University,High School,Social Science,World geography,602,HF,
Louisiana State University,High School,Spanish,Spanish,I 145,"HF, AC",
Louisiana State University,High School,Spanish,Spanish,I 146,"HF, AC",
Louisiana State University,High School,Spanish,Spanish,II 147,"HF, AC",
Louisiana State University,High School,Spanish,Spanish,II 148,"HF, AC",
Louisiana State University,High School,Spanish,Study Skill* Dynamics of effective study,181,HF,
Louisiana State University,College,Accounting,Advanced accounting,4022,3S,U
Louisiana State University,College,Accounting,Auditing,3222,3S,U
Louisiana State University,College,Accounting,Cost analysis and control,3121,3S,U
Louisiana State University,College,Accounting,Income tax accounting,I 3221,3S,U
Louisiana State University,College,Accounting,Intermediate accounting part,I 2021,3S,L
Louisiana State University,College,Accounting,Intermediate accounting part,II 3021,3S,U
Louisiana State University,College,Introduction to cultural and social,anthropology,1003,3S,L
Louisiana State University,College,Introduction to physical anthropology and,prehistory,1001,3S,L
Louisiana State University,College,Astronomy,Stellar astronomy,1102,3S,L
Louisiana State University,College,Astronomy,The solar system,1101,3S,L
Louisiana State University,College,Biology,General biology,1002,3S,L
Louisiana State University,College,Biology,General biology,1001,3S,L
Louisiana State University,College,Biology,Human physiology,2160,"3S, VI",L
Louisiana State University,College,Business Education,Beginning shorthand,2100,3S,L
Louisiana State University,College,Business Education,Document production,2001,3S,L
Louisiana State University,College,Business Education,Keyboarding,1001,IS,L
Louisiana State University,College,Business Education,Kevboarding applications,1003,2S,L
Louisiana State University,College,Business Education,Office management,3400,3S,U
Louisiana State University,College,Business Education,Records management,3200,3S,U
Louisiana State University,College,Classical Studies,Elementary Latin,1001,5S,L
Louisiana State University,College,Classical Studies,Greek and Roman mythology,2090,3S,L
Louisiana State University,College,Classical Studies,Intermediate Latin,2051,5S,L
Louisiana State University,College,COBOL programming and business data,processing,2270,3S,L
Louisiana State University,College,Dairy Science,Elements of dairying,1048,3S,L
Louisiana State University,College,Economics,Economic principles,2030,3S,L
Louisiana State University,College,"Money, banking, and macroeconomic",activity,2035,3S,L
Louisiana State University,College,Books and audio-visual materials for,children,3000,3S,U
Louisiana State University,College,Books and audio-visual materials for,Evaluation of instruction,3200,2S,U
Louisiana State University,College,English,Advanced English composition,2001,3S,L
Louisiana State University,College,English,Business writing,2002,3S,L
Louisiana State University,College,English,Descriptive English grammar,2210,3S,L
Louisiana State University,College,English,English composition,1001,3S,L
Louisiana State University,College,English,English composition,1002,3S,L
Louisiana State University,College,English,Major American writers,2070,3S,L
Louisiana State University,College,English,"Survey of English literature, 1798 to present",2022,3S,L
Louisiana State University,College,Finance,Business finance,3715,3S,U
Louisiana State University,College,Finance,Business law,3201,3S,U
Louisiana State University,College,Commercial transactions for accountants,Principles of real estate,3351,3S,U
Louisiana State University,College,French,Elementary French,1001,"4S, AC",L
Louisiana State University,College,French,Elementary French,1002,"4S, AC",L
Louisiana State University,College,French,Intermediate French,2101,"3S, AC",L
Louisiana State University,College,French,Intermediate French,2102,"3S, AC",L
Louisiana State University,College,Geography,Human geography,1001,3S,L
Louisiana State University,College,Geography,Human geography,1003,3S,L
Louisiana State University,College,Geology,General geology: historical,1003,3S,L
Louisiana State University,College,Geology,General geology: physical,1001,3S,L
Louisiana State University,College,German,Elementary German,1101,"4S, AC",L
Louisiana State University,College,German,Elementary German,1102,"4S, AC",L
Louisiana State University,College,German,Intermediate German,2101,"3S, AC",L
Louisiana State University,College,German,Intermediate German,2102,"3S, AC",L
Louisiana State University,College,German,Britain from 1869 to the present,2012,3S,L
Louisiana State University,College,German,"Colonial America, 1607-1763",4051,3S,U
Louisiana State University,College,German,Western civilization since 1500,1003,3S,L
Louisiana State University,College,German,Western civilization to 1500,1001,3S,L
Louisiana State University,College,Home Economics,Introduction to human nutrition,1010,3S,L
Louisiana State University,College,Industrial Education,Occupational safety,2053,3S,L
Louisiana State University,College,Kinesiology,Community safety education,4602,3S,U
Louisiana State University,College,Kinesiology,Human sexuality,2600,3S,L
Louisiana State University,College,Personal and community health problems,Principles of conditioning,2054,2S,L
Louisiana State University,College,Management and organized labor,relationships,3500,3S,U
Louisiana State University,College,Management and organized labor,Principles of management,3200,3S,U
Louisiana State University,College,Marketing,Business marketing,3441,3S,U
Louisiana State University,College,Marketing,Principles of marketing,3401,3S,U
Louisiana State University,College,Marketing,Retailing management,3431,3S,U
Louisiana State University,College,Calculus with business and economic,applications,1431,3S,L
Louisiana State University,College,Calculus with business and economic,College algebra,1021,3S,L
Louisiana State University,College,Elementary differential equations w/linear,algebra,2090,3S,L
Louisiana State University,College,Elementary differential equations w/linear,Linear algebra,2085,3S,L
Louisiana State University,College,Mathematics for prospective elementary,teachers,I 1009,3S,L
Louisiana State University,College,Mathematics for prospective elementary,teachers,II 1010,3S,L
Louisiana State University,College,Mathematics for prospective elementary,Mathematics of commerce,1025,3S,L
Louisiana State University,College,Mathematics for prospective elementary,Multidimensional calculus,2057,3S,L
Louisiana State University,College,Mathematics for prospective elementary,Plane trigonometry,1022,3S,L
Louisiana State University,College,Mechanical Engineering,Dynamics,3133,3S,U
Louisiana State University,College,Music,Music appreciation,1751,3S,L
Louisiana State University,College,Music,Music appreciation,1752,3S,L
Louisiana State University,College,Music of the Middle Ages and the,Renaissance,4750,2S,U
Louisiana State University,College,Philosophy,Introduction to philosophy,1000,3S,L
Louisiana State University,College,Philosophy,Introduction to philosophy: elementary logic,1021,3S,L
Louisiana State University,College,Physical Sciences,Physical science,1001,3S,L
Louisiana State University,College,Physical Sciences,Physical science,1002,3S,L
Louisiana State University,College,Physics,General physics,2001,3S,L
Louisiana State University,College,Physics,General physics,2002,3S,L
Louisiana State University,College,Political Science,American government,2051,3S,L
Louisiana State University,College,Political Science,Contemporary political systems,2053,3S,L
Louisiana State University,College,Psychology,Adolescent psychology,2078,3S,L
Louisiana State University,College,Psychology,Child psychology,2076,3S,L
Louisiana State University,College,Psychology,Developmental psychology,2070,3S,L
Louisiana State University,College,Psychology,Educational psychology,2060,3S,L
Louisiana State University,College,Psychology,Introduction to psychology,2000,3S,L
Louisiana State University,College,Psychology,Psychology of adjustment,2004,3S,L
Louisiana State University,College,Conceptual foundations for statistical,analysis,3001,3S,U
Louisiana State University,College,Sociology,Criminology,4461,3S,U
Louisiana State University,College,Sociology,Current social problems,2501,3S,L
Louisiana State University,College,Sociology,Introduction to sociology,2001,3S,L
Louisiana State University,College,Spanish,Elementary Spanish,1101,"4S, AC",L
Louisiana State University,College,Spanish,Elementary Spanish,1102,"4S, AC",L
Louisiana State University,College,Spanish,Intermediate Spanish,2101,"3S, AC",L
Marywood College,College,Business,Accounting,I 131,3S,L
Marywood College,College,Business,Accounting,II 132,3S,L
Marywood College,College,Business,Advanced accounting,436,3S,U
Marywood College,College,Business,Business law,II 253,3S,L
Marywood College,College,Business,Computer tools for management,103,3S,L
Marywood College,College,Business,Cost accounting,333,3S,U
Marywood College,College,Business,Federal taxation,334,3S,U
Marywood College,College,Business,Financial management,321,3S,U
Marywood College,College,Business,Intermediate accounting,I 331,3S,U
Marywood College,College,Business,Intermediate accounting,II 332,3S,U
Marywood College,College,Business,Marketing management,314,3S,U
Marywood College,College,Business,Money and banking,323,3S,U
Marywood College,College,Business,Operations management,426,3S,U
Marywood College,College,Business,Organizational communication,221,3S,L
Marywood College,College,Business,Personal financial planning,322,3S,U
Marywood College,College,Business,Personnel management,422,3S,U
Marywood College,College,Business,Principles of management,121,3S,L
Marywood College,College,Business,Principles of marketing,111,3S,L
Marywood College,College,Business,Small business management,425,3S,U
Marywood College,College,Business,Special topics,390,3S,U
Marywood College,College,Business,Statistics for business decisions,254,3S,L
Marywood College,College,Business,Taxation of business entities,437,3S,U
Marywood College,College,Economics,Principles of economics,I 312,3S,U
Marywood College,College,Economics,Principles of economics,II 313,3S,U
Marywood College,College,Fine Arts,Art in the modern era,218,3S,L
Marywood College,College,Fine Arts,Music and theatre,101,3S,L
Marywood College,College,Foreign Languages,Elementary French,101,"3S, CI",L
Marywood College,College,Foreign Languages,Elementary French,102,"3S, CI",L
Marywood College,College,Philosophy,Business ethics,427,3S,U
Marywood College,College,Philosophy,Ethics,412,3S,U
Marywood College,College,Philosophy,Introduction to philosophy,113,3S,L
Marywood College,College,Psychology,General psychology,211,3S,L
Marywood College,College,Religious Studies,Jesus in the twentieth century,213,3S,L
Marywood College,College,Religious Studies,Modern belief,112,3S,L
Marywood College,College,Religious Studies,Paths of belief,311,3S,U
Marywood College,College,Religious Studies,Religious thought in America,322,3S,U
Marywood College,College,Science,Ecology,420,3S,U
Marywood College,College,Science,"Matter, energy, and technology",105,3S,L
Marywood College,College,Social Science,Introductory sociology,211,3S,L
Marywood College,College,World Literature,American short fiction,350,3S,U
Marywood College,College,World Literature,The classics in world literature,300,3S,U
Mississippi State University,College,Accounting,Cost accounting,2213,3S,U
Mississippi State University,College,Biology,Elementary microbiology,1113,3S,L
Mississippi State University,College,Biology,Science of public health,1123,3S,L
Mississippi State University,College,Business,Business finance,2223,3S,U
Mississippi State University,College,Economics,Principles of economics,I 1113,3S,L
Mississippi State University,College,Economics,Principles of economics,II 1123,3S,L
Murray State University,College,Accounting,Principles of accounting,I 200,3S,L
Murray State University,College,Accounting,Principles of accounting,II 201,3S,L
Murray State University,College,Agriculture,Animal science,100,3S,L
Murray State University,College,Agriculture,Crop science,240,3S,L
Murray State University,College,Agriculture,Poultry science,121,3S,L
Murray State University,College,English,Appreciation of literature,201,3S,L
Murray State University,College,English,Composition,101,3S,L
Murray State University,College,English,Composition and research,102,3S,L
Murray State University,College,Technical writing for industry and,technology,324,3S,U
Murray State University,College,Health,Personal health,191,2S,L
Murray State University,College,History,American experience since 1865,222,3S,L
Murray State University,College,History,American experience to 1865,221,3S,L
Murray State University,College,History,World civilizations,I 101,3S,L
Murray State University,College,History,World civilizations,II 102,3S,L
Murray State University,College,"Journalism, Radio-TV",New technologies,558,3S,U
Murray State University,College,Legal Studies,Business law,I 240,3S,L
Murray State University,College,Legal Studies,Business law,II 540,3S,U
Murray State University,College,Mathematics,College algebra,140,4S,L
Murray State University,College,Office Administration,Records management,235,3S,L
Murray State University,College,Philosophy,Logic,103,3S,L
Murray State University,College,Political Science,American national government,140,3S,L
Murray State University,College,Accounting,Accounting,I 3511,3S,L
Murray State University,College,Accounting,Accounting,II 3521,3S,L
Murray State University,College,Behavioral Science,Anthropology,2405,3S,U
Murray State University,College,Behavioral Science,Criminology,2477,3S,U
Murray State University,College,Behavioral Science,Social work,II 2498,3S,U
Murray State University,College,Business Law,Business law,I 3529,3S,L
Murray State University,College,Business Law,Business law,II 3532,3S,U
Murray State University,College,Business Law,Business law,III 3533,3S,U
Murray State University,College,Communication Arts,Introduction to journalism,5540,3S,U
Murray State University,College,Computer Science,Computer concepts,5641,3S,L
Murray State University,College,Criminal Justice,Criminal investigation,2318,3S,U
Murray State University,College,Criminal Justice,Criminal law and proceedings,2301,3S,U
Murray State University,College,Crisis intervention for public safety,personnel,2325,3S,U
Murray State University,College,Crisis intervention for public safety,Introduction to criminal justice,2316,3S,U
Murray State University,College,Crisis intervention for public safety,Law of evidence,2300,3S,U
Murray State University,College,Crisis intervention for public safety,Modern police management,2319,3S,U
Murray State University,College,Crisis intervention for public safety,Patrol function,2310,3S,U
Murray State University,College,Crisis intervention for public safety,Police administration,2305,3S,U
Murray State University,College,Crisis intervention for public safety,Police and community relations,2320,3S,U
Murray State University,College,Crisis intervention for public safety,Probation and parole,2350,3S,U
Murray State University,College,Economk,Basic economics,2011,3S,L
Murray State University,College,Economk,Principles of economics,I 2010,3S,L
Murray State University,College,Economk,Principles of economics,II 2020,3S,L
Murray State University,College,Advanced writing and editing techniques,Basic speech communication,1023,3S,L
Murray State University,College,Advanced writing and editing techniques,Basic writing and reading 1,E07,4S,U
Murray State University,College,Advanced writing and editing techniques,Business writing,1042,3S,U
Murray State University,College,Advanced writing and editing techniques,College composition,I 1010,3S,L
Murray State University,College,Advanced writing and editing techniques,College composition,II 1020,3S,L
Murray State University,College,Advanced writing and editing techniques,Report writing,1044,3S,U
Murray State University,College,Advanced writing and editing techniques,Shakespeare,1083,3S,U
Murray State University,College,Advanced writing and editing techniques,Technical writing,1043,3S,U
Murray State University,College,Advanced writing and editing techniques,The art of drama,1053,3S,U
Murray State University,College,Advanced writing and editing techniques,The art of prose: scientific /technical literature,1056,3S,U
Murray State University,College,Life Science,Environmental sciences,9500,3S,L
Murray State University,College,Literature,The art of fiction,1054,3S,U
Murray State University,College,Business organization and administration,Business policy seminar,3909,3S,U
Murray State University,College,Collective bargaining and labor relations,Corporate finance,3630,3S,U
Murray State University,College,Collective bargaining and labor relations,Human resources management,3917,3S,U
Murray State University,College,Collective bargaining and labor relations,Introduction to EDP in business,3801,3S,L
Murray State University,College,Collective bargaining and labor relations,Introduction to business,3906,3S,L
Murray State University,College,Introduction to management information,systems,3811,3S,U
Murray State University,College,Introduction to management information,Introduction to marketing,3400,3S,L
Murray State University,College,Introduction to management information,Management of promotion,3405,3S,U
Murray State University,College,Introduction to management information,Managerial accounting,3501,3S,U
Murray State University,College,Introduction to management information,Marketing research,3406,3S,U
Murray State University,College,Introduction to management information,New product management,3904,3S,U
Murray State University,College,Introduction to management information,Organizational behavior,3903,3S,U
Murray State University,College,Quantitative applications to managerial,decisions,3803,3S,U
Murray State University,College,Quantitative applications to managerial,Sales management,3401,3S,U
Murray State University,College,Quantitative applications to managerial,Small business management,3905,3S,U
Murray State University,College,Quantitative applications to managerial,Statistical sampling theory,3802,3S,U
Murray State University,College,Mathematics,Finite mathematics,3010,3S,L
Murray State University,College,Mathematics,Introduction to probability,3017,3S,U
Murray State University,College,Mathematics,Introductory concepts of math,3015,3S,L
Murray State University,College,Mathematics,Quantitative methods,3019,3S,U
Murray State University,College,Mathematics,Technical mathematics,I 3310,4S,L
Murray State University,College,Mathematics,Technical mathematics,II 3320,4S,L
Murray State University,College,Psychology,Abnormal psychology,2465,3S,U
Murray State University,College,Psychology,Adolescent psychology,2441,3S,U
Murray State University,College,Psychology,American urban minorities,2435,3S,U
Murray State University,College,Psychology,Behavioral science in marketing,2451,3S,U
Murray State University,College,Psychology,Child psychology,2439,3S,U
Murray State University,College,Communication and interviewing,techniques,2460,3S,U
Murray State University,College,Communication and interviewing,Community mental health,2454,3S,U
Murray State University,College,Communication and interviewing,Community psychology,2495,3S,U
Murray State University,College,Communication and interviewing,Educational psychology,2423,3S,U
Murray State University,College,Communication and interviewing,Environmental psychology,2467,3S,U
Murray State University,College,Communication and interviewing,Introduction to counseling,2497,3S,U
Murray State University,College,Introduction to research methods for the,Introductory psychology,2401,3S,L
Murray State University,College,Introduction to research methods for the,Juvenile delinquency,2473,3S,U
Murray State University,College,Introduction to research methods for the,Learning theory,2413,3S,U
Murray State University,College,Introduction to research methods for the,Marriage and the family,2425,3S,U
Murray State University,College,Introduction to research methods for the,Measurement concepts,2421,3S,U
Murray State University,College,Introduction to research methods for the,Physiological basis of behavior,2412,3S,U
Murray State University,College,Introduction to research methods for the,Rehabilitation psychology,2496,3S,U
Murray State University,College,Introduction to research methods for the,Social problems,2475,3S,U
Murray State University,College,Introduction to research methods for the,Social psychology,2415,3S,U
Murray State University,College,Introduction to research methods for the,Statistical analysis,2422,4S,U
Murray State University,College,Introduction to research methods for the,Theories of personality,2445,3S,U
Murray State University,College,Social Science,American history,II 2510,3S,L
Murray State University,College,Social Science,Comparative government,2710,3S,U
Murray State University,College,Social Science,Contemporary world,2540,3S,L
Murray State University,College,Social Science,Ethics and social philosophy,1530,3S,U
Murray State University,College,Social Science,Government and business,2708,3S,U
Murray State University,College,Government and metropolitan problems,Logic and scientific method,1515,3S,U
Murray State University,College,Sociology,Introduction to sociology,2411,3S,U
Murray State University,College,Telecommunications,Data communications,4704,3S,U
Northern State University,College,Business,American business systems,BA180,3S,L
Northern State University,College,Business,Marketing,BA370,3S,U
Northern State University,College,Business,Mathematics for business,BA120,3S,L
Northern State University,College,Business,Organizational behavior,BA464,3S,U
Northern State University,College,Business,Personal finance,BA280,3S,L
Northern State University,College,Business,Personnel management,BA462,3S,U
Northern State University,College,Business,Retail management,BA371,3S,U
Northern State University,College,Fine Arts,Exploring music,MU300,3S,U
Northern State University,College,"Health, Physical Education, and Recreation",Personal health,HL100,2S,L
Northern State University,College,"Health, Physical Education, and Recreation",School health,HL321,2S,U
Northern State University,College,Special problems in metric measurement,Technology and society,IT270,3S,L
Northern State University,College,Algebra and geometry for elementary,teachers,MA342,3S,U
Northern State University,College,Algebra and geometry for elementary,Environmental biology,BI211,2S,L
Northern State University,College,Algebra and geometry for elementary,Foundations of mathematics,MA341,3S,U
Northern State University,College,Algebra and geometry for elementary,Trigonometry,MAI 20,3S,L
Northern State University,College,Psychology and Counselor Education,Educational psychology,EP202,2S,L
Northern State University,College,Psychology and Counselor Education,General psychology,PS101,3S,L
Northern State University,College,Social Sciences,American government,PO100,3S,L
Northern State University,College,Social Sciences,Courtship and marriage,SO250,3S,L
Northern State University,College,Social Sciences,Population studies,S0362,2S,U
Northern State University,College,Social Sciences,Principles of sociology,SOI 00,3S,L
Northern State University,College,Social disorganization and deviant behavior,Social gerontology,S0458,3S,U
Northern State University,College,South Dakota history and government,State and local government,PO210,2S,L
Northern State University,College,South Dakota history and government,The family,S0382,3S,U
Northern State University,College,South Dakota history and government,United States history I,HI241,3S,L
Northern State University,College,South Dakota history and government,United States history II,HI242,3S,L
Northwood University,College,Accounting,Accounting principles I,AC101,4S,L
Northwood University,College,Accounting,Accounting principles II,AC 102,4S,L
Northwood University,College,Accounting,Accounting principles III,AC103,4S,L
Northwood University,College,Advertising,Advertising /copywri ting,AD120,3S,L
Northwood University,College,Advertising,Introduction to advertising,AD110,4S,L
Ohio University,College,Accounting,Financial accounting,201,4Q,L
Ohio University,College,Accounting,Managerial accounting,202,4Q,L
Ohio University,College,Accounting Technology,Financial accounting procedures,103,4Q,L
Ohio University,College,Accounting Technology,Financial accounting procedures,104,4Q,L
Ohio University,College,Instrument ground instruction /air traffic,control,350,4Q,U
Ohio University,College,Instrument ground instruction /air traffic,Private pilot ground instruction,110,4Q,L
Ohio University,College,Bioethical problems in biology and,medicine,384,5Q,U
Ohio University,College,Bioethical problems in biology and,Human biology,103,5Q,U
Ohio University,College,Bioethical problems in biology and,Human physiology,345,4Q,U
Ohio University,College,Business Administration,Business and its environment,101,4Q,L
Ohio University,College,Business Administration,Small-business administration,445,4Q,U
Ohio University,College,Business Law,Environmental law,370,4Q,U
Ohio University,College,Business Law,Law and society,255,4Q,L
Ohio University,College,Business Law,Law of commercial transactions,357,4Q,U
Ohio University,College,Business Law,Law of health care,360,4Q,U
Ohio University,College,Business Law,Law of property and real estate,442,4Q,U
Ohio University,College,Business Law,Law of the management process,356,4Q,U
Ohio University,College,Business Management Technology,Advertising concepts,270,3Q,L
Ohio University,College,Business Management Technology,Business report writing,260,4Q,L
Ohio University,College,Business Management Technology,Elements of supervision,150,4Q,L
Ohio University,College,Business Management Technology,Government and business,285,4Q,L
Ohio University,College,Business Management Technology,Managerial planning,275,4Q,L
Ohio University,College,Business Management Technology,Managing finance in business,210,4Q,L
Ohio University,College,Business Management Technology,Mathematics in business,120,4Q,L
Ohio University,College,Business Management Technology,Practical personnel procedures,250,4Q,L
Ohio University,College,Business Management Technology,Small business operations,170,3Q,L
Ohio University,College,Chemistry,Principles of chemistry,I 121,3Q,L
Ohio University,College,Chemistry,Principles of chemistry,II 122,3Q,L
Ohio University,College,Economics,International trade,340,4Q,U
Ohio University,College,Economics,Labor economics,320,4Q,U
Ohio University,College,Economics,Macroeconomics,304,4Q,U
Ohio University,College,Economics,Microeconomics,303,4Q,U
Ohio University,College,Economics,Money and banking,360,4Q,U
Ohio University,College,Economics,Principles of macroeconomics,104,4Q,L
Ohio University,College,Economics,Principles of microeconomics,103,4Q,L
Ohio University,College,English,Creative writing-poetry,362,4Q,U
Ohio University,College,English,Critical approaches to drama,203,4Q,L
Ohio University,College,English,Critical approaches to fiction,201,4Q,L
Ohio University,College,English,Critical approaches to poetry,202,4Q,L
Ohio University,College,English,Developmental writing skills,150,4Q,L
Ohio University,College,English,English literature: 1500-1660,312,4Q,U
Ohio University,College,English,English literature: 1660-1800,313,4Q,U
Ohio University,College,English,English literature: 1800-1900,314,4Q,U
Ohio University,College,English,Freshman composition: writing and rhetoric,151,5Q,L
Ohio University,College,English,Introduction to international literature: modern tradition,206,4Q,L
Ohio University,College,English,Introduction to literature,200,4Q,L
Ohio University,College,English,"Shakespeare, the tragedies",303,4Q,U
Ohio University,College,English,Women and literature,325,4Q,U
Ohio University,College,Environmental and Plant Biology,Plant biology,102,5Q,L
Ohio University,College,Environmental and Plant Biology,The world of plants,100,4Q,L
Ohio University,College,Finance,Managerial finance,325,4Q,U
Ohio University,College,Geography,Elements of physical geography,101,5Q,L
Ohio University,College,Geography,Human geography,121,4Q,L
Ohio University,College,Greek,Beginning Greek,111,4Q,L
Ohio University,College,Greek,Beginning Greek,112,4Q,L
Ohio University,College,Greek,Beginning Greek,113,4Q,L
Ohio University,College,History and principles of physical,education,404,"4Q, SL",U
Ohio University,College,Organization/administration of physical,education,406,4Q,U
Ohio University,College,History,American history to 1828,211,"4Q, AC",L
Ohio University,College,Hitman Resource Management,Human resource management,420,4Q,U
Ohio University,College,Human and Consumer Sciences,Family consumer economics,390,3Q,U
Ohio University,College,Human and Consumer Sciences,Humanities: great books-ancient,107,4Q,L
Ohio University,College,Fundamentals of human communication,Interviewing and report writing,130,3Q,L
Ohio University,College,Library Media Technology,Basic acquisitions of media,104,4Q,L
Ohio University,College,Marketing,Marketing principles,301,4Q,U
Ohio University,College,Mathematics,Algebra,113,5Q,L
Ohio University,College,Mathematics,Elementary linear algebra,211,4Q,L
Ohio University,College,Mathematics,Elementary topics in math,120,4Q,L
Ohio University,College,Mathematics,Elementary topics in math,121,3Q,L
Ohio University,College,Operations,Principles of operations,310,4Q,U
Ohio University,College,Philosophy,Hinduism,370,4Q,U
Ohio University,College,Philosophy,Introduction to ethics,130,4Q,L
Ohio University,College,Philosophy,Introduction to philosophy,301,3Q,U
Ohio University,College,Philosophy,Islam,372,"4Q, VI",U
Ohio University,College,Philosophy,Philosophy of art,232,3Q,L
Ohio University,College,Philosophy,Philosophy of culture,350,5Q,U
Ohio University,College,Philosophy,Philosophy of religion,260,4Q,L
Ohio University,College,Philosophy,Principles of reasoning,120,"4Q, VI",L
Ohio University,College,Physical Sciences,"Color, light, and sound",105,4Q,L
Ohio University,College,Physical Sciences,Physical world,101,4Q,L
Ohio University,College,Physical Sciences,Physical world,121,3Q,L
Ohio University,College,Physical Sciences,Survey of astronomy,100,4Q,L
Ohio University,College,Physical Sciences,The metric system,111,1Q,L
Ohio University,College,Physics,Introduction to physics,201,4Q,L
Ohio University,College,Physics,Introduction to physics,202,4Q,L
Ohio University,College,Physics,Introduction to physics,203,4Q,L
Ohio University,College,Political Science,State politics,304,4Q,U
Ohio University,College,Psychology,Abnormal psychology,332,4Q,U
Ohio University,College,Psychology,Educational psychology,275,4Q,L
Ohio University,College,Psychology,Environmental psychology,335,5Q,U
Ohio University,College,Psychology,General psychology,101,5Q,L
Ohio University,College,Psychology,Psychology of adjustment,231,4Q,L
Ohio University,College,Quantitative Business Analysis,Fire safety and fire codes,201,3Q,L
Ohio University,College,Quantitative Business Analysis,Physical security systems,110,3Q,L
Ohio University,College,Quantitative Business Analysis,Security administration,240,3Q,L
Ohio University,College,Sociology,Criminology,362,4Q,U
Ohio University,College,Sociology,Introduction to sociology,101,5Q,L
Ohio University,College,Sociology,Juvenile delinquency,363,4Q,U
Ohio University,College,Theater,Theater history,I 270,"4Q, VI",L
Ohio University,College,Theater,Theater history,II 271,4Q,L
Ohio University,College,Theater,Theater history,III 272,4Q,L
Ohio University,College,University College,College reading skills,112,2Q,L
Ohio University,College,University College,Effective study skills,110,2Q,L
Ohio University,College,University College,Women's Studies Introduction to women's studies,100,4Q,L
Ohio University,College,University College,The new scholarship on women,400,4Q,U
Oklahoma State University,College,Accounting,Principles of accounting,2103,3S,L
Oklahoma State University,College,Accounting,Principles of accounting,2203,3S,L
Oklahoma State University,College,International programs in agricultural,education,4713,3S,U
Oklahoma State University,College,Agronomy,Fundamentals of soil science,2124,4S,L
Oklahoma State University,College,Animal Science,Principles of animal nutrition,3543,3S,U
Oklahoma State University,College,Astronomy,Elementary astronomy,1104,4S,U
Oklahoma State University,College,Business,Written communication,3113,3S,U
Oklahoma State University,College,Business Administration,Business report writing,3333,3S,U
Oklahoma State University,College,Business Communications,Organizational communications,3223,3S,U
Oklahoma State University,College,Career Education,World of work for adults,1112,2S,L
Oklahoma State University,College,Computer Science,Computer programming,2113,"3S, CI",L
Oklahoma State University,College,Economics,Economics of social issues,1113,3S,L
Oklahoma State University,College,Economics,Introduction to macroeconomics,2013,3S,L
Oklahoma State University,College,Economics,Introduction to microeconomics,2023,3S,L
Oklahoma State University,College,Electronics and Computer Technology,Fundamentals of electricity,1104,4S,L
Oklahoma State University,College,Electronics and Computer Technology,Pulse and digital techniques,2544,4S,L
Oklahoma State University,College,Engineering Graphics,Technical drawing,1153,3S,L
Oklahoma State University,College,Engineering Science,Electrical engineering,2613,3S,L
Oklahoma State University,College,Engineering Science,Statics,2112,2S,L
Oklahoma State University,College,Engineering Science,Thermodynamics,2213,3S,L
Oklahoma State University,College,English,English grammar,4013,"3S, AC",U
Oklahoma State University,College,English,Freshman composition,I 1113,3S,L
Oklahoma State University,College,English,Freshman composition,II 1213,3S,L
Oklahoma State University,College,Introduction to technical and report writing,Short fiction writing,3033,3S,U
Oklahoma State University,College,Introduction to technical and report writing,Survey of American literature,I 2773,3S,L
Oklahoma State University,College,Enigneering Science,Electrical energy,2613,3S,L
Oklahoma State University,College,Finance,Finance,3113,3S,U
Oklahoma State University,College,Fire protection hydraulics and water supply,analysis,2483,3S,L
Oklahoma State University,College,Fire protection hydraulics and water supply,Fire protection management,2153,3S,L
Oklahoma State University,College,Fire protection hydraulics and water supply,Structural fire protection,2143,3S,L
Oklahoma State University,College,Foreign Languages and Literature,Masters of Western culture: ancient and medieval,2103,3S,L
Oklahoma State University,College,Foreign Languages and Literature,Masterworks of Western culture,2203,3S,L
Oklahoma State University,College,French,Elementary French,I 1115,"5S, AC",L
Oklahoma State University,College,French,Elementary French,II 1225,"5S, AC",L
Oklahoma State University,College,General Technology,Fiber optics,2650,3S,L
Oklahoma State University,College,Geography,Geography of Oklahoma,3703,3S,U
Oklahoma State University,College,Geography,Geography of music,4223,3S,U
Oklahoma State University,College,Geology,General geology,1014,4S,L
Oklahoma State University,College,German,Elementary German,I 1115,"5S, AC",L
Oklahoma State University,College,German,Elementary German,II 1225,"5S, AC",L
Oklahoma State University,College,Health Sciences,Total wellness,2603,3S,L
Oklahoma State University,College,History,American history since 1865,1493,3S,L
Oklahoma State University,College,History,American history to 1865,1483,3S,L
Oklahoma State University,College,History,Ancient Greece,3023,3S,U
Oklahoma State University,College,History,Ancient Near East,3013,3S,U
Oklahoma State University,College,History,Ancient Rome,3033,3S,U
Oklahoma State University,College,History,East Asia since 1800,3413,3S,U
Oklahoma State University,College,History,European history since 1500,1623,3S,L
Oklahoma State University,College,History,European history to 1500,1613,3S,L
Oklahoma State University,College,History,Modern Japan,3423,"3S, VI",U
Oklahoma State University,College,History,Oklahoma history,2323,3S,L
Oklahoma State University,College,Home Economics,Basic human nutrition,1113,3S,L
Oklahoma State University,College,Home Economics,Child and family development,2113,3S,L
Oklahoma State University,College,Horticulture,Principles of horticulture,1013,3S,L
Oklahoma State University,College,"Law, Preparation for",Business law,I 3213,3S,U
Oklahoma State University,College,Literature,Readings in the novel,4853,3S,U
Oklahoma State University,College,Literature,Shakespeare,4723,3S,U
Oklahoma State University,College,Literature,The short story,3333,3S,U
Oklahoma State University,College,Management,Human resources management,3313,3S,U
Oklahoma State University,College,Marketing,Marketing,3213,3S,U
Oklahoma State University,College,Marketing,Sales management,3513,3S,U
Oklahoma State University,College,Mathematics,College algebra,1513,3S,L
Oklahoma State University,College,Mathematics,Elementary calculus,2103,3S,L
Oklahoma State University,College,Mathematics,Elementary linear algebra,I 3013,3S,U
Oklahoma State University,College,Mathematics,Intermediate algebra,0123,3S,L
Oklahoma State University,College,Meteorology,Descriptive meteorology,3033,3S,U
Oklahoma State University,College,Nuclear Energy,Radiological safety,3233,3S,U
Oklahoma State University,College,Philosophy,Philosophical classics,1013,3S,L
Oklahoma State University,College,Philosophy,Philosophies of life,1213,3S,L
Oklahoma State University,College,Political Science,American government,1013,3S,L
Oklahoma State University,College,Government and politics in the Middle East,State and local government,3613,3S,U
Oklahoma State University,College,Psychology,History of psychology,4492,3S,U
Oklahoma State University,College,Psychology,Introduction to psychology,1113,3S,L
Oklahoma State University,College,Psychological foundations of childhood,Psychology of adolescence,3213,3S,U
Oklahoma State University,College,Psychological foundations of childhood,Social psychology,3743,3S,U
Oklahoma State University,College,Sociology,Juvenile delinquency,3523,3S,U
Oklahoma State University,College,Sociology,Principles of sociology,1113,3S,L
Oklahoma State University,College,Spanish,Elementary Spanish 1,1115,"5S, AC",L
Oklahoma State University,College,Spanish,Elementary Spanish,II 1225,"5S, AC",L
Oklahoma State University,College,Introduction to theater in Western,civilization,2413,3S,L
Oklahoma State University,College,Zoology,Heredity and man,3123,3S,U
Oral Roberts University,College,Accounting,Principles of financial accounting,215,3S,L
Oral Roberts University,College,Principles of financial/managerial,accounting,216,3S,L
Oral Roberts University,College,Principles of financial/managerial,Quantitative analysis,320,3S,U
Oral Roberts University,College,Bible,Biblical eschatology,363,3S,U
Oral Roberts University,College,Bible,Hebrew prophets,424,3S,U
Oral Roberts University,College,Bible,Hebrews and epistles,376,3S,U
Oral Roberts University,College,Bible,Hermeneutics,400,3S,U
Oral Roberts University,College,Bible,Jesus and the Gospels,362,3S,U
Oral Roberts University,College,Bible,Life and teachings of Paul,364,3S,U
Oral Roberts University,College,Bible,New Testament introduction,361,3S,U
Oral Roberts University,College,Bible,Old Testament introduction,322,3S,U
Oral Roberts University,College,Bible,Pentateuch,421,3S,U
Oral Roberts University,College,Bible,Poetical literature,437,3S,U
Oral Roberts University,College,Bible,Survey of the New Testament,120,3S,L
Oral Roberts University,College,Bible,Survey of the Old Testament,110,3S,L
Oral Roberts University,College,Biology,Principles of biology and lab,101,4S,L
Oral Roberts University,College,Business,Business law,I 325,3S,U
Oral Roberts University,College,Business,Business law,II 326,3S,U
Oral Roberts University,College,Business,Financial management,338,3S,U
Oral Roberts University,College,Business,Money and banking finance,303,3S,U
Oral Roberts University,College,Business,Principles of economics 1,101,3S,L
Oral Roberts University,College,Business,Principles of economics 11,102,3S,L
Oral Roberts University,College,Business,Seminar and senior paper,499,3S,U
Oral Roberts University,College,Christina Care and Counseling,Abnormal human behavior,408,3S,U
Oral Roberts University,College,Christina Care and Counseling,Assessment and evaluation,426,3S,U
Oral Roberts University,College,Christina Care and Counseling,Biblical counseling,317,3S,U
Oral Roberts University,College,Christina Care and Counseling,Developing helping skills,339,3S,U
Oral Roberts University,College,Foundations of personality development,Group dynamics,422,3S,U
Oral Roberts University,College,Foundations of personality development,Marriage and family,418,3S,U
Oral Roberts University,College,Foundations of personality development,Substance abuse,429,3S,U
Oral Roberts University,College,Church Ministries,Church administration,460,3S,U
Oral Roberts University,College,Church Ministries,Church growth,402,3S,U
Oral Roberts University,College,Church Ministries,Senior practicum/ project,499,3S,U
Oral Roberts University,College,Church Ministries,Sermon preparation,340,3S,U
Oral Roberts University,College,Church Ministries,Teaching the Bible,305,3S,U
Oral Roberts University,College,Communications,Oral communication,101,3S,L
Oral Roberts University,College,Computer Science,Microcomputers in business,112,3S,L
Oral Roberts University,College,Elementary Education,Art,352,3S,U
Oral Roberts University,College,Diagnosis and correction of reading,deficiencies,403,3S,U
Oral Roberts University,College,Diagnosis and correction of reading,Elementary reading methods,333,3S,U
Oral Roberts University,College,Foundations of reading and language,development,313,3S,U
Oral Roberts University,College,"Health, nutrition, motor learning games",and activities,372,3S,U
Oral Roberts University,College,"Health, nutrition, motor learning games",Language arts,303,3S,U
Oral Roberts University,College,"Health, nutrition, motor learning games",Mathematics,364,3S,U
Oral Roberts University,College,"Health, nutrition, motor learning games",Music,362,3S,U
Oral Roberts University,College,"Health, nutrition, motor learning games",Science,383,3S,U
Oral Roberts University,College,"Health, nutrition, motor learning games",Social studies,393,3S,U
Oral Roberts University,College,English,Reading and writing/disciplines,301,3S,U
Oral Roberts University,College,English,Reading and writing/liberal arts,101,3S,L
Oral Roberts University,College,Government,American government,101,3S,L
Oral Roberts University,College,Health and Physical Education,Fitness for life,I 101,IS,L
Oral Roberts University,College,Health and Physical Education,Fitness for life,II 102,IS,L
Oral Roberts University,College,Health and Physical Education,Health fitness,I 001,IS,L
Oral Roberts University,College,Health and Physical Education,Health fitness,II 002,IS,L
Oral Roberts University,College,History,American history,101,3S,L
Oral Roberts University,College,Humanities,Introduction to humanities,I 111,3S,L
Oral Roberts University,College,Humanities,Introduction to humanities,II 112,3S,L
Oral Roberts University,College,Humanities,Modern humanities,I 213,3S,L
Oral Roberts University,College,Humanities,Modern humanities,II 214,3S,L
Oral Roberts University,College,Management,Principles of management,130,3S,L
Oral Roberts University,College,Management,Strategic management,431,3S,U
Oral Roberts University,College,Marketing,Principles of marketing,330,3S,U
Oral Roberts University,College,Professional Education,Christian school curriculum,343,3S,U
Oral Roberts University,College,Professional Education,Classroom management,372,2S,U
Oral Roberts University,College,"Educational methods, materials, and media",Evaluation,382,3S,U
Oral Roberts University,College,"Educational methods, materials, and media",Exceptional individuals,353,3S,U
Oral Roberts University,College,Philosophy and history of Christian,education,223,3S,L
Oral Roberts University,College,Philosophy and history of Christian,Student teaching,415,5S,U
Oral Roberts University,College,Philosophy and history of Christian,Student teaching,425,5S,U
Oral Roberts University,College,Theology,American Christianity,353,3S,U
Oral Roberts University,College,Theology,Charismatic theology,445,3S,U
Oral Roberts University,College,Theology,Christian faith and ministry,230,3S,L
Oral Roberts University,College,Theology,Divine healing,462,3S,U
Oral Roberts University,College,Theology,History of Christianity,I 453,3S,U
Oral Roberts University,College,Theology,History of Christianity,II 454,3S,U
Oral Roberts University,College,Theology,Holy Spirit in the now,101,3S,L
Oral Roberts University,College,Theology,Prayer,461,3S,U
Oral Roberts University,College,Theology,Signs and wonders,399,3S,U
Oral Roberts University,College,Theology,Study and research strategies,323,3S,U
Oral Roberts University,College,Theology,Systematic theology,I 313,3S,U
Oral Roberts University,College,Theology,Systematic theology,II 314,3S,U
Oral Roberts University,Noncredit,Behavioral Sciences,You and your personality,108,NC,
Oral Roberts University,Noncredit,Health and Physical Education,Physical fitness and faith,107,NC,
Oral Roberts University,Noncredit,Theology,End-time events,103,NC,
Oral Roberts University,Noncredit,Theology,How to witness,111,NC,
Oral Roberts University,Noncredit,Messages from the Holy Spirit to the,church today,110,NC,
Oral Roberts University,Noncredit,Messages from the Holy Spirit to the,New Testament studies,102,NC,
Oral Roberts University,Noncredit,Messages from the Holy Spirit to the,Old Testament studies,101,NC,
Oral Roberts University,Noncredit,Messages from the Holy Spirit to the,Principles and patterns of healing,112,NC,
Oral Roberts University,Noncredit,Messages from the Holy Spirit to the,Renewing your mind by the Holy Spirit 105 (NO The Holy Spirit at work today,104,NC,
Oregon State System of Higher Education,College,Administration of Justice,Criminal justice process,200,3Q,L
Oregon State System of Higher Education,College,Anthropology,Native Central Americans,318,3Q,U
Oregon State System of Higher Education,College,Anthropology,Native North Americans,317,3Q,U
Oregon State System of Higher Education,College,Anthropology,Native South Americans,319,3Q,U
Oregon State System of Higher Education,College,Art,Introduction to drawing,131,3Q,L
Oregon State System of Higher Education,College,Accounting for not-for-profit institutions,Auditing,427,4Q,U
Oregon State System of Higher Education,College,Accounting for not-for-profit institutions,Cost accounting,321,4Q,U
Oregon State System of Higher Education,College,Chemistry,Nutrition,250,3Q,L
Oregon State System of Higher Education,College,Civil Engineering Technology,Highway materials,229,3Q,L
Oregon State System of Higher Education,College,Economics,Principles of economics (macro),202,3Q,L
Oregon State System of Higher Education,College,Economics,Principles of economics (micro),201,3Q,L
Oregon State System of Higher Education,College,English,American fiction,366,3Q,U
Oregon State System of Higher Education,College,English,American folklore,419,3Q,U
Oregon State System of Higher Education,College,English,Contemporary literature,384,3Q,U
Oregon State System of Higher Education,College,English,Shakespeare,202,3Q,L
Oregon State System of Higher Education,College,English,Shakespeare,203,3Q,L
Oregon State System of Higher Education,College,English,Survey of American literature,253,3Q,L
Oregon State System of Higher Education,College,General Science,Foundations of physical science,104,3Q,L
Oregon State System of Higher Education,College,General Science,Foundations of physical science,105,3Q,L
Oregon State System of Higher Education,College,General Science,Foundations of physical science,106,3Q,L
Oregon State System of Higher Education,College,Geography,Introductory geography,105,3Q,L
Oregon State System of Higher Education,College,Geography,Pacific Rim,353,"3Q, VI",U
Oregon State System of Higher Education,College,Geology,General geology,101,3Q,L
Oregon State System of Higher Education,College,Geology,General geology,102,3Q,L
Oregon State System of Higher Education,College,Geology,General geology,103,3Q,L
Oregon State System of Higher Education,College,Geology,Geology of Oregon,308,3Q,U
Oregon State System of Higher Education,College,Geology,Introduction to oceanography,307,3Q,U
Oregon State System of Higher Education,College,Geology,The fossil record,332,3Q,U
Oregon State System of Higher Education,College,Geology,Volcanoes and earthquakes,306,3Q,U
Oregon State System of Higher Education,College,Health Education,Personal health problems,250,3Q,L
Oregon State System of Higher Education,College,History,History of Western civilization,101,3Q,L
Oregon State System of Higher Education,College,History,History of Western civilization,102,3Q,L
Oregon State System of Higher Education,College,History,History of Western civilization,103,3Q,L
Oregon State System of Higher Education,College,History,History of the United States,201,3Q,L
Oregon State System of Higher Education,College,History,History of the United States,202,3Q,L
Oregon State System of Higher Education,College,History,History of the United States,203,3Q,L
Oregon State System of Higher Education,College,Mathematics,Calculus,251,4Q,L
Oregon State System of Higher Education,College,Mathematics,Calculus,252,4Q,L
Oregon State System of Higher Education,College,Calculus for management and social science,College algebra,111,4Q,L
Oregon State System of Higher Education,College,Calculus for management and social science,Trigonometry,112,4Q,L
Oregon State System of Higher Education,College,Philosophy,Introduction to world religions,160,4Q,L
Oregon State System of Higher Education,College,Political Science,Oregon politics,316,3Q,U
Oregon State System of Higher Education,College,Psychology,Human development,311,3Q,U
Oregon State System of Higher Education,College,Psychology,Psychology as a social science,204,3Q,L
Oregon State System of Higher Education,College,Sociology,Institutions and social change,205,3Q,L
Oregon State System of Higher Education,College,Sociology,Introduction to sociology,204,3Q,L
Oregon State System of Higher Education,College,Sociology,Social problems and issues,206,3Q,L
Oregon State System of Higher Education,College,Sociology,Women in China,399,3Q,U
Oregon State System of Higher Education,College,Writing,English composition,121,3Q,L
Oregon State System of Higher Education,College,Writing,English composition,122,3Q,L
Oregon State System of Higher Education,College,Writing,Short story writing,324,3Q,U
Oregon State System of Higher Education,Noncredit,Mathematics,Elements of algebra,10,NC,
Oregon State System of Higher Education,Noncredit,Mathematics,Intermediate algebra,95,NC,
Oregon State System of Higher Education,Noncredit,Writing,Corrective English,10,NC,
Oregon State System of Higher Education,High School,Driver Education,Driver education,001,HF,
Oregon State System of Higher Education,High School,Languages,Basic English,010,HF,
Oregon State System of Higher Education,College,Introduction to the American criminal,justice system,111,3S,L
Oregon State System of Higher Education,College,Introduction to the American criminal,"Probation, parole, and pardons",401,3S,U
Oregon State System of Higher Education,College,Applied phvsics of reproduction in farm,animals,331,"3S, VI",U
Oregon State System of Higher Education,College,Anthropology,Cultural anthropology,45,3S,L
Oregon State System of Higher Education,College,Art,An introduction to drawing,020,3S,L
Oregon State System of Higher Education,College,Art,The arts,001,"3S, VI",L
Oregon State System of Higher Education,College,Art History,Japanese art,340,"3S, VI",U
Oregon State System of Higher Education,College,Art History,Survey of Western art,II 112,"3S, VI",L
Oregon State System of Higher Education,College,Astronomy,Astronomical universe,001,"3S, AC",L
Oregon State System of Higher Education,College,Biological Sciences,"Plants, places, and people",20,3S,L
Oregon State System of Higher Education,College,Biological Sciences,Bu>inc>> Administration Business and society,355,3S,U
Oregon State System of Higher Education,College,Biological Sciences,Transport systems,304,3S,U
Oregon State System of Higher Education,College,Chemistry,Chemical principles,12,3S,L
Oregon State System of Higher Education,College,Chemistry,Chemical principles,013,3S,L
Oregon State System of Higher Education,College,Chemistry,Organic chemistry,34,3S,L
Oregon State System of Higher Education,College,Civil Engineering Technology,Fluid flow,261,3S,L
Oregon State System of Higher Education,College,Field experience in dietetic management,Food services management: theory and practice,103,3S,L
Oregon State System of Higher Education,College,Human resource management in food,service operations,205,3S,L
Oregon State System of Higher Education,College,Human resource management in food,Introduction to food service,105,2S,L
Oregon State System of Higher Education,College,Marketing of food services in health care,facilities,304,3S,U
Oregon State System of Higher Education,College,Management and analysis of quantity food,production,260,4S,L
Oregon State System of Higher Education,College,Sanitation practices in food service,operations,101,3S,L
Oregon State System of Higher Education,College,Sanitation practices in food service,The profession of dietetics,100,IS,L
Pennsylvania State University,Graduate,Acoustics,Fundamentals of acoustics,510,3S,
Pennsylvania State University,Graduate,Sociology,Sociology of education,416,3S,
Pennsylvania State University,Noncredit,Agriculture,Annuals for your flower garden,5168,NC,
Pennsylvania State University,Noncredit,Agriculture,Antiques and collectibles,5144,NC,
Pennsylvania State University,Noncredit,Agriculture,Beekeeping,5126,NC,
Pennsylvania State University,Noncredit,Agriculture,Breeds of dairy cattle,5120,NC,
Pennsylvania State University,Noncredit,Agriculture,Bulbs for your flower garden,5167,NC,
Pennsylvania State University,Noncredit,Agriculture,Campground development,5182,NC,
Pennsylvania State University,Noncredit,"Canning, freezing, and food preservation",Commercial fruit tree production,5173,NC,
Pennsylvania State University,Noncredit,"Canning, freezing, and food preservation",Cottage cheese making,5151,NC,
Pennsylvania State University,Noncredit,"Canning, freezing, and food preservation",Dairy cattle feeding,5123,NC,
Pennsylvania State University,Noncredit,"Canning, freezing, and food preservation",Dairy goats,5177,NC,
Pennsylvania State University,Noncredit,Disease/insect problems in commercial,orchards,5174,NC,
Pennsylvania State University,Noncredit,Disease/insect problems in commercial,Dressing and curing meat,5146,NC,
Pennsylvania State University,Noncredit,Disease/insect problems in commercial,Edible nut production,5172,NC,
Pennsylvania State University,Noncredit,Disease/insect problems in commercial,Electrical tips for everyone,5110,NC,
Pennsylvania State University,Noncredit,Estate planning for Pennsylvania families,Everyday measurement and calculation: metric system,5111,NC,
Pennsylvania State University,Noncredit,Estate planning for Pennsylvania families,Farm buildings,5108,NC,
Pennsylvania State University,Noncredit,Estate planning for Pennsylvania families,Farm financial management,5105,NC,
Pennsylvania State University,Noncredit,Estate planning for Pennsylvania families,Farm law,5102,NC,
Pennsylvania State University,Noncredit,Estate planning for Pennsylvania families,Farm management,5100,NC,
Pennsylvania State University,Noncredit,Farm management for part-time and small,farmers,5104,NC,
Pennsylvania State University,Noncredit,Farm management for part-time and small,Farm refrigeration,5109,NC,
Pennsylvania State University,Noncredit,Farm management for part-time and small,Flower arrangement,5160,NC,
Pennsylvania State University,Noncredit,Farm management for part-time and small,Food selection and preparation,5148,NC,
Pennsylvania State University,Noncredit,Farm management for part-time and small,Genetics and animal breeding,5119,NC,
Pennsylvania State University,Noncredit,Farm management for part-time and small,Home floriculture,5159,NC,
Pennsylvania State University,Noncredit,Farm management for part-time and small,Home furnishings,5137,NC,
Pennsylvania State University,Noncredit,Farm management for part-time and small,Home garden fruits,5156,NC,
Pennsylvania State University,Noncredit,Farm management for part-time and small,Home lawns,5115,NC,
Pennsylvania State University,Noncredit,Farm management for part-time and small,Home vegetable gardening,5158,NC,
Pennsylvania State University,Noncredit,Farm management for part-time and small,Houseplant culture,5169,NC,
Pennsylvania State University,Noncredit,Farm management for part-time and small,Ice cream manufacture,5150,NC,
Pennsylvania State University,Noncredit,Farm management for part-time and small,Improving house and grounds,5138,NC,
Pennsylvania State University,Noncredit,Landscape planning for small properties,Light horses,5124,NC,
Pennsylvania State University,Noncredit,Landscape planning for small properties,Maintaining desirable weight,5153,NC,
Pennsylvania State University,Noncredit,Landscape planning for small properties,Market milk,5149,NC,
Pennsylvania State University,Noncredit,Landscape planning for small properties,Milk technology and food value,5145,NC,
Purdue University,College,Computers in the hospitality industry,Essentials of nutrition,FN303,3S,L
Purdue University,College,"Purchasing for restaurants, hotels, and",institutions,RH331,3S,L
Purdue University,College,"Purchasing for restaurants, hotels, and",Quantity food production,RH291,2S,L
Roosevelt University,College,Bachelor of General Studies Program,Adult learning skills,213,IS,L
Roosevelt University,College,Bachelor of General Studies Program,Advanced pro-seminar,301,3S,U
Roosevelt University,College,Bachelor of General Studies Program,Art and communication,376,IS,U
Roosevelt University,College,Bachelor of General Studies Program,Communication skills,212,IS,L
Roosevelt University,College,Bachelor of General Studies Program,Drama,377,IS,U
Roosevelt University,College,Bachelor of General Studies Program,Earthquakes,356,IS,U
Roosevelt University,College,Bachelor of General Studies Program,Encounters with new worlds,211,IS,L
Roosevelt University,College,Bachelor of General Studies Program,Genetics,353,IS,U
Roosevelt University,College,Bachelor of General Studies Program,Images of beauty,215,IS,L
Roosevelt University,College,Bachelor of General Studies Program,Introduction to the humanities,370,IS,U
Roosevelt University,College,Bachelor of General Studies Program,Machines and society,381,IS,U
Roosevelt University,College,Bachelor of General Studies Program,Mankind against disease,383,IS,U
Roosevelt University,College,Bachelor of General Studies Program,Men/women relationships,210,IS,L
Roosevelt University,College,Bachelor of General Studies Program,Mythology,378,IS,U
Roosevelt University,College,Bachelor of General Studies Program,Nutrition,357,IS,U
Roosevelt University,College,Bachelor of General Studies Program,Pro-seminar,201,6S,U
Roosevelt University,College,Bachelor of General Studies Program,Research skills,214,IS,L
Roosevelt University,College,Bachelor of General Studies Program,Science and society,355,IS,U
Roosevelt University,College,Bachelor of General Studies Program,Science fiction,379,IS,U
Roosevelt University,College,Bachelor of General Studies Program,Seminar in humanities,392,6S,U
Roosevelt University,College,Bachelor of General Studies Program,Seminar in natural sciences,391,6S,U
Roosevelt University,College,Bachelor of General Studies Program,Seminar in social science,390,6S,U
Roosevelt University,College,Bachelor of General Studies Program,Senior thesis,399,3S,U
Roosevelt University,College,Bachelor of General Studies Program,Storyteller's art,374,IS,U
Roosevelt University,College,Bachelor of General Studies Program,Television,371,IS,U
Roosevelt University,College,Bachelor of General Studies Program,The Holocaust as literature,375,IS,U
Roosevelt University,College,Bachelor of General Studies Program,The comic spirit,373,IS,U
Roosevelt University,College,Bachelor of General Studies Program,What is science?,351,IS,U
Roosevelt University,College,Bachelor of General Studies Program,Women and work,382,IS,U
Roosevelt University,College,Computer Science,Advanced,BASIC 303,3S,U
Roosevelt University,College,Computer Science,COBOL programming,213,3S,U
Roosevelt University,College,Computer Science,CPSC data processing,101,3S,L
Roosevelt University,College,Computer Science,Data base fundamentals,133,IS,L
Roosevelt University,College,Introduction to programming technology,Systems analysis and design,270,3S,U
Roosevelt University,College,Economics,Macroeconomics,101,3S,L
Roosevelt University,College,Economics,Microeconomics,102,3S,L
Roosevelt University,College,English,Review of composition,219,3S,L
Roosevelt University,College,Geography,Physical geography,I 101,3S,L
Roosevelt University,College,Geography,Physical geography,II 102,3S,L
Roosevelt University,College,Geography,Political geography,309,3S,U
Roosevelt University,College,Geography,Urban geography,305,3S,U
Saint Joseph's College,College,Art,Basic two-dimensional art,ATI 01,3S,L
Saint Joseph's College,College,Art,Music appreciation,ATI 08,3S,L
Saint Joseph's College,College,Business,Business ethics,BA306,3S,U
Saint Joseph's College,College,Business,Business law I,BA301,3S,U
Saint Joseph's College,College,Business,Business law II,BA302,3S,U
Saint Joseph's College,College,Business,Financial accounting,AC103,3S,L
Saint Joseph's College,College,Business,Introduction to management,MG101,3S,U
Saint Joseph's College,College,Business,Marketing,MK201,3S,U
Saint Joseph's College,College,Business,Marketing management,MK401,3S,U
Saint Joseph's College,College,Business,Marketing research,MK302,3S,U
Saint Joseph's College,College,Business,Operations management,MG301,3S,U
Saint Joseph's College,College,Business,Organizational analysis,MG401,3S,U
Saint Joseph's College,College,Business,Small business management,MG307,3S,U
Saint Joseph's College,College,Education,Educational psychology,ED301,3S,U
Saint Joseph's College,College,English,American literature,I 203,3S,U
Saint Joseph's College,College,English,American literature,II 204,3S,U
Saint Joseph's College,College,English,English composition,I 106,3S,L
Saint Joseph's College,College,English,English composition,II 107,3S,L
Saint Joseph's College,College,English,Introduction to literature,EH102,3S,L
Saint Joseph's College,College,English,Major British writers,EH205,3S,L
Saint Joseph's College,College,English,Major British writers,EH206,3S,L
Saint Joseph's College,College,Health Care Administration,Aging in America,HC310,3S,U
Saint Joseph's College,College,Financial management in health care,administration,HC441,3S,U
Saint Joseph's College,College,Financial management in health care,administration,HC442,3S,U
Saint Joseph's College,College,Financial management in health care,Health care administration,HC320,3S,U
Saint Joseph's College,College,Financial management in health care,Health care administration II,NC330,3S,U
Saint Joseph's College,College,Financial management in health care,Human ecology I,ES201,3S,U
Saint Joseph's College,College,Financial management in health care,Human ecology II,ES202,3S,U
Saint Joseph's College,College,Nursing home administrator-in-training,Nutrition,NN202,3S,L
Saint Joseph's College,College,Nursing home administrator-in-training,Organizational analysis,HC340,3S,U
Saint Joseph's College,College,Strategic planning in health care,organizations,HC454,3S,U
Saint Joseph's College,College,History,History of the United States,201,3S,L
Saint Joseph's College,College,History,History of the United States,202,3S,L
Saint Joseph's College,College,History,Western civilization,101,3S,L
Saint Joseph's College,College,History,Western civilization,102,3S,L
Saint Joseph's College,College,Mathematics,College mathematics,MAI 05,3S,L
Saint Joseph's College,College,Mathematics,Elementary statistics,MA205,3S,L
Saint Joseph's College,College,Nursing,Aging in America,NU310,3S,U
Saint Joseph's College,College,Philosophy,Comparative religions,HU302,3S,U
Saint Joseph's College,College,Philosophy,Ethics,210,3S,U
Saint Joseph's College,College,Psychology,Adolescent psychology,306,3S,U
Saint Joseph's College,College,Psychology,Educational psychology,PY307,3S,U
Saint Joseph's College,College,Psychology,Human relations in business,309,3S,U
Saint Joseph's College,College,Psychology,Industrial psychology,402,3S,U
Saint Joseph's College,College,Psychology,Introduction to psychology,101,3S,L
Saint Joseph's College,College,Psychology,Learning,304,3S,U
Saint Joseph's College,College,Psychology,Psychology of motivation,302,3S,U
Saint Joseph's College,College,Psychology,Psychology of personality,301,3S,U
Saint Joseph's College,College,Psychology,Psychopathology,207,3S,U
Saint Joseph's College,College,Psychology,Social psychology,305,3S,U
Saint Joseph's College,College,Sociology,Aging in America,SO310,3S,U
Saint Joseph's College,College,Sociology,Criminology,307,3S,L
Saint Joseph's College,College,Sociology,Modern community,304,3S,U
Saint Joseph's College,College,Sociology,Organizational analysis,SO401,3S,U
Saint Joseph's College,College,Sociology,Principles of sociology,201,3S,L
Saint Joseph's College,College,Sociology,Social problems,301,3S,U
Saint Joseph's College,College,Sociology,Social psychology,SO302,3S,U
Saint Joseph's College,College,Sociology,The family,303,3S,U
Saint Joseph's College,Graduate,Health Care Administration,Ambulatory care,HS635,3S,
Saint Joseph's College,Graduate,Health Care Administration,Applied research paper,HS725,3S,
Saint Joseph's College,Graduate,Health Care Administration,Environmental health,HS665,3S,
Saint Joseph's College,Graduate,Health Care Administration,Ethics and legal perspectives,HS575,3S,
Saint Joseph's College,Graduate,Health Care Administration,Gerontology,HS655,3S,
Saint Joseph's College,Graduate,Health Care Administration,Health care financial management HS525 (3S) Health care of the aged,HS565,3S,
Saint Joseph's College,Graduate,Health Care Administration,Health economics,HS555,3S,
Saint Joseph's College,Graduate,Health Care Administration,Health policy and politics,HS715,3S,
Saint Joseph's College,Graduate,Health Care Administration,Health services administration,HS515,3S,
Saint Joseph's College,Graduate,Health Care Administration,Human resources management,HS615,3S,
Saint Joseph's College,Graduate,Health Care Administration,Labor relations,HS625,3S,
Saint Joseph's College,Graduate,Health Care Administration,Management information systems HS535 (3S) Marketing health care services,HS605,3S,
Saint Joseph's College,Graduate,Health Care Administration,Medical sociology,HS645,3S,
Saint Joseph's College,Graduate,Health Care Administration,Organizational theory and behavior HS505 (3S) Research methods,HS545,3S,
Saint Joseph's College,Graduate,Health Care Administration,Seminar in health management,HS675,3S,
Saint Joseph's College,Graduate,Health Care Administration,Strategic management,HS700,3S,
Saint Joseph's College,Graduate,Health Care Administration,U.S. health care systems,HS500,3S,
Savannah State College,College,Business,Introduction to business,105,5Q,L
Savannah State College,College,History,History of early modern Europe,331,5Q,U
Savannah State College,College,History,History of modern Europe,332,5Q,U
Savannah State College,College,History,History of world civilization,101,5Q,L
Savannah State College,College,History,History of world civilization,102,5Q,L
Savannah State College,College,History,U.S. and Afro-Americans since the Civil War,203,5Q,U
Savannah State College,College,History,U.S. and Afro-Americans through the Civil War,202,5Q,U
Savannah State College,College,Mathematics,College algebra,107,5Q,U
Savannah State College,College,Political Science,American constitutional law,311,5Q,U
Savannah State College,College,Political Science,American political procedure,405,5Q,U
Savannah State College,College,Political Science,Black politics,390,5Q,U
Savannah State College,College,Political Science,Government,200,5Q,U
Savannah State College,College,Sociology,General psychology,201,5Q,U
Savannah State College,College,Sociology,Introduction to sociology,201,5Q,U
Savannah State College,College,Sociology,World of human geography,111,5Q,L
Savannah State College,College,Bible,Acts,2422,2S,L
Savannah State College,College,Bible,Gospel of John,4622,2S,U
Savannah State College,College,Bible,Hebrew poetry,3122,2S,U
Savannah State College,College,Bible,Hermeneutics,2622,2S,L
Savannah State College,College,Bible,Life of Christ,2222,2S,L
Savannah State College,College,Bible,Minor prophets,4233,3S,U
Savannah State College,College,Bible,New Testament survey,1233,3S,L
Savannah State College,College,Bible,Old Testament survey,1133,3S,L
Savannah State College,College,Bible,Pentateuch,3233,3S,U
Savannah State College,College,Bible,Romans,4133,3S,U
Savannah State College,College,Business,Economics principles,I 3103,3S,U
Savannah State College,College,Business,Principles of finance,4133,3S,U
Savannah State College,College,Business,Principles of management,3133,3S,U
Savannah State College,College,Communications,Parliamentary procedure,2111,IS,L
Southeastern College of the Assemblies of God,College,Administration of Justice,Introduction to criminal law,310,3S,U
Southeastern College of the Assemblies of God,College,Allied Health Caret,Medical terminology,105,2S,L
Southeastern College of the Assemblies of God,College,Art ami Design,Survey of 20th-century art,347,3S,U
Southeastern College of the Assemblies of God,College,Electronics Technology,Computer system applications,224,3S,L
Southeastern College of the Assemblies of God,College,Electronics Technology,Introduction to electronics,100,3S,L
Southeastern College of the Assemblies of God,College,Finance,Insurance,310,3S,U
Southeastern College of the Assemblies of God,College,Finance,Principles of real estate,320,3S,U
Southeastern College of the Assemblies of God,College,Finance,Real Estate appraisal,322,3S,U
Southeastern College of the Assemblies of God,College,Food and Nutrition,Food and beverage management,373,3S,U
Southeastern College of the Assemblies of God,College,Food and Nutrition,Front office management,372,3S,U
Southeastern College of the Assemblies of God,College,Food and Nutrition,Hospitality and tourism industry,202,3S,L
Southeastern College of the Assemblies of God,College,Food and Nutrition,Foreign Language and Literature (Russian) Russian realism,480,4S,U
Southeastern College of the Assemblies of God,College,Food and Nutrition,Soviet civilization,470,3S,U
Southeastern College of the Assemblies of God,College,Food and Nutrition,Soviet literature,465,3S,U
Southeastern College of the Assemblies of God,College,Food and Nutrition,General Education A (Science) Understanding the weather,330,3S,U
Southeastern College of the Assemblies of God,College,Introduction to American government and,politics,114,3S,L
Southeastern College of the Assemblies of God,College,Introduction to American government and,Modern American history,301,3S,U
Southeastern College of the Assemblies of God,College,Introduction to American government and,Politics foreign nations,250,3S,L
Southeastern College of the Assemblies of God,College,Introduction to American government and,The sociological perspective,108,3S,L
Southeastern College of the Assemblies of God,College,Introduction to American government and,General Education C (Humanities) East Asian civilization,213,3S,L
Southeastern College of the Assemblies of God,College,Introduction to American government and,Elementary logic,208,3S,L
Southeastern College of the Assemblies of God,College,Introduction to American government and,Meaning in visual arts,204,3S,L
Southeastern College of the Assemblies of God,College,Introduction to American government and,Moral decision,104,3S,L
Southeastern College of the Assemblies of God,College,Introduction to American government and,Music understanding,100,3S,L
Southeastern College of the Assemblies of God,College,Introduction to American government and,Problems in philosophy,102,3S,L
Southeastern College of the Assemblies of God,College,History,American Indian history,366,3S,U
Southeastern College of the Assemblies of God,College,Journalism,The law of journalism,442,3S,U
Southeastern College of the Assemblies of God,College,Law Enforcement,Introduction to security,203,3S,L
Southeastern College of the Assemblies of God,College,Mathematics,Intermediate algebra,107,3S,L
Southeastern College of the Assemblies of God,College,Philosophy,Existential philosophy,389,3S,U
Southeastern College of the Assemblies of God,College,Physiology,Principles of physiology,209,3S,L
Southeastern College of the Assemblies of God,College,Business,Accounting principles I,AC211,"3S, VI",L
Southeastern College of the Assemblies of God,College,Business,Accounting principles II,AC212,"3S, VI",L
Southeastern College of the Assemblies of God,College,Business,Business finance,BU321,"3S, VI",U
Southeastern College of the Assemblies of God,College,Business,Intermediate accounting I,AC315,"4S, VI",U
Southeastern College of the Assemblies of God,College,Business,Principles of marketing,BU343,"3S, VI",U
Southwestern Adventist College,College,Art,History of art,III 4383,3S,U
Southwestern Adventist College,College,Art,Introduction to the visual arts,1373,3S,L
Southwestern Adventist College,College,Biology,Principles of biology,1310,3S,L
Southwestern Adventist College,College,Computer Science,Assembly language,2318,"3S, CI",L
Southwestern Adventist College,College,Computer Science,Programming for teachers,4348,3S,U
Southwestern Adventist College,College,Computer Science,Penology,3325,3S,U
Southwestern Adventist College,College,English,A survey of world literature before 1600,2330,3S,L
Southwestern Adventist College,College,English,A survey of world literature from 1600 to present,2340,3S,L
Southwestern Adventist College,College,English,Basic reading and writing,1300,3S,L
Southwestern Adventist College,College,English,State University o) New York Empire State College Children's literature,3385,3S,U
Southwestern Adventist College,College,English,Reading and writing,I 1310,3S,L
Southwestern Adventist College,College,English,Reading and writing,II 1320,3S,L
Southwestern Adventist College,College,English,The American novel,3338,3S,U
Southwestern Adventist College,College,English,The English novel,3368,3S,U
Southwestern Adventist College,College,English,The European novel,3322,3S,U
Southwestern Adventist College,College,Geography,The cultural environment,1309,"3S, VI",L
Southwestern Adventist College,College,Geography,World geography,1310,3S,L
Southwestern Adventist College,College,Health Care Administration,Medical terminology,2360,3S,L
Southwestern Adventist College,College,History,History of England,3315,3S,U
Southwestern Adventist College,College,History,History of England,II 3316,3S,U
Southwestern Adventist College,College,History,Texas history: a survey,3372,3S,U
Southwestern Adventist College,College,History,Western civilization,2310,3S,L
Southwestern Adventist College,College,Home Economics,Consumer education,1341,3S,L
Southwestern Adventist College,College,Mathematics,Basic mathematics,1311,3S,L
Southwestern Adventist College,College,Mathematics,Calculus,I 2471,4S,L
Southwestern Adventist College,College,Mathematics,Calculus,II 2472,4S,L
Southwestern Adventist College,College,Mathematics,College algebra,1315,3S,L
Southwestern Adventist College,College,Mathematics,Differential equations,3323,3S,U
Southwestern Adventist College,College,Mathematics for business and economics II,Non-mathematical statistics,2328,3S,L
Southwestern Adventist College,College,Mathematics for business and economics II,Plane trigonometry,1317,3S,L
Southwestern Adventist College,College,Modern Languages,Intermediate Spanish,2310,"3S, AC",L
Southwestern Adventist College,College,Modern Languages,Intermediate Spanish,2320,"3S, AC",L
Southwestern Adventist College,College,"Music, Art, Theater Arts",Introduction to the fine arts,3313,3S,U
Southwestern Adventist College,College,Philosophy,Elementary logic,2330,3S,L
Southwestern Adventist College,College,Philosophy,General philosophy,1305,3S,L
Southwestern Adventist College,College,Philosophy,Philosophical issues,3301,3S,U
Southwestern Adventist College,College,Psychology,Abnormal psychology,3315,3S,U
Southwestern Adventist College,College,Psychology,Developmental psychology,2315,3S,L
Southwestern Adventist College,College,Psychology,History and theory,4391,3S,U
Southwestern Adventist College,College,Psychology,Industrial psychology,3333,3S,U
Southwestern Adventist College,College,Psychology,Introduction to psychology,1300,3S,L
Southwestern Adventist College,College,Psychology,Learning and memory,4342,3S,U
Southwestern Adventist College,College,Psychology,Personality psychology,4316,3S,U
Southwestern Adventist College,College,Psychology,Psychological adjustment,2350,3S,L
Southwestern Adventist College,College,Psychology,Psychology of human sexuality,2311,3S,L
Southwestern Adventist College,College,Psychology,Social psychology,3331,3S,U
Southwestern Adventist College,College,Sociology,Criminology,3343,3S,U
Southwestern Adventist College,College,Sociology,Introduction to sociology,1310,3S,L
Southwestern Adventist College,College,Spanish,Beginning Spanish,1420,"4S, AC, VI",L
Southwestern Adventist College,College,Spanish,Beginning Spanish,I 1410,"4S, AC, VI",L
State University of New York Empire State College,College,Accounting,Accounting I,BU201,"4U, CI",L
State University of New York Empire State College,College,Accounting,Accounting II,BU202,"4U, CI",L
State University of New York Empire State College,College,Accounting,Auditing,BU402,4U,U
State University of New York Empire State College,College,Accounting,Cost accounting,BU310,4U,U
State University of New York Empire State College,College,Accounting,Intermediate accounting I,BU301,4U,U
State University of New York Empire State College,College,Accounting,Intermediate accounting II,BU302,4U,U
State University of New York Empire State College,College,Anthropology,Cultural' anthropology,GL340,"4U, CI",U
State University of New York Empire State College,College,Anthropology,Faces of culture,GL240,"4U, VI, CI",L
State University of New York Empire State College,College,Communications,Communication decisions,GL330,"4U, CI",U
State University of New York Empire State College,College,Communications,Communications analysis,GL331,4U,U
State University of New York Empire State College,College,Introduction to college reading and writing,The television environment,GL335,4U,U
State University of New York Empire State College,College,Economics,Economic policy analysis,BU321,4U,U
State University of New York Empire State College,College,Economics,Economics-macro,BU221,"4U, VI",L
State University of New York Empire State College,College,Economics,Economics-micro,BU222,"4U, VI",L
State University of New York Empire State College,College,English,College writing,GL162,4U,L
State University of New York Empire State College,College,Analytic approaches to public fire,Applications of fire research,FA412,4U,U
State University of New York Empire State College,College,General / Interdisciplinary,design,FA407,4U,U
State University of New York Empire State College,College,General / Interdisciplinary,Fire related human behavior,FA405,4U,U
State University of New York Empire State College,College,Advanced quantitative methods in,Business ethics,BU475,4U,U
State University of New York Empire State College,College,Advanced quantitative methods in,Business policy,BU481,4U,U
State University of New York Empire State College,College,Advanced quantitative methods in,Corporate finance,BU351,4U,U
State University of New York Empire State College,College,Advanced quantitative methods in,International marketing,BU432,4U,U
State University of New York Empire State College,College,Advanced quantitative methods in,Investing,BU352,4U,U
State University of New York Empire State College,College,Advanced quantitative methods in,Labor /management relations,BU411,4U,U
State University of New York Empire State College,College,Advanced quantitative methods in,Marketing principles,BU241,"4U, CI",L
State University of New York Empire State College,College,Advanced quantitative methods in,Marketing research,BU492,"4U, CI",U
State University of New York Empire State College,College,Advanced quantitative methods in,Money and banking,BU441,4U,U
State University of New York Empire State College,College,Advanced quantitative methods in,Organizational behavior,BU461,4U,U
State University of New York Empire State College,College,Advanced quantitative methods in,Small business management,BU470,4U,U
State University of New York Empire State College,College,Business enterprise in American history,Contemporarj Brazil,IN336,"4U, CI",U
State University of New York Empire State College,College,Business enterprise in American history,Hispanks in America,GL309,4U,U
State University of New York Empire State College,College,Business enterprise in American history,Islam: religion and culture,GL245,4U,L
State University of New York Empire State College,College,Business enterprise in American history,Legacies: history o! women and the family 1607-1870,GL324,"4U, AC, CI",U
State University of New York Empire State College,College,Business enterprise in American history,Modern China,IN332,"4U, CI",U
State University of New York Empire State College,College,Science and culture in the Western tradition,The Middle East,GL341,"4U, VI",U
State University of New York Empire State College,College,Science and culture in the Western tradition,The Pacific centurv,IN230,"4U, CI",L
State University of New York Empire State College,College,Science and culture in the Western tradition,The Western tradition I,GL131,"4U, VI",L
State University of New York Empire State College,College,Literature,Introduction to literature,GL140,4U,L
State University of New York Empire State College,College,Literature,Literature of the Americas,GL250,6U,L
State University of New York Empire State College,College,Mathematics,Algebra,GL110,4U,L
State University of New York Empire State College,College,Mathematics,Business math,BU203,4U,L
State University of New York Empire State College,College,Philosophy,Modes of inquiry I,IN414,4U,U
State University of New York Empire State College,College,Philosophy,Modes of inquiry II,IN415,4U,U
State University of New York Empire State College,College,Psychology,The abnormal personality,IN407,6U,U
State University of New York Empire State College,College,Public Affairs,Citizen and state I,GL430,4U,U
State University of New York Empire State College,College,Public Affairs,Citizen and state II,GL431,4U,U
State University of New York Empire State College,College,Citizen participation in political process,Community and democracy,GL390,4U,U
State University of New York Empire State College,College,Citizen participation in political process,Comparative public policy,IN420,VC,U
State University of New York Empire State College,College,Politic and leadership in the bureaucracy,Public finance and budgeting 1,N302,4U,U
State University of New York Empire State College,College,Politic and leadership in the bureaucracy,State and local government CM,222,4U,L
State University of New York Empire State College,College,Politic and leadership in the bureaucracy,The U.S. Constitution I,GL434,4U,U
State University of New York Empire State College,College,Politic and leadership in the bureaucracy,The U.S. Constitution II,GL435,4U,U
State University of New York Empire State College,College,Religion,"Religious perspectives, part I",GL403,4U,U
State University of New York Empire State College,College,Science,Human biology,GL236,"4U, CI",L
State University of New York Empire State College,College,Science,Human nutrition,GL235,4U,L
State University of New York Empire State College,College,Science,Topics in biology,GL136,4U,L
State University of New York Empire State College,College,Social Psychology,Managing in organizations,IN411,8U,U
State University of New York Empire State College,College,Social Psychology,People and organizations,IN408,8U,U
State University of New York Empire State College,College,Social Psychology,Social psychology,IN305,8U,U
State University of New York Empire State College,College,Social Science,Africa America experience,GL312,4U,U
State University of New York Empire State College,College,Social Science,Africa and its people,IN334,4U,U
State University of New York Empire State College,College,Social Science,Aging and society,HS315,VC,U
State University of New York Empire State College,College,"Complexity, management, and change",Counseling theory,HS404,4U,U
State University of New York Empire State College,College,"Complexity, management, and change",Family and society,HS320,VC,U
State University of New York Empire State College,College,Historical views of developmental disability,Human development I,HS215,4U,L
State University of New York Empire State College,College,Historical views of developmental disability,Human development II,HS216,4U,L
State University of New York Empire State College,College,Historical views of developmental disability,Human services delivery: cultural diversity,HS310,6U,U
State University of New York Empire State College,College,Historical views of developmental disability,Introduction to human development: worlds of children,IN217,"4U, VI",L
State University of New York Empire State College,College,Introduction to health and human services,Issues in social policy: the welfare debate,HS414,4U,U
State University of New York Empire State College,College,Introduction to health and human services,Portrait of a family,IN218,"4U, VI",L
State University of New York Empire State College,College,Introduction to health and human services,Societies in transition,GL207,4U,L
State University of New York Empire State College,College,Introduction to health and human services,The individual and society,IN301,8U,U
State University of New York Empire State College,College,Introduction to health and human services,Thinking about education,IN213,VC,L
State University of New York Empire State College,College,Introduction to health and human services,War and American society,IN215,"6U, VI",L
State University of New York Empire State College,College,Sociology,Perspectives in sociology,IN410,8U,U
State University of New York Empire State College,College,Taxation,Income tax I,BU360,4U,U
State University of New York Empire State College,College,Taxation,Income tax II,BU362,4U,U
State University of New York Empire State College,College,Taxation,Income tax practicum,BU36I,2U,U
Stephens College,College,Business Administration,Accounting I,BU210,3S,L
Stephens College,College,Business Administration,Accounting II,BU220,3S,L
Stephens College,College,Business Administration,Business law,BU352,3S,U
Stephens College,College,Business Administration,Business policy and strategy,BU494,3S,U
Stephens College,College,Business Administration,Marketing,BU250,3S,L
Stephens College,College,Business Administration,Principles of finance,BU350,3S,U
Stephens College,College,Business Administration,Principles of management,BU225,3S,L
Stephens College,College,Child Study,Music for children,ED298,3S,L
Stephens College,College,"Programs, philosophy, issues in early",childhood education,ED411,3S,U
Stephens College,College,Education,Child development: infancy,CH113,HF,L
Stephens College,College,Education,Child development: the adolescent years,CH119,VC,L
Stephens College,College,Education,Creative activities for children,ED235,3S,L
Stephens College,College,Education,"Literature for children: person, place, time",CH355,3S,U
Stephens College,College,Education,The child: lifespan and cross-cultural perspective,CH114,3S,L
Stephens College,College,English,American literature I,EN269,3S,L
Stephens College,College,English,English literary traditions I,EN271,3S,L
Stephens College,College,English,"Literary studies: Austen, Bronte, Burney, Eliot",EN255,3S,L
Stephens College,College,English,Shakespeare,EN345,3S,U
Stephens College,College,Fashion,Buying for retail,FA401,3S,U
Stephens College,College,Fashion merchandising strategies and,decision making,FA314,3S,U
Stephens College,College,Fashion merchandising strategies and,Foundations of fashion design,FA272,3S,L
Stephens College,College,Foundations of fashion merchandising,Introduction to fashion,FA170,3S,L
Stephens College,College,Foundations of fashion merchandising,Retailing,FA285,3S,L
Stephens College,College,General Humanities,The humanities: introduction to the arts,HU121,3S,L
Stephens College,College,Geology,Alternative forms of energy,NS298,3S,L
Stephens College,College,Geology,Astronomy,NS298,3S,L
Stephens College,College,Geology,Geology I: glaciers,GL111,3S,L
Stephens College,College,Geology,Geology 1: historical geology,GL111,3S,L
Stephens College,College,Geology,Geology I: oceans,GL111,3S,L
Stephens College,College,Geology,Geology I: rivers,GL111,3S,L
Stephens College,College,Geology,Geology 1: volcanoes,GL111,3S,L
Stephens College,College,Geology,Introduction to meteorology,NS298,3S,L
Stephens College,College,Comparative health record and information,systems,HM403,3S,U
Stephens College,College,Comparative health record and information,Health care finance,HI360,3S,U
Stephens College,College,Comparative health record and information,Health information systems,HM351,3S,U
Stephens College,College,Legal and ethical issues in health,information management,HM330,3S,U
Stephens College,College,Management of coding and reimbursement,systems,HM347,3S,U
Stephens College,College,Mathematics,Introduction to statistics,MA207,3S,L
Stephens College,College,Natural Sciences,Bird Study,BI298,3S,L
Stephens College,College,Essentials of human anatomy and,physiology,BI345,6S,U
Stephens College,College,Essentials of human anatomy and,Wildlife photography,BI298,3S,L
Stephens College,College,"Philosophy, Law, and Rhetoric",Argument,PL306,3S,U
Stephens College,College,"Philosophy, Law, and Rhetoric",Biomedical ethics,PH310,3S,U
Stephens College,College,"Philosophy, Law, and Rhetoric",Death and human existence,PH342,3S,U
Stephens College,College,"Philosophy, Law, and Rhetoric",Ethical issues,PH320,3S,U
Stephens College,College,"Philosophy, Law, and Rhetoric",Introduction to philosophy,PHI 04,3S,L
Stephens College,College,"Philosophy, Law, and Rhetoric",Introduction to religion,RE101,3S,L
Stephens College,College,"Philosophy, Law, and Rhetoric",Logic /critical thinking,PH201,3S,L
Stephens College,College,"Philosophy, Law, and Rhetoric",Philosophy and law seminar,PH330,3S,U
Stephens College,College,"Philosophy, Law, and Rhetoric",Religion in America,RE312,3S,U
Stephens College,College,Psychology,Abnormal psychology,PS320,3S,U
Stephens College,College,Psychology,Basic psychology,PS111,3S,L
Stephens College,College,Psychology,Counseling I,PS359,3S,U
Stephens College,College,Psychology,Educational psychology,PS211,3S,L
Stephens College,College,Psychology,Interviewing/case study,PS403,3S,U
Stephens College,College,Psychology,Learning and cognition,PS331,3S,U
Stephens College,College,Psychology,Psychological issues: applied specialties in psychology,PS441,3S,U
Stephens College,College,Psychological testing and personality,assessment,PS355,3S,U
Stephens College,College,Psychology and education of the,exceptional child,PS363,3S,U
Stephens College,College,Psychology and education of the,Psychology of adjustment,PS121,3S,L
Stephens College,College,Psychology and education of the,Psychology of personality,PS317,3S,U
Stephens College,College,Psychology and education of the,Psychology of women,PS301,3S,U
Stephens College,College,Psychology and education of the,Social psychology,PS315,3S,U
Stephens College,College,Psychology and education of the,The adult years,PS232,3S,L
Stephens College,College,Religion and Philosophy,American women's history since the Civil War,HI321,3S,U
Stephens College,College,Religion and Philosophy,Intentional communities,AM330,3S,U
Stephens College,College,Religion and Philosophy,Japanese culture and society,HI241,3S,L
Stephens College,College,Religion and Philosophy,Kennedy and L.B.J,HI364,3S,U
Stephens College,College,Religion and Philosophy,Microeconomics,EC202,3S,L
Stephens College,College,Religion and Philosophy,Modern Japan seminar,SO310,3S,U
Stephens College,College,Religion and Philosophy,Popular culture in 20th century America,AM315,3S,U
Stephens College,College,Religion and Philosophy,Social housekeepers: women and reform in America,AM322,3S,U
Stephens College,College,Religion and Philosophy,The American South,HI242,3S,L
Stephens College,College,Religion and Philosophy,The American West,HI240,3S,L
Stephens College,College,General / Interdisciplinary,Twentieth century America,HI205,3S,L
Stephens College,College,General / Interdisciplinary,Women and medicine: a cultural perspective,AM324,3S,U
Stephens College,College,General / Interdisciplinary,Women's lives,AM326,3S,U
Syracuse University,College,Anthropology,Global encounters: western and non-western cultures,186,"3S, VI",L
Syracuse University,College,Biological Science,General biology,I 150,"3S, LK",L
Syracuse University,College,Biological Science,General biology,II 250,"3S, LK",L
Syracuse University,College,History and philosophy of biological,Senior thesis: biology,459,3S,U
Syracuse University,College,Business Administration,Advanced accounting topics,432,3S,U
Syracuse University,College,Business Administration,Cost analysis and control,431,3S,U
Syracuse University,College,Business Administration,Data analysis,255,3S,L
Syracuse University,College,Business Administration,Decision models,257,3S,L
Syracuse University,College,Business Administration,Financial resources management,433,3S,U
Syracuse University,College,Business Administration,Introduction to accounting,230,3S,L
Syracuse University,College,Business Administration,Logistics,II 331,3S,U
Syracuse University,College,Business Administration,Logistics,III 332,3S,U
Syracuse University,College,Business Administration,Management and society,335,3S,U
Syracuse University,College,Business Administration,Marketing analysis,471,3S,U
Syracuse University,College,Business Administration,Marketing planning and control,473,3S,U
Syracuse University,College,Business Administration,Marketing strategy,472,3S,U
Syracuse University,College,"Money, banking, and international finance",Organization behavior,474,3S,U
Syracuse University,College,"Money, banking, and international finance",Personnel management,475,3S,U
Syracuse University,College,"Money, banking, and international finance",Special studies: accounting,437,VC,U
Syracuse University,College,Survev of the field of financial management,Theory of financial accounting,430,3S,U
Syracuse University,College,Criminal justice,American policing,373,3S,U
Syracuse University,College,Criminal justice,Constitutional law,376,3S,U
Syracuse University,College,Criminal justice,Internship,484,6S,U
Syracuse University,College,Earth Sciences,Environmental geology,240,3S,L
Syracuse University,College,Economics,Introduction to macroeconomics,253,3S,L
Syracuse University,College,Economics,Introduction to microeconomics,252,3S,L
Syracuse University,College,Fine Arts,Fine arts,I 112,3S,L
Syracuse University,College,Fine Arts,Fine arts,II 212,3S,L
Syracuse University,College,Fine Arts,Fine arts,III 312,3S,U
Syracuse University,College,Fine Arts,Fine arts,IV 412,3S,U
Syracuse University,College,Fine Arts,Senior thesis: humanities,419,VC,U
Syracuse University,College,Fine Arts,Special studies in humanities,318,VC,U
Syracuse University,College,Food Systems Management,Beverage management,498,2S,U
Syracuse University,College,Food Systems Management,Catering,397,2S,U
Syracuse University,College,Food Systems Management,Food retailing,198,IS,U
Syracuse University,College,Food Systems Management,Food science,I 185,3S,L
Syracuse University,College,Food Systems Management,Food service facilities planning,498,3S,U
Syracuse University,College,Food Systems Management,Food service practicum,399,6S,U
Syracuse University,College,Food Systems Management,Meal management,186,3S,L
Syracuse University,College,Food Systems Management,Menu development,294,IS,L
Syracuse University,College,Food Systems Management,Nutrition in health,285,3S,L
Syracuse University,College,Food Systems Management,Professional development,498,1S,U
Syracuse University,College,Food Systems Management,"Purchasing, receiving, storage",396,2S,U
Syracuse University,College,Food Systems Management,Senior seminar,491,IS,U
Syracuse University,College,Food Systems Management,Special studies: food systems management,498,VC,U
Syracuse University,College,Literature,Conflict and structure,115,3S,L
Syracuse University,College,Literature,Fiction and ideas,315,3S,U
Syracuse University,College,Literature,Image and metaphor,215,3S,L
Syracuse University,College,Literature,Literature 4,410,3S,U
Syracuse University,College,Elementary concepts of modern,mathematics,120,3S,L
Syracuse University,College,Elementary concepts of modern,History and philosophy of math,422,3S,U
Syracuse University,College,Elementary concepts of modern,Introduction to statistics,I 225,3S,L
Syracuse University,College,Elementary concepts of modern,Introduction to statistics,II 226,3S,L
Syracuse University,College,Elementary concepts of modern,Linear algebra,121,3S,L
Syracuse University,College,Elementary concepts of modern,Linear programming,220,3S,L
Syracuse University,College,Elementary concepts of modern,Mathematical models,II 321,3S,U
Syracuse University,College,Elementary concepts of modern,Programming language for math,328,3S,U
Syracuse University,College,Elementary concepts of modern,Senior thesis,429,3S,U
Syracuse University,College,Philosophy,Logic,114,3S,L
Syracuse University,College,Philosophy,Philosophy,111,3S,L
Syracuse University,College,Philosophy,Philosophy 2,211,3S,L
Syracuse University,College,Philosophy,Philosophy 3,311,3S,U
Syracuse University,College,Philosophy,Philosophy 4,411,3S,U
Syracuse University,College,Physical Science,History of physical science,460,3S,U
Syracuse University,College,Physical Science,Physical science,I 160,3S,L
Syracuse University,College,Physical Science,Physical science,II 260,3S,L
Syracuse University,College,Physical Science,"Science, energy, and man",360,3S,U
Syracuse University,College,Physical Science,Senior thesis: physical science,469,3S,U
Syracuse University,College,Physical Science,Special studies: physical science,368,VC,U
Syracuse University,College,Political Science,[ntroducton to political science,141,3S,L
Syracuse University,College,Political Science,1 aw and society,345,3S,U
Syracuse University,College,Psychology,Behavioral science methods,244,3S,L
Syracuse University,College,Psychology,Personality and interaction,242,3S,L
Syracuse University,College,Psychology,Social psychology,181,3S,L
Syracuse University,College,Social Sciences,Advanced social sciences,440,VC,U
Syracuse University,College,Social Sciences,American history since 1865,343,3S,U
Syracuse University,College,Social Sciences,Early American history,342,3S,U
Syracuse University,College,Social Sciences,Senior thesis: social sciences,449,VC,U
Syracuse University,College,Social Sciences,Special studies: social studies,348,VC,U
Syracuse University,College,Sociology,Introduction to sociology,240,3S,L
Syracuse University,Graduate,Accounting,Advanced financial accounting,751,3S,
Syracuse University,Graduate,Accounting,Managerial accounting,752,3S,
Syracuse University,Graduate,Advertising Design,Independent study,690,3S,
Syracuse University,Graduate,Advertising Design,Master's thesis,997,3S,
Syracuse University,Graduate,Advertising Design,TV studio,643,3S,
Syracuse University,Graduate,Finance,Financial theory of the firm,761,3S,
Syracuse University,Graduate,Illustration,Aesthetics,701,3S,
Syracuse University,Graduate,Illustration,Aesthetics (grad seminar),702,3S,
Syracuse University,Graduate,Illustration,Business of freelance illustration,683,3S,
Syracuse University,Graduate,Illustration,Illustration communication,760,6S,
Syracuse University,Graduate,Illustration,Illustration research problems,660,6S,
Syracuse University,Graduate,Management,Motivation in organizations,781,3S,
Syracuse University,Graduate,Management,Selected topics,600,VC,
Syracuse University,Graduate,Managerial Control,Basic finance,611,3S,
Syracuse University,Graduate,THEINDEPENDENTSTUDYCATALOG Ill,Introduction to financial accounting,612,3S,
Syracuse University,Graduate,THEINDEPENDENTSTUDYCATALOG Ill,Macroeconomics,600,3S,
Syracuse University,Graduate,THEINDEPENDENTSTUDYCATALOG Ill,Marketing management,613,3S,
Syracuse University,Graduate,THEINDEPENDENTSTUDYCATALOG Ill,Microeconomics,615,3S,
Syracuse University,Graduate,THEINDEPENDENTSTUDYCATALOG Ill,Operations management,614,3S,
Syracuse University,Graduate,Managerial Dynamics,Business and public policy,713,3S,
Syracuse University,Graduate,Managerial Dynamics,Decision models,714,3S,
Syracuse University,Graduate,Managerial Dynamics,Organizational behavior,711,3S,
Syracuse University,Graduate,Managerial Dynamics,Policy formulation,715,3S,
Syracuse University,Graduate,Managerial Dynamics,Resource management,712,3S,
Syracuse University,Graduate,Buyer behavior and marketing management,Marketing research,771,3S,
Syracuse University,Graduate,Quantitative Methods,Computer laboratory,621,IS,
Syracuse University,Graduate,Introduction to statistics for management,MIS concepts,623,IS,
Syracuse University,Graduate,Mathematics for management application,Principles of management science,742,3S,
Syracuse University,Graduate,Mathematics for management application,Regression and correlation,743,3S,
Syracuse University,Graduate,Mathematics for management application,Systems analysis,741,3S,
Syracuse University,Graduate,Comparative cultural analysis I/Soviet,government,780,3S,
Syracuse University,Graduate,Comparative cultural analysis I/Soviet,Comparative cultural analysis II/U.S. history,715-1,3S,
Syracuse University,Graduate,Comparative cultural analysis I/Soviet,Comparative cultural analysis II/U.S. history,715-2,3S,
Syracuse University,Graduate,Comparative cultural analysis III /Asia,Comparative political systems: Latin America/Mexico,780-2,3S,
Syracuse University,Graduate,Comparative cultural analysis III /Asia,International law,652,3S,
Syracuse University,Graduate,International relations /Soviet foreign policy,Introductory seminar,831,3S,
Syracuse University,Graduate,Reading and research /independent study,project,750,VC,
Syracuse University,Graduate,Reading and research /independent study,"War and society, part",I 715-3,3S,
Syracuse University,Graduate,Reading and research /independent study,"War and society, part",II 715-4,3S,
Taylor University,College,Art,Introduction to art,AR172,"2S, VI",L
Taylor University,College,Biblical Studies,Acts,BB330,2S,U
Taylor University,College,Biblical Studies,Analysis of I Corinthians,GR306,3S,U
Taylor University,College,Biblical Studies,Analysis of Mark,GR305,3S,U
Taylor University,College,Elementary Old Testament Hebrews III,Genesis,BB217,3S,L
Taylor University,College,Texas lech University,Historical books,BB216,3S,L
Taylor University,College,Texas lech University,Inductive studios,BB272,2S,L
Taylor University,College,Texas lech University,John,BB311,2S,U
Taylor University,College,Texas lech University,Matthew,BB218,2S,L
Taylor University,College,Texas lech University,New Testament survey,BB209,VC,L
Taylor University,College,Texas lech University,Old Testament survey,BB109,VC,L
Taylor University,College,Texas lech University,Pauline Epistles,BB331,3S,U
Taylor University,College,Texas lech University,Poetic and wisdom literature,BB350,2S,U
Taylor University,College,Texas lech University,Romans,BB313,3S,U
Taylor University,College,Texas lech University,The Pentateuch,BB320,3S,U
Taylor University,College,Texas lech University,The Gospels,BB341,3S,U
Taylor University,College,Biology,Biological science survey,BI105,3S,L
Taylor University,College,Christian Ministries,Cross-cultural evangelism,RE375,3S,U
Taylor University,College,Christian Ministries,Evangelism and discipleship,PM122,2S,L
Taylor University,College,Christian Ministries,Ministry to adults,CE223,3S,L
Taylor University,College,Christian Ministries,Ministry to children,CE219,"3S, AC",L
Taylor University,College,Christian Ministries,Ministry to youth,CE221,3S,L
Taylor University,College,Christian Ministries,Modern cults,RE225,3S,L
Taylor University,College,Christian Ministries,Pastoral theology,PM251,3S,L
Taylor University,College,Christian Ministries,Worship,PM111,"2S, AC",L
Taylor University,College,Education,Educational psychology,ED260,3S,L
Taylor University,College,English,American literature,EN240,4S,L
Taylor University,College,English,British literature,EN250,4S,L
Taylor University,College,Geography,Physical geography,GE200,3S,L
Taylor University,College,Geography,Physical science survey,PH119,3S,L
Taylor University,College,History,American religious history,HI230,2S,L
Taylor University,College,History,Early Christianity,HI232,3S,L
Taylor University,College,History,European Christianity,HI234,3S,L
Taylor University,College,History,Reformation Christianity,HI233,3S,L
Taylor University,College,History,U.S. History I,HI122,3S,L
Taylor University,College,History,U.S. History II,HI123,3S,L
Taylor University,College,History,World History I,HI101,3S,L
Taylor University,College,History,World History II,HI102,3S,L
Taylor University,College,Music,Hymnology and liturgy,MU402,2S,U
Taylor University,College,Music,Music appreciation,MU149,"2S, AC",L
Taylor University,College,Music,Music fundamentals,MU121,2S,L
Taylor University,College,Music,Music fundamentals II,MU122,3S,L
Taylor University,College,Philosophy,Apologetics,PH412,3S,U
Taylor University,College,Philosophy,Contemporary issues,PH262,3S,L
Taylor University,College,Philosophy,Introduction to philosophy,PHI 10,3S,L
Taylor University,College,Philosophy,Logic,PH201,"3S, CI",L
Taylor University,College,Philosophy,Theology I,RE343,3S,U
Taylor University,College,Philosophy,Theology 11,RE344,3S,U
Taylor University,College,Philosophy,Theology III,RE345,3S,U
Taylor University,College,Psychology,Fundamentals of counseling,PS461,3S,U
Taylor University,College,Psychology,General psychology,PS200,3S,L
Taylor University,College,Integration of psychology and Christianity,Research in psychology,PS272,3S,L
Taylor University,College,Integration of psychology and Christianity,Theories of personality,PS400,3S,U
Taylor University,College,Sociology,Cultural anthropology,S0352,3S,U
Taylor University,College,Sociology,Social problems,SO210,3S,L
Texas Tech University,High School,Accounting,Correlated language arts III,CL11A,HF,
Texas Tech University,High School,Accounting,Correlated language arts III CLUB (HF) Correlated language arts IV,CL12A,HF,
Texas Tech University,High School,Accounting,Correlated language arts IV,CL12B,HF,
Texas Tech University,High School,Economics,English II semester 2,EN10B,HF,
Texas Tech University,High School,Economics,English III semester 1,EN11A,HF,
Texas Tech University,High School,Economics,English III semester 2,EN11B,HF,
Texas Tech University,High School,Economics,English IV honors,EH12A,HF,
Texas Tech University,High School,Economics,English IV honors,EH12B,HF,
Texas Tech University,High School,Economics,English IV semester 1,EN12A,HF,
Texas Tech University,High School,Economics,English IV semester 2,EN12B,HF,
Texas Tech University,College,Accounting,Elementary accounting I,A2300,3S,L
Texas Tech University,College,Accounting,Elementary accounting II,A2301,3S,L
Texas Tech University,College,Agriculture,Cooperatives in agriculture,A3303,3S,U
Texas Tech University,College,Algebra,College algebra Ml,320,3S,L
Texas Tech University,College,Anthropology,Cultural anthropology,C2302,3S,L
Texas Tech University,College,Introduction to production and operations,management 1,3344,3S,U
Texas Tech University,College,Business Law,Business law I,B3391,3S,U
Texas Tech University,College,Business and Technical Writing,Technical writing,E2309,3S,L
Texas Tech University,College,Courtship and Marriage,Courtship and marriage,F2322,3S,L
Texas Tech University,College,Courtship and Marriage,/ conomics Principles of economics I,P2301,3S,L
Texas Tech University,College,Courtship and Marriage,Principles of economics II,P2302,3S,L
Texas Tech University,College,English language and Literature,Advanced college rhetoric El,302,3S,L
Texas Tech University,College,English language and Literature,American novel,E3326,3S,U
Texas Tech University,College,English language and Literature,Essentials of college rhetoric El,301,3S,L
Texas Tech University,College,English language and Literature,Literature before 1700,E2301,3S,L
Texas Tech University,College,English language and Literature,Short story,E3331,3S,U
Texas Tech University,College,Finance,Corporation finance I,F3320,3S,U
Texas Tech University,College,Finance,Investments,F4324,3S,U
Texas Tech University,College,Food and Nutrition Studies,Nutrition and food,F1410,4S,L
Texas Tech University,College,Geometry,Analytical geometry Ml,350,3S,L
Texas Tech University,College,History,History of Texas,H3310,3S,U
Texas Tech University,College,History,History of baseball,H3339,3S,U
Texas Tech University,College,History,History of sports and recreation in the U.S,H3338,3S,U
Texas Tech University,College,History,History of the U.S. since 1877,H2301,3S,L
Texas Tech University,College,History,History of the U.S. to 1877,H2300,3S,L
Texas Tech University,College,Latin American Studies,Modern Latin America,H3382,3S,U
Texas Tech University,College,Management,Managerial communication,M3373,3S,U
Texas Tech University,College,Marketing,Introduction to marketing,M3350,3S,U
Texas Tech University,College,Mathematics,Calculus I,M1351,3S,L
Texas Tech University,College,Mathematics,Calculus II Ml,352,3S,L
Texas Tech University,College,Mathematics,Calculus III,M2350,3S,L
Texas Tech University,College,Music,Songwriting,MU130,"3S, AC",L
Texas Tech University,College,Philosophy,Beginning philosophy,P2300,3S,L
Texas Tech University,College,Plant and Soil Science,Soil fertility management,P4335,3S,U
Texas Tech University,College,Political Science,American public policy,A2302,3S,L
Texas Tech University,College,Psychology,Abnormal psychology,P4305,3S,U
Texas Tech University,College,Psychology,Adolescent psychology,P2305,3S,L
Texas Tech University,College,Psychology,Child psychology,P2301,3S,L
Texas Tech University,College,Psychology,"Drugs, alcohol, and behavior",P4325,3S,U
Texas Tech University,College,Psychology,General psychology,PI 300,"3S, CI",L
Texas Tech University,College,Psychology of human sexual behavior,Stress management 4,3995,3S,U
Texas Tech University,College,Public Relations,Principles of public relations,P3310,3S,U
Texas Tech University,College,Managing leisure services organizations,Hospitality control I,R2322,3S,L
Texas Tech University,College,Managing leisure services organizations,Hospitality control II,R3322,3S,L
Texas Tech University,College,Managing leisure services organizations,Hotel operations,R2308,3S,L
Texas Tech University,College,Introduction to beverage management,Travel and tourism,R3350,3S,U
Texas Tech University,College,Sociology,Current social problems,SI 320,3S,L
Texas Tech University,College,Sociology,Introduction to sociology,SI 301,3S,L
Texas Tech University,College,Statistics,Statistical methods,M2300,3S,U
Texas Tech University,College,Teacher Education,Improve student behavior,E2192,IS,L
Texas Tech University,College,Teacher Education,Substitute teaching,E2192,IS,L
Texas Tech University,College,Trigonometry,Trigonometry,M1321,3S,L
Texas Tech University,College,Western Civilization,Western civilization I,H1300,3S,L
Texas Tech University,College,Western Civilization,Western civilization II,HI 301,3S,L
Texas Tech University,Graduate,Introduction to small computers in,education,E5318,"3S, CI",
Texas Tech University,Graduate,"Psychology, Counseling, and Guidance",Reality therapy and control 5,3691,3S,
Texas Tech University,Graduate,"Psychology, Counseling, and Guidance",Stress management 5,3695,3S,
Texas Tech University,Noncredit,English Creative Writing,Creative autobiography,NC702,NC,
Texas Tech University,Noncredit,English Creative Writing,Creative writing,NC701,NC,
Texas Tech University,Noncredit,English Creative Writing,Express yourself in poetry,NC703,NC,
Texas Tech University,Noncredit,"Writing /publishing stories, books, and",articles,NC711,NC,
Texas Tech University,Noncredit,English Technical and Business Writing,Business English,NC728,NC,
Texas Tech University,Noncredit,English Technical and Business Writing,Business writing,NC731,NC,
Texas Tech University,Noncredit,English Technical and Business Writing,How to write a business plan,NC751,NC,
Texas Tech University,Noncredit,Journalism,Letters from the people,NC709,NC,
Texas Tech University,Noncredit,Personal and Miscellaneous Services,Projecting yourself as a winner,NC705,NC,
Texas Tech University,Noncredit,Personal and Miscellaneous Services,Re-entering the workplace,NC710,NC,
Texas Tech University,Noncredit,Real Estate,Real estate brokerage,NC753,NC,
Texas Tech University,Noncredit,SAT Review,SAT and ACT test preparation,NC700,NC,
Texas Tech University,Noncredit,Social Sciences and History,Genealogy,NC707,NC,
Texas Tech University,Noncredit,"Researching, writing, and publishing local",history,NC708,NC,
Texas Tech University,College,Anthropology,Introduction to anthropology,101,"3S, VI",L
Texas Tech University,College,Asian Studies,Asian Studies,I 301,"3S, VI",U
Texas Tech University,College,Biology,Introductory biology,106,"3S, VI",L
Texas Tech University,College,Business,Business law,201,"3S, VI",L
Texas Tech University,College,Business,Business mathematics,161,"3S, VI",L
Texas Tech University,College,Business,Introduction to business,101,"3S, VI",L
Texas Tech University,College,Chemistry,Organic chemistry,310,3S,U
Texas Tech University,College,Chemistry,Survey of chemistry,101,"3S, VI",L
Texas Tech University,College,Computer Science,"Data Proce^in^ Computer ""literacy",107,"3S, VI",L
Texas Tech University,College,Earth Science,General earth science,101,"3S, VI",L
Texas Tech University,College,Economics,International economics,490,"3S, VI, CI",U
Texas Tech University,College,Economics,Macroeconomics,111,"3S, VI, AC",L
Texas Tech University,College,Economics,Microeconomics,112,"3S, VI, AC",L
Texas Tech University,College,Education,Gifted and talented students,387,3S,U
Texas Tech University,College,Environmental Science,Environmental science,200,"3S, VI",L
Texas Tech University,College,Film,American cinema,110,"3S, VI, CI",L
Texas Tech University,College,Geological Science,Geological science,100,"3S, VI",L
Texas Tech University,College,History,African history and culture,301,"3S, VI",U
Texas Tech University,College,History,American history,I 113,"3S, AC",L
Texas Tech University,College,History,American history,II 114,"3S, AC",L
Texas Tech University,College,History,The Middle East,310,"3S, VI",U
Texas Tech University,College,History,War and American society,310,"3S, VI",U
Texas Tech University,College,History,Western civilization,I 101,"3S, VI",L
Texas Tech University,College,History,Western civilization,II 102,"3S, VI",L
University of Alabama,High School,English,Basic grammar review,13,HF,
University of Alabama,High School,Health Sciences,Health education,10,HF,
University of Alabama,High School,History,Algebra I9A(HF) Algebra 1 ^B (HF) Algebra 11 11 A (HF) Algebra HUB (HF) Consumer mathematics,14,HF,
University of Alabama,High School,History,General mathematics 13A (HF) General mathematics 13B (HF) Trigonometry,12,HF,
University of Alabama,College,English,English composition,I 101C,3S,L
University of Alabama,College,English,English composition,II 102C,3S,L
University of Alabama,College,English Language and Literature,American literature,I 209C,3S,L
University of Alabama,College,English Language and Literature,English literature,II 206C,3S,L
University of Alabama,College,German,Elementary German,I 101C,"4S, AC",L
University of Alabama,College,German,Elementary German,II 102C,"4S, AC",L
University of Alabama,College,German unification and contemporary,Intermediate German,II 202C,"3S, AC",L
University of Alabama,College,History,Precalculus algebra,II 112C,3S,L
University of Alabama,College,Statistics,Statistical methods,I 250C,3S,L
University of Alabama,College,Statistics,History of the theater,II 452C,3S,U
University of Alabama,College,Statistics,Playwriting,I 482C,3S,U
University of Alaska,College,Accounting,Elementary accounting,I 101,3S,L
University of Alaska,College,Accounting,Elementary accounting,II 102,3S,L
University of Alaska,College,Alaska Native Studies,Alaska native land settlement,310,3S,U
University of Alaska,College,Anthropology,Introduction to anthropology,101,3S,L
University of Alaska,College,Anthropology,Native cultures of Alaska,242,"3S, VI",L
University of Alaska,College,Applied Business,Applied business law,I 241,3S,L
University of Alaska,College,Applied Business,Applied business law,II 242,3S,L
University of Alaska,College,Applied Business,Basics of investing,120,3S,L
University of Alaska,College,Applied Business,Real estate law,223,3S,L
University of Alaska,College,Aviation Technology,Private pilot ground school,100,"4S, LK",L
University of Alaska,College,Biology,Introduction to marine biology,150,3S,L
University of Alaska,College,Biology,Natural history of Alaska,104,3S,L
University of Alaska,College,Business Administration,Introduction to business,151,3S,L
University of Alaska,College,Business Administration,Principles of advertising,326,"3S, AC",U
University of Alaska,College,Business Administration,Principles of marketing,343,3S,U
University of Alaska,College,Business Administration,Tourism principles and practices,160,3S,L
University of Alaska,College,Developmental English,Preparatory college English,070,"3S, AC",L
University of Alaska,College,Developmental Math,Basic college mathematics,050,"3S, AC",L
University of Alaska,College,Developmental Math,Elementary algebra,060,"3S, AC",L
University of Alaska,College,Developmental Math,Intermediate algebra,070,"3S, AC",L
University of Alaska,College,Developmental Math,Review of basic geometry,081,"IS, AC",L
University of Alaska,College,Economics,Principles of economics,200,3S,L
University of Alaska,College,Building a practical philosophy of,education,422,"3S, VI, AC",U
University of Alaska,College,Building a practical philosophy of,Introduction to the Internet,II 293,"IS, CI",L
University of Alaska,College,Building a practical philosophy of,Literature for children,304,"3S, VI, AC",U
University of Alaska,College,Building a practical philosophy of,The exceptional learner,375,3S,U
University of Alaska,College,Geography,Elements of physical geography,205,3S,L
University of Alaska,College,Geography,Geography of Alaska,302,3S,U
University of Alaska,College,Geography,Introductory geography,101,3S,L
University of Alaska,College,Geoscience,Principles of geology,104,3S,L
University of Alaska,College,Health,Science of nutrition,203,3S,L
University of Alaska,College,History,"Alaska, land and its people",115,3S,L
University of Alaska,College,History,History of Alaska,461,3S,U
University of Alaska,College,History,History of Western civilization,I 101,3S,L
University of Alaska,College,History,History of the U.S,I 131,3S,L
University of Alaska,College,History,History of the U.S,II 132,3S,L
University of Alaska,College,History,Maritime history of Alaska,345,3S,U
University of Alaska,College,Journalism,Film and TV criticism,308,"3S, VI",U
University of Alaska,College,Journalism,History of the cinema,105,"3S, VI",L
University of Alaska,College,Journalism,Introduction to broadcasting,102,3S,L
University of Alaska,College,Journalism,Mass media law and regulation,413,3S,U
University of Alaska,College,Linguistics,Nature of language,101,3S,L
University of Alaska,College,Mathematics,Calculus,I 200,4S,L
University of Alaska,College,Mathematics,Calculus,II 201,4S,L
University of Alaska,College,Mathematics,Calculus,III 202,4S,L
University of Alaska,College,Mathematics for elementary school teachers,Trigonometry,108,3S,L
University of Alaska,College,Music,Music fundamentals,103,3S,L
University of Alaska,College,Petroleum Engineering,Survey of energy industries,103,3S,L
University of Alaska,College,Introduction to American government and,politics,101,3S,L
University of Alaska,College,Psychology,Abnormal psychology,345,3S,U
University of Alaska,College,Psychology,Biological psychology,393,3S,U
University of Alaska,College,Psychology,Child development,245,3S,L
University of Alaska,College,Developmental psychology in cross-cultural,perspective,240,3S,L
University of Alaska,College,Developmental psychology in cross-cultural,Drugs and drug dependence,370,3S,U
University of Alaska,College,Developmental psychology in cross-cultural,Introduction to psychology,101,3S,L
University of Alaska,College,Developmental psychology in cross-cultural,Personality,304,3S,U
University of Alaska,College,Science Application,Fundamentals of petroleum,101,3S,L
University of Alaska,College,Sociology,Social institutions,102,3S,L
University of Alaska,Graduate,Education,Applying telecommunications,593,"IS, CI",
University of Alaska,Graduate,Education,Education and cultural processes,610,3S,
University of Alaska,Graduate,Educational administration in cultural,perspective,660,3S,
University of Alaska,Graduate,Educational administration in cultural,Using the Internet,593,"IS, CI",
University of Arizona,High School,Government,American political process,12,HF,
University of Arizona,High School,Government,American/Arizona political process (HF) Arizona government,11-12,HF,
University of Arizona,High School,Government,Arizona government (bilingual) (HF) United States government,11-12,HF,
University of Arizona,High School,History,Arizona history,11-12,HF,
University of Arizona,High School,Social Studies,Elementary psychology,12,HF,
University of Arizona,High School,Social Studies,Elementary sociology,12,HF,
University of Arizona,High School,Social Studies,Free enterprise,12,HF,
University of Arizona,College,Anatomy,Human reproductive biology,4415,3U,U
University of Arizona,College,Animal Sciences,Feeds and feeding,4234,3U,L
University of Arizona,College,Anthropology,Cultural anthropology,4200,3U,L
University of Arizona,College,Anthropology,Human evolution,4265,3U,L
University of Arizona,College,Intro to physical anthropology and,archaeology,4101,3U,L
University of Arizona,College,Introduction to cultural and linguistic,anthropology,4102,3U,L
University of Arizona,College,Astronomy,Essentials of astronomy,4100,3U,L
University of Arizona,College,Introduction to meteorology and,climatology,4171,3U,L
University of Arizona,College,Chinese Studies,Chinese humanities,4142,3U,L
University of Arizona,College,Chinese Studies,History of China,4376,3U,U
University of Arizona,College,Chinese Studies,Modern Chinese history,4476,3U,U
University of Arizona,College,East Asian Studies,Asian religions,4130,3U,L
University of Arizona,College,East Asian Studies,Modern East Asia: a history,4270,3U,U
University of Arizona,College,English,Major American writers,4265,3U,L
University of Arizona,College,English,Modern literature,4261,3U,L
University of Arizona,College,Entomology,Insects and society,4151,3U,L
University of Arizona,College,French Language and Literature,Existentialism and the absurd,4283,3U,L
University of Arizona,College,French Language and Literature,The French novel and society,4282,3U,L
University of Arizona,College,Geography and Regional Development,World regional geography,4151,3U,L
University of Arizona,College,Health,International health,4433,3U,U
University of Arizona,College,Health,Introduction to health science,4178,3U,L
University of Arizona,College,Safety education and accident prevention,School health education,4381,3U,U
University of Arizona,College,History of American Foreign relations since,1 listorv of American foreign relations to 1914,4440,3U,U
University of Arizona,College,History of American Foreign relations since,History of England from 1603 to the present,4118,3U,L
University of Arizona,College,History of American Foreign relations since,1 listorv of England to 1603,4117,3U,L
University of Arizona,College,History of American Foreign relations since,History of Western civilization since 1648,4102,3U,L
University of Arizona,College,History of American Foreign relations since,"Historv of the United States, 1877 to the present",4107,3U,L
University of Arizona,College,Home Economics,Family relations,4337,3U,U
University of Arizona,College,Marketing,Introduction to marketing,4361,3U,U
University of Arizona,College,Marketing,Retailing management,4458,3U,U
University of Arizona,College,Mathematics,Finite mathematics,4119,3U,L
University of Arizona,College,Mathematics,Introduction to college algebra,4116,3U,L
University of Arizona,College,Introduction to ordinary differential,equations,4254,"3U, CI",L
University of Arizona,College,Introduction to ordinary differential,Plane trigonometry,4118,2U,L
University of Arizona,College,Music,Basic musicianship,4100,3U,L
University of Arizona,College,Music,Music in world cultures,4434,3U,U
University of Arizona,College,Music,Survey of music 1,4107,3U,L
University of Arizona,College,Music,Survey of music,II 4108,3U,L
University of Arizona,College,Near East Studies,Indian civilizations,4170,3U,L
University of Arizona,College,Near East Studies,Islamic thought,4434,3U,U
University of Arizona,College,Plant Pathology,General plant pathology,4305,3U,U
University of Arizona,College,Political Science,American national government,4102,3U,L
University of Arizona,College,Sociology,American social problems,4201,3U,L
University of Arizona,College,Sociology,Criminology,4342,3U,U
University of Arizona,College,Sociology,Introduction to sociology,4101,3U,L
University of Arizona,College,Sociology,Juvenile delinquency,4341,3U,U
University of Arizona,College,Sociology,Sociology of the family,4321,3U,U
University of Arizona,College,Sociology,Sociology of women,4150,3U,L
University of Arizona,College,Sociology,World population,4189,3U,L
University of Arizona,College,Statistics,Introduction to statistics,4160,3U,L
University of Arizona,College,Intro to engineering probability and,statistics,4230,3U,L
University of Arizona,Noncredit,Everything you wanted to know about car,repair (NC) Ford Mustang 1964 1/2,1973,NC,
University of Arkansas,High School,Business,Grammar,12,HF,
University of Arkansas,High School,Business,Literature,12,HF,
University of Arkansas,High School,Business,American government 12A (HF) American government 12B (HF) Civics 9A (HF) Civics 9B (HF) Economics,12,HF,
University of Arkansas,College,Accounting,Principles of accounting,I 2013,3S,L
University of Arkansas,College,Accounting,Principles of accounting,II 2023,3S,L
University of Arkansas,College,Agriculture,Agricultural economics,2103,3S,L
University of Arkansas,College,Animal Sciences,Principles of genetics,3123,3S,U
University of Arkansas,College,Anthropology,Indians of North America,3213,3S,U
University of Arkansas,College,Anthropology,Introduction to anthropology: cultural anthropology,1023,3S,L
University of Arkansas,College,Bacteriology,Bacteria in human affairs,2003,3S,L
University of Arkansas,College,Botany,Man and his environment,2533,3S,L
University of Arkansas,College,Botany,Plant geography,3513,3S,U
University of Arkansas,College,Botany,Survey of botany,1013,3S,L
University of Arkansas,College,Business law,Legal environment,2013,3S,L
University of Arkansas,College,Criminal Justice,Principles of microeconomics,2023,3S,L
University of Arkansas,College,Elementary Education,Children's literature,3273,3S,L
University of Arkansas,College,Elementary Education,Teaching math,4413,3S,U
University of Arkansas,College,Elementary Education,Teaching science,3303,3S,U
University of Arkansas,College,English,Composition,1013,3S,L
University of Arkansas,College,English,Composition-continuation,1023,3S,L
University of Arkansas,College,English,English literature from 1798,2123,3S,L
University of Arkansas,College,English,English literature from beginning to 1798,2113,3S,L
University of Arkansas,College,English,Essay writing,2013,3S,L
University of Arkansas,College,English,Intermediate composition,3003,3S,U
University of Arkansas,College,English,Introduction to literature,1113,3S,L
University of Arkansas,College,English,Masterpieces of world literature,1123,3S,L
University of Arkansas,College,English,Vocabulary building,1153,3S,L
University of Arkansas,College,French,Advanced French grammar,4003,3S,U
University of Arkansas,College,French,Elementary French,1003,3S,L
University of Arkansas,College,French,Elementary French,1013,3S,L
University of Arkansas,College,French,Intermediate French,2003,3S,L
University of Arkansas,College,French,Intermediate French,2013,3S,L
University of Arkansas,College,Geography,Emerging nations,2103,3S,L
University of Arkansas,College,Geography,Human geography,1123,3S,L
University of Arkansas,College,Geography,Physical geography,1003,3S,L
University of Arkansas,College,Geography,United States and Canada,3253,3S,U
University of Arkansas,College,German,Intermediate German,2003,3S,L
University of Arkansas,College,German,Intermediate German,2013,3S,L
University of Arkansas,College,German,Introduction to German,1003,3S,L
University of Arkansas,College,German,Introduction to German,1013,3S,L
University of Arkansas,College,Health Education,Teaching drug education,3673,3S,U
University of Arkansas,College,History,African American history,3233,3S,U
University of Arkansas,College,History,Colonial America to 1716,4613,3S,U
University of Arkansas,College,History,History of the American Indian,3263,3S,U
University of Arkansas,College,History,History of the American people 1877 to present,2013,3S,L
University of Arkansas,College,History,History of the American people to 1877,2003,3S,L
University of Arkansas,College,Home Economics,Nutrition in health,1213,3S,L
University of Arkansas,College,Industrial Engineering,Engineering statistics,3313,3S,U
University of Arkansas,College,Latin,Vergil's Aeneid,2013,3S,L
University of Arkansas,College,Management,Business communications,2323,3S,L
University of Arkansas,College,Management,Introduction to management,1033,3S,L
University of Arkansas,College,Mathematics,Calculus,I 2554,4S,L
University of Arkansas,College,Mathematics,Calculus,II 2564,4S,L
University of Arkansas,College,Mathematics,Calculus,III 2573,3S,L
University of Arkansas,College,Mathematics,College algebra,1203,3S,L
University of Arkansas,College,Mathematics,Finite math,2053,3S,L
University of Arkansas,College,Mathematics,Patterns in math,1103,3S,L
University of Arkansas,College,Philosophy,Introduction to ethics,2103,3S,L
University of Arkansas,College,Philosophy,Introduction to philosophy,2003,3S,L
University of Arkansas,College,Philosophy,Logic,2203,3S,L
University of Arkansas,College,Physical Education,Methods/materials: physical education in elementary school,3373,3S,U
University of Arkansas,College,Organization/administration of physical,education,4213,3S,U
University of Arkansas,College,Political Science,American national government,2003,3S,L
University of Arkansas,College,Political Science,Introduction to political science,2013,3S,L
University of Arkansas,College,Political Science,State and local government,2203,3S,L
University of Arkansas,College,Psychology,Abnormal psychology,3023,3S,U
University of Arkansas,College,Psychology,Adulthood and aging,4023,3S,U
University of Arkansas,College,Psychology,Childhood and adolescence,3093,3S,U
University of Arkansas,College,Psychology,Educational psychology,4033,3S,U
University of Arkansas,College,Psychology,Exceptional children,4013,3S,U
University of Arkansas,College,Psychology,General psychology,2003,3S,L
University of Arkansas,College,Psychology,Infancy and early childhood,3033,3S,U
University of Arkansas,College,Psychology,Psychological tests,4053,3S,U
University of Arkansas,College,Russian,Elementary Russian,1003,3S,L
University of Arkansas,College,Principles and methods in middle school,instruction,4043,3S,U
University of Arkansas,College,Principles and methods in middle school,Teaching math,4223,3S,U
University of Arkansas,College,Social Welfare,Problems of child welfare,3633,3S,U
University of Arkansas,College,Sociology,Black ghetto,4123,3S,U
University of Arkansas,College,Sociology,Criminology,3023,3S,U
University of Arkansas,College,Sociology,Deviant behavior,3723,3S,U
University of Arkansas,College,Sociology,General sociology,2013,3S,L
University of Arkansas,College,Sociology,Marriage and the family,2043,3S,L
University of Arkansas,College,Sociology,Population problems,3013,3S,U
University of Arkansas,College,Sociology,Social problems,2033,3S,L
University of Arkansas,College,Sociology,Urban sociology,3153,3S,U
University of Arkansas,College,Spanish,Elementary Spanish,1013,3S,L
University of Arkansas,College,Spanish,Intermediate Spanish,2003,3S,L
University of Arkansas,College,Spanish,Intermediate Spanish,2013,3S,L
University of Arkansas,College,Spanish,Latin American civilization,4223,3S,U
University of Arkansas,College,Spanish,Spanish readings,3063,3S,U
University of Arkansas,College,Speech and Dramatic Arts,Introduction to dramatic arts,1223,3S,L
University of Arkansas,College,Speech and Dramatic Arts,Modern performance strategies,4453,3S,U
University of Arkansas,College,Speech and Dramatic Arts,Parliamentary procedure,2351,IS,L
University of Arkansas,College,Speech and Dramatic Arts,Writing for television,4833,3S,U
University of California Extension,College,Exploring contemporary anthropology,through film,113,"3S, VI",U
University of California Extension,College,Astronomy,Introduction to general astronomy,10,4S,L
University of California Extension,College,Biochemistry,Introductory biochemistry,105,3S,U
University of California Extension,College,Biology,Biology of cancer,26,3S,L
University of California Extension,College,Botany,Plant life in California,113,3S,U
University of California Extension,College,Botany,Plants and civilization,120,3S,U
University of California Extension,College,Business,Accounting: advanced,I 152,3S,U
University of California Extension,College,Business,Accounting: advanced,II 153,3S,U
University of California Extension,College,Business,Accounting: intermediate,I 148,3S,L
University of California Extension,College,Business,Accounting: intermediate,II 149,3S,L
University of California Extension,College,Business,Administrative accounting,125,3S,U
University of California Extension,College,Business,Auditing,126,4S,U
University of California Extension,College,Business,Cost accounting,124,3S,U
University of California Extension,College,Business,Introduction to business law,18,3S,L
University of California Extension,College,Introduction to business organization &,Purchasing: basic principles,453,3S,U
University of California Extension,College,Introduction to business organization &,Real estate finance,407,3S,U
University of California Extension,College,Introduction to business organization &,Real estate practice,406,3S,U
University of California Extension,College,Chemistry,Introductory chemistry,25,3Q,L
University of California Extension,College,Chemistry,Organic chemistry,18,3S,L
University of California Extension,College,Surface chemistry /physical-biological,systems,137,3S,U
University of California Extension,College,Computer Science,C language programming,24,2S,L
University of California Extension,College,Computer Science,Introductory Pascal,13,3S,L
University of California Extension,College,Computer Science,Systems analysis and design,422,"3S, CI",U
University of California Extension,College,Conservation and Resource Studies,Environmental issues,10,4S,L
University of California Extension,College,Economics,The reading program,343,3S,U
University of California Extension,College,Electrical Engineering,Digital integrated circuits,480,3S,U
University of California Extension,College,English,The English language,101,4S,U
University of California Extension,College,English,Writing novels for children,422,3S,U
University of California Extension,College,Entomological Science,Pest control course branch 1,401,3S,U
University of California Extension,College,Entomological Science,Pest control course branch 2,402,3S,U
University of California Extension,College,Entomological Science,Pest control course branch 3,403,3S,U
University of California Extension,College,Film,Art of film,20,3S,L
University of California Extension,College,French,French: elementary course,I 25,"3S, AC",L
University of California Extension,College,French,French: elementary course,II 26,"3S, AC",L
University of California Extension,College,Genetics,Survey of general genetics,142,3S,U
University of California Extension,College,Geology,Geology of California,109,4Q,U
University of California Extension,College,German,German: elementary course,I 36,"3S, AC",U
University of California Extension,College,Graphic Arts/Design,Fundamentals of graphic design,438,3S,U
University of California Extension,College,Italian,Elementary Italian,I 15,"3S, AC",L
University of California Extension,College,Italian,Elementary Italian,II 16,"3S, AC",L
University of California Extension,College,Journalism,Editorial workshop,413,3S,U
University of California Extension,College,Nutritional Sciences,Clinical nutrition,105,3S,U
University of California Extension,College,Nutritional Sciences,Nutrition,103,3S,U
University of California Extension,College,Nutritional Sciences,The new nutrition,107,2S,U
University of California Extension,College,Philosophy,History of Buddhist philosophy,169,3S,U
University of California Extension,College,Physics,Concepts of physics,10,4Q,L
University of California Extension,College,Political Science,American institutions,100,3S,U
University of California Extension,College,Psychology,Abnormal psychology,127,4Q,U
University of California Extension,College,Public Health,Alcohol: community responses,180,2S,U
University of California Extension,College,Public Health,Alcohol: social consequences,179,2S,U
University of California Extension,College,Spanish,Spanish: elementary course,II 31,"3S, AC",L
University of California Extension,College,Visual Arts,Acrylic painting,417,2S,U
University of California Extension,College,Visual Arts,Italic lettering,424,2S,U
University of California Extension,Noncredit,Business,Career counseling,810,NC,
University of California Extension,Noncredit,Engineering and Applied Science,Engineering fundamentals review,843,NC,
University of California Extension,Noncredit,English,Elementary composition,804,NC,
University of California Extension,College,Economics,Principles of economics,I 2320,3S,L
University of California Extension,College,Economics,Principles of economics,II 2321,3S,L
University of California Extension,College,English,American literature,I 2312,3S,L
University of California Extension,College,English,American literature,II 2313,3S,L
University of California Extension,College,English,Children's literature,3310,3S,U
University of California Extension,College,English,English literature,I 2310,3S,L
University of California Extension,College,English,English literature 11,2311,3S,L
University of California Extension,College,Geography,Conservation and land use,2302,3S,L
University of California Extension,College,German,Reading German,1305,3S,L
University of California Extension,College,Administration of the school health,Health and safety,2200,2S,L
University of California Extension,College,History,American nation,I 2301,3S,L
University of California Extension,College,History,American nation,II 2302,3S,L
University of California Extension,College,History,"Europe, 1914-1939",4376,3S,U
University of California Extension,College,History,World history,I 1310,3S,L
University of California Extension,College,History,World history,II 1320,3S,L
University of California Extension,College,Home Economics,Nutrition in the life cycle,1300,3S,L
University of California Extension,College,Management,Introduction to business,1340,3S,L
University of California Extension,College,Mathematics,College algebra,1390,3S,L
University of California Extension,College,Mathematics,Intermediate algebra,1340,3S,L
University of California Extension,College,Number systems for elementary teachers,Plane trigonometry,1392,3S,L
University of California Extension,College,Philosophy,Effective thinking,1310,3S,L
University of California Extension,College,Philosophy,Introduction to logic,2310,3S,L
University of California Extension,College,Philosophy,Origin of the Hebrew religion,2330,3S,L
University of California Extension,College,Physical Education,Coaching basketball,3212,2S,U
University of California Extension,College,Physical Education,Kinesiology,3380,3S,U
University of California Extension,College,Physical Education,Principles of physical education,1300,3S,L
University of California Extension,College,Physical Education,Recreation administration,2321,3S,L
University of California Extension,College,Physics,Descriptive anatomy,1350,3S,L
University of California Extension,College,Political Science,International relations,2300,3S,L
University of California Extension,College,Psychology,Abnormal psychology,4320,3S,U
University of California Extension,College,Psychology,Educational psychology,3300,3S,U
University of Central Arkansas,High School,Business,Beginning accounting,2355,HF,
University of Central Arkansas,High School,Business,Beginning accounting,2455,HF,
University of Central Arkansas,High School,Business,Office systems,1355,HF,
University of Central Arkansas,High School,English,American short story,1102,HF,
University of Central Arkansas,High School,English,Basic English 1,0155,HF,
University of Central Arkansas,High School,English,Basic English 2,0255,HF,
University of Central Arkansas,High School,English,Basic expository writing,2302,HF,
University of Central Arkansas,High School,English,Ninth-grade English,3155,HF,
University of Central Arkansas,High School,English,Ninth-grade English,3255,HF,
University of Central Arkansas,High School,English,Tenth-grade English,3355,HF,
University of Central Arkansas,High School,English,Tenth-grade English,3455,HF,
University of Central Arkansas,High School,English,Eleventh-grade English,3555,HF,
University of Central Arkansas,High School,English,Eleventh-grade English,3655,HF,
University of Central Arkansas,High School,English,The short story,0901,HF,
University of Central Arkansas,High School,English,Twelfth-grade English,3755,HF,
University of Central Arkansas,High School,English,Twelfth-grade English,3855,HF,
University of Central Arkansas,High School,Mathematics,Advanced algebra,3555,HF,
University of Central Arkansas,High School,Mathematics,Advanced algebra,3655,HF,
University of Central Arkansas,High School,Mathematics,Basic mathematics 1,0155,HF,
University of Central Arkansas,High School,Mathematics,Basic mathematics 2,0255,HF,
University of Central Arkansas,High School,Mathematics,Beginning algebra,3156,HF,
University of Central Arkansas,High School,Mathematics,Beginning algebra,3256,HF,
University of Central Arkansas,High School,Mathematics,Business and consumer math 1,0955,HF,
University of Central Arkansas,High School,Mathematics,Business and consumer math 2,1055,HF,
University of Central Arkansas,High School,Mathematics,General mathematics 1,0555,HF,
University of Colorado at Boulder,College,Accounting,Managerial cost accounting 2,3320,3S,U
University of Colorado at Boulder,College,Anthropology,Introduction to archaeology,2200,3S,L
University of Colorado at Boulder,College,Anthropology,Introduction to physical anthropology 1,2010,3S,L
University of Colorado at Boulder,College,Anthropology,Introduction to physical anthropology 2,2020,3S,L
University of Colorado at Boulder,College,Anthropology,Principles of anthropology 1,1030,3S,L
University of Colorado at Boulder,College,Anthropology,Principles of anthropology 2,1040,3S,L
University of Colorado at Boulder,College,Art,Introduction to Asian art,2409,"3S, VI",L
University of Colorado at Boulder,College,Business Policy,Introduction to business,1500,3S,L
University of Colorado at Boulder,College,Economics,Principles of macroeconomics,2020,4S,L
University of Colorado at Boulder,College,Economics,Principles of microeconomics,2010,4S,L
University of Colorado at Boulder,College,Education,Children's literature,4161,3S,U
University of Colorado at Boulder,College,Education,Literature for adolescents,4322,3S,U
University of Colorado at Boulder,College,Education,Special topics: child abuse,4800,"3S, VI",U
University of Colorado at Boulder,College,Education,Special topics: youth gangs and violence,4800,3S,U
University of Colorado at Boulder,College,English,Chaucer: The Canterbury Tales,3552,3S,U
University of Colorado at Boulder,College,English,Intermediate fiction workshop,3051,3S,U
University of Colorado at Boulder,College,English,Introduction to creative writing,1191,3S,L
University of Colorado at Boulder,College,English,Introduction to fiction,1200,3S,L
University of Colorado at Boulder,College,English,Shakespeare 1,3562,3S,U
University of Colorado at Boulder,College,English,Shakespeare 2,3572,3S,U
University of Colorado at Boulder,College,English,Shakespeare for nonmajors,3002,3S,U
University of Colorado at Boulder,College,English,Survey of American literature 1,3652,3S,U
University of Colorado at Boulder,College,English,Survey of American literature 2,3662,3S,U
University of Colorado at Boulder,College,English,The English language,4102,"3S, AC",U
University of Colorado at Boulder,College,Geography,Environmental systems: climate and vegetation,1001,4S,L
University of Colorado at Boulder,College,Geography,Environmental systems: landforms and soils,1011,4S,L
University of Colorado at Boulder,College,Geology,Introduction to geology 1,1010,3S,L
University of Colorado at Boulder,College,Geology,Introduction to geology 2,1020,3S,L
University of Colorado at Boulder,College,History,Early American frontier,4217,3S,U
University of Colorado at Boulder,College,History,History of Colorado,2117,3S,L
University of Colorado at Boulder,College,History,History of Russia through the 17th century,4713,3S,U
University of Colorado at Boulder,College,History,History of Western civilization,1010,3S,L
University of Colorado at Boulder,College,History,History of Western civilization,1020,3S,L
University of Colorado at Boulder,College,History,History of the U.S. since 1865,1025,3S,L
University of Colorado at Boulder,College,History,History of the U.S. to 1865,1015,3S,L
University of Colorado at Boulder,College,History,Imperial Russia,4723,3S,U
University of Colorado at Boulder,College,History,Later American frontier,4227,3S,U
University of Colorado at Boulder,College,General / Interdisciplinary,regime,4733,3S,U
University of Colorado at Boulder,College,Kinesiology,Nutrition and health,3420,3S,U
University of Colorado at Boulder,College,Calculus for social science and business,College algebra,1011,3S,L
University of Colorado at Boulder,College,Calculus for social science and business,College trigonometry,1021,2S,L
University of Colorado at Boulder,College,Music,Basic music theory,1081,3S,L
University of Colorado at Boulder,College,Philosophy,Ethics,1100,3S,L
University of Colorado at Boulder,College,Philosophy,Introduction to philosophy,1000,3S,L
University of Colorado at Boulder,College,Philosophy,Philosophy and religion,1600,3S,L
University of Colorado at Boulder,College,Philosophy,Twentieth-century philosophy,4040,3S,U
University of Colorado at Boulder,College,Political Science,American political system,1101,3S,L
University of Colorado at Boulder,College,Political Science,International relations,2223,3S,L
University of Colorado at Boulder,College,Psychology,Abnormal psychology,4303,3S,U
University of Colorado at Boulder,College,Psychology,Biological psychology 1,2012,3S,L
University of Colorado at Boulder,College,Psychology,Biological psychology 2,2022,3S,L
University of Colorado at Boulder,College,Psychology,History of psychology,4511,3S,U
University of Colorado at Boulder,College,Psychology,Introduction to psychology,1001,3S,L
University of Colorado at Boulder,College,Psychology,Psychology of adjustment,2303,3S,L
University of Colorado at Boulder,College,Psychology,Psychology of personality,4456,3S,U
University of Colorado at Boulder,College,Psychology,Social psychology,4406,3S,U
University of Colorado at Boulder,College,Statistics and research methods in,psychology,2104,4S,L
University of Colorado at Boulder,College,Sociology,Analyzing society,1001,3S,L
University of Colorado at Boulder,College,Sociology,Criminology,4014,3S,U
University of Colorado at Boulder,College,Sociology,Deviance in U.S. society,1004,3S,L
University of Colorado at Boulder,College,Sociology,Exploring social conflict,1005,3S,L
University of Colorado at Boulder,College,Sociology,Gender and society 1,1016,3S,L
University of Colorado at Boulder,College,Sociology,Technology and modernization,4071,3S,U
University of Colorado at Boulder,Noncredit,Real Estate,Colorado contracts and license law,18,NC,
University of Colorado at Boulder,Noncredit,Real Estate,Real estate practice and law,01,NC,
University of Florida,College,Advertising,Elements of advertising,3000,3S,U
University of Florida,College,American History,American civilization,1000,3S,L
University of Florida,College,American History,Florida to 1845,3422,3S,U
University of Florida,College,American History,U.S. business history,3373,3S,U
University of Florida,College,American History,United States since 1877,2020,3S,L
University of Florida,College,American History,United States to 1877,2010,3S,L
University of Florida,College,American Literature,Cultural anthropology,3410,3S,U
University of Florida,College,Astronomy,Discovering the universe,1002,3S,L
University of Florida,College,Chemistry,Chemistry for liberal studies,1020,3S,L
University of Florida,College,Clothing and Textiles,Basic textiles,1401,3S,L
University of Florida,College,Creative Writing,Beginning fiction writing,1101,3S,L
University of Florida,College,Creative Writing,Beginning poetry writing,1301,3S,L
University of Florida,College,Criminal Justice,Criminology,3011,3S,U
University of Florida,College,Criminal Justice,Introduction to criminal justice,2020,3S,L
University of Florida,College,Criminal Justice,The courts,3200,3S,U
University of Florida,College,Developmental Psychology,Developmental psychology,3003,3S,U
University of Florida,College,Economics,Principles oi microeconomics,2013,3S,L
University of Florida,College,Economics,Principles of microeconomics,2023,3S,L
University of Florida,College,Economics,Education: Visually Impaired Braille reading and writing,4211,3S,U
University of Florida,College,Educational Foundations,Educational psychology,3210,3S,U
University of Florida,College,Measurement and evaluation in education,Social foundations of education,3604,3S,U
University of Florida,College,English,Advanced exposition,3310,3S,U
University of Florida,College,English,Professional communication,3250,3S,U
University of Florida,College,English,Writing about literature,1102,3S,L
University of Florida,College,English Literature,British authors: beginning-17th century,2011,3S,L
University of Florida,College,English Literature,English novel: 19th century,3122,3S,U
University of Florida,College,English Literature,English novel: 20th century,3132,3S,U
University of Florida,College,European History,19th-century Europe: survey,3004,3S,U
University of Florida,College,European History,20th-century Europe: survey,3005,3S,U
University of Florida,College,European History,Hitler's Third Reich,4465,3S,U
University of Florida,College,Food Science,Man's food,2001,2S,L
University of Florida,College,Geography,Physical landscapes,2201,3S,L
University of Florida,College,Geography,The face of Horida,3271,3S,U
University of Florida,College,Geology,Conservation of resources,3370,3S,U
University of Florida,College,German,Beginning German 1,1120,4S,L
University of Florida,College,German,Beginning German 2,1121,3S,L
University of Florida,College,German,Beginning German 3,1122,3S,L
University of Florida,College,Health Education,Contemporary health science,2100,3S,L
University of Florida,College,History,Modern world to 1815,1023,3S,L
University of Florida,College,History,Modern world to 1815,1030,3S,L
University of Florida,College,History,World War,II 4244,3S,U
University of Florida,College,Interdisciplinary Studies,Law and society,4900,3S,U
University of Florida,College,International Relations,International relations,2001,3S,L
University of Florida,College,International Relations,journalism Magazine and feature writing,4300,3S,U
University of Florida,College,Linguistics,English grammar,2670,2S,L
University of Florida,College,Management,Concepts of management,3010,3S,U
University of Florida,College,Management,Introduction to business,2011,3S,L
University of Florida,College,Management of labor and industrial,relations,4407,3S,U
University of Florida,College,Marketing,Basic marketing concepts,3023,3S,U
University of Florida,College,Philosophy,Introduction to philosophy,2010,3S,L
University of Florida,College,Political Science,American federal government,2041,3S,L
University of Florida,College,Psychology,General psychology,2013,3S,L
University of Florida,College,Psychology,Industrial psychology,4004,3S,U
University of Florida,College,Psychology,Personality,4004,3S,U
University of Florida,College,Psychology,Social psychology,4004,3S,U
University of Florida,College,Public Relations,Introduction to public relations,3000,3S,U
University of Florida,College,Sociology,Marriage and the family,2430,3S,L
University of Florida,College,Sociology,Principles of sociology,2000,3S,L
University of Idaho,College,Accounting,Intermediate accounting,C304,4S,U
University of Idaho,College,Accounting,Intermediate accounting,C305,4S,U
University of Idaho,College,Accounting,Managerial accounting,C202,3S,L
University of Idaho,College,Accounting,Principles of accounting,C201,3S,L
University of Idaho,College,Adult Education,Psychology of adult learners,C474,3S,U
University of Idaho,College,Agriculture and its social and economic,environment,C101,3S,L
University of Idaho,College,Anthropology,Belief systems,C327,3S,U
University of Idaho,College,Anthropology,Introduction to archaeology,CI 30,3S,L
University of Idaho,College,Anthropology,Introduction to museology,C323,3S,U
University of Idaho,College,Anthropology,Museum administration,C419,3S,U
University of Idaho,College,Anthropology,North American Indians,C329,3S,U
University of Idaho,College,Anthropology,Peoples of the world,C220,3S,L
University of Idaho,College,Anthropology,Study of man,C105,3S,L
University of Idaho,College,Biology,General ecology,C331,3S,U
University of Idaho,College,Biology,Man and the environment,C200,3S,L
University of Idaho,College,Business,Business law,C366,3S,U
University of Idaho,College,Business,Business law,C466,3S,U
University of Idaho,College,Business,Entrepreneurship,C414,3S,U
University of Idaho,College,Business,Introduction to management,C311,3S,U
University of Idaho,College,Business,Legal environment of business,C265,3S,L
University of Idaho,College,Business,Marketing,C321,3S,U
University of Idaho,College,Business,Promotional strategy,C420,3S,U
University of Idaho,College,Business,Real estate finance,C465,3S,U
University of Idaho,College,Business,Real estate law,C464,3S,U
University of Idaho,College,Local government records management and,filing,C312,2S,U
University of Idaho,College,Local government records management and,Microcomputer applications,C415,3S,U
University of Idaho,College,Business Writing,Business communications,C120,3S,L
University of Idaho,College,Communications,Advertising media planning,C364,3S,U
University of Idaho,College,Computer Science,Fortran programming,CI 05,2S,L
University of Idaho,College,Consumer Economics,Consumer education,C471,3S,U
University of Idaho,College,Introduction to criminal justice,administration,C201,3S,L
University of Idaho,College,Economics,Money and banking,C343,"3S, VI",U
University of Idaho,College,Economics,Principles of economics,C201,"3S, VI",L
University of Idaho,College,Economics,Principles of economics,C202,"3S, VI",L
University of Idaho,College,Education,Elementary language arts,C338,3S,U
University of Idaho,College,English,Composition,CI 01,3S,L
University of Idaho,College,English,Composition,C102,3S,L
University of Idaho,College,English,Shakespeare,C476,3S,U
University of Idaho,College,English,Survey of American literature,C277,3S,L
University of Idaho,College,English,Survey of American literature,C278,3S,L
University of Idaho,College,English,The novel for nonmajors,C321,3S,U
University of Idaho,College,English,World masterpieces,C255,3S,L
University of Idaho,College,English,World masterpieces,C256,3S,L
University of Idaho,College,Foreign Language,Elementary German I,C101,"4S, AC",L
University of Idaho,College,Foreign Language,Elementary German II,CI 02,"4S, AC",L
University of Idaho,College,Public relations problems in natural,resource mgmt,C400,2S,U
University of Idaho,College,History,History of England,C371,3S,U
University of Idaho,College,History,History of England,C372,3S,U
University of Idaho,College,History,History of civilization,CI 01,3S,L
University of Idaho,College,History,History of civilization,CI 02,3S,L
University of Idaho,College,History,History of the Far East,C470,3S,U
University of Idaho,College,Justice Studies,Criminal investigation,C280,4S,L
University of Idaho,College,Justice Studies,Criminology,C345,3S,U
University of Idaho,College,Acquisitions and collection development in,libraries,C421,3S,U
University of Idaho,College,Acquisitions and collection development in,Computer applications,C419,3S,U
University of Idaho,College,Acquisitions and collection development in,Introduction to reference work,C423,3S,U
University of Idaho,College,Organization and management of small,libraries,C425,4S,U
University of Idaho,College,Organization and management of small,Use of the school library,C422,2S,U
University of Idaho,College,Pre-calculus algebra and analvtic geometry,Survey of calculus,CI 60,4S,L
University of Idaho,College,Musk,Survey of music,CI 00,"3S, AC",L
University of Idaho,College,Philosophy,Ethics,C101,3S,L
University of Idaho,College,Philosophy,History of ancient philosophy,C309,3S,U
University of Idaho,College,Philosophy,History of modern philosophy,C310,3S,U
University of Idaho,College,Physics,Descriptive astronomy,CI 52,3S,L
University of Idaho,College,Physics,Essentials of physics,C110,4S,L
University of Idaho,College,Physics,General physics,C113,3S,L
University of Idaho,College,Physics,General physics,C114,3S,L
University of Idaho,College,Political Science,American local government,C276,3S,L
University of Idaho,College,Political Science,American state government,C275,3S,L
University of Illinois,Graduate,Counseling,Orientation to counseling,C507,"2S, VI",
University of Illinois,Graduate,Augumentative and alternate,communication strategies,C550,"3S, VI",
University of Illinois,Graduate,Augumentative and alternate,Physical and medical issues,C543,"2S, VI",
University of Illinois,Graduate,Classroom management and motivation,Peer coaching and supervision,C582,"2S, VI",
University of Illinois,College,Accounting,Cost accounting,X221,3S,U
University of Illinois,College,Accounting,Intermediate accounting,X211,3S,U
University of Illinois,College,Accounting,Principles of accounting I,X201,3S,L
University of Illinois,College,Accounting,Principles of accounting II,X202,3S,L
University of Illinois,College,Accounting,Public sector accounting,X361,3S,U
University of Illinois,College,Advertising,Introduction to advertising,X281,3S,U
University of Illinois,College,Anthropology,Archaeology of Illinois,XI 57,3S,L
University of Illinois,College,Anthropology,Introduction to archaeology,X220,3S,U
University of Illinois,College,Business Administration,Business policy,X389,3S,U
University of Illinois,College,Business Administration,Entrepreneurship: small business formation,X346,3S,U
University of Illinois,College,Business Administration,Introduction to management,X247,3S,U
University of Illinois,College,Business Administration,Principles of marketing,X202,3S,U
University of Illinois,College,Business Administration,Purchasing management,X199,3S,L
University of Illinois,College,Business and administrative communication,Technical writing,X252,3S,U
University of Illinois,College,Community Health,Contemporary health,XI 00,3S,L
University of Illinois,College,Community Health,Drug use and abuse,X243,2S,U
University of Illinois,College,Community Health,Foundations of health behavior,X204,3S,U
University of Illinois,College,Community Health,Health program development,X210,3S,U
University of Illinois,College,Community Health,Human sexuality,X206,2S,U
University of Illinois,College,Community Health,Introduction to epidemiology,X274,2S,U
University of Illinois,College,Community Health,Patient education,X394,3S,U
University of Illinois,College,Community Health,Public health practice,X310,4S,U
University of Illinois,College,Economics,Economic statistics I,XI 72,3S,L
University of Illinois,College,Economics,History of economic thought,X306,3S,U
University of Illinois,College,Introduction to economic and business,statistics,XI 71,3S,L
University of Illinois,College,Introduction to economic and business,Introduction to public finance,X214,3S,U
University of Illinois,College,Introduction to economic and business,Macroeconomic principles,XI 03,3S,L
University of Illinois,College,Introduction to economic and business,Microeconomic principles,XI 02,3S,L
University of Illinois,College,Introduction to economic and business,The Soviet economy,X357,3S,U
University of Illinois,College,Introduction to economic and business,The developing economies,X350,3S,U
University of Illinois,College,Child development for elementary teachers,Educational psychology,X211,3S,U
University of Illinois,College,English Language and Literature,American fiction,X249,3S,U
University of Illinois,College,English Language and Literature,The British novel,X247,3S,U
University of Illinois,College,English Language and Literature,Introduction to Shakespeare,X118,3S,L
University of Illinois,College,English Language and Literature,Introduction to the drama,XI 02,3S,L
University of Illinois,College,French,Elementary French,X101,"4S, AC",L
University of Illinois,College,French,Elementary French,XI 02,"4S, AC",L
University of Illinois,College,French,Intermediate French,XI 03,"3S, AC",L
University of Illinois,College,French,Intermediate French,XI 04,"4S, AC",L
University of Illinois,College,General Engineering,Engineering graphics,XI 03,3S,L
University of Illinois,College,Geography,Physical geography I,XI 02,4S,L
University of Illinois,College,Geography,Physical geography II,XI 03,4S,L
University of Illinois,College,German,Elementary German,XI 01,4S,L
University of Illinois,College,German,Elementary German,XI 02,4S,L
University of Illinois,College,German,Intermediate German,XI 03,4S,L
University of Illinois,College,German,Intermediate German,XI 04,4S,L
University of Illinois,College,History,Constitutional development of the U.S. since 1865,X370,3S,U
University of Illinois,College,History,Constitutional development of the U.S. to 1865,X369,3S,U
University of Illinois,College,History,History of Western civilization from 1660,X112,3S,L
University of Illinois,College,Latin,Elementary Latin,X101,4S,L
University of Illinois,College,Latin,Elementary Latin,X102,4S,L
University of Illinois,College,Latin,Intermediate Latin,X103,4S,L
University of Illinois,College,Latin,Introduction to Latin literature,XI 04,4S,L
University of Illinois,College,Calculus for business and social sciences,College algebra,X112Z,3S,L
University of Illinois,College,Calculus for business and social sciences,College algebra,X112,3S,L
University of Illinois,College,Differential equations and orthogonal,functions,X285,3S,U
University of Illinois,College,Finite math for business and social sciences,Math for elementary teachers,X201,3S,U
University of Illinois,College,Finite math for business and social sciences,Plane trigonometry,X114,2S,L
University of Illinois,College,Physics,General physics: electric/magnetism/ atomic /nuclear,X124,4S,L
University of Illinois,College,Physics,General physics: mechanics /heat /matter/ fluids,X123,4S,L
University of Illinois,College,Political Science,American government,XI 50,3S,L
University of Illinois,College,Political Science,Contemporary political theory,X396,3S,U
University of Illinois,College,Political Science,Emerging nations,X241,3S,U
University of Illinois,College,Political Science,International relations,X280,3S,U
University of Illinois,College,Political Science,Introduction to political theory,X260,3S,U
University of Illinois,College,Political Science,Municipal government,X305,3S,U
University of Illinois,College,Psychology,Abnormal psychology,X238,3S,U
University of Illinois,College,Psychology,Behavior modification,X337,3S,U
University of Illinois,College,Psychology,Child psychology,X216,3S,U
University of Illinois,College,Psychology,Cognitive psychology,X224,3S,U
University of Illinois,College,Psychology,Descriptive statistics,X233,3S,U
University of Illinois,College,Psychology,Industrial psychology,X245,3S,U
University of Illinois,College,Psychology,Inferential statistics,X234,2S,U
University of Illinois,College,Psychology,Introduction to psychology,XI 00,"4S, AC",L
The University of Iowa,College,American Studies,American autobiography,4585,3S,L
The University of Iowa,College,American Studies,American music: rock and roll,4575,3S,L
The University of Iowa,College,Anthropology and contemporary world,problems 1,1310,3S,L
The University of Iowa,College,Introduction to Midwestern prehistory,(emphasis on Iowa) 1,1320,3S,L
The University of Iowa,College,Introduction to the study of culture and,society,1133,4S,L
The University of Iowa,College,Introduction to the study of culture and,Women's roles: a cross-cultural perspective 1,1315,3S,U
The University of Iowa,College,Art,Calligraphy I 1,Y140,"3S, VI",U
The University of Iowa,College,Art,Calligraphy II,IY141,"3S, VI",U
The University of Iowa,College,Asian Languages and Literature,Chinese I: non-intensive,391,"4S, AC",L
The University of Iowa,College,Asian Languages and Literature,Chinese II: non-intensive,392,"4S, AC",L
The University of Iowa,College,Chemistry,Principles of chemistry,413,3S,L
The University of Iowa,College,Chemistry,Technology and society,45,3S,L
The University of Iowa,College,Classics,Elementary Latin,201,4S,L
The University of Iowa,College,Classics,Elementary Latin,202,4S,L
The University of Iowa,College,Greek and Latin for vocabulary building,(advanced) 2,0101,3S,U
The University of Iowa,College,Greek and Latin for vocabulary building,Second-year Latin,II 2017,3S,L
The University of Iowa,College,Communication Studies,Organizational leadership 36,C43,3S,L
The University of Iowa,College,Communication Studies,Parliamentary procedure 36,C42,IS,L
The University of Iowa,College,Communication Studies,Rhetoric and politics 36,C90,"3S, VI",U
The University of Iowa,College,Communication Studies,Screenwriting 36,D99,3S,U
The University of Iowa,College,Economics,Macroeconomics 6,E105,3S,U
The University of Iowa,College,Economics,Microeconomic theory 6,E104,3S,U
The University of Iowa,College,Development and administration of child,care centers 7,E189,3S,U
The University of Iowa,College,Development and administration of child,Educational psychology 7,P131,3S,U
The University of Iowa,College,Educational psychology and measurement,Exceptional persons 7,U130,3S,U
The University of Iowa,College,Educational psychology and measurement,Human sexuality 7,C112,3S,U
The University of Iowa,College,Introduction to educating gifted students,Introduction to education 7,SI01,3S,U
The University of Iowa,College,Introduction to educating gifted students,Introduction to education 7,EI01,3S,U
The University of Iowa,College,Introduction to educating gifted students,Parent-child relationships 7,E114,3S,U
The University of Iowa,College,Introduction to educating gifted students,Parent-teacher communication 7,P134,3S,U
The University of Iowa,College,Introduction to educating gifted students,Parent-teacher communication 7,E134,3S,U
The University of Iowa,College,Changing concepts of women in literature,Chaucer,8120,3S,U
The University of Iowa,College,Changing concepts of women in literature,English novel-Scott to Butler,8133,3S,U
The University of Iowa,College,Changing concepts of women in literature,Literature and philosophical thought (the Holocaust) 8,176,"3S, VI",U
The University of Iowa,College,Changing concepts of women in literature,Literature and the culture of 20th-century America,8106,3S,U
The University of Iowa,College,Changing concepts of women in literature,Regional women writers (Southern women writers),8159,3S,U
The University of Iowa,College,Changing concepts of women in literature,Shakespeare,872,3S,L
The University of Iowa,College,Changing concepts of women in literature,English (Creative Writing) Advanced fiction writing 8,W151,3S,U
The University of Iowa,College,Changing concepts of women in literature,Advanced fiction writing II 8,W151,3S,U
The University of Iowa,College,Changing concepts of women in literature,Creative writing 8,W23,3S,L
The University of Iowa,College,Changing concepts of women in literature,Fiction writing 8,W151,3S,U
The University of Iowa,College,Changing concepts of women in literature,Poetry writing 8,W152,3S,U
The University of Iowa,College,Changing concepts of women in literature,Poetry writing (advanced) 8,W152,3S,U
The University of Iowa,College,Changing concepts of women in literature,Personal writing 8,W104,3S,U
The University of Iowa,College,Changing concepts of women in literature,Writing for the sciences (biomedical writing) 8W1,12,3S,U
The University of Iowa,College,Exercise Science,Human anatomy,2753,3S,L
The University of Iowa,College,Finance,General insurance 6,F102,3S,U
The University of Iowa,College,French,Elementary French,I 91,"4S, AC",L
The University of Iowa,College,French,Elementary French,II 92,"4S, AC",L
The University of Iowa,College,German,Elementary German,I 1311,"4S, AC",L
The University of Iowa,College,German,Elementary German,II 1312,"4S, AC",L
The University of Iowa,College,German,Intermediate German,I 1321,"4S, AC, VI",L
The University of Iowa,College,German,Intermediate German,II 1322,"4S, AC, VI",L
The University of Iowa,College,History,19th-century Europe 1,6134,3S,U
The University of Iowa,College,History,Civilizations of Asia (India),167,3S,L
The University of Iowa,College,History,Great Plains 1,6134,3S,U
The University of Iowa,College,History,History of Iowa to 1900 1,6137,3S,U
The University of Iowa,College,History,Issues in human history: the Vietnam War,1611,3S,L
The University of Iowa,College,History,Issues in human history: twentieth-century crisis,1617,3S,L
The University of Iowa,College,History,Issues in human history: women and society in past,1615,3S,L
The University of Iowa,College,History,Medieval civilization 1,6110,3S,U
The University of Iowa,College,History,The new era and the New Deal 1920-1940 1,6167,3S,U
The University of Iowa,College,History,United States in world affairs 1900-1975 1,6152,3S,U
The University of Iowa,College,History,Western civilization since 1792,162,3S,L
The University of Iowa,College,History,Western civilization to 1792,161,3S,L
The University of Iowa,College,Linguistics,Language and society 1,0311,"3S, AC",L
The University of Iowa,College,Mathematics,Basic algebra,I 22M1,3S,L
The University of Iowa,College,Mathematics,Basic algebra,II 22M2,3S,L
The University of Iowa,College,Mathematics,Finite mathematics 22,M10,4S,L
The University of Iowa,College,Mathematics,Foundations of geometry 22,M70,3S,L
The University of Iowa,College,Fundamental properties of spaces and,functions 2,2555,3S,L
The University of Iowa,College,Fundamental properties of spaces and,History of mathematics 2,2107,3S,U
The University of Iowa,College,Fundamental properties of spaces and,Introduction to linear algebra 22,M27,4S,L
The University of Iowa,College,Fundamental properties of spaces and,Pathology 9,6120,"4S, AC",U
The University of Iowa,College,Political Science,American state politics 3,0113,3S,U
The University of Iowa,College,Preventive Medicine,Introduction to biostatistics 6,3161,3S,U
The University of Iowa,College,Psychology,Abnormal psychology 3,1163,3S,U
The University of Iowa,College,Psychology,Behavior modification 3,1170,3S,U
The University of Iowa,College,Psychology,Elementary psychology,311,"VC, AC",L
The University of Iowa,College,Psychology,Health psychology 3,1152,3S,U
The University of Iowa,College,Psychology,Prophecy in Biblical Israel 3,2108,"3S, VI",U
The University of Iowa,College,Psychology,Quest for human destiny,322,3S,L
The University of Iowa,College,Psychology,Religion and society,322,3S,L
The University of Iowa,College,Psychology,Religion and women (images of women in the Bible) 3,2111,3S,U
The University of Iowa,College,Psychology,"Suffering, death, and faith 3",2193,3S,U
The University of Iowa,College,Psychology,World of the New Testament 3,2122,3S,U
The University of Iowa,College,Psychology,World of the Old Testament 3,2105,3S,U
The University of Iowa,College,Rhetoric,Accelerated rhetoric,103,4S,L
The University of Iowa,College,Social Work,1 lumart behavior in the social environment 4,2140,VC,U
The University of Iowa,College,Social Work,1 toman sexuality 4,2112,3S,U
The University of Iowa,College,Social Work,Individual study 4,2191,VC,U
The University of Iowa,College,Social Work,Introduction to social work,4222,4S,L
The University of Iowa,College,Multidisciplinary perspectives on aging,Sexual health in later life 4,2199,3S,U
The University of Iowa,College,Multidisciplinary perspectives on aging,Social policy and the elderly 4,2185,3S,U
The University of Iowa,College,Sociology,Criminology 3,4140,3S,U
The University of Iowa,College,Sociology,The American family 3,4161,"3S, AC",U
The University of Iowa,College,Sociology,"Theory, research, and statistics",3411,3S,L
The University of Iowa,College,Spanish,Elementary Spanish,I 351,"4S, AC",L
The University of Iowa,College,Spanish,Elementary Spanish,II 352,"4S, AC",L
The University of Iowa,College,Spanish,Intermediate Spanish,II 3512,"4S, AC",L
The University of Iowa,College,"Sport, Health, Leisure, and Physical Studies",Aging and leisure 2,8168,3S,U
The University of Iowa,College,Health promotion in workplace settings,Nutrition 2,8131,"3S, SL",U
The University of Iowa,College,Health promotion in workplace settings,Perspectives on leisure and play,2870,3S,L
The University of Iowa,College,Theater,Advanced playwriting 4,9165,3S,U
The University of Iowa,College,Theater,Basic playwriting,4962,3S,L
The University of Iowa,College,Theater,Women's Studies Topics in women's study (women in rural societies) 1,3115,3S,U
The University of Iowa,College,Theater,"Women, medicine, and society 1",3113,3S,U
The University of Iowa,Graduate,Art,Calligraphy II Pr,T41,"3S, VI",
The University of Iowa,Graduate,Greek and Latin for vocabulary building,Medical and technical terminology 20103 (2S) Religion and occult in antiquity 2,0113,3S,
The University of Iowa,Graduate,Introduction to educating gifted students,Introduction to education 7,S101,3S,
The University of Iowa,Graduate,Introduction to educating gifted students,Introduction to education 7,E101,3S,
The University of Iowa,Graduate,Measure and evaluation using standard,instruments 7,P257,3S,
The University of Iowa,Graduate,Measure and evaluation using standard,Mental retardation 7,U135,"3S, SL",
The University of Iowa,Graduate,Measure and evaluation using standard,Methods: early childhood special education 7,0274,3S,
The University of Iowa,Graduate,Measure and evaluation using standard,Parent-teacher communication 7,U134,3S,
The University of Iowa,Graduate,Research and theory in talent /giftedness,The adolescent and young adult 7,P133,3S,
The University of Iowa,Graduate,Changing concepts of women in literature,Science fiction (historical survey),8182,3S,
The University of Iowa,Graduate,Changing concepts of women in literature,Women in literature,8161,3S,
The University of Iowa,Graduate,Changing concepts of women in literature,Advanced fiction writing II 8,VV151,3S,
The University of Iowa,Graduate,Changing concepts of women in literature,English (Nonfiction Writing) Forms of the essay (art of the essay) 8W135 (3S) Personal writing 8,W104,3S,
The University of Iowa,Graduate,Changing concepts of women in literature,Writing for business and industry 8W113 (3S) Writing for the sciences (biomedical writing) 8,W112,3S,
The University of Iowa,Graduate,Geography,Urban geography 4,4135,3S,
The University of Iowa,Graduate,History,20th-century Europe: the Nazi era 16135 (3S) First World War 1,6185,"3S, VI",
The University of Iowa,Graduate,History,The Civil War and Reconstruction 16164 (3S) The contemporary United States 1940- present 1,6168,3S,
The University of Iowa,Graduate,History,"Themes in African- American history 16185 (3S, VI) United States in world affairs 1",6151,3S,
The University of Iowa,Graduate,Journalism,Free-lance reporting and writing 1,9125,4S,
The University of Iowa,Graduate,Nursing,Human sexuality 9,6112,3S,
The University of Iowa,Graduate,Political Science,Municipal government and politics 30111 (3S) The American political system 3,0110,3S,
The University of Iowa,Graduate,Psychology,Religion (Religious Studies) Biblical archaeology 3,2103,"IS, VI",
University of Kansas,College,African Studies,Black experience in the Americas,106,3S,L
University of Kansas,College,American Studies,American society,330,3S,U
University of Kansas,College,Art History,Impressionism,535,3S,U
University of Kansas,College,Art History,Introduction to art history,100,"3S, VI",L
University of Kansas,College,Art History,Introduction to art history,300,"3S, VI",U
University of Kansas,College,Atmospheric Science,Introductory meteorology,105,5S,L
University of Kansas,College,Atmospheric Science,Unusual weather,220,3S,L
University of Kansas,College,Biology,Human sexuality,331,3S,U
University of Kansas,College,Biology,Principles of biology,104,"3S, VI",L
University of Kansas,College,Biology,Principles of human physiology,305,3S,U
University of Kansas,College,Business Management,Human relations in business,300,3S,U
University of Kansas,College,Business Management,Principles of management,342,3S,U
University of Kansas,College,Classics,Greek and Roman myth,148,3S,L
University of Kansas,College,Classics,Word power: Greek and Latin elements in English,232,3S,L
University of Kansas,College,Classics,Word power: Greek and Latin elements in English,332,3S,U
University of Kansas,College,Introduction to intercultural communication,The loving relationship,455,3S,U
University of Kansas,College,Economics,Introductory economics,104,4S,L
University of Kansas,College,"Education, Policy, and Leadership",Foundations of education,440,3S,U
University of Kansas,College,"Education, Policy, and Leadership",Foundations of education,760,3S,U
University of Kansas,College,Educational Psychology and Research,Principles of human learning,300,3S,U
University of Kansas,College,English,American literature,I 320,3S,U
University of Kansas,College,English,American literature,II 322,3S,U
University of Kansas,College,English,Business writing,362,3S,U
University of Kansas,College,English,Composition,101,3S,L
University of Kansas,College,English,Composition and literature,102,"3S, VI",L
University of Kansas,College,English,Directed readings: Cather,495,VC,U
University of Kansas,College,English,Directed readings: Hemingway,495,VC,U
University of Kansas,College,English,Introduction to poetry,210,"3S, VI",L
University of Kansas,College,English,Kansas literature,570,"3S, AC",U
University of Kansas,College,English,Literature for children,466,3S,U
University of Kansas,College,English,Recent popular literature,325,3S,U
University of Kansas,College,English,Shakespeare,332,3S,U
University of Kansas,College,English,Technical writing,362,3S,U
University of Kansas,College,English,The literature of sports,203,3S,L
University of Kansas,College,English,Writing fiction,351,3S,U
University of Kansas,College,French,Elementary French,I 110,"5S, VI, AC",L
University of Kansas,College,French,Elementary French,II 120,"5S, VI, AC",L
University of Kansas,College,French,French for reading knowledge,100,3S,L
University of Kansas,College,Geography,Principles of physical geography,104,3S,L
University of Kansas,College,German,Elementary German,I 104,"5S, AC, VI",L
University of Kansas,College,German,Elementary German,II 108,"5S, AC",L
University of Kansas,College,Advanced concepts in communicable/,degenerative diseases,713,"3S, VI",U
University of Kansas,College,Advanced concepts in communicable/,Coaching of basketball,252,2S,L
University of Kansas,College,Advanced concepts in communicable/,Environmental health,649,3S,U
University of Kansas,College,Introduction to communicable and,degenerative diseases,453,"3S, VI",U
University of Kansas,College,Introduction to communicable and,Personal and community health,260,3S,L
University of Kansas,College,Principles of nutrition and health in,development,330,3S,U
University of Kansas,College,History,America and World War,II 340,3S,U
University of Kansas,College,History,History of Kansas,620,3S,U
University of Kansas,College,History,History of the American Indian,619,3S,U
University of Kansas,College,History,Hitler and Nazi Germany,341,3S,U
University of Kansas,College,Human Development and Family Life,Adult development and aging,432,3S,U
University of Kansas,College,Human Development and Family Life,Children and television,425,3S,U
University of Kansas,College,Introduction to child behavior and,development,160,3S,L
University of Kansas,College,Introduction to marriage and family,relationships,288,3S,L
University of Kansas,College,Principles of nutrition and health in,development,220,3S,L
University of Kansas,College,Principles of nutrition and health in,journalism Elements of advertising,240,3S,L
University of Kansas,College,"Introduction to radio, TV, and their new",technologies,280,3S,L
University of Kansas,College,"Introduction to radio, TV, and their new",Reporting,I 350,3S,U
University of Kansas,College,Latin,Elementary Latin,104,"5S, AC",L
University of Kansas,College,Latin,Latin reading and grammar,108,5S,L
University of Kansas,College,Latin,Vergil's Aeneid,200,3S,L
University of Kansas,College,Management,Supervisory management,343,3S,U
University of Kansas,College,Mathematics,Algebra,101,3S,L
University of Kansas,College,Mathematics,Calculus,I 115,3S,L
University of Kansas,College,Mathematics,Calculus,I 121,5S,L
University of Kansas,College,Mathematics,Calculus,II 116,3S,L
University of Kansas,College,Mathematics,Intermediate mathematics,002,3S,L
University of Kansas,College,Mathematics,Introductory algebra,000,3S,L
University of Kansas,College,Mathematics,Trigonometry,103,2S,L
University of Kansas,College,Music,Introduction to jazz,298,"3S, AC",L
University of Kansas,College,Philosophy,Introduction to philosophy,140,3S,L
University of Kansas,College,Philosophy,Reason and argument,148,3S,L
University of Kansas,College,Psychology,Brain and behavior,370,"3S, VI",U
University of Kansas,College,Psychology,Child psychology,333,3S,U
University of Kansas,College,Psychology,Cognitive psychology,318,3S,U
University of Kansas,College,Psychology,General psychology,104,3S,L
University of Kansas,College,Psychology,Human sexuality,502,3S,U
University of Kansas,College,Psychology,Psychology and the law,566,3S,U
University of Kansas,College,Psychology,Psychology of adolescence,626,3S,U
University of Kansas,College,Psychology,Psychology of families,642,3S,U
University of Kansas,College,Psychology,Social psychology,360,3S,U
University of Kansas,College,Psychology,Religion (Religious Studies) Living religions of the West,107,3S,L
University of Kansas,College,Psychology,The loving relationship,475,3S,U
University of Kansas,College,Psychology,Understanding the Bible,124,3S,L
University of Kentucky,High School,Business,Accounting I first half,01,HF,
University of Kentucky,High School,Business,Accounting I second half,02,HF,
University of Kentucky,High School,Business,Business communications first half (HF) Business communications second half (HF) Business law,06,HF,
University of Kentucky,High School,Business,Business math first half,03,HF,
University of Kentucky,High School,Business,Business math second half,04,HF,
University of Kentucky,High School,Business,Consumer education (1U) General business first half,07,HF,
University of Kentucky,High School,Business,General business second half,08,HF,
University of Kentucky,High School,English,Grammar grade 9,13,HF,
University of Kentucky,High School,English,Grammar grade 10,15,HF,
University of Kentucky,High School,English,Grammar grade 11,17,HF,
University of Kentucky,High School,English,Grammar grade 12,19,HF,
University of Kentucky,High School,English,Literature grade 9,14,HF,
University of Kentucky,High School,English,Literature grade 10,16,HF,
University of Kentucky,High School,English,Literature grade 11,18,HF,
University of Kentucky,High School,English,Literature grade 12,20,HF,
University of Kentucky,High School,English,Mass media/print/radio/,TV 21,HF,
University of Kentucky,High School,Geography,World geography first half,39,HF,
University of Kentucky,High School,Geography,World geography second half,40,HF,
University of Kentucky,High School,History,U.S. history first half,41,HF,
University of Kentucky,High School,History,U.S. history second half,42,HF,
University of Kentucky,High School,Languages,"French I, II, III",IV 26,1U,
University of Kentucky,High School,Languages,German I,II 24,1U,
University of Kentucky,High School,Languages,"Spanish I, II, III",IV 25,1U,
University of Kentucky,High School,Mathematics,Algebra I first half,31,HF,
University of Kentucky,High School,Mathematics,Algebra I second half,32,HF,
University of Kentucky,High School,Mathematics,Algebra II first half,33,HF,
University of Kentucky,High School,Mathematics,Algebra II second half,34,HF,
University of Kentucky,High School,Mathematics,Consumer mathematics,70,HF,
University of Kentucky,High School,Mathematics,Essentials of mathematics,71,HF,
University of Kentucky,High School,Mathematics,Fundamentals of mathematics,29,HF,
University of Kentucky,High School,Mathematics,Plane geometry first half,35,HF,
University of Kentucky,High School,Mathematics,Plane geometry second half,36,HF,
University of Kentucky,High School,Mathematics,Prealgebra,30,HF,
University of Kentucky,High School,Mathematics,Prealgebra first half (HF) Prealgebra second half (HF) Precalculus first half,37,HF,
University of Kentucky,High School,Mathematics,Precalculus second half,38,HF,
University of Kentucky,High School,Mathematics,Trigonometry,39,HF,
University of Kentucky,High School,Psychology,Psychology,43,1U,
University of Kentucky,High School,Science,Earth science first half,52,HF,
University of Kentucky,High School,Science,Earth science second half,53,HF,
University of Kentucky,High School,Science,General biology first half,50,HF,
University of Kentucky,High School,Science,General biology second half,51,HF,
University of Kentucky,High School,Science,Law and justice,49,HF,
University of Kentucky,High School,Science,World civilization second half,47,HF,
University of Kentucky,High School,Sociology,Sociology first half,44,HF,
University of Kentucky,High School,Sociology,Sociology second half,45,HF,
University of Kentucky,College,Accounting,Principles of accounting,201,3S,L
University of Kentucky,College,Accounting,Principles of accounting,II 202,3S,L
University of Kentucky,College,Agriculture,Agricultural animal science,106,4S,L
University of Kentucky,College,Agronomy,Fundamentals of soil science,366,3S,U
University of Kentucky,College,Animal Sciences,Feeds and feeding,380,3S,U
University of Kentucky,College,Biology,Animal biology,104,3S,L
University of Kentucky,College,Biology,Animal-plant microbiology,103,3S,L
University of Kentucky,College,Biology,Evolution,508,3S,U
University of Kentucky,College,Biology,Human biology,110,3S,L
University of Kentucky,College,Biology,Principles of microbiology,208,3S,L
University of Kentucky,College,Classical Languages and Literature,Elementary Latin,I 101,4S,L
University of Kentucky,College,Classical Languages and Literature,Elementary Latin,II 102,4S,L
University of Kentucky,College,Economics,Monetary economics,485,3S,U
University of Kentucky,College,Economics,Principles of economics,I 201,3S,L
University of Kentucky,College,Economics,Principles of economics,II 202,3S,L
University of Kentucky,College,English,American literature 1800-1860,251,3S,L
University of Kentucky,College,English,American literature 1860-1920,252,3S,L
University of Kentucky,College,English,Business writing,203,3S,L
University of Kentucky,College,English,Etymology,201,3S,L
University of Kentucky,College,English,Shakespeare survey,425,3S,U
University of Kentucky,College,English,Survey of English literature,I 221,3S,L
University of Kentucky,College,English,Survey of English literature,II 222,3S,L
University of Kentucky,College,English,Technical writing,204,3S,L
University of Kentucky,College,English,The Old Testament as literature,270,3S,L
University of Kentucky,College,Western literature from the Greeks-the,Renaissance,261,3S,L
University of Kentucky,College,Western literature from the Greeks-the,Writing,II 102,3S,L
University of Kentucky,College,General / Interdisciplinary,"Individual, marriage and family",252,3S,L
University of Kentucky,College,General / Interdisciplinary,Personal and family finance,251,3S,L
University of Kentucky,College,Finance,Corporation finance,300,3S,U
University of Kentucky,College,French,Elementary French,I 101,3S,L
University of Kentucky,College,French,Elementary French,II 102,3S,L
University of Kentucky,College,French,Intermediate French,I 201,3S,L
University of Kentucky,College,French,Intermediate French,II 202,3S,L
University of Kentucky,College,Geography,Geography of Kentucky,322,3S,U
University of Kentucky,College,Geography,Human geography,172,3S,L
University of Kentucky,College,Geography,Physical geography,130,3S,L
University of Kentucky,College,Geography,Regional geography,152,3S,L
University of Kentucky,College,Geography,"Weather, climate, water",251,3S,L
University of Kentucky,College,German,Intermediate German,I 201,3S,L
University of Kentucky,College,German,Intermediate German,II 202,3S,L
University of Kentucky,College,History of British people since the,Restoration,203,3S,L
University of Kentucky,College,History of British people since the,History of Europe from mid-1 7th century to present,105,3S,L
University of Kentucky,College,History of British people since the,History of Europe to the mid-1 7th century,104,3S,L
University of Kentucky,College,History of British people since the,History of the Old South,578,3S,U
University of Kentucky,College,History of British people since the,U.S. history through 1865,108,3S,L
University of Kentucky,College,Human Environment-Textiles,Textiles for consumers,120,3S,L
University of Kentucky,College,Marketing,Marketing management,300,3S,U
University of Kentucky,College,Mathematics,Calculus I: integral,113,4S,L
University of Kentucky,College,Mathematics,Calculus II: differential,114,4S,L
University of Kentucky,College,Mathematics,College algebra,109,3S,L
University of Kentucky,College,Mathematics,77k University of Memphis Elementary calculus,123,3S,L
University of Kentucky,College,Mathematics,Math for elementary teachers 1,201,3S,L
University of Kentucky,College,Musk,Introduction to music,100,3S,L
University of Kentucky,College,Nutrition ami Food Science,Food and nutrition for man,101,3S,L
University of Kentucky,College,Philosophy,Introduction to philosophy: knowledge and reality,100,3S,L
University of Kentucky,College,Philosophy,Introductory ethics,130,3S,L
University of Kentucky,College,Philosophy,Introductory logic,120,3S,L
University of Kentucky,College,Political Science,American government,101,3S,L
University of Kentucky,College,Political Science,American political parties,470,3S,U
University of Kentucky,College,Political Science,Municipal government,452,3S,U
University of Kentucky,College,Political Science,World politics,235,3S,L
University of Kentucky,College,Psychology,Developmental psychology,223,3S,L
University of Kentucky,College,Psychology,Industrial psychology,502,3S,U
University of Kentucky,College,Psychology,Introduction to psychology,100,4S,L
University of Kentucky,College,Psychology of industrial personnel,procedure,503,3S,U
University of Kentucky,College,Social Work,Development of social welfare,222,3S,L
University of Kentucky,College,Sociology,Criminology,437,3S,U
University of Kentucky,College,Sociology,Deviant behavior,436,3S,U
University of Kentucky,College,Sociology,Dimensions of aging,528,3S,U
University of Kentucky,College,Human relations in administration of,organizations,542,3S,U
University of Kentucky,College,Human relations in administration of,Introductory sociology,101,3S,L
University of Kentucky,College,Human relations in administration of,Juvenile delinquency,438,3S,U
University of Kentucky,College,Human relations in administration of,The family,409,3S,U
University of Kentucky,College,Spanish,Elementary Spanish,I 141,3S,L
University of Kentucky,College,Spanish,Elementary Spanish,II 142,3S,L
University of Kentucky,College,Spanish,Intermediate Spanish,III 241,3S,L
University of Kentucky,College,Spanish,Intermediate Spanish,IV 242,3S,L
University of Kentucky,College,Statistics,Descriptive statistics,292,IS,L
University of Kentucky,College,Statistics,Probability,293,IS,L
University of Kentucky,College,Statistics,Sampling and inference,294,IS,L
University of Kentucky,College,Statistics,Statistical method,291,3S,L
The University of Memphis,College,Engineering Technology,Fire dynamics,3946,3S,U
The University of Memphis,College,Mathematics,Experiences in math,2000,3S,L
The University of Memphis,College,Political Science,Advanced fire administration,3613,3S,U
The University of Memphis,College,Political Science,Disaster/fire defense planning,3611,3S,U
The University of Memphis,College,Sociology,People and organizations,3515,6S,U
The University of Memphis,College,Sociology,War and American society,3526,6S,U
University of Michigan,College,Asian Studies,Asia through fiction,441,3S,L
University of Michigan,College,Communications,Film analysis,320,4S,L
University of Michigan,College,Preparation of radio and television,continuity,427,3S,U
University of Michigan,College,Economics,Principles of economics,201,4S,L
University of Michigan,College,Economics,Principles of economics,202,4S,L
University of Michigan,College,English,Contemporary American novel,434,4S,U
University of Michigan,College,English,Hemingway and Fitzgerald,482,3S,U
University of Michigan,College,French,First special reading course,111,4S,U
University of Michigan,College,French,Second special reading course,112,4S,U
University of Michigan,College,Mathematics,Analytic geometry and calculus,I 115,4S,L
University of Michigan,College,Natural Sciences,The environment and the citizen,485,2S,U
University of Michigan,College,Natural Sciences,The environment and the citizen,486,2S,U
University of Michigan,College,Psychology,Introduction to behavior therapy,474,3S,U
University of Michigan,College,Psychology,Introduction to psychology,111,4S,L
University of Michigan,College,Psychology,Psychology of aging,459,3S,U
University of Michigan,College,Psychology,Women's Studies Gender and society,342,3S,L
University of Michigan,College,Psychology,Introduction to women's studies,240,4S,L
University of Michigan,College,Psychology,Women in literature and the arts,344,3S,L
University of Michigan,Graduate,History,Palestinian and Arab-Israeli conflict,592,4S,
University of Minnesota,High School,Biology,Biology,A 9801,HF,
University of Minnesota,High School,Biology,Biology,B 9802,HF,
University of Minnesota,High School,Business,Accounting,A 9813,HF,
University of Minnesota,High School,Business,General business,A 9823,HF,
University of Minnesota,High School,Business,General business,B 9824,HF,
University of Minnesota,High School,English,Advanced composition,9845,HF,
University of Minnesota,High School,English,American dream in drama,9846,HF,
University of Minnesota,High School,English,Black American experience,CW24,QT,
University of Minnesota,High School,English,Ninth-grade English,A 9831,HF,
University of Minnesota,High School,English,Ninth-grade English,B 9832,HF,
University of Minnesota,High School,English,Tenth-grade English,A 9833,HF,
University of Minnesota,High School,English,Tenth-grade English,B 9834,HF,
University of Minnesota,High School,English,Eleventh-grade English,A 9835,HF,
University of Minnesota,High School,English,Eleventh-grade English,B 9836,HF,
University of Minnesota,High School,English,Twelfth-grade English,A 9847,HF,
University of Minnesota,High School,English,Twelfth-grade English,B 9848,HF,
University of Minnesota,High School,English,Straight thinking,9839,QT,
University of Minnesota,High School,English,Youth in conflict,9840,QT,
University of Minnesota,High School,History,World history,A 9920,HF,
University of Minnesota,High School,History,World history,B 9921,HF,
University of Minnesota,High School,Languages,Beginning German,A 9963,HF,
University of Minnesota,High School,Languages,Beginning Russian,A 9961,HF,
University of Minnesota,High School,Languages,Beginning Russian,B 9962,HF,
University of Minnesota,High School,Mathematics,Elementary algebra,A 9892,HF,
University of Minnesota,High School,Mathematics,Elementary algebra,B 9893,HF,
University of Minnesota,High School,Mathematics,Geometry,A 9687,HF,
University of Minnesota,High School,Mathematics,Geometry,B 9888,HF,
University of Minnesota,High School,Mathematics,Higher algebra,A 9885,HF,
University of Minnesota,High School,Mathematics,Higher algebra,B 9886,HF,
University of Minnesota,High School,Psychology,General psychology,A 9941,HF,
University of Minnesota,High School,Psychology,General psychology,B 9942,HF,
University of Minnesota,High School,Psychology,Project self-discovery,9943,HF,
University of Minnesota,College,Accounting,Income tax accounting,5135,4Q,U
University of Minnesota,College,Accounting,Principles of accounting,II 1025,3Q,L
University of Minnesota,College,American Studies,American architecture to I860,3970,4Q,U
University of Minnesota,College,American Studies,American cultures,III 1003,"5Q, VI",L
University of Minnesota,College,American Studies,The meaning of place,5920,"4Q, VI",U
University of Minnesota,College,Anthropology,Culture and personality,5141,4Q,U
University of Minnesota,College,Anthropology,Human origins,1101,5Q,L
University of Minnesota,College,Introduction to social and cultural,anthropology,1102,"5Q, VI",L
University of Minnesota,College,Architecture,The meaning of place,5726,"4Q, VI",U
University of Minnesota,College,Art History,Introduction to visual arts,1001,"4Q, VI",L
University of Minnesota,College,Biology,Cell biology,5004,3Q,U
University of Minnesota,College,Biology,Environmental studies,3051,4Q,U
University of Minnesota,College,Biology,General biology,1009,"5Q, LK",L
University of Minnesota,College,Biology,Genetics,5003,4Q,U
University of Minnesota,College,"Agency, partnerships, corporate and",commercial paper,3078,4Q,U
University of Minnesota,College,"Personal property, real property, wills and",estates,3088,4Q,U
University of Minnesota,College,Business Management,International business,3004,4Q,U
University of Minnesota,College,Child Psychology,Adolescent psychology,5303,4Q,U
University of Minnesota,College,Child Psychology,Infancy,3302,4Q,U
University of Minnesota,College,Child Psychology,Introductory child psychology,1301,4Q,L
University of Minnesota,College,Child Psychology,Maturity and aging,3304,4Q,U
University of Minnesota,College,Classical Languages and Literature,Latin poetry: Catullus,3105,5Q,U
University of Minnesota,College,Classical Languages and Literature,Latin prose: Caesar and others,1104,5Q,U
University of Minnesota,College,Classical Languages and Literature,Virgil's Aeneid,3106,5Q,U
University of Minnesota,College,Eroticism and family life in Greece and,Rome,5004,"4Q, AC",U
University of Minnesota,College,Greek and Latin terms in medicine,Madness/deviant behavior: Greece and Rome,5005,4Q,U
University of Minnesota,College,Greek and Latin terms in medicine,Magic/witchcraft/occult,109,"4Q, AC",L
University of Minnesota,College,Greek and Latin terms in medicine,Roman realities,3970,"4Q, AC",U
University of Minnesota,College,Comparative Literature,European folk tales,5414,"4Q, AC",U
University of Minnesota,College,Introduction to business communication,Technical writing for engineers,3031,4Q,U
University of Minnesota,College,Introduction to business communication,Writing about literature,3011,4Q,U
University of Minnesota,College,Introduction to business communication,Writing about science,3015,4Q,U
University of Minnesota,College,Introduction to business communication,Writing for arts,3013,4Q,U
University of Minnesota,College,Introduction to business communication,Writing for business,3032,4Q,U
University of Minnesota,College,Introduction to business communication,Writing for social science,3014,4Q,U
University of Minnesota,College,Introduction to business communication,Writing in the humanities,3012,4Q,U
University of Minnesota,College,Introduction to business communication,Writing practice,I 1011,5Q,L
University of Minnesota,College,Design,Topics: antique collecting,3572,4Q,U
University of Minnesota,College,Design Housing Apparel,Retail merchandising,1211,4Q,L
University of Minnesota,College,"Ecology, Evolution and Behavior",Introduction to ecology,3001,4Q,U
University of Minnesota,College,Economics,Macroeconomic theory,3102,4Q,U
University of Minnesota,College,Economics,Money and banking,3701,4Q,U
University of Minnesota,College,Economics,Principles of macroeconomics,1102,4Q,L
University of Minnesota,College,Economics,Principles of microeconomics,1101,4Q,L
University of Minnesota,College,Educational Policy and Administration,Inventing the future,5099,"4Q, VI",U
University of Minnesota,College,Engineering,Deformable body mechanics,3016,4Q,U
University of Minnesota,College,English,20th-century English novel,5153,4Q,U
University of Minnesota,College,English,Afro- American literature,1816,4Q,L
University of Minnesota,College,English,American literature I to 1850,3411,4Q,U
University of Minnesota,College,English,American short story,3455,4Q,U
University of Minnesota,College,English,Celtic world,3910,"4Q, AC",U
University of Minnesota,College,English,D.H. Lawrence and Freud,3910,"4Q, AC",U
University of Minnesota,College,English,Drama: Pirandello to Pinter,5175,4Q,U
University of Minnesota,College,English,Introduction to modern literature: drama,1019,4Q,L
University of Minnesota,College,English,Introduction to modern literature: poetry,1017,4Q,L
University of Minnesota,College,English,James Joyce,5363,"4Q, AC",U
University of Minnesota,College,English,Shakespeare,I 3241,4Q,U
University of Minnesota,College,English,Shakespeare,II 3242,4Q,U
University of Minnesota,College,English,Survey of English literature,I 3111,4Q,U
University of Minnesota,College,English,Survey of English literature,II 3112,4Q,U
University of Minnesota,College,English,Survey of English literature,III 3113,4Q,U
University of Minnesota,College,English,The English language,3851,"4Q, VI",U
University of Minnesota,College,Entomology,Principles of beekeeping,3020,4Q,L
University of Minnesota,College,General / Interdisciplinary,Human sexual behavior,5001,5Q,U
University of Minnesota,College,Finance,Finance fundamentals,3000,4Q,U
University of Minnesota,College,French,Beginning French,I 1101,"5Q, AC, VI",L
University of Minnesota,College,French,Beginning French,II 1102,"5Q, AC, VI",L
University of Minnesota,College,French,Beginning French,III 1103,"5Q, AC, VI",L
University of Minnesota,College,French,French literary texts,3104,4Q,U
University of Minnesota,College,General College,Accounting fundamentals,I 1540,4Q,L
University of Minnesota,College,General College,Accounting fundamentals,II 1542,4Q,L
University of Minnesota,College,General College,Behavior problems of children,1284,4Q,L
University of Minnesota,College,General College,Ethics,1355,4Q,L
University of Minnesota,College,Introduction to microcomputer applications,Literatures of the U.S,1365,4Q,L
University of Minnesota,College,Introduction to microcomputer applications,Marketing: introduction,1551,5Q,L
University of Minnesota,College,Introduction to microcomputer applications,Marketing: management,1553,5Q,L
University of Minnesota,College,Introduction to microcomputer applications,Parent-child relationship,1722,4Q,L
University of Minnesota,College,Introduction to microcomputer applications,Practical law,1534,4Q,L
University of Minnesota,College,Introduction to microcomputer applications,Principles of chemistry,1166,5Q,L
University of Minnesota,College,University oj Minnesota,Small business operations,1513,5Q,L
University of Minnesota,College,University oj Minnesota,Stellar astronomy,1162,5Q,L
University of Minnesota,College,"Genetics, Cell Biology",Genetics,3022,4Q,U
University of Minnesota,College,Geography,Environmental problems,3355,4Q,U
University of Minnesota,College,Geography,Geography of Latin America,3121,4Q,U
University of Minnesota,College,Geography,Geography of Minnesota,3111,"4Q, VI",U
University of Minnesota,College,Geography,Language of maps,1501,5Q,L
University of Minnesota,College,Geology,Dynamic earth: introduction to geology ',1001,4Q,L
University of Minnesota,College,Geology,Historical geology,1002,4Q,L
University of Minnesota,College,German,Beginning German,I 1101,"5Q, AC",L
University of Minnesota,College,German,Beginning German,II 1102,"5Q, AC",L
University of Minnesota,College,Greek,Beginning classical Greek,1101,5Q,L
University of Minnesota,College,History,American business history,3841,"4Q, VI",U
University of Minnesota,College,History,American history,1301,"4Q, VI",L
University of Minnesota,College,History,American history,1302,"4Q, VI",L
University of Minnesota,College,History,Civil War and Reconstruction,3812,4Q,U
University of Minnesota,College,History,English history,3152,4Q,U
University of Minnesota,College,Introduction to modern European history,Topics: Peter the Great,3700,4Q,U
University of Minnesota,College,Introduction to modern European history,"Topics: Sweden, 1560-1721",3700,4Q,U
University of Minnesota,College,Humanities,European heritage: Greece,1111,4Q,L
University of Minnesota,College,Humanities,European heritage: Rome,1113,4Q,L
University of Minnesota,College,Italian,Beginning Italian,I 1101,"5Q, AC",L
University of Minnesota,College,Jewish Studies,Introduction to Judaism,3034,"4Q, VI",U
University of Minnesota,College,Jewish Studies,Modern Judaism,3126,4Q,U
University of Minnesota,College,Jewish Studies,The Holocaust,3521,"4Q, AC",U
University of Minnesota,College,Linguistics,Nature of human language,1001,"4Q, VI",L
University of Minnesota,College,Linguistics,Sociolinguistics,5831,"4Q, VI",U
University of Minnesota,College,Management,Business policy and strategy,3004,5Q,U
University of Minnesota,College,Entrepreneurship and smaller enterprise,Fundamentals of management,3001,4Q,U
University of Minnesota,College,Marketing,Principles of marketing,3000,4Q,U
University of Minnesota,College,Mathematics,Calculus,I 1211,5Q,L
University of Minnesota,College,Mathematics,Introduction to calculus,1142,5Q,L
University of Minnesota,College,Linear algebra and linear differential,equations,3221,5Q,U
University of Minnesota,College,Linear algebra and linear differential,Precalculus,1201,5Q,L
University of Minnesota,College,Linear algebra and linear differential,Trigonometry,1008,4Q,L
University of Minnesota,College,Music,Music appreciation,5950,"4Q, AC",U
University of Minnesota,College,Music,The avant-garde,3045,"4Q, AC",U
University of Minnesota,College,Norzuegiau,Beginning Norwegian,I 1101,"5Q, AC",L
University of Minnesota,College,Norzuegiau,Beginning Norwegian,II 1102,"5Q, AC",L
University of Minnesota,College,Norzuegiau,Beginning Norwegian,III 1103,"5Q, AC",L
University of Minnesota,College,Norzuegiau,Intermediate Norwegian,I 1104,"5Q, AC",L
University of Minnesota,College,Norzuegiau,Intermediate Norwegian,II 1105,"5Q, AC",L
University of Minnesota,College,Philosophy,Introduction to philosophy,1002,5Q,L
University of Minnesota,College,Philosophy,Logic,1001,5Q,L
University of Minnesota,College,Physics,Changing physical world,1003,"4Q, VI",U
University of Minnesota,College,Physics,General physics,1104,4Q,L
University of Minnesota,College,Physics,General physics,1105,4Q,L
University of Minnesota,College,Physics,General physics,1106,4Q,L
University of Minnesota,College,Physics,Introduction to physics,1041,4Q,L
University of Minnesota,College,Physics,Introduction to physics,1042,4Q,L
University of Minnesota,College,Physics,Introductory physics lab,I 1045,1Q,L
University of Minnesota,College,Physics,Introductory physics lab,II 1046,1Q,L
University of Minnesota,College,Physics,Modern physics,3501,4Q,L
University of Minnesota,College,Physics,Physical world,1001,4Q,L
University of Minnesota,College,Physics,Physics with calculus,I 1311,4Q,L
University of Minnesota,College,Physics,Physics with calculus,II 1321,4Q,L
University of Minnesota,College,Government and politics of the Soviet,Union,5471,4Q,U
University of Minnesota,College,Government and politics of the Soviet,Judicial process,3309,4Q,U
University of Minnesota,College,Government and politics of the Soviet,Political parties,5737,4Q,U
University of Minnesota,College,Government and politics of the Soviet,U.S. Congress,3308,4Q,U
University of Minnesota,College,Government and politics of the Soviet,Understanding war,3810,4Q,U
University of Minnesota,College,Portuguese,Everpresent past: Portuguese and Spanish literature,3970,"4Q, AC",U
University of Minnesota,College,Psychology,Abnormal psychology,3604,4Q,U
University of Minnesota,College,Psychology,General psychology,1001,5Q,L
University of Minnesota,College,Psychology,Introduction to personality,3101,4Q,U
University of Minnesota,College,Psychology,Topics: stress management,3970,"4Q, AC",U
University of Minnesota,College,Public Affairs,Development administration,5810,4Q,U
University of Minnesota,College,Public Health,Child abuse and neglect,5642,"3Q, VI",U
University of Minnesota,College,Religious Studies,Religions of South Asia,1031,"4Q, VI",L
University of Minnesota,College,Rhetoric,Writing in your profession,3562,4Q,U
University of Minnesota,College,Russian,Beginning Russian,I 1101,"5Q, AC",L
University of Minnesota,College,Russian,Russian literature: Middle Ages-Dostoevsky,3421,4Q,U
University of Minnesota,College,Intro to American social welfare and,community,1001,5Q,L
University of Minnesota,College,Spanish,Beginning Spanish,I 1101,"5Q, AC, VI",L
University of Minnesota,College,Spanish,Beginning Spanish,II 1102,"5Q, AC, VI",L
University of Minnesota,College,Spanish,Beginning Spanish,III 1103,"5Q, AC, VI",L
University of Minnesota,College,Spanish,Culture and civilization of Latin America: roots,1502,"4Q, AC",L
University of Minnesota,College,Spanish,Intermediate Spanish,I 1104,"5Q, AC",L
University of Minnesota,College,Spanish,Intermediate Spanish,II 1105,"5Q, AC",L
University of Minnesota,College,Spanish,Intermediate Spanish,III 1106,"5Q, AC",L
University of Minnesota,College,Statistics,Statistics,1001,4Q,L
University of Minnesota,College,Swedish,Beginning Swedish,I 1101,"5Q, AC",L
University of Minnesota,College,Swedish,Beginning Swedish,II 1102,"5Q, AC",L
University of Minnesota,College,Swedish,Beginning Swedish,III 1103,"5Q, AC",L
University of Minnesota,College,Swedish,Intermediate Swedish,I 1104,"5Q, AC",L
University of Minnesota,College,Swedish,Intermediate Swedish,II 1105,"5Q, AC",L
University of Minnesota,College,Swedish,Intermediate Swedish,III 1106,"5Q, AC",L
University of Minnesota,College,Theater,Playwriting,5115,"4Q, AC",U
University of Minnesota,College,Between Victorianism and emancipation,Northern Minnesota women,1990,3Q,L
University of Minnesota,Noncredit,Communications,Preparatory composition,0011,NC,
University of Minnesota,Noncredit,French,French for graduate students,0001,NC,
University of Minnesota,Noncredit,General College,Elementary algebra,0621,NC,
University of Minnesota,Noncredit,General College,Grammar review,0402,NC,
University of Minnesota,Noncredit,General College,Intermediate algebra,I 0625,NC,
University of Minnesota,Noncredit,General College,Intermediate algebra,II 0631,NC,
University of Minnesota,Noncredit,General College,Mathematics skill review,0611,NC,
University of Mississippi,College,Accounting,Administrative accounting,301,3S,U
University of Mississippi,College,Art,Art appreciation,281,3S,L
University of Mississippi,College,Biology,Inquiry into life-human biology,102,3S,L
University of Mississippi,College,Biology,Inquiry into life-the environment,104,3S,L
University of Mississippi,College,Chemistry,Environmental chemistry,201,3S,L
University of Mississippi,College,Chemistry,Environmental chemistry,202,3S,L
University of Mississippi,College,Computer Science,Computer science survey,103,3S,L
University of Mississippi,College,Economics,Money and banking,303,3S,U
University of Mississippi,College,Economics,Principles of microeconomics,202,3S,L
University of Mississippi,College,Education,Educational psychology,307,3S,U
University of Mississippi,College,Education,Psychology of adolescence,309,3S,U
University of Mississippi,College,Psychology of human growth and,development,333,3S,U
University of Mississippi,College,English,Advanced English grammar,401,3S,U
University of Mississippi,College,English,Advanced composition,321,3S,U
University of Mississippi,College,English,American novel before 1914,573,3S,U
University of Mississippi,College,Background of American literary culture,English composition,102,3S,L
University of Mississippi,College,Background of American literary culture,English composition,101,3S,L
University of Mississippi,College,Background of American literary culture,Faulkner's fiction,466,3S,U
University of Mississippi,College,Background of American literary culture,History of the English language,505,3S,U
University of Mississippi,College,Background of American literary culture,Introduction to literature,200,3S,L
University of Mississippi,College,Background of American literary culture,Shakespeare,302,3S,U
University of Mississippi,College,Survey of American literature since the,Civil War,304,3S,U
University of Mississippi,College,Survey of American literature to the Civil,War,303,3S,U
University of Mississippi,College,"Survey of English literature, Romantic",period-present,309,3S,U
University of Mississippi,College,"Survey of English literature, Romantic","Survey of English literature, begin-18th century",308,3S,U
University of Mississippi,College,Exercise Science,Psychomotor assessment,351,3S,U
University of Mississippi,College,Finance,Principles of real estate,351,3S,U
University of Mississippi,College,Real estate finance and mortgage banking,Risk and insurance,341,3S,U
University of Mississippi,College,French,Elementary French,101,"3S, AC",L
University of Mississippi,College,French,Elementary French,102,"3S, AC",L
University of Mississippi,College,French,Second-year French,201,"3S, AC",L
University of Mississippi,College,French,Second-year French,202,"3S, AC",L
University of Mississippi,College,German,Elementary German,101,"3S, AC",L
University of Mississippi,College,German,Elementary German,102,"3S, AC",L
University of Mississippi,College,German,Second-year German,201,3S,L
University of Mississippi,College,German,Second-year German,202,3S,L
University of Mississippi,College,Health and Safety,First aid,203,3S,L
University of Mississippi,College,Health and Safety,Personal and community health,191,3S,L
University of Mississippi,College,Health and Safety,Safety education,507,3S,U
University of Mississippi,College,History,"Mississippi, 1540 to present",330,3S,U
University of Mississippi,College,History,The United States since 1877,106,3S,L
University of Mississippi,College,History,The United States to 1877,105,3S,L
University of Mississippi,College,Western civilization from the earliest times,Western civilization since 1648,102,3S,L
University of Mississippi,College,Western civilization from the earliest times,Women in the South,336,3S,U
University of Mississippi,College,Home Economics,Child care and development,321,3S,U
University of Mississippi,College,Home Economics,journalism Introduction to advertising,385,3S,U
University of Mississippi,College,Home Economics,School publications,399,3S,U
University of Mississippi,College,Latin,Intermediate Latin,201,3S,L
University of Mississippi,College,Latin,Intermediate Latin,202,3S,L
University of Mississippi,College,Latin,Introduction to Latin,101,3S,L
University of Mississippi,College,Latin,Introduction to Latin,102,3S,L
University of Mississippi,College,Latin,Latin review and reading,203,3S,L
University of Mississippi,College,Leisure Management,Foundations of leisure,194,3S,L
University of Mississippi,College,Leisure Management,Outdoor recreation,332,3S,U
University of Mississippi,College,Library Sciences,"Children's literature, K-8",301,3S,U
University of Mississippi,College,Linguistics,History of the English language,503,3S,U
University of Mississippi,College,Marketing,Buyer-seller communications,354,3S,U
University of Mississippi,College,Marketing,Introduction to advertising,353,3S,U
University of Mississippi,College,Marketing,Introduction to retailing,361,3S,U
University of Mississippi,College,Marketing,Marketing principles,351,3S,U
University of Mississippi,College,"Calculus for business, economics, and",accountancy,267,3S,L
University of Mississippi,College,"Calculus for business, economics, and",College algebra,121,3S,L
University of Mississippi,College,"Calculus for business, economics, and",Elementary statistics,115,3S,L
University of Mississippi,College,Modern Languages,Elementary Portuguese,101,"3S, AC",L
University of Mississippi,College,Modern Languages,Elementary Portuguese,102,"3S, AC",L
University of Mississippi,College,Modern Languages,Second-year Portuguese,201,"3S, AC",L
University of Mississippi,College,Modern Languages,Second-year Portuguese,202,"3S, AC",L
University of Mississippi,College,Philosophy,Business ethics,357,3S,U
University of Mississippi,College,Philosophy,History of philosophy,302,3S,U
University of Mississippi,College,Philosophy,Logic,203,3S,L
University of Mississippi,College,Philosophy,Philosophy of religion,307,3S,U
University of Mississippi,College,Political Science,Contemporary terrorism,332,3S,U
University of Mississippi,College,Political Science,Criminal investigation,371,3S,U
University of Mississippi,College,Diagnosis and remediation of reading,disabilities,317,"3S, AC",U
University of Mississippi,College,Teaching reading in the elementary school,Religion (Religious Studies) New Testament thought,306,3S,U
University of Mississippi,College,Teaching reading in the elementary school,World religions,205,3S,L
University of Mississippi,College,Southern Studies,Women in the South,303,3S,U
University of Mississippi,College,Spanish,Elementary Spanish,101,"3S, AC",L
University of Mississippi,College,Spanish,Elementary Spanish,102,"3S, AC",L
University of Mississippi,College,Spanish,Second-year Spanish,201,"3S, AC",L
University of Mississippi,College,Spanish,Second-year Spanish,202,"3S, AC",L
University of Mississippi,College,Special Education,Survey of exceptional children,201,3S,L
University of Missouri-Columbia,College,Accounting,Accounting,I 36,"3S, VI",L
University of Missouri-Columbia,College,Accounting,Accounting,I 130,"3S, VI",L
University of Missouri-Columbia,College,Accounting,Accounting,II 37,3S,L
University of Missouri-Columbia,College,Introduction to criminology and criminal,justice,010,3S,L
University of Missouri-Columbia,College,Introduction to criminology and criminal,Rights of the offender,345,3S,U
University of Missouri-Columbia,College,Agricultural Engineering,Surface water management,201,3S,U
University of Missouri-Columbia,College,Animal Sciences,Applied nutrition,212,3S,U
University of Missouri-Columbia,College,Animal Sciences,Horse production,325,3S,U
University of Missouri-Columbia,College,Classical Studies,Classical mythology,60,3S,L
University of Missouri-Columbia,College,Communication,Introduction to mass media,50,3S,L
University of Missouri-Columbia,College,Composition and Communication,Exposition and argument,20,3S,L
University of Missouri-Columbia,College,Composition and Communication,Fundamentals of composition,10,3S,L
University of Missouri-Columbia,College,Composition and Communication,Technical writing,161,3S,L
University of Missouri-Columbia,College,Computer Science,Introduction to,BASIC 71,"3S, VI",L
University of Missouri-Columbia,College,Software applications on the personal,computer,72,"3S, VI",L
University of Missouri-Columbia,College,Curriculum and Instruction,Teaching of reading,T315,3S,U
University of Missouri-Columbia,College,Education,Adolescent development,A208,2S,U
University of Missouri-Columbia,College,Education,Career visions: career planning course for adults,A170,3S,L
University of Missouri-Columbia,College,Education,Child development,A207,2S,U
University of Missouri-Columbia,College,Education,Educational measurement,A280,2S,U
University of Missouri-Columbia,College,Education,Educational statistics I,R370,3S,U
University of Missouri-Columbia,College,Education,Foundations: educational/ psychological measurement,A380,3S,U
University of Missouri-Columbia,College,Historical foundations of American,education,B351,3S,U
University of Missouri-Columbia,College,Historical foundations of American,Learning and instruction,A205,2S,U
University of Missouri-Columbia,College,Historical foundations of American,Topics in education administration: mentor teacher,C360,"3S, VI",U
University of Missouri-Columbia,College,Engineering,Management for engineers,314,"3S, VI",U
University of Missouri-Columbia,College,English,Creative writing: poetry,70,3S,L
University of Missouri-Columbia,College,Entomology,Insects in the environment,110,3S,L
University of Missouri-Columbia,College,Finance,Principles of finance,123,3S,L
University of Missouri-Columbia,College,Geography,Geography of Missouri,225,3S,U
University of Missouri-Columbia,College,Geography,Introductory meteorology,50,3S,L
University of Missouri-Columbia,College,Geography,Physical geography,111,3S,L
University of Missouri-Columbia,College,Geology,Earth science,56,"3S, VI",L
University of Missouri-Columbia,College,"Health, Physical Education, and Recreation",Elements of health education,H65,2S,L
University of Missouri-Columbia,College,History,History of science,275,"3S, VI",U
University of Missouri-Columbia,College,History,History of the Old South,359,3S,U
University of Missouri-Columbia,College,History,Modern Western civilization,112,3S,L
University of Missouri-Columbia,College,Horticulture,Basic home horticulture,25,3S,L
University of Missouri-Columbia,College,Horticulture,Plant propagation,233,3S,U
University of Missouri-Columbia,College,Administration of programs for children,and families,358,3S,U
University of Missouri-Columbia,College,Journalism,High school journalism,380,2S,U
University of Missouri-Columbia,College,Journalism,History' of American journalism,309,3S,U
University of Missouri-Columbia,College,Literature,African- American literature,104,3S,L
University of Missouri-Columbia,College,Literature,American literature,175,3S,L
University of Missouri-Columbia,College,Literature,American poetry: a survey,101,"3S, VI",L
University of Missouri-Columbia,College,Experiencing American cultures in,contemporary novel,101,"3S, AC",L
University of Missouri-Columbia,College,Experiencing American cultures in,Gothic fiction,101,3S,L
University of Missouri-Columbia,College,Experiencing American cultures in,Introduction to Shakespeare,135,3S,L
University of Missouri-Columbia,College,Experiencing American cultures in,Introduction to folklore,185,3S,L
University of Missouri-Columbia,College,Experiencing American cultures in,Literary types,12,3S,L
University of Missouri-Columbia,College,Experiencing American cultures in,Literature of the New Testament,124,3S,L
University of Missouri-Columbia,College,Experiencing American cultures in,Literature of the Old Testament,125,3S,L
University of Missouri-Columbia,College,Experiencing American cultures in,Shakespeare,301,"3S, VI",U
University of Missouri-Columbia,College,Management,Fundamentals of management,202,3S,U
University of Missouri-Columbia,College,Management,Human resource management,310,3S,U
University of Missouri-Columbia,College,Management,Introduction to busiiu SS law,254,3S,U
University of Missouri-Columbia,College,Management,Organizational theory,330,3S,U
University of Missouri-Columbia,College,Marketing,Principles of marketing,204,3S,U
University of Missouri-Columbia,College,Mathematics,Analytic geometry and calculus,80,5S,L
University of Missouri-Columbia,College,Mathematics,Calculus,II 175,5S,L
University of Missouri-Columbia,College,Mathematics,Calculus,III 201,5S,U
University of Missouri-Columbia,College,Mathematics,College algebra,10,3S,L
University of Missouri-Columbia,College,Mathematics,Elements of calculus,61,3S,L
University of Missouri-Columbia,College,Music,Music appreciation,120,"3S, AC",L
University of Missouri-Columbia,College,Delivery models in therapeutic recreation,Introduction to leisure studies,10,3S,L
University of Missouri-Columbia,College,Delivery models in therapeutic recreation,Operation of therapeutic recreation: procedures,327,3S,U
University of Missouri-Columbia,College,Delivery models in therapeutic recreation,Problems,300,3S,U
University of Missouri-Columbia,College,Philosophy,Ethics and the professions,135,3S,L
University of Missouri-Columbia,College,Physics,Mechanical universe,275,"3S, VI",U
University of Missouri-Columbia,College,Political Science,American political thought,360,3S,U
University of Missouri-Columbia,College,Political Science,Introduction to political science,11,3S,L
University of Missouri-Columbia,College,Political Science,State government,102,3S,L
University of Missouri-Columbia,College,Political Science,The American Constitution,320,"3S, VI",U
University of Missouri-Columbia,College,Psychology,Abnormal psychology,245,3S,U
University of Missouri-Columbia,College,Psychology,Adolescent psychology,271,3S,U
University of Missouri-Columbia,College,Psychology,Animal behavior,330,3S,U
University of Missouri-Columbia,College,Psychology,Child psychology,170,3S,L
University of Missouri-Columbia,College,Psychology,Environmental psychology,315,3S,U
University of Missouri-Columbia,College,Psychology,Perception,393,3S,U
University of Missouri-Columbia,College,Psychology,Social psychology,190,3S,L
University of Missouri-Columbia,College,Social Work,Social justice and social policy,303,3S,U
University of Missouri-Columbia,College,Social Work,Social welfare and social work,125,3S,L
University of Missouri-Columbia,College,Sociology,Criminology,211,"3S, VI",U
University of Missouri-Columbia,College,Sociology,Urban sociology,216,3S,U
University of Missouri-Columbia,College,Education of students with mental,retardation,L341,3S,U
University of Missouri-Columbia,College,Psychology and education of exceptional,individuals,313,"3S, VI",U
University of Missouri-Columbia,College,Statistics,Elementary statistics,31,3S,L
University of Missouri-Columbia,Graduate,Fundamentals of extension teaching of,adults,406,3S,
University of Missouri-Columbia,Graduate,Organization and administration of adult,education,K420,3S,
University of Missouri-Columbia,Graduate,Business Education,Business software applications,F345,"3S, VI",
University of Missouri-Columbia,Graduate,Classical Languages and Literature,Intensive beginning Latin,207,"3S, AC",
University of Missouri-Columbia,Graduate,Issues and trends in reading instruction,Photography for teachers,T373,"3S, VI",
University of Missouri-Columbia,Graduate,Issues and trends in reading instruction,Secondary school curriculum,T445,3S,
University of Missouri-Columbia,Graduate,Economics,Introduction to economics,II 202,3S,
University of Missouri-Columbia,Graduate,Economics,Money and banking,229,3S,
University of Missouri-Columbia,Graduate,General / Interdisciplinary,"489X (3S, VI) Adolescent development",A208,2S,
University of Missouri-Columbia,Graduate,Coping with student problems in the,Foundations: educational/psychological measurement,A380,3S,
University of Missouri-Columbia,Graduate,Historical foundations of American,"Introduction to educating the gifted 489V (3S, VI) Learning and instruction",A205,2S,
University of Missouri-Columbia,Graduate,Health Systems Management,History of Missouri,210,3S,
University of Missouri-Columbia,Graduate,Health Systems Management,"Revolutionary America, 1754-1789",342,3S,
University of Missouri-Columbia,Graduate,Journalism,History of American journalism,309,3S,
University of Missouri-Columbia,Graduate,Literature,British literature: beginning to 1784,215,3S,
University of Missouri-Columbia,Graduate,Management,Unix>ersity of Missouri-Columbia Introduction to business law,254,3S,
University of Missouri-Columbia,Graduate,Political Science,Congress and legislative policy,316,"3S, VI",
University of Missouri-Columbia,Graduate,Political Science,"The war in Vietnam and the U.S. 380F (3S, VI) U.S. defense policy making",335,3S,
University of Missouri-Columbia,Graduate,Psychology,Cognitive psychology,494,3S,
University of Missouri-Columbia,Graduate,Psychology,Industrial psychology,212,3S,
University of Missouri-Columbia,Graduate,Sociology,Aging in contemporary society 41 OR (3S) Criminology,211,"3S, VI",
University of Missouri-Columbia,Graduate,Sociology,Social psychology,260,3S,
University of Missouri-Columbia,Graduate,Education of students with mental,Introduction to mental retardation,330,3S,
University of Missouri-Columbia,Graduate,Education of students with mental,Introduction to special education,L311,3S,
University of Missouri-Columbia,Graduate,Psychology and education of exceptional,Women's Studies Women in pop culture,201,3S,
University of Nebraska-Lincoln,College,Accounting,Introductory accounting I,C201,3S,L
University of Nebraska-Lincoln,College,Accounting,Introductory accounting II,C202,3S,L
University of Nebraska-Lincoln,College,Anthropology,Archaeology,C202,"3S, SL",L
University of Nebraska-Lincoln,College,Anthropology,The human experience,CI 01,3S,L
University of Nebraska-Lincoln,College,Curriculum development in environmental,education,C449,VC,U
University of Nebraska-Lincoln,College,Curriculum development in environmental,Five teaching skills,C4812,IS,U
University of Nebraska-Lincoln,College,Scientific teaching and development of,reasoning,C4811,"3S, LK, VI, AC",U
University of Nebraska-Lincoln,College,Special topics in C and I-volcanic,landscapes south,C487,"IS, VI",U
University of Nebraska-Lincoln,College,Economics,Principles of macroeconomics,CI 01,3S,L
University of Nebraska-Lincoln,College,Economics,Principles of microeconomes,C102,3S,L
University of Nebraska-Lincoln,College,Economics,Principles of statistics I,C261,3S,L
University of Nebraska-Lincoln,College,Economics,Principles of statistics II,C262,3S,L
University of Nebraska-Lincoln,College,English,Descriptive grammar,C410,"3S, AC",U
University of Nebraska-Lincoln,College,English,Introduction to drama,C253,VC,L
University of Nebraska-Lincoln,College,English,Introduction to fiction,C244,3S,L
University of Nebraska-Lincoln,College,English,Introduction to language,C281,"3S, AC",L
University of Nebraska-Lincoln,College,English,Introduction to literature,C131,3S,L
University of Nebraska-Lincoln,College,English,Introduction to poetry,C261,3S,L
University of Nebraska-Lincoln,College,English,Language testing,C422,3S,U
University of New Mexico,College,Astronomy,Introduction to astronomy,101,3S,L
University of New Mexico,College,Economics,Money and banking,315,3S,U
University of New Mexico,College,Economics,Principles and problems,200,3S,L
University of New Mexico,College,Economics,Principles of economics,201,3S,L
University of New Mexico,College,Elementary Education,Children's literature,443,3S,U
University of New Mexico,College,English,American literature,296,3S,L
University of New Mexico,College,English,Composition I: exposition,101,3S,L
University of New Mexico,College,English,History of the English language,445,3S,U
University of New Mexico,College,English,Survey of early English literature,294,3S,L
University of New Mexico,College,English,Survey of later English literature,295,3S,L
University of New Mexico,College,Geology,Historical geology,102,3S,L
University of New Mexico,College,Geology,Physical geology,101,3S,L
University of New Mexico,College,History,History of New Mexico,360,3S,U
University of New Mexico,College,"History of the Southwest, Spanish period",History of the U.S. since 1877,162,3S,L
University of New Mexico,College,"History of the Southwest, Spanish period",History of the U.S. to 1877,161,3S,L
University of New Mexico,College,"History of the Southwest, Spanish period",Military history of the U.S,375,3S,U
University of New Mexico,College,"History of the Southwest, Spanish period",Western civilization,101,3S,L
University of New Mexico,College,"History of the Southwest, Spanish period",Western civilization,102,3S,L
University of New Mexico,College,Library Sciences,Fundamentals of library science,424,3S,U
University of New Mexico,College,Mathematics,Advanced college algebra,150,3S,L
University of New Mexico,College,Mathematics,Calculus,I 162,4S,L
University of New Mexico,College,Mathematics,Calculus,II 163,4S,L
University of New Mexico,College,Mathematics,Calculus,III 264,4S,L
University of New Mexico,College,Mathematics,College algebra,121,3S,L
University of New Mexico,College,Mathematics,Intermediate algebra,120,3S,L
University of New Mexico,College,Nursing,Care of the aging client,342,3S,L
University of New Mexico,College,Nursing,Nursing pathophysiology,I 239,2S,L
University of New Mexico,College,Nursing,Nursing pathophysiology,II 240,2S,L
University of New Mexico,College,Political Science,American politics,200,3S,L
University of New Mexico,College,Political Science,Constitutional law powers,315,3S,U
University of New Mexico,College,Political Science,Constitutional law rights,316,3S,U
University of New Mexico,College,Political Science,Law in the political community,215,3S,L
University of New Mexico,College,Political Science,The political world,110,3S,L
University of New Mexico,College,Psychology,Abnormal psychology,332,3S,U
University of New Mexico,College,Psychology,Social psychology,271,3S,L
University of New Mexico,College,Sociology,Introduction to sociology,101,3S,L
University of New Mexico,College,Sociology,Social problems: selected topics,211,3S,L
University of North Carolina,College,Accounting,Accounting I: concepts of financial reporting,S210,3S,L
University of North Carolina,College,Accounting,Accounting II: intro to managerial accounting,S220,3S,L
University of North Carolina,College,Accounting,Principles of accounting I,G201,3S,L
University of North Carolina,College,Accounting,Principles of accounting II,G202,3S,L
University of North Carolina,College,Animal Sciences,Poultry production,S200,3S,L
University of North Carolina,College,Anthropology,Cultural anthropology,S252,3S,L
University of North Carolina,College,Anthropology,General anthropology,C41,3S,L
University of North Carolina,College,Art History,History of American art,S203,3S,L
University of North Carolina,College,Business,Basic accounting principles,C71,3S,L
University of North Carolina,College,Business,Management accounting,CI 70,3S,L
University of North Carolina,College,Medical word formation and etymology,Word formation and etymology,C26,3S,L
University of North Carolina,College,Computer Science,Computer laboratory,S295,"IS, CI",L
University of North Carolina,College,Computer Science,Computer literacy,SI 00,"2S, VI",L
University of North Carolina,College,Earth Science,General physical geology,SI 01,3S,L
University of North Carolina,College,Economics,Economics I,S201,3S,L
University of North Carolina,College,Electrical Engineering,Electrical circuits I,S211,3S,L
University of North Carolina,College,English,Advanced creative writing,C35,3S,L
University of North Carolina,College,English,Advanced poetry writing,C35P,3S,L
University of North Carolina,College,English,American literature to 1865,C80,3S,L
University of North Carolina,College,English,Business writing,C32,3S,L
University of North Carolina,College,English,Creative writing,C34,3S,L
University of North Carolina,College,English literature from Chaucer through,Pope,C20,3S,L
University of North Carolina,College,English literature from Chaucer through,Foundation composition,T300,3S,L
University of North Carolina,College,English literature from Chaucer through,Introduction to fiction,C23W,3S,L
University of North Carolina,College,English literature from Chaucer through,Shakespeare,C58,3S,L
University of North Carolina,College,Environmental Science,General environmental science,Z101,3S,L
University of North Carolina,College,Geography,Cultural geography,G105,3S,L
University of North Carolina,College,Geography,North America's landscapes,C57,3S,L
University of North Carolina,College,Geography,Physical geography,C10,3S,L
University of North Carolina,College,History,American history since 1865,C22,3S,L
University of North Carolina,College,History,American history to 1865,C21,3S,L
University of North Carolina,College,History,"American military history, 1866 to present",C69,3S,L
University of North Carolina,College,History,English history since 1688,C28,3S,L
University of North Carolina,College,History,English history to 1688,C27,3S,L
University of North Carolina,College,History,History ol Russia 1861 -present,C31,3S,L
University of North Carolina,College,History,North Carolina 1835-present,C67,3S,L
University of North Carolina,College,History,The world since 1945,C18,3S,L
University of North Carolina,College,Interdisciplinary Studies,American studies: South in history and literature,W4326,3S,U
University of North Carolina,College,Library Sciences,Research skills,E1000,IS,L
University of North Carolina,College,Calculus for business and social sciences,Elements of calculus,SI 21,4S,L
University of North Carolina,College,Calculus for business and social sciences,Mathematics of finance,SI 05,3S,L
University of North Carolina,College,Calculus for business and social sciences,Pre-calculus,Z118,3S,L
University of North Carolina,College,Music,Fundamentals of music I,C21,"3S, AC",L
University of North Carolina,College,Music,Masterworks of music,C42,"3S, AC",L
University of North Carolina,College,Nutrition,Introduction to human nutrition,C40,3S,L
University of North Carolina,College,Philosophy,Bioethics,C34,3S,L
University of North Carolina,College,Philosophy,Introduction to ethics,C22,3S,L
University of North Carolina,College,Philosophy,Introductory symbolic logic,C21,3S,L
University of North Carolina,College,Philosophy,Main problems in philosophy,C20,3S,L
University of North Carolina,College,Conceptual and observational astronomy,General physics,S204,3S,L
University of North Carolina,College,Conceptual and observational astronomy,General physics,S207,3S,L
University of North Carolina,College,Political Science,American national government,Z301,3S,U
University of North Carolina,College,Intro to political thought-Ancient and,Medieval,C63,3S,L
University of North Carolina,College,Intro to political thought-Ancient and,State and local government,C42,3S,L
University of North Carolina,College,Intro to political thought-Ancient and,State and local government,S202,3S,L
University of North Carolina,College,Intro to political thought-Ancient and,U.S. foreign policy,T334,3S,U
University of North Carolina,College,Intro to political thought-Ancient and,Urban politics,W3371,3S,U
University of North Carolina,College,Psychology,General psychology,C10,"3S, VI",L
University of North Carolina,College,Psychology,Introduction to psychology,S200,"3S, VI",L
University of North Carolina,College,Sociology,American society,C10,3S,L
University of North Carolina,College,Sociology,Black-white relations in the U.S,C22,3S,L
University of North Carolina,College,Sociology,Corrections and penology,G413,3S,U
University of North Carolina,College,Sociology,Crime and delinquency,C23,3S,L
University of North Carolina,College,Sociology,Criminology,S306,3S,U
University of North Carolina,College,Sociology,Family and society,C30,3S,L
University of North Carolina,College,Sociology,Introduction to sociology,G211,3S,L
University of North Carolina,College,Sociology,Juvenile delinquency,S425,3S,U
University of North Carolina,College,Sociology,Marriage and family,G355,3S,U
University of North Carolina,College,Sociology,Population problems,C21,3S,L
University of North Carolina,College,Sociology,Population problems,G339,3S,U
University of North Carolina,College,Sociology,Race and ethnic relations,G327,3S,U
University of North Carolina,College,Speech,Social dialects,CI 14,3S,U
University of North Carolina,College,Statistics,Basic statistics,Z251,3S,L
University of North Carolina,College,Accounting,Elements of accounting,200,3S,L
University of North Carolina,College,Accounting,Elements of accounting,201,3S,L
University of North Carolina,College,Intro to archaeology and physical,anthropology,170,3S,L
University of North Carolina,College,Business and Vocational Education,Coordinating techniques,421,2S,U
University of North Carolina,College,Chemical Engineering,Stoichiometry,201,3S,L
University of North Carolina,College,Classical Languages and Literature,Beginning French,101,"4S, AC",L
University of North Carolina,College,Classical Languages and Literature,Beginning French,102,"4S, AC",L
University of North Carolina,College,Classical Languages and Literature,Beginning German,101,"4S, AC",L
University of North Carolina,College,Classical Languages and Literature,Beginning German,102,"4S, AC",L
University of North Carolina,College,Classical Languages and Literature,Beginning Norwegian,101,"4S, AC",L
University of North Carolina,College,Classical Languages and Literature,Beginning Norwegian,102,4S,L
University of North Carolina,College,Classical Languages and Literature,Beginning Spanish,101,"4S, AC",L
University of North Carolina,College,Classical Languages and Literature,Beginning Spanish,102,"4S, AC",L
University of North Carolina,College,Classical Languages and Literature,Second-year Spanish,201,"4S, AC",L
University of North Carolina,College,Classical Languages and Literature,Second-year Spanish,202,"4S, AC",L
University of North Carolina,College,Computer Science,Introduction to computers,101,2S,L
University of North Carolina,College,Economics,Introduction to economics,105,3S,L
University of North Carolina,College,Economics,Principles of economics,I 201,3S,L
University of North Carolina,College,Economics,Principles of economics,II 202,3S,L
University of North Carolina,College,Engineering,Descriptive geometry,102,2S,L
University of North Carolina,College,Engineering,Engineering graphics,101,2S,L
University of North Carolina,College,English,Composition,I 101,3S,L
University of North Carolina,College,English,Composition,II 102,3S,L
University of North Carolina,College,English,Introduction to fiction,211,2S,L
University of North Carolina,College,English,Survey of American literature,303,3S,U
University of North Carolina,College,English,Survey of American literature,304,3S,U
University of North Carolina,College,English,Technical and business writing,209,2S,L
University of North Carolina,College,Fine Arts,Introduction to fine arts,150,3S,L
University of North Carolina,College,Geography,Cultural geography,151,3S,L
University of North Carolina,College,Geography,Geography for teachers,319,2S,U
University of North Carolina,College,Geography,Geography of Canada,362,3S,U
University of North Carolina,College,Geography,Geography of North Dakota,369,3S,U
University of North Carolina,College,Geography,World regional geography,161,3S,L
University of North Carolina,College,History,United States since 1877,104,3S,L
University of North Carolina,College,History,United States to 1877,103,3S,L
University of North Carolina,College,History,Western civilization since 1500,102,3S,L
University of North Carolina,College,History,Western civilization to 1500,101,3S,L
University of North Carolina,College,Home Economics,Fundamentals of nutrition,240,3S,L
University of North Carolina,College,Humanities,Humanities,II 102,4S,L
University of North Carolina,College,Humanities,Introduction to humanities,101,4S,L
University of North Carolina,College,Industrial Technology,Industrial safety,440,2S,U
University of North Carolina,College,Languages,Second-year French,201,4S,L
University of North Carolina,College,Languages,Second-year French,202,4S,L
University of Northern Colorado,Noncredit,Basic nutrition principles for dietary,supervisors,294,NC,
University of Northern Colorado,Noncredit,Clinical application of nutrition for dietary,supervisors,295,NC,
University of Northern Colorado,Noncredit,Clinical application of nutrition for dietary,Menu planning for health care facilities 293 (NO Nutrition and aging,296,NC,
University of Northern Colorado,Noncredit,Mathematics,Math 100: refresher course in mathematics,265,NC,
University of North Dakota,College,Biology,Exploring biology,100,3S,L
University of North Dakota,College,Community Health/Nutrition,Human nutrition,250,3S,L
University of North Dakota,College,Community Health/Nutrition,Medical terminology,210,"2S, AC",L
University of North Dakota,College,Economics,Comparative economics systems,250,3S,L
University of North Dakota,College,Economics,Industrial organization,277,3S,L
University of North Dakota,College,Economics,Intermediate microeconomics,300,3S,U
University of North Dakota,College,Economics,International finance,346,3S,U
University of North Dakota,College,Economics,International trade,345,3S,U
University of North Dakota,College,Economics,Labor-management relations,305,3S,U
University of North Dakota,College,Economics,Money and banking,202,3S,L
University of North Dakota,College,Economics,Public finance,341,3S,U
University of North Dakota,College,Economics,Urban planning economics,245,3S,L
University of North Dakota,College,Economics,Women and the economy,304,3S,U
University of Northern Colorado,Graduate,Achieving effective instruction in,developmental reading,510,"3S, AC, VI",
University of Northern Colorado,Graduate,Interdisciplinary-Education,Neurology and learning,513,"3S, AC",
University of Northern Colorado,Graduate,Physical Education,Sport law,508,"3S, VI",
University of Northern Colorado,College,Accounting,Principles of accounting,I 12030,3S,L
University of Northern Colorado,College,Accounting,Principles of accounting,II 12031,3S,L
University of Northern Colorado,College,Anthropology,Human origins 9,9010,"3S, VI",L
University of Northern Colorado,College,Economics,Introduction to economics 9,2024,3S,L
University of Northern Colorado,College,Applications in elementary social studies,teaching 2,1143,3S,U
University of Northern Colorado,College,Applications in elementary social studies,Child psychology 2,0100,2S,U
University of Northern Colorado,College,Applications in elementary social studies,History of education 2,6134,3S,U
University of Northern Colorado,College,Applications in elementary social studies,Psychology of adolescence 2,0116,2S,U
University of Northern Colorado,College,English Language and Literature,20th-century British novel 6,2120,3S,U
University of Northern Colorado,College,English Language and Literature,British novel to 1900 6,2156,3S,U
University of Northern Colorado,College,English Language and Literature,College reading and writing 6,2005,3S,L
University of Northern Colorado,College,English Language and Literature,Introduction to literature 6,2031,3S,L
University of Northern Colorado,College,English Language and Literature,Literature for young adults 6,2165,3S,U
University of Northern Colorado,College,Geography,Political geography 9,7170,3S,U
University of Northern Colorado,College,Geography,World geography 9,7025,3S,L
University of Northern Colorado,College,Health,Community and public health 4,1160,3S,U
University of Northern Colorado,College,Health,Consumer health 4,1164,2S,U
University of Northern Colorado,College,Health,Medical terminology 4,1060,IS,L
University of Northern Colorado,College,Health,Personal health 4,1015,2S,L
University of Northern Colorado,College,History,Humanities,I 68021,4S,L
University of Oklahoma,Graduate,Applications in elementary social studies,teaching 2,1143,3S,
University of Oklahoma,Graduate,Applications in elementary social studies,Child psychology 2,0100,2S,
University of Oklahoma,Graduate,Applications in elementary social studies,Development of young children 2,0109,3S,
University of Oklahoma,Graduate,Applications in elementary social studies,Group evaluation techniques 2,5181,3S,
University of Oklahoma,Graduate,Applications in elementary social studies,History of education 2,6134,3S,
University of Oklahoma,Graduate,Applications in elementary social studies,Psychology of adolescence 2,0116,2S,
University of Oklahoma,Graduate,English Language and Literature,20th-century British novel 6,2120,3S,
University of Oklahoma,Graduate,English Language and Literature,British novel to 1900 6,2156,3S,
University of Oklahoma,Graduate,English Language and Literature,Literature for young adults 6,2165,3S,
University of Oklahoma,Graduate,Geography,Political geography 9,7170,3S,
University of Oklahoma,Graduate,History,Recent U.S. history 9,6116,3S,
University of Oklahoma,Graduate,Leisure Studies,Camp staff development 4,3140,2S,
University of Oklahoma,Graduate,Mathematics,Metric system and measurement 8,0136,2S,
University of Oklahoma,Graduate,Mathematics,Statistical methods 8,0172,3S,
University of Oklahoma,Graduate,Psychology,Psychology of aging 4,0173,3S,
University of Oklahoma,Graduate,Psychology,Religion (Religious Studies) Individual readings in religion 6,4189,VC,
University of Oklahoma,Graduate,Psychology,Religions of the world 6,4124,3S,
University of Oklahoma,Graduate,Social Work,Alcoholism 4,5171,3S,
University of Oklahoma,Graduate,Sociology,Corrections and punishment 9,8126,3S,
University of Oklahoma,Graduate,Sociology,Minority group relations 9,8130,3S,
University of Oklahoma,Graduate,Sociology,Social deviance and control 9,8123,3S,
University of Oklahoma,Graduate,Sociology,Youth gangs 9,8122,3S,
University of Oklahoma,College,Accounting,Cost accounting,3313,3S,U
University of Oklahoma,College,Accounting,Intermediate accounting,I 3113,3S,U
University of Oklahoma,College,Accounting,Intermediate accounting,II 3123,3S,U
University of Oklahoma,College,Anthropology,Archaeology of North America,4813,3S,U
University of Oklahoma,College,Anthropology,General anthropology,1113,3S,L
University of Oklahoma,College,Anthropology,Introduction to archaeology,2113,3S,L
University of Oklahoma,College,Anthropology,Maya/ Aztec /Inca: civilization of ancient America,3893,3S,U
University of Oklahoma,College,Anthropology,Mythology and folklore,3043,3S,U
University of Oklahoma,College,Art,Public school art,3142,2S,U
University of Oklahoma,College,Astronomy,General astronomy,1504,4S,L
University of Oklahoma,College,Business Administration,Real estate principles,3503,3S,U
University of Oklahoma,College,Business Law,Legal environment of business,3323,3S,U
University of Oklahoma,College,Chemistry,Organic chemistry,II 3153,"3S, LK",U
University of Oklahoma,College,Chinese,Beginning Chinese,I 1115,"5S, AC",L
University of Oklahoma,College,Chinese,Beginning Chinese,II 1225,"5S, AC",L
University of Oklahoma,College,Civil Engineering,Hydrology,5843,3S,U
University of Oklahoma,College,Classical Culture,Classical mythology,2383,3S,L
University of Oklahoma,College,Classical Culture,Latin derivatives,1412,2S,L
University of Oklahoma,College,Classical Culture,Medical vocabulary,2412,2S,L
University of Oklahoma,College,Classical Culture,Western civilization since 1660,1623,3S,L
University of Oklahoma,College,Drama,History of the theater,I 3713,3S,U
University of Oklahoma,College,Drama,History of the theater,II 3723,3S,U
University of Oklahoma,College,International trade theory and problems,Principles of economics-macro,2113,3S,L
University of Oklahoma,College,International trade theory and problems,Principles of economics-micro,2123,3S,L
University of Oklahoma,College,Engineering,Electrical science,2613,3S,L
University of Oklahoma,College,Engineering,Fluid mechanics,3223,3S,U
University of Oklahoma,College,Engineering,Thermodynamics,2213,3S,L
University of Oklahoma,College,English,History of the English language,4133,3S,U
University of Oklahoma,College,English,World literature to 1700,2433,3S,L
University of Oklahoma,College,English,"World literature, 1700 to present",2443,3S,L
University of Oklahoma,College,Finance,Business finance,3303,"3S, VI",U
University of Oklahoma,College,French,Advanced French composition,3423,3S,U
University of Oklahoma,College,French,Beginning French,I 1115,"5S, AC",L
University of Oklahoma,College,French,Beginning French,II 1225,"5S, AC",L
University of Oklahoma,College,French,French civilization,I 4313,3S,U
University of Oklahoma,College,French,French civilization,II 4323,3S,U
University of Oklahoma,College,French,Intermediate French,II 2223,"3S, AC",L
University of Oklahoma,College,French,Survey of French literature 1800 to present,4163,3S,U
University of Oklahoma,College,Geography,Political geography,3513,"3S, VI",U
University of Oklahoma,College,German,Beginning German,I 1115,"5S, AC",L
University of Oklahoma,College,German,Beginning German,II 1225,"5S, AC",L
University of Oklahoma,College,German,Beginning German for reading,I 1013,3S,L
University of Oklahoma,College,German,Intermediate German,II 2223,3S,L
University of Oklahoma,College,German,Scientific German,I 3013,3S,U
University of Oklahoma,College,German,Scientific German,II 3123,3S,U
University of Oklahoma,College,Greek,Beginning Greek,I 1115,"5S, AC",L
University of Oklahoma,College,Greek,Beginning Greek,II 1215,"5S, AC",L
University of Oklahoma,College,Greek,New Testament Greek,2123,3S,L
University of Oklahoma,College,"Assessment in health, physical education",and recreation,4923,3S,U
University of Oklahoma,College,"Assessment in health, physical education",Drug education,4933,3S,U
University of Oklahoma,College,"Assessment in health, physical education",Elementary nutrition,2823,3S,L
University of Oklahoma,College,"Management in health, physical education",and recreation,4283,3S,U
University of Oklahoma,College,"Management in health, physical education",Personal health,2913,3S,L
University of Oklahoma,College,Physical activities for special populations,Psychology of sport,4633,3S,U
University of Oklahoma,College,Recreation resources-leisure environment,Theory of baseball,3052,2S,U
University of Oklahoma,College,Recreation resources-leisure environment,Theory of basketball,3072,2S,U
University of Oklahoma,College,Theory of coaching and athletic,Theory of track and field,3082,2S,U
University of Oklahoma,College,Theory of coaching and athletic,Theory of wrestling,3092,2S,U
University of Oklahoma,College,Hebrew,Beginning Hebrew,I 1114,4S,L
University of Oklahoma,College,Hebrew,Beginning Hebrew,II 1214,4S,L
University of Oklahoma,College,Hebrew,Intermediate Hebrew,2113,3S,L
University of Oklahoma,College,Colonial Hispanic-American history,England since 1688,2323,3S,L
University of Oklahoma,College,Colonial Hispanic-American history,England to 1688,2313,3S,L
University of Oklahoma,College,Colonial Hispanic-American history,Europe since 1815,1233,3S,L
University of Oklahoma,College,Colonial Hispanic-American history,Europe: 1500 to 1815,1223,3S,L
University of Oklahoma,College,History of Hispanic-American nations,1810-present,2623,3S,L
University of Oklahoma,College,History of Hispanic-American nations,History of Islam,2683,"3S, VI",L
University of Oklahoma,College,History of Hispanic-American nations,History of Oklahoma,3393,3S,U
University of Oklahoma,College,History of Hispanic-American nations,History of modern East Asia since 1800,1733,3S,L
University of Oklahoma,College,History of Hispanic-American nations,Modern Japan since 1800,3863,"3S, VI",U
University of Oklahoma,College,History of Hispanic-American nations,United States diplomatic history to 1900,3563,3S,U
University of Oklahoma,College,History of Hispanic-American nations,United States diplomatic history: the 20th century,3573,3S,U
University of Oklahoma,College,History of Hispanic-American nations,"United States, 1492 to 1865",1483,3S,L
University of Oklahoma,College,History of Hispanic-American nations,World civilization since 1600,1923,3S,L
University of Oklahoma,College,History of Hispanic-American nations,World civilization to 1600,1913,3S,L
University of Oklahoma,College,Japanese,Beginning Japanese,I 1115,"5S, AC",L
University of Oklahoma,College,Japanese,Beginning Japanese,II 1225,"5S, AC",L
University of Oklahoma,College,Journalism,Principles of public relations,2413,3S,L
University of Oklahoma,College,Journalism,Professional writing: approaches to fiction,3514,4S,U
University of Oklahoma,College,Supervision of secondary school,publications,4703,3S,U
University of Oklahoma,College,Latin,Advanced poetry- Virgil,3213,3S,U
University of Oklahoma,College,Latin,Beginning Latin,I 1115,5S,L
University of Oklahoma,College,Latin,Beginning Latin,II 1215,5S,L
University of Oklahoma,College,Library and Information Sciences,Children's literature,4303,"3S, LK",U
University of Oklahoma,College,Management,Personnel management,3513,"3S, VI",U
University of Oklahoma,College,Marketing,Principles of marketing,3013,3S,U
University of Oklahoma,College,Mathematics,Analytic geometry,1812,2S,L
University of Oklahoma,College,"Calculus I for business, life and social",sciences,1743,3S,L
University of Oklahoma,College,"Calculus II for business, life and social",sciences,2123,3S,L
University of South Carolina,College,Astronomy,Descriptive astronomy 2 C,112,3S,L
University of South Carolina,College,Astronomy,Descriptive astronomy 2A,C112A,IS,L
University of South Carolina,College,Business Administration,Auditing 1 C,438,4S,U
University of South Carolina,College,Business Administration,Buyer behavior C,351,3S,U
University of South Carolina,College,Business Administration,Careers in business C,300,IS,U
University of South Carolina,College,Commercial banking practices and policy,Commercial law I C,437,3S,U
University of South Carolina,College,Commercial banking practices and policy,Commercial law II C,439,3S,U
University of South Carolina,College,Commercial banking practices and policy,Cost /managerial accounting 1 C,432,3S,U
University of South Carolina,College,Commercial banking practices and policy,Financial accounting 1 C,431,4S,U
University of South Carolina,College,Commercial banking practices and policy,Financial accounting 2 C,433,4S,U
University of South Carolina,College,Commercial banking practices and policy,Financial institutions C,364,3S,U
University of South Carolina,College,Commercial banking practices and policy,Fundamentals of accounting C,225,3S,L
University of South Carolina,College,Commercial banking practices and policy,Fundamentals of accounting C,226,3S,L
University of South Carolina,College,Introduction to real estate and urban,development C,366,3S,U
University of South Carolina,College,Introduction to real estate and urban,Marketing C,350,3S,U
University of South Carolina,College,Marketing communications and strategies,Personal finance C,369,3S,U
University of South Carolina,College,Personal selling management and sales,Personnel management C,374,3S,U
University of South Carolina,College,Personal selling management and sales,Principles of economics C,221,3S,L
University of South Carolina,College,Personal selling management and sales,Principles of economics C,222,3S,L
University of South Carolina,College,Personal selling management and sales,Principles of management C,371,3S,U
University of South Carolina,College,Personal selling management and sales,Survey of commercial law C,324,3S,U
University of South Carolina,College,Personal selling management and sales,Survey of federal taxation C,335,3S,U
University of South Carolina,College,English,Adolescent literature C,432,3S,L
University of South Carolina,College,English,American literature C,287,3S,L
University of South Carolina,College,English,Business writing C,463,3S,U
University of South Carolina,College,English,Chaucer C,401,3S,U
University of South Carolina,College,English,Children's literature C,431,3S,U
University of South Carolina,College,English,Composition C,101,3S,L
University of South Carolina,College,English,Composition and literature C,102,3S,L
University of South Carolina,College,English,English grammar C,450,3S,U
University of South Carolina,College,English,English literature I C,288,3S,L
University of South Carolina,College,English,English literature II C,289,3S,L
University of South Carolina,College,English,Fiction C,282,3S,L
University of South Carolina,College,English,Poetry C,286,3S,L
University of South Carolina,College,English,Shakespeare's tragedies C,405,3S,U
University of South Carolina,College,English,Technical writing C,462,3S,U
University of South Carolina,College,English,The teaching of writing C,461,3S,U
University of South Carolina,College,English,Topics in American literature: Flannery O'Connor,C429A,3S,U
University of South Carolina,College,English,Vocabulary and language C,292,3S,U
University of South Carolina,College,Foreign languages,Introduction to French C,109,"3S, AC",L
University of South Carolina,College,Foreign languages,Introduction to French C,110,"3S, AC",L
University of South Carolina,College,Foreign languages,Introduction to Latin C,109,"3S, AC",L
University of South Carolina,College,Foreign languages,Introduction to Latin C,110,"3S, AC",L
University of South Carolina,College,Geography,Geography of North America C,424,3S,U
University of South Carolina,College,Government and International Studies,American national government C,201,3S,L
University of South Carolina,College,Economic aspects of international politics,The U.S. and world problems: a perspective C,101,3S,L
University of South Carolina,College,Economic aspects of international politics,The U.S. and world problems: a perspective C,102,3S,L
University of South Carolina,College,History,Civil War and Reconstruction C,404,3S,U
University of South Carolina,College,Contemporary Europe from World War,I-World War II C,317,3S,U
University of South Carolina,College,Europe from World War II to the present,U.S. history since 1945 C,407,3S,U
University of South Carolina,College,Marine Science,Oceans and man C,210,3S,L
University of South Carolina,College,Calculus for business and social science,Elementary statistics C,201,3S,L
University of South Carolina,College,Calculus for business and social science,Finite mathematics C,170,3S,L
University of South Carolina,College,Calculus for business and social science,Trigonometry C,112,3S,L
University of South Carolina,College,Music,Introduction to music C,110,3S,L
University of South Carolina,College,Philosophy,Introduction to logic I C,110,"3S, CI",L
University of South Carolina,College,Philosophy,Introduction to philosophy C,102,3S,L
University of South Carolina,College,Measurement and evaluation of physical,education C,545,3S,U
University of South Carolina,College,Organization /administration of physical,education C,553,3S,U
University of South Carolina,College,Physics,General physics 1 C,201,3S,L
University of South Carolina,College,Physics,General physics 2 C,202,3S,L
University of South Carolina,College,Psychology,Health psychology C,465,3S,U
University of South Carolina,College,Psychology,Human sexual behavior C,300,3S,U
University of South Carolina,College,Psychology,Introduction to psychology C,101,3S,L
University of South Carolina,College,Psychology,Psychology of adjustment C,103,3S,L
University of South Carolina,College,Psychology,Psychology of adolescence C,521,3S,U
University of South Carolina,College,Specific learning disabilities of school,children C,529,3S,U
University of South Carolina,College,Specific learning disabilities of school,Survey of personality C,440,3S,U
University of South Carolina,College,Retailing,Merchandising C,367,3S,U
University of South Carolina,College,Social Work,Foundations of social welfare C,302,3S,U
University of South Carolina,College,Social Work,Independent study C,399,3S,U
University of South Carolina,College,Social Work,Interviewing C,421,3S,U
University of South Carolina,College,Social welfare services for children and,youth C,303,3S,U
University of South Carolina,College,Social welfare services for women and,minorities C,305,3S,U
University of South Carolina,College,Sociology,Sociology of crime C,353,3S,U
University of South Carolina,College,Sociology of delinquent youth behavior,Sociology of deviant behavior C,323,3S,U
University of South Carolina,College,Sociology of delinquent youth behavior,Sociology of leisure,C365,3S,U
University of South Carolina,College,Sociology of delinquent youth behavior,Sociology of sex roles C,301,3S,U
University of South Carolina,College,Sociology of delinquent youth behavior,Sociology of sport C,370,3S,U
University of South Carolina,College,Astronomy,Descriptive astronomy 2,CI 12,3S,L
University of South Carolina,College,Business Administration,Auditing I,C438,4S,U
University of South Carolina,College,Business Administration,Buyer behavior,C351,3S,U
University of South Carolina,College,Business Administration,Career in business,C300,IS,U
University of South Carolina,College,Business Administration,Commercial law II,C439,3S,U
University of South Carolina,College,Business Administration,Cost/managerial accounting I,C432,3S,U
University of South Carolina,College,Business Administration,Financial accounting I,C431,4S,U
University of South Carolina,College,Business Administration,Financial accounting II,C433,4S,U
University of South Carolina,College,Business Administration,Fundamentals of accounting I,C225,3S,L
University of South Carolina,College,Business Administration,Fundamentals of accounting II,C226,3S,L
University of South Carolina,College,Introduction to real estate and urban,development,C366,3S,U
University of South Carolina,College,Introduction to real estate and urban,Marketing,C350,3S,U
University of South Carolina,College,Marketing communications and strategy,Personal finance,C369,3S,U
University of South Carolina,College,Personal selling management and sales,Personnel management,C374,3S,U
University of South Carolina,College,Personal selling management and sales,Principles of management,C371,3S,U
University of South Carolina,College,Personal selling management and sales,Retailing management,C552,3S,U
University of South Carolina,College,Economics,Principles of economics II,C222,3S,L
University of South Carolina,College,Organization and curriculum of the middle,school,C451,3S,U
University of South Carolina,College,English,Adolescent literature,C432,3S,U
University of South Carolina,College,English,American literature,C287,3S,L
University of South Carolina,College,English,Business writing,C463,3S,U
University of South Carolina,College,English,Chaucer,C401,3S,U
University of South Carolina,College,English,Composition,C101,3S,L
University of South Carolina,College,English,Composition and literature,CI 02,3S,L
University of South Carolina,College,English,Early English literature,C400,3S,U
University of South Carolina,College,English,English literature I,C288,3S,L
University of South Carolina,College,English,English literature II,C289,3S,L
University of South Carolina,College,English,Fiction,C282,3S,L
University of South Carolina,College,English,Vocabulary and language,C292,3S,L
University of South Carolina,College,English,Writer's workshop,C603,"3S, VI",U
University of South Carolina,College,French,Introductory French,C109,"3S, AC",L
University of South Carolina,College,University of South Caroliiui-Aiken,Introductory French,C110,"3S, AC",L
University of South Carolina,College,Geography,Geography of North America,C424,3S,U
University of South Carolina,College,Geography,Introduction to geography,C103,3S,L
University of South Carolina,College,Geography,Comparative politics,C316,3S,U
University of South Carolina,College,Contemporary United States foreign policy,International relations,C315,3S,U
University of South Carolina,College,Contemporary United States foreign policy,Public personnel management,C572,3S,U
University of South Carolina,College,Contemporary United States foreign policy,The U.S. and world problems: global perspectives,C101,3S,L
University of South Carolina,College,Contemporary United States foreign policy,The U.S. and world problems: regional perspectives,C102,3S,L
University of South Carolina,College,Contemporary United States foreign policy,The Vietnam War,C501B,"3S, VI",U
University of South Carolina,College,Contemporary Europe from World War II to,present,C318,3S,U
University of South Carolina,College,"Contemporary Europe, World War I to",World War II,C317,3S,U
University of South Carolina,College,"Contemporary Europe, World War I to",European civilization from the mid-1 7th century,CI 02,3S,L
University of South Carolina,College,"Contemporary Europe, World War I to","European civilization, ancient to mid-1 7th century",C101,3S,L
University of South Carolina,College,"Contemporary Europe, World War I to",History of the U.S. from discovery to present day,C202,3S,L
University of South Carolina,College,Latin,Beginning Latin I,CI 09,"3S, AC",L
University of South Carolina,College,Latin,Beginning Latin II,C110,"3S, AC",L
University of South Carolina,College,Library and Information Science,Jump over the moon,C523,"3S, VI",U
University of South Carolina,College,Marine Science,Oceans and man,C210,3S,L
University of South Carolina,College,Calculus for business admin and social,sciences,CI 22,3S,L
University of South Carolina,College,Calculus for business admin and social,Finite mathematics,CI 70,3S,L
University of South Carolina,College,Calculus for business admin and social,Precalculus mathematics,C115,4S,L
University of South Carolina,College,Calculus for business admin and social,Trigonometry,CI 12,2S,L
University of South Carolina,College,Nursing,Geriatric nursing,C524,"3S, VI",U
University of South Carolina,College,Philosophy,History of modern philosophy,C202,3S,L
University of South Carolina,College,Philosophy,Introduction to logic I,C110,3S,L
University of South Carolina,College,Philosophy,Introduction to philosophy,CI 02,3S,L
University of South Carolina,College,Physical Education,Foundations of coaching,C302,3S,U
University of South Carolina,College,Measurement and evaluation in physical,education,C545,3S,U
University of South Carolina,College,Organization/administration of physical,education,C553,3S,U
University of South Carolina,College,Philosophy and principles of physical,education,C232,3S,L
University of South Carolina,College,Philosophy and principles of physical,Scientific bases of coaching I,C303,3S,U
University of South Carolina,College,Philosophy and principles of physical,Scientific bases of coaching II,C304,3S,U
University of South Carolina,College,Physics,General physics I,C201,3S,L
University of South Carolina,College,Physics,General physics II,C202,3S,L
University of South Carolina,College,Psychology,Abnormal behavior in children,C510,3S,U
University of South Carolina,College,Psychology,Health psychology,C465,3S,U
University of South Carolina,College,Psychology,Human sexual behavior,C300,3S,U
University of South Carolina,College,Psychology,Introduction to psychology,CI 01,3S,L
University of South Carolina,College,Psychology,Psychology of adjustment,CI 03,3S,L
University of South Carolina,College,Psychology,Psychology of adolescence,C521,3S,U
University of South Carolina,College,Retailing,Merchandising,C367,3S,U
University of South Carolina,College,Social welfare services for children and,youth,C303,3S,U
University of South Carolina,College,Social welfare services for families and the,aged,C304,3S,U
University of South Carolina,College,Sociology,Introduction to social problems,C340,3S,U
University of South Carolina,College,Sociology,Introductory sociology,CI 01,3S,L
University of South Carolina,College,Sociology,Sociology of crime,C353,3S,U
University of South Dakota,College,Alcohol and Drug Abuse Studies,Introduction to alcoholism,116,3S,L
University of South Dakota,College,Anthropology,South Dakota prehistory,320,3S,U
University of South Dakota,College,Art Education,Educational crafts,211,2S,L
University of South Dakota,College,Art Education,Elementary art methods,312,2S,U
University of South Dakota,College,Art History,Art appreciation,121,2S,L
University of South Dakota,College,Astronomy,Elementary astronomy 2,203,3S,L
University of South Dakota,College,Business,Principles of accounting 1,210,3S,L
University of South Dakota,College,Business,Principles of accounting 2,211,3S,L
University of South Dakota,College,"Counseling, Guidance, and Personnel Services",Elementary school counseling,415,3S,U
University of South Dakota,College,Criminal Justice,Criminology,351,3S,U
University of South Dakota,College,Criminal Justice,Juvenile delinquency,451,3S,U
University of South Dakota,College,Criminal Justice,Penology,352,3S,U
University of South Dakota,College,Driver Education,Safety education,450,3S,U
University of South Dakota,College,English,Advanced composition,302,3S,U
University of South Dakota,College,English,Business writing,301,3S,U
University of South Dakota,College,English,Composition,101,3S,L
University of South Dakota,College,English,English grammar,203,3S,L
University of South Dakota,College,English,Introduction to literature,163,3S,L
University of South Dakota,College,English,Survey of American literature 1,315,3S,U
University of South Dakota,College,English,Survey of British literature 1,313,3S,U
University of South Dakota,College,English,Survey of British literature 2,314,3S,U
University of South Dakota,College,Health Education,First aid,250,2S,L
University of South Dakota,College,History,American history 1,151,3S,L
University of South Dakota,College,History,American history 2,152,3S,L
University of South Dakota,College,History,Western civilization 1,121,3S,L
University of South Dakota,College,History,Western civilization 2,122,3S,L
University of South Dakota,College,Mathematics,"Calculus: management, life, and social sciences",222,4S,L
University of South Dakota,College,Mathematics,College algebra,111,"4S, VI",L
University of South Dakota,College,Mathematics,Introduction to algebra,021,4S,L
University of South Dakota,College,Modern concepts for elementary teachers,Trigonometry,120,2S,L
University of South Dakota,College,Political Science,American government,100,3S,L
University of South Dakota,College,Political Science,Introduction to criminal justice,201,3S,L
University of South Dakota,College,Psychology,Personal adjustment,165,3S,L
University of South Dakota,College,Social Work,Social work practice 2,330,3S,U
University of South Dakota,College,Sociology,Female criminals of the world,495,3S,U
University of South Dakota,College,Sociology,Race and ethnic minorities,350,3S,U
University of South Dakota,College,Sociology,Social problems,150,3S,L
University of South Dakota,College,Sociology,"Women, crime, and justice",491,3S,U
University of South Dakota,College,Speech Communication,Introduction to communication,203,3S,L
University of South Dakota,College,Statistics,Introduction to statistics,381,3S,U
University of South Dakota,College,Anthropology,Social and cultural theory,AN310,3S,U
University of South Dakota,College,Ethical issues and legal environment of,business,BU302,3S,U
University of South Dakota,College,Ethical issues and legal environment of,Industrial relations,MG410,3S,U
University of South Dakota,College,Ethical issues and legal environment of,Organizational behavior,MG320,3S,U
University of South Dakota,College,Ethical issues and legal environment of,Personnel management,MG318,3S,U
University of South Dakota,College,Ethical issues and legal environment of,Total quality management,MG468,3S,U
University of South Dakota,College,Chicano Studies,Special topics-la Chicana,CS291,3S,L
University of South Dakota,College,English,"Audio books, tuned-in tutoring: hear!hear!",EN391,2S,U
University of South Dakota,College,English,Literature of science fiction,EN254,3S,L
University of South Dakota,College,English,"Ways of knowing: science, technology, and fiction",EN491,3S,U
University of South Dakota,College,Nursing,Ethical issues in health care,NS305,3S,U
University of South Dakota,College,Nursing,Professional issues in nursing,NS401,2S,U
University of South Dakota,College,Nursing,Professional issues in nursing,NS431,3S,U
University of South Dakota,College,Nursing,Research in nursing,NS351,3S,U
University of South Dakota,College,Political Science,Area study: Latin America,PS445,3S,U
University of South Dakota,College,Political Science,Asia and the Pacific,PS450,3S,U
University of South Dakota,College,Political Science,Comparative politics,PS201,3S,L
University of South Dakota,College,Political Science,United States foreign policy,PS491,3S,U
University of South Dakota,College,Political Science,World issues,PS202,3S,L
University of South Dakota,College,Management of relationships for social,workers,SW490,3S,U
University of South Dakota,College,Management of relationships for social,Techniques of analysis,SW210,3S,L
University of South Dakota,College,Sociology,Crime and delinquency,SO304,3S,U
University of South Dakota,College,Sociology,Crime and women,SO305,3S,U
University of South Dakota,College,Sociology,Criminological theory,SO420,3S,U
University of South Dakota,College,Sociology,Family violence,SO407,3S,U
University of South Dakota,College,Sociology,Film and society,S0358,3S,U
University of South Dakota,College,Sociology,Poverty,SO404,3S,U
University of South Dakota,College,Sociology,Social and cultural theory,SO310,3S,U
University of South Dakota,College,Sociology,Techniques of analysis,SO210,3S,L
University of South Dakota,College,Sociology,Victimology,SO409,3S,U
University of South Dakota,Graduate,Education,Current issues in education,ED522,2S,
University of Southern Mississippi,College,Biology,History of biology,400,3S,U
University of Southern Mississippi,College,Biology,Zoogeography,406,3S,U
University of Southern Mississippi,College,Criminal Justice,Introduction to criminal justice,200,3S,L
University of Southern Mississippi,College,Economics,Introduction to economics,200,3S,L
University of Southern Mississippi,College,Economics,Principles of economics,I 201,3S,L
University of Southern Mississippi,College,Economics,Principles of economics,II 202,3S,L
University of Southern Mississippi,College,Electric power generation and distribution,Engineering economics,309,3S,U
University of Southern Mississippi,College,English,Fiction writing,II 321,3S,U
University of Southern Mississippi,College,English,Fiction writing,III 421,3S,U
University of Southern Mississippi,College,English,Literature of the South,485,3S,U
University of Southern Mississippi,College,English,Poetry writing,II 322,3S,U
University of Southern Mississippi,College,English,Poetry writing,III 422,3S,U
University of Southern Mississippi,College,English,Writing,I 101,3S,L
University of Southern Mississippi,College,English,Writing,II 102,3S,L
University of Southern Mississippi,College,Geography of the United States and Canada,Introduction to geography,102,3S,L
University of Southern Mississippi,College,Geography of the United States and Canada,World regional geography,101,3S,L
University of Southern Mississippi,College,Health,Community health,321,3S,U
University of Southern Mississippi,College,Home Economics,Nutrition and you,167,IS,L
University of Southern Mississippi,College,Human Performance and Recreation,Concepts of physical fitness,105,IS,L
University of Southern Mississippi,College,Introduction to physical education and,sport,405,3S,U
University of Southern Mississippi,College,Introduction to physical education and,Leisure and recreation in society,200,3S,L
University of Southern Mississippi,College,Management,Principles of management,300,3S,U
University of Southern Mississippi,College,Marketing,Principles of marketing,300,3S,U
University of Southern Mississippi,College,Applied calculus for business and social,sciences,312,3S,U
University of Southern Mississippi,College,Mathematics for teachers of junior high,math,410,3S,U
University of Southern Mississippi,College,Mathematics for teachers of junior high,Plane trigonometry,103,3S,L
University of Southern Mississippi,College,Philosophy,Ethics,356,3S,U
University of Southern Mississippi,College,Philosophy,Introduction to logic,253,3S,L
University of Southern Mississippi,College,Philosophy,Introduction to philosophy,151,3S,L
University of Southern Mississippi,College,Political Science,American government,101,3S,L
University of Southern Mississippi,College,Political Science,Introduction to political science,220,3S,L
University of Southern Mississippi,College,Political Science,State and local politics,301,3S,U
University of Southern Mississippi,College,Psychology,Child psychology,370,3S,U
University of Southern Mississippi,College,Psychology,General psychology,110,3S,L
University of Southern Mississippi,College,Real Estate and Insurance,Real estate law,340,3S,U
University of Southern Mississippi,College,Real Estate and Insurance,Real estate principles,330,3S,U
University of Southern Mississippi,College,Real Estate and Insurance,Religion (Religious Studies) Introduction to religion,131,3S,L
University of Southern Mississippi,College,Real Estate and Insurance,The life of Jesus,335,3S,U
University of Southern Mississippi,College,Sociology,Criminology,341,3S,U
University of Southern Mississippi,College,Sociology,Introduction to sociology,101,3S,L
University of Southern Mississippi,College,Sociology,The family,314,3S,U
University of Texas at Austin,College,Anthropology,Cultural anthropology,302,"3S, CI",L
University of Texas at Austin,College,Anthropology,Human origins and evolution,348,3S,U
University of Texas at Austin,College,Anthropology,Physical anthropology,301,3S,L
University of Texas at Austin,College,Art Education,Museum education,376,3S,U
University of Texas at Austin,College,Art History,Introduction to the visual arts,301,3S,L
University of Texas at Austin,College,Astronomy,Introduction to astronomy,302,3S,L
University of Texas at Austin,College,Curriculum and Instruction,Human learning and development: the adult years,371,3S,U
University of Texas at Austin,College,Development problems and policies in,Latin America,355,3S,U
University of Texas at Austin,College,Educational Psychology,Introduction to statistics,332,3S,U
University of Texas at Austin,College,English,Pdietoric and composition,306,"3S, CI",L
University of Texas at Austin,College,English,Shakespeare: selected plays,321,"3S, CI",U
University of Texas at Austin,College,English,Technical writing,317,3S,L
University of Texas at Austin,College,French,First-year French,I 506,"5S, AC",L
University of Texas at Austin,College,French,First-year French,II 507,"5S, AC",L
University of Texas at Austin,College,French,Second-year French,I 312K,"3S, AC",L
University of Texas at Austin,College,German,First-year German,I 506,"5S, AC",L
University of Texas at Austin,College,German,First-year German,II 507,"5S, AC",L
University of Texas at Austin,College,Government,American foreign relations,344,3S,U
University of Texas at Austin,College,Greek,First-vear Greek,I 506,5S,L
University of Texas at Austin,College,Greek,First-year Greek,II 507,5S,L
University of Texas at Austin,College,Greek,New Testament Greek: Apostles /Epistles,328,3S,U
University of Texas at Austin,College,Kinesiology,Human sexuality,366,3S,U
University of Texas at Austin,College,Latin,First-year Latin,I 506,"5S, CI",L
University of Texas at Austin,College,Latin,First-year Latin,II 507,5S,L
University of Texas at Austin,College,Nutrition,Introductory nutrition,311,"3S, CI",L
University of Texas at Austin,College,Philosophy,Contemporary moral problems,304,3S,L
University of Texas at Austin,College,Philosophy,Introduction to logic,312,3S,L
University of Texas at Austin,College,Philosophy,Introduction to philosophy,301,3S,L
University of Texas at Austin,College,Psychology,Abnormal psychology,352,"3S, CI",U
University of Texas at Austin,College,Psychology,Personality,309,3S,L
University of Texas at Austin,College,Slavic Languages and Literature,First-year Czech,I 506,"5S, AC",L
University of Texas at Austin,College,Slavic Languages and Literature,First-year Czech,II 507,"5S, AC",L
University of Texas at Austin,College,Spanish,Advanced composition,327,3S,U
University of Texas at Austin,College,Spanish,First-year Spanish,I 506,"5S, AC",L
University of Texas at Austin,College,Spanish,First-year Spanish,II 507,"5S, AC",L
University of Utah,College,Biology,General biology,101,5Q,L
University of Utah,College,Biology,Human ecology,175,3Q,L
University of Utah,College,Biology,Human genetics,335,4Q,U
University of Utah,College,Biology,Human physiology,201,5Q,L
University of Utah,College,Chemistry,Organic chemistry,331,4Q,U
University of Utah,College,Civil Engineering,Engineering drawing,101,"2Q, LK",L
University of Utah,College,Communications,Magazine article writing,451,4Q,U
University of Utah,College,Communications,The editing process,301,4Q,U
University of Utah,College,Economics,Economic history of the U.S,274,4Q,L
University of Utah,College,Economics,Economics as social science,105,5Q,L
University of Utah,College,Economics,Money and banking,320,4Q,U
University of Utah,College,Economics,Principles of economics/macro,202,4Q,L
University of Utah,College,Economics,Principles of economics /micro,201,4Q,L
University of Utah,College,Creative teaching of art in elementary,school,403,3Q,U
University of Utah,College,Introduction to microcomputers in the,classroom,489,3Q,U
University of Utah,College,Management of the library media center,Selection of library materials,463,4Q,U
University of Utah,College,English,Introduction to Shakespeare,325,4Q,U
University of Utah,College,Finance,Business finance,303,4Q,U
University of Utah,College,Geography,World cultural geography,160,5Q,L
University of Utah,College,Gerontology,Survey o\ gerontology,301,3Q,U
University of Utah,College,Health Education,Driver education: internship,393,VC,U
University of Utah,College,Health Education,Healthy lifestyles,101,3Q,L
University of Utah,College,Health Education,Introduction to driver education,350,3Q,U
University of Utah,College,Health Education,Organization and administration: driver education,351,3Q,U
University of Utah,College,Health Education,Substance use and abuse,101,3Q,L
University of Utah,College,History,American civilization,170,5Q,L
University of Utah,College,History,Ancient Greece,201,5Q,L
University of Utah,College,History,Ancient Rome,202,5Q,L
University of Utah,College,History,History of Utah,466,5Q,U
University of Utah,College,History,History of civilization: ancient to 1300 A.D,101,5Q,L
University of Utah,College,Marketing,Principles of advertising,350,4Q,U
University of Utah,College,Marketing,Principles of marketing,301,4Q,U
University of Utah,College,Mathematics,Calculus,I 111,4Q,L
University of Utah,College,Mathematics,College algebra,105,5Q,L
University of Utah,College,Mathematics,Elementary statistics,107,"4Q, VI",L
University of Utah,College,Mathematics,Intermediate algebra,101,5Q,L
University of Utah,College,Mathematics,Plane trigonometry,106,5Q,L
University of Utah,College,Meteorology,Introduction to meteorology,101,4Q,L
University of Utah,College,Music,Continuing education of music: basic concepts of music,207,"3Q, AC",U
University of Utah,College,Music,Continuing education of music: the elements of music,200,3Q,L
University of Utah,College,Music,Elementary music methods,370,"3Q, AC",U
University of Utah,College,Physics,Elementary physics,101,5Q,L
University of Utah,College,Physics,Science and engineering: heat/light/sound,173,"4Q, CI",L
University of Utah,College,Political Science,American national government,110,5Q,L
University of Utah,College,Political Science,International politics,210,5Q,L
University of Utah,College,Psychology,Cognitive psychology,312,4Q,U
University of Utah,College,Special Education,Human exceptionality,301,3Q,U
University of Washington,College,North American Indians of the Pacific,Northwest,C311,5Q,U
University of Washington,College,Anthropology,Introduction to anthropology,CI 00,5Q,L
University of Washington,College,Astronomy,Astronomy,CI 01,5Q,L
University of Washington,College,Astronomy,The planets,C150,5Q,L
University of Washington,College,Atmospiheric Sciences,Weather,CI 01,5Q,L
University of Washington,College,Chemistry,Chemical science,CI 00,5Q,L
University of Washington,College,Chemistry,General chemistry,C140,"4Q, VI",L
University of Washington,College,Chemistry,General chemistry,C150,"4Q, VI",L
University of Washington,College,Economics,Intermediate microeconomics,C300,5Q,U
University of Washington,College,Economics,Workshop: using the Internet in K-12 curriculum development,C494,5Q,U
University of Washington,College,Educational Psychology,Basic educational statistics,C490,3Q,U
University of Washington,College,English,Advanced expository writing,C381,5Q,U
University of Washington,College,English,Beginning verse writing,C283,5Q,L
University of Washington,College,English,Fantasy,C349,5Q,U
University of Washington,College,English,Intermediate verse writing,C383,5Q,U
University of Washington,College,English,Late Renaissance,C325,5Q,U
University of Washington,College,English,Milton,C326,5Q,U
University of Washington,College,English,Reading fiction,C242,5Q,L
University of Washington,College,English,Reading literature,C200,5Q,L
University of Washington,College,English,Shakespeare after 1603,C324,5Q,U
University of Washington,College,English,Shakespeare to 1603,C323,5Q,U
University of Washington,College,English,Shakespeare: survey,C225,5Q,L
University of Washington,College,English,The Bible as literature,C310,5Q,U
University of Washington,College,English,The modern novel,C340,5Q,U
University of Washington,College,Food Science/Nutritional Sciences,Nutrition for today,C300,3Q,U
University of Washington,College,Aerial photos /remote sensing natural,resources,C430,3Q,U
University of Washington,College,French,Elementary French,CI 01,"5Q, AC",L
University of Washington,College,French,Elementary French,CI 02,"5Q, AC",L
University of Washington,College,French,Elementary French,CI 03,"5Q, AC",L
University of Washington,College,Geography,Geography of cities,C277,5Q,L
University of Washington,College,Geography,World regions,CI 02,5Q,L
University of Washington,College,German,First-year German,CI 01,"5Q, AC",L
University of Washington,College,German,First-year German,CI 02,"5Q, AC",L
University of Washington,College,German,First-year German,CI 03,"5Q, AC",L
University of Washington,College,Gerontology,Biological aspects of aging,C440,3Q,U
University of Washington,College,History,History of US since 1940,CI 35,5Q,L
University of Washington,College,History of Washington and the Pacific,Northwest,C432,5Q,U
University of Washington,College,History of Washington and the Pacific,History of modern Japan,C423,5Q,U
University of Washington,College,History of Washington and the Pacific,The modern world,C113,5Q,L
University of Washington,College,Italian,Elementary Italian,C101,"5Q, AC",L
University of Washington,College,Italian,Elementary Italian,C102,"5Q, AC",L
University of Washington,College,Italian,Elementary Italian,C103,"5Q, AC",L
University of Washington,College,History and development of,communications,C201,5Q,L
University of Washington,College,Marketing,Advertising,C340,4Q,U
University of Washington,College,Marketing,Marketing concepts,C301,4Q,U
University of Washington,College,Application of calculus to business and,economics,CI 12,5Q,L
University of Washington,College,Application of calculus to business and,Precalculus,CI 20,5Q,L
University of Washington,College,Music,History of jazz,C331,3Q,U
University of Washington,College,Oceanography,Survey of oceanography,C101,5Q,L
University of Washington,College,Organization and Environment,Introduction to law,C200,"5Q, VI",L
University of Washington,College,Historical introduction to philosophy of,science,C160,5Q,L
University of Washington,College,Historical introduction to philosophy of,Introduction to logic,CI 20,5Q,L
University of Washington,College,Historical introduction to philosophy of,Philosophical issues in the law,C114,5Q,L
University of Washington,College,Historical introduction to philosophy of,Practical reasoning,C115,5Q,L
University of Washington,College,Political Science,American foreign policy,C321,5Q,U
University of Washington,College,Political Science,Introduction to politics,C101,5Q,L
University of Washington,College,Psychology,Abnormal psychology,C305,5Q,U
University of Washington,College,Psychology,Developmental psychology,C306,"5Q, VI",U
University of Washington,College,Introduction to personality and individual,differences,C205,4Q,L
University of Washington,College,Introduction to personality and individual,Social psychology,C345,5Q,U
University of Washington,College,Russian,First-year Russian,CI 01,"5Q, AC",L
University of Washington,College,Sociology,Criminology,C371,5Q,U
University of Washington,College,Introduction to the sociology of deviance,Socialization,C347,5Q,U
University of Washington,College,Introduction to the sociology of deviance,Survey of sociology,C110,5Q,L
University of Washington,College,Introduction to the sociology of deviance,The family,C352,5Q,U
University of Washington,College,Spanish,Elementary Spanish,CI 01,"5Q, AC",L
University of Washington,College,Spanish,Elementary Spanish,C102,"5Q, AC",L
University of Washington,College,Spanish,Elementary Spanish,C103,"5Q, AC",L
University of Washington,College,Spanish,Intermediate Spanish,C201,"5Q, AC",L
University of Washington,College,Statistics,Basic statistics,C220,5Q,L
University of Washington,College,Statistics,Women's Studies Women and the law,C310,5Q,U
University of Washington,Noncredit,C programming,Developing a C application,C900,NC,
University of Washington,Noncredit,Mathematics,Intermediate algebra,CI 01,"NC, VI",
University of Wisconsin-Extension,High School,Art,Basic drawing,A20,HF,
University of Wisconsin-Extension,High School,Art,Creative design,131,"1U, LK",
University of Wisconsin-Extension,High School,Art History,Art and culture,A40,HF,
University of Wisconsin-Extension,High School,Biology,General biology I,H20,HF,
University of Wisconsin-Extension,High School,Biology,General biology II,H21,HF,
University of Wisconsin-Extension,High School,Business,Basic bookkeeping for business I,A30,HF,
University of Wisconsin-Extension,High School,Business,Basic bookkeeping for business II,A31,HF,
University of Wisconsin-Extension,High School,Business,General business,H39,HF,
University of Wisconsin-Extension,High School,Business and Technical Writing,Writing fundamentals,VI 00,HF,
University of Wisconsin-Extension,High School,Business and Technical Writing,Written communications,VI 95,HF,
University of Wisconsin-Extension,High School,Economics,Contemporary economics,H40,HF,
University of Wisconsin-Extension,High School,English,American literature,H30,HF,
University of Wisconsin-Extension,High School,English,American literature,H31,HF,
University of Wisconsin-Extension,High School,English,Attack on grammar H9 (HF) First-year high school English I,H10,HF,
University of Wisconsin-Extension,High School,English,First-year high school English II Hll (HF) Second-year high school English I,H20,HF,
University of Wisconsin-Extension,High School,English,Sixth-semester high school French,H31,HF,
University of Wisconsin-Extension,High School,English,(HF) Eighth-semester high school French H41 (HF) Intermediate composition: creative writing,H227,1U,
University of Wisconsin-Extension,High School,English,"Introduction to French literature, 17th-18th century authors",H221,1U,
University of Wisconsin-Extension,High School,English,"Introduction to French literature, 19th century authors",H222,1U,
University of Wisconsin-Extension,High School,Geography,Physical geography I,H21,HF,
University of Wisconsin-Extension,High School,Geography,Physical geography II,H22,HF,
University of Wisconsin-Extension,High School,German,"(HF) Sixth-semester high school German H31 (HF) Intermediate composition, 1st semester",H223,1U,
University of Wisconsin-Extension,High School,Health,Personal and family health,H30,HF,
University of Wisconsin-Extension,High School,History,"History of the United States to 1877 H30 (HF) History of the United States, 1877 to the present",H31,HF,
University of Wisconsin-Extension,High School,Interior Design,Fundamentals of interior design,VI 01,HF,
University of Wisconsin-Extension,High School,Latin Language and Literature,Fourth-semester high school Latin,H21,HF,
University of Wisconsin-Extension,High School,Mathematics,Advanced algebra I,H30,HF,
University of Wisconsin-Extension,High School,Mathematics,Advanced algebra II,H31,HF,
University of Wisconsin-Extension,High School,Mathematics,College algebra,H39,"HF, AC",
University of Wisconsin-Extension,High School,Mathematics,First-semester algebra,H10,HF,
University of Wisconsin-Extension,High School,Mathematics,Second-semester algebra Hll (HF) University o) Wisconsin Extension Geometry 1,I120,HF,
University of Wisconsin-Extension,High School,Mathematics,Geometry 11,H21,HF,
University of Wisconsin-Extension,High School,Mathematics,Trigonometry,H40,HF,
University of Wisconsin-Extension,High School,Music,Beginning music theory I,H30,"1U, AC",
University of Wisconsin-Extension,High School,Music,Beginning music theory 11,H31,"1U, AC",
University of Wisconsin-Extension,High School,Polish,Reading Polish I,A60,HF,
University of Wisconsin-Extension,High School,Polish,Reading Polish II,A61,HF,
University of Wisconsin-Extension,High School,Political Science,American government today,H30,HF,
University of Wisconsin-Extension,High School,Beginning conversation and composition in,Russian,A70,"1U, AC",
University of Wisconsin-Extension,High School,Social Studies,Quest for equality: the American women's movement,H30,HF,
University of Wisconsin-Extension,High School,Study Skills,Power reading,A65,HF,
University of Wisconsin-Extension,College,Agriculture,Cooperation,422,3S,L
University of Wisconsin-Extension,College,Anthropology,Introduction to anthropology,100,3S,L
University of Wisconsin-Extension,College,Arabic,First-semester Arabic,101,"4S, AC",L
University of Wisconsin-Extension,College,Arabic,Second-semester Arabic,102,"4S, AC",L
University of Wisconsin-Extension,College,Art,History of Western art: Renaissance- contemporary,106,3S,L
University of Wisconsin-Extension,College,Art,History of Western art: prehistoric-medieval,105,3S,L
University of Wisconsin-Extension,College,Astronomy,Survey of astronomy,100,4S,L
University of Wisconsin-Extension,College,Botany,Survey of botany,100,3S,L
University of Wisconsin-Extension,College,Business,Administrative policy,495,3S,U
University of Wisconsin-Extension,College,Business,Advanced cost accounting,413,3S,U
University of Wisconsin-Extension,College,Business,Budgets and budgetary control,353,3S,U
University of Wisconsin-Extension,College,Business,Business communications,354,"3S, VI",L
University of Wisconsin-Extension,College,Business,Business law,306,3S,L
University of Wisconsin-Extension,College,Business,Compensation management,310,3S,L
University of Wisconsin-Extension,College,Consumer education and personal finance,Cost accounting,323,3S,U
University of Wisconsin-Extension,College,Consumer education and personal finance,Elementary accounting,I 201,3S,L
University of Wisconsin-Extension,College,Consumer education and personal finance,Elementary accounting,II 202,3S,L
University of Wisconsin-Extension,College,Consumer education and personal finance,Gender issues in management,334,3S,L
University of Wisconsin-Extension,College,Consumer education and personal finance,Governmental accounting,373,3S,U
University of Wisconsin-Extension,College,Consumer education and personal finance,Intermediate accounting,I 301,3S,L
University of Wisconsin-Extension,College,Consumer education and personal finance,Intermediate accounting,II 302,3S,L
University of Wisconsin-Extension,College,Consumer education and personal finance,International business,494,3S,U
University of Wisconsin-Extension,College,Introduction to American business,enterprise,120,3S,L
University of Wisconsin-Extension,College,Introduction to management information,systems,211,3S,L
University of Wisconsin-Extension,College,Introduction to management information,Investments,322,3S,L
University of Wisconsin-Extension,College,Introduction to management information,Labor-management relations,434,3S,L
University of Wisconsin-Extension,College,Introduction to management information,Managerial accounting,300,3S,L
University of Wisconsin-Extension,College,Introduction to management information,Managerial finance,427,3S,U
University of Wisconsin-Extension,College,Introduction to management information,Managing the small business,385,3S,L
University of Wisconsin-Extension,College,Introduction to management information,Organization and management,233,3S,L
University of Wisconsin-Extension,College,Introduction to management information,Organizational behavior,340,3S,L
University of Wisconsin-Extension,College,Introduction to management information,Personnel management,321,3S,L
University of Wisconsin-Extension,College,Introduction to management information,Principles of finance,320,3S,U
University of Wisconsin-Extension,College,Introduction to management information,Principles of marketing,311,3S,L
University of Wisconsin-Extension,College,Introduction to management information,Production concepts,307,3S,L
University of Wisconsin-Extension,College,Chemistry,General chemistry,I 103,3S,L
University of Wisconsin-Extension,College,Chemistry,General chemistry,II 104,3S,L
University of Wisconsin-Extension,College,Administration and organization of child,Early childhood education: the child care teacher,386,3S,L
University of Wisconsin-Extension,College,Administration and organization of child,Family day care,381,IS,L
University of Wisconsin-Extension,College,Classics,Classical mythology,370,3S,L
University of Wisconsin-Extension,College,Greek and Latin origins of medical terms,Greek drama in English,313,2S,L
University of Wisconsin-Extension,College,Communication Arts,Intercultural communication,467,3S,L
University of Wisconsin-Extension,College,Danish,First-semester Danish,121,"4S, AC",L
University of Wisconsin-Extension,College,Danish,Second-semester Danish,122,"4S, AC",L
University of Wisconsin-Extension,College,Economics,International economics,433,3S,U
University of Wisconsin-Extension,College,Interpretation of business and economic,data,241,3S,L
University of Wisconsin-Extension,College,Interpretation of business and economic,Introduction to economics,101,4S,L
University of Wisconsin-Extension,College,Interpretation of business and economic,Principles of macroeconomics,103,3S,L
University of Wisconsin-Extension,College,Interpretation of business and economic,Principles of microeconomics,104,3S,L
University of Wisconsin-Extension,College,Education,Human abilities and learning,301,3S,L
University of Wisconsin-Extension,College,Education and Educational Psychology,Adult development and aging,503,3S,U
University of Wisconsin-Extension,College,Children with handicaps in day care and,preschool,496,2S,L
University of Wisconsin-Extension,College,Children with handicaps in day care and,Children's literature,649,3S,U
University of Wisconsin-Extension,College,"Educational psychology of gifted, talented",and creative,501,3S,U
University of Wisconsin-Extension,College,"Educational psychology of gifted, talented",Health information for teachers,501,3S,U
University of Wisconsin-Extension,College,Human relations in the educational,community,465,3S,U
University of Wisconsin-Extension,College,"Principles of vocational, technical, and adult",education,502,2S,U
University of Wisconsin-Extension,College,"Principles of vocational, technical, and adult",School curriculum design,300,3S,L
University of Wisconsin-Extension,College,Engineering,Critical path network techniques,590,2S,U
University of Wisconsin-Extension,College,Engineering,Dynamics,222,3S,L
University of Wisconsin-Extension,College,Engineering,Economic analysis for engineers,312,2S,L
University of Wisconsin-Extension,College,Engineering,Introduction to materials science,360,3S,L
University of Wisconsin-Extension,College,Engineering,Mechanics of materials,303,3S,L
University of Wisconsin-Extension,College,Engineering,Statics,221,"3S, VI",L
University of Wisconsin-Extension,College,Engineering,Technical writing,I 273,IS,L
University of Wisconsin-Extension,College,Engineering,Technical writing I and,II 276,2S,L
University of Wisconsin-Extension,College,Engineering,Technical writing I and,III 277,2S,L
University of Wisconsin-Extension,College,Engineering,"Technical writing I, II, and",III 279,3S,L
University of Wisconsin-Extension,College,Engineering,Technical writing,II 274,IS,L
University of Wisconsin-Extension,College,Engineering,Technical writing II and,III 278,2S,L
University of Wisconsin-Extension,College,Engineering,Technical writing,III 275,IS,L
University of Wisconsin-Extension,College,English,American Indian literature,269,3S,L
University of Wisconsin-Extension,College,English,Courage to write: women novelists of the 19th century,249,"3S, AC",L
University of Wisconsin-Extension,College,English,Creative writing: poetry,204,3S,L
University of Wisconsin-Extension,College,English,Doris Lessing,313,IS,L
University of Wisconsin-Extension,College,English,Ernest Hemingway,431,IS,L
University of Wisconsin-Extension,College,English,Eudora Welty,314,IS,L
University of Wisconsin-Extension,College,English,Freshman English,102,3S,L
University of Wisconsin-Extension,College,Introduction to modern English and,American literature I: the 19th century,207,"3S, AC",L
University of Wisconsin-Extension,College,Introduction to modern English and,American literature II: the 20th century,208,"3S, AC",L
University of Wisconsin-Extension,College,Introduction to modern English and,Introduction to 20th century Afro-American literature,268,3S,L
University of Wisconsin-Extension,College,Introduction to modern English and,Introduction to creative writing: the short story,203,3S,L
University of Wisconsin-Extension,College,Introduction to modern English and,Saul Bellow,311,IS,L
University of Wisconsin-Extension,College,Introduction to modern English and,Shakespearean drama,217,3S,L
University of Wisconsin-Extension,College,Introduction to modern English and,Shakespearean drama,218,3S,L
University of Wisconsin-Extension,College,Introduction to modern English and,The American short story,610,3S,L
University of Wisconsin-Extension,College,Introduction to modern English and,The English novel,460,3S,L
University of Wisconsin-Extension,College,Introduction to modern English and,The structure of English,329,3S,L
University of Wisconsin-Extension,College,Introduction to modern English and,Virginia Woolf,315,IS,L
University of Wisconsin-Extension,College,Introduction to modern English and,Willa Cather,312,IS,L
University of Wisconsin-Extension,College,Introduction to modern English and,William Faulkner,433,IS,L
University of Wisconsin-Extension,College,Forestry,Introduction to forestry,100,2S,L
University of Wisconsin-Extension,College,French,Advanced composition,324,3S,U
University of Wisconsin-Extension,College,French,Andre Malraux,360,"IS, AC",U
University of Wisconsin-Extension,College,French,Business French,219,2S,L
University of Wisconsin-Extension,College,French,Business French,313,3S,L
University of Wisconsin-Extension,College,French,Camus,441,"IS, AC",U
University of Wisconsin-Extension,College,French,Colette,443,"IS, AC",U
University of Wisconsin-Extension,College,French,Diderot,445,IS,U
University of Wisconsin-Extension,College,French,First-semester French,103,"4S, VI, AC",L
University of Wisconsin-Extension,College,French,Flaubert,446,"IS, AC",U
University of Wisconsin-Extension,College,French,Fourth-semester French,204,3S,L
University of Wisconsin-Extension,College,French,Intermediate composition,227,"3S, VI",L
University of Wisconsin-Extension,College,University of Wisconsin Extension,"Introduction to French literature, 17th and 18th centuries",221,3S,U
University of Wisconsin-Extension,College,University of Wisconsin Extension,"Introduction to French literature, 19th century authors",222,3S,U
University of Wisconsin-Extension,College,University of Wisconsin Extension,Maupassant,440,IS,L
University of Wisconsin-Extension,College,University of Wisconsin Extension,Third-semester French,203,"3S, VI",L
University of Wisconsin-Extension,College,University of Wisconsin Extension,Zola,444,IS,U
University of Wisconsin-Extension,College,Geography,Environmental conservation,339,"3S, VI",L
University of Wisconsin-Extension,College,Geography,Global physical environments,120,3S,L
University of Wisconsin-Extension,College,Geology,General geology,100,"3S, LK",L
University of Wisconsin-Extension,College,German,Applied German philology,662,3S,U
University of Wisconsin-Extension,College,German,First-semester German,101,"4S, AC",L
University of Wisconsin-Extension,College,German,Fourth-semester German,204,4S,L
University of Wisconsin-Extension,College,German,Goethe's Faust,633,3S,U
University of Wisconsin-Extension,College,Intermediate composition second semester,The classical period,302,3S,U
University of Wisconsin-Extension,College,Intermediate composition second semester,Third-semester German,203,4S,L
University of Wisconsin-Extension,College,Greek,Elementary Greek,103,"4S, AC",L
University of Wisconsin-Extension,College,Greek,Elementary Greek,104,4S,L
University of Wisconsin-Extension,College,Greek,Homer: The Iliad,210,3S,U
University of Wisconsin-Extension,College,Hebrew and Semitic Studies,Biblical texts: readings from Exodus and Leviticus,321,3S,L
University of Wisconsin-Extension,College,Hebrew and Semitic Studies,Jewish cultural history,I 471,3S,L
University of Wisconsin-Extension,College,Hebrew and Semitic Studies,Jewish cultural history,II 472,3S,L
University of Wisconsin-Extension,College,Modern Hebrew conversation intermediate,level,225,"3S, AC",L
University of Wisconsin-Extension,College,History,American history 1492-1865-origin and growth,101,"4S, AC",L
University of Wisconsin-Extension,College,History,American history 1865-present-origin and growth,102,"4S, AC",L
University of Wisconsin-Extension,College,History,Ancient history: Roman republic and empire,112,3S,L
University of Wisconsin-Extension,College,History,Ancient history: the ancient Near East and Greece,111,3S,L
University of Wisconsin-Extension,College,History,"British history, 1688 to present",124,3S,L
University of Wisconsin-Extension,College,History,"English history, England to 1688",123,3S,L
University of Wisconsin-Extension,College,History,History of Soviet Russia to 1988,419,3S,U
University of Wisconsin-Extension,College,History,History of Wisconsin,390,3S,L
University of Wisconsin-Extension,College,History,Independent reading,199,IS,L
University of Wisconsin-Extension,College,History,Independent reading,699,IS,U
University of Wisconsin-Extension,College,Italian,First-semester Italian,103,"4S, AC",L
University of Wisconsin-Extension,College,Italian,Second-semester Italian,104,"4S, AC",L
University of Wisconsin-Extension,College,Journalism and Mass Communications,News writing,203,3S,L
University of Wisconsin-Extension,College,Journalism and Mass Communications,Public relations,225,3S,L
University of Wisconsin-Extension,College,Journalism and Mass Communications,Writing feature articles,305,3S,L
University of Wisconsin-Extension,College,Latin,Advanced Latin composition,506,2S,U
University of Wisconsin-Extension,College,Latin,Cicero's Orations,203,4S,L
University of Wisconsin-Extension,College,Latin,Elementary Latin,103,"4S, AC",L
University of Wisconsin-Extension,College,Latin,Elementary Latin,104,"4S, AC",L
University of Wisconsin-Extension,College,Latin,General survey,301,3S,L
University of Wisconsin-Extension,College,Latin,General survey,302,3S,L
University of Wisconsin-Extension,College,Latin,Horace-Satires and Epistles,512,3S,U
University of Wisconsin-Extension,College,Latin,Intermediate Latin composition,505,2S,L
University of Wisconsin-Extension,College,Latin,Vergil,204,4S,L
University of Wisconsin-Extension,College,Linguistics,Introduction to linguistics,320,"3S, AC",L
University of Wisconsin-Extension,College,Literature in Translation,Colette: literature in translation,232,IS,L
University of Wisconsin-Extension,College,Literature in Translation,Diderot: literature in translation,245,IS,L
University of Wisconsin-Extension,College,Literature in Translation,Flaubert: literature in translation,246,IS,L
University of Wisconsin-Extension,College,Literature in Translation,Sartre: literature in translation,248,IS,L
University of Wisconsin-Extension,College,Literature in Translation,Simone de Beauvoir: literature in translation,231,IS,L
University of Wisconsin-Extension,College,Mathematics,Advanced calculus,I 521,3S,U
University of Wisconsin-Extension,College,Mathematics,Advanced calculus,II 522,3S,U
University of Wisconsin-Extension,College,Mathematics,Algebra and trigonometry,114,"5S, AC",L
University of Wisconsin-Extension,College,Brief introduction to differential equations,Calculus and analytic geometry,I 221,5S,L
University of Wisconsin-Extension,College,Brief introduction to differential equations,CoUege algebra,112,"3S, AC",L
University of Wisconsin-Extension,College,Brief introduction to differential equations,Complex analysis,623,3S,U
University of Wisconsin-Extension,College,Brief introduction to differential equations,Intermediate algebra,101,4S,L
University of Wisconsin-Extension,College,Brief introduction to differential equations,Trigonometry,113,2S,L
University of Wisconsin-Extension,College,Meteorology,Weather and climate,100,2S,L
University of Wisconsin-Extension,College,Norwegian,Beginning Norwegian,I 101,"4S, AC",L
University of Wisconsin-Extension,College,Norwegian,Beginning Norwegian,II 102,"4S, AC",L
University of Wisconsin-Extension,College,Nutrition,Nutrition today,132,"3S, AC",L
University of Wisconsin-Extension,College,Philosophy,Elementary logic,211,4S,L
University of Wisconsin-Extension,College,Philosophy,Ethics in business,243,"4S, AC",L
University of Wisconsin-Extension,College,Philosophy,Introduction to ethics,241,4S,L
University of Wisconsin-Extension,College,Philosophy,Introduction to philosophy,101,4S,L
University of Wisconsin-Extension,College,Physics,General physics,I 103,3S,L
University of Wisconsin-Extension,College,Physics,General physics,II 104,3S,L
University of Wisconsin-Extension,College,Political Science,American national government,101,3S,L
University of Wisconsin-Extension,College,Political Science,Dilemmas of war and peace,190,"3S, AC",L
University of Wisconsin-Extension,College,Political Science,Public personnel administration,470,3S,U
University of Wisconsin-Extension,College,Portuguese,First-semester Portuguese,101,"4S, AC",L
University of Wisconsin-Extension,College,Portuguese,Second-semester Portuguese,102,"4S, AC",L
University of Wisconsin-Extension,College,Psychology,Abnormal psychology,461,3S,L
University of Wisconsin-Extension,College,Psychology,Child psychology,560,3S,U
University of Wisconsin-Extension,College,Psychology,Introduction to psychology,202,3S,L
University of Wisconsin-Extension,College,Russian,First-semester Russian,101,"4S, AC",L
University of Wisconsin-Extension,College,Russian,Fourth-semester Russian,204,4S,L
University of Wisconsin-Extension,College,Russian,Second-semester Russian,102,4S,L
University of Wisconsin-Extension,College,Russian,Third-semester Russian,203,4S,L
University of Wisconsin-Extension,College,Safety,Industrial safety,555,3S,U
University of Wisconsin-Extension,College,Social Work,Child welfare services,462,3S,U
University of Wisconsin-Extension,College,Sociology,Marriage and the family,120,"3S, AC",L
University of Wisconsin-Extension,College,Sociology,Racial and cultural minorities,225,3S,L
University of Wisconsin-Extension,College,Sociology,Social problems,220,3S,L
University of Wisconsin-Extension,College,Sociology,Sociological foundations,200,"3S, AC",L
University of Wisconsin-Extension,College,Spanish,First-semester Spanish,101,"4S, AC",L
University of Wisconsin-Extension,College,Spanish,Fourth-semester Spanish,204,4S,L
University of Wisconsin-Extension,College,Spanish,Intermediate composition,226,3S,L
University of Wisconsin-Extension,College,Spanish,Miguel de Unamuno,407,IS,U
University of Wisconsin-Extension,College,Spanish,"Survey of Spanish literature, 19th and 20th centuries",222,3S,L
University of Wisconsin-Extension,College,Spanish,"Survey of Spanish literature, 12th-18th centuries",221,3S,L
University of Wisconsin-Extension,College,Spanish,Third-semester Spanish,203,4S,L
University of Wisconsin-Extension,College,Statistics,Principles of statistics,201,"3S, AC",L
University of Wisconsin-Extension,College,Swedish,First-semester Swedish,111,"4S, AC",L
University of Wisconsin-Extension,College,Swedish,Second-semester Swedish,112,"4S, AC",L
University of Wisconsin-Extension,College,"Social institutions, social change, and the",lives of women,102,3S,L
University of Wisconsin-Extension,College,Women and their bodies in health and,disease,103,3S,L
University of Wisconsin-Extension,College,"Women, social institutions, and social",change,102,3S,L
University of Wisconsin-Extension,Noncredit,Art,Self-directed painting or drawing,A30,NC,
University of Wisconsin-Extension,Noncredit,Art History,Business law,A306,NC,
University of Wisconsin-Extension,Noncredit,Art History,C.P.M. review,M21,NC,
University of Wisconsin-Extension,Noncredit,Art History,Compensation management,A310,"NC, VI",
University of Wisconsin-Extension,Noncredit,Consumer education and personal finance,A344 (NO Cost accounting I,A323,NC,
University of Wisconsin-Extension,Noncredit,Deciding whether to start your own,business Ml 6 (NC) Dust control services,M24,NC,
University of Wisconsin-Extension,Noncredit,Deciding whether to start your own,Elementary accounting I,A201,NC,
University of Wisconsin-Extension,Noncredit,Deciding whether to start your own,Elementary accounting II,A202,NC,
University of Wisconsin-Extension,Noncredit,Deciding whether to start your own,Gender issues in management,A334,NC,
University of Wisconsin-Extension,Noncredit,Deciding whether to start your own,Governmental accounting,A373,NC,
University of Wisconsin-Extension,Noncredit,Deciding whether to start your own,Intermediate accounting I,A301,NC,
University of Wisconsin-Extension,Noncredit,Deciding whether to start your own,Intermediate accounting II,A302,NC,
University of Wisconsin-Extension,Noncredit,Deciding whether to start your own,International business,A494,NC,
University of Wisconsin-Extension,Noncredit,Introduction to American business,enterprises,A120,NC,
University of Wisconsin-Extension,Noncredit,Introduction to American business,Introduction to service management M10 (NC) Investments,A322,NC,
University of Wisconsin-Extension,Noncredit,Introduction to American business,Labor-management relations,A434,NC,
University of Wisconsin-Extension,Noncredit,Leadership and supervision in service,management Mil (NC) Management-minded supervision,M50,NC,
University of Wisconsin-Extension,Noncredit,Leadership and supervision in service,Managerial accounting,A300,NC,
University of Wisconsin-Extension,Noncredit,Leadership and supervision in service,Managerial finance,A427,NC,
University of Wisconsin-Extension,Noncredit,Leadership and supervision in service,Managing a small business,A385,NC,
University of Wisconsin-Extension,Noncredit,"Manufacturing systems-materials, capacity",requirements planning,M40,NC,
University of Wisconsin-Extension,Noncredit,"Manufacturing systems-materials, capacity",Marketing in service organizations A432 (NO Organization and management,A233,NC,
University of Wisconsin-Extension,Noncredit,"Manufacturing systems-materials, capacity",Organizational behavior,A340,NC,
University of Wisconsin-Extension,Noncredit,"Manufacturing systems-materials, capacity",Personnel management,A321,NC,
University of Wisconsin-Extension,Noncredit,"Manufacturing systems-materials, capacity",Principles of finance,A320,NC,
University of Wisconsin-Extension,Noncredit,"Manufacturing systems-materials, capacity",Production concepts,A307,NC,
University of Wisconsin-Extension,Noncredit,Purchasing and materials management,M36 (NO Retailing,A312,NC,
University of Wisconsin-Extension,Noncredit,Child and Family Studies,Family day care as a profession,B381,NC,
University of Wisconsin-Extension,Noncredit,Introduction to child care in a family day,care setting,A381,NC,
University of Wisconsin-Extension,Noncredit,Civil and Environmental Engineering,Remote sensing: basics and environmental applications,A520,"NC, CI",
University of Wisconsin-Extension,Noncredit,Computer Science,Advanced lisp programming,A431,"NC, CI",
University of Wisconsin-Extension,Noncredit,Computer Science,Lisp programming,A430,"NC, CI",
University of Wisconsin-Extension,Noncredit,Aim and scope of disaster management,Damage and needs assessment,BB06,NC,
University of Wisconsin-Extension,Noncredit,Aim and scope of disaster management,Disaster preparedness,BB04,NC,
University of Wisconsin-Extension,Noncredit,Aim and scope of disaster management,Disaster response,BB08,NC,
University of Wisconsin-Extension,Noncredit,Emergency health management after,natural disaster,BC06,NC,
University of Wisconsin-Extension,Noncredit,Environmental health management after,natural disaster,BC02,NC,
University of Wisconsin-Extension,Noncredit,Epidemiologic surveillance after natural,disaster,BC08,NC,
University of Wisconsin-Extension,Noncredit,Health services organization in the event of,a disaster,BC04,NC,
University of Wisconsin-Extension,Noncredit,Health services organization in the event of,Natural hazards causes and effects BB02 (NO Principles of management,AA04,NC,
University of Wisconsin-Extension,Noncredit,Economics,International economics,A433,NC,
University of Wisconsin-Extension,Noncredit,Interpretation of business and economic,data,A241,NC,
University of Wisconsin-Extension,Noncredit,Interpretation of business and economic,Introduction to economics,A101,NC,
University of Wisconsin-Extension,Noncredit,Interpretation of business and economic,Principles of macroeconomics,A103,NC,
University of Wisconsin-Extension,Noncredit,Interpretation of business and economic,Principles of microeconomics,A104,NC,
University of Wisconsin-Extension,Noncredit,Engineering,Basic engineering refresher,A50,NC,
University of Wisconsin-Extension,Noncredit,Engineering,Concrete structures,A347,NC,
University of Wisconsin-Extension,Noncredit,Introduction to value analysis and value,engineering,A361,NC,
University of Wisconsin-Extension,Noncredit,Introduction to value analysis and value,Photogrammetry,A359,"NC, LK",
University of Wisconsin-Extension,Noncredit,Introduction to value analysis and value,Solid waste landfills,A180,NC,
University of Wisconsin-Extension,Noncredit,Introduction to value analysis and value,Steam-plant operation,A92,NC,
University of Wisconsin-Extension,Noncredit,"Value analysis for engineers, architects, and",builders,A362,NC,
University of Wisconsin-Extension,Noncredit,"Value analysis for engineers, architects, and",Waste composting,A184,NC,
University of Wisconsin-Extension,Noncredit,English,Advanced creative writer's workshop A20 (NO Attack on grammar,A12,NC,
University of Wisconsin-Extension,Noncredit,English,Courage to write: women novelists of 19th century,A249,"NC, AC",
University of Wisconsin-Extension,Noncredit,English,Creative writing: poetry,A204,NC,
University of Wisconsin-Extension,Noncredit,English,Creative writing: the short story,A203,NC,
University of Wisconsin-Extension,Noncredit,English,Modern English/American literature II: 20th century,A208,"NC, AC",
University of Wisconsin-Extension,Noncredit,English,Vocabulary building,A51,NC,
University of Wisconsin-Extension,Noncredit,English,Writing the nonfiction book,A64,NC,
University of Wisconsin-Extension,Noncredit,Collecting /transporting recycables and,solid waste,A186,NC,
University of Wisconsin-Extension,Noncredit,Collecting /transporting recycables and,Solid waste recycling,A182,NC,
University of Wisconsin-Extension,Noncredit,Collecting /transporting recycables and,Storm and sanitary sewers design A450 (NO Waste to energy,A 185,NC,
University of Wisconsin-Extension,Noncredit,French,Business French,A72,NC,
University of Wisconsin-Extension,Noncredit,French,Directed reading and translation course A62 (NO French for reading knowledge: beginning level,A60,NC,
University of Wisconsin-Extension,Noncredit,French,French for reading knowledge: intermediate level,A61,NC,
University of Wisconsin-Extension,Noncredit,French,French review,A71,NC,
University of Wisconsin-Extension,Noncredit,General / Interdisciplinary,Business German,A70,NC,
University of Wisconsin-Extension,Noncredit,Horse Science,Elementary horse science,A50,NC,
University of Wisconsin-Extension,Noncredit,Operations decisions in a production,enterprise,A220,"NC, CI",
University of Wisconsin-Extension,Noncredit,Italian,Italian for reading knowledge,A60,NC,
University of Wisconsin-Extension,Noncredit,Journalism,Writing your life stories,A600,NC,
University of Wisconsin-Extension,Noncredit,Journalism and Mass Communications,Writing for fun and profit,A60,NC,
University of Wisconsin-Extension,Noncredit,Mathematics,Applications of differentiation,262,NC,
University of Wisconsin-Extension,Noncredit,Mathematics,Applications of integration,264,NC,
University of Wisconsin-Extension,Noncredit,Mathematics,Basic integration,263,NC,
University of Wisconsin-Extension,Noncredit,Mathematics,Differentiation,261,NC,
University of Wisconsin-Extension,Noncredit,Mathematics,"Factoring, fractions, and exponents 162 (NO First order differential equations",274,NC,
University of Wisconsin-Extension,Noncredit,Mathematics,Functions,167,NC,
University of Wisconsin-Extension,Noncredit,Mathematics,Functions and order structures,243,NC,
University of Wisconsin-Extension,Noncredit,Mathematics,Geometry I,A20,NC,
University of Wisconsin-Extension,Noncredit,Mathematics,Geometry II,A21,NC,
University of Wisconsin-Extension,Noncredit,Mathematics,Graphs and systems of equations,165,NC,
University of Wisconsin-Extension,Noncredit,Mathematics,Infinite series,267,NC,
University of Wisconsin-Extension,Noncredit,Mathematics,Integration techniques,266,NC,
University of Wisconsin-Extension,Noncredit,Introducton to partial differential equations,Linear equations and inequalities,163,NC,
University of Wisconsin-Extension,Noncredit,Introducton to partial differential equations,Linear equations and laplace transforms 362 (NO Matrices and graphs,242,NC,
University of Wisconsin-Extension,Noncredit,Introducton to partial differential equations,Multiple integrals,272,NC,
University of Wisconsin-Extension,Noncredit,Introducton to partial differential equations,Numbers and basic operations,161,NC,
University of Wisconsin-Extension,Noncredit,Introducton to partial differential equations,Partial differentiation,271,NC,
University of Wisconsin-Extension,Noncredit,Introducton to partial differential equations,Plane curves,268,NC,
University of Wisconsin-Extension,Noncredit,Introducton to partial differential equations,Polar coordinates and vectors,269,NC,
University of Wisconsin-Extension,Noncredit,"Radicals, complex numbers, and quadratics",Review of basic calculus,A42,NC,
University of Wisconsin-Extension,Noncredit,"Radicals, complex numbers, and quadratics",Review of college algebra,A39,NC,
University of Wisconsin-Extension,Noncredit,"Radicals, complex numbers, and quadratics",Review of intermediate calculus,A43,NC,
University of Wisconsin-Extension,Noncredit,"Radicals, complex numbers, and quadratics",Review of trigonometry,A40,NC,
University of Wisconsin-Extension,Noncredit,"Radicals, complex numbers, and quadratics",Review of vector calculus,A45,NC,
University of Wisconsin-Extension,Noncredit,"Radicals, complex numbers, and quadratics",Transcendental functions,265,NC,
University of Wisconsin-Extension,Noncredit,"Radicals, complex numbers, and quadratics",Vector analysis,273,NC,
University of Wisconsin-Extension,Noncredit,"Radicals, complex numbers, and quadratics",Vector functions,270,NC,
University of Wisconsin-Extension,Noncredit,Nursing,Adult patient assessment,N60,"NC, AC",
University of Wisconsin-Extension,Noncredit,Nursing,Interpersonal relations,N70,"NC, AC",
University of Wisconsin-Extension,Noncredit,General / Interdisciplinary,magnetism,164,NC,
University of Wisconsin-Extension,Noncredit,General / Interdisciplinary,Fundamentals of mechanics,161,NC,
University of Wisconsin-Extension,Noncredit,General / Interdisciplinary,Heat and sound,163,NC,
University of Wisconsin-Extension,Noncredit,General / Interdisciplinary,Mechanics beyond Newton's laws,162,NC,
University of Wisconsin-Extension,Noncredit,General / Interdisciplinary,Modern physics,166,NC,
University of Wisconsin-Extension,Noncredit,Directed reading and translating in Russian,Russian for reading knowledge,A60,NC,
University of Wisconsin-Extension,Noncredit,Spanish,Spanish for reading knowledge,A60,NC,
University of Wisconsin-Extension,College,Accounting,Advanced accounting,305,3S,U
University of Wisconsin-Extension,College,Accounting,Elementary accounting,201,3S,L
University of Wisconsin-Extension,College,Accounting,Elementary accounting,202,3S,L
University of Wisconsin-Extension,College,Accounting,Federal individual income tax,304,3S,U
University of Wisconsin-Extension,College,Accounting,Intermediate accounting,301,3S,U
University of Wisconsin-Extension,College,Accounting,Intermediate accounting,302,3S,U
University of Wisconsin-Extension,College,Art,Art history,313,3S,U
University of Wisconsin-Extension,College,Business Administration,Administrative policy,484,3S,U
University of Wisconsin-Extension,College,Business Administration,Advertising,363,3S,U
University of Wisconsin-Extension,College,Business Administration,Business law,I 313,3S,U
University of Wisconsin-Extension,College,Business Administration,Business law,II 314,3S,U
University of Wisconsin-Extension,College,Business Administration,Financial decision making,403,3S,U
University of Wisconsin-Extension,College,Business Administration,Financial management,362,3S,U
University of Wisconsin-Extension,College,Business Administration,Financial systems analysis,364,3S,U
University of Wisconsin-Extension,College,Business Administration,Human resource management,303,3S,U
University of Wisconsin-Extension,College,Introduction to American business,Introduction to marketing,263,3S,L
University of Wisconsin-Extension,College,Introduction to American business,Investments,393,3S,U
University of Wisconsin-Extension,College,Introduction to American business,Labor law,333,3S,U
University of Wisconsin-Extension,College,Introduction to American business,Labor-management relations,433,3S,U
University of Wisconsin-Extension,College,Introduction to American business,Marketing management,463,3S,U
University of Wisconsin-Extension,College,Introduction to American business,Marketing research,370,3S,U
University of Wisconsin-Extension,College,Introduction to American business,Organization theory and process,353,3S,U
University of Wisconsin-Extension,College,Introduction to American business,Retailing,312,3S,U
University of Wisconsin-Extension,College,Introduction to American business,Sales management,383,3S,U
University of Wisconsin-Extension,College,Communication,Public speaking,212,2S,L
University of Wisconsin-Extension,College,Economics,Consumer economics,342,3S,U
University of Wisconsin-Extension,College,Economics,Introduction to microeconomics,223,3S,L
University of Wisconsin-Extension,College,Ethnic and Gender Studies,Survey of physical geography,104,4S,L
University of Wisconsin-Extension,College,Ethnic and Gender Studies,World geography,133,3S,L
University of Wisconsin-Extension,College,Mathematics,Algebra,113,3S,L
University of Wisconsin-Extension,College,Mathematics,Math of finance,233,3S,L
University of Wyoming,College,Accounting,Principles of accounting,I 2010,3S,L
University of Wyoming,College,Accounting,Principles of accounting,II 2020,3S,L
University of Wyoming,College,Agricultural Economics,Agriculture economics,I 1010,3S,L
University of Wyoming,College,Algebra,College algebra,1400,3S,L
University of Wyoming,College,Animal Sciences,Animal nutrition,3100,5S,U
University of Wyoming,College,Animal Sciences,Feeds and feeding,2020,4S,L
University of Wyoming,College,Art History,Art: history and criticism,1010,3S,L
University of Wyoming,College,Business,Introduction to business,1000,3S,L
University of Wyoming,College,Business Laic,Legal environment of business,2010,3S,L
University of Wyoming,College,Teaching reading/study strategies in,content areas,3540,2S,U
University of Wyoming,College,Economics,Intermediate macroeconomics,4010,3S,U
University of Wyoming,College,Economics,Principles of microeconomics,1020,3S,L
University of Wyoming,College,Teacher and elementary school,administration,4210,"2S, LK",U
University of Wyoming,College,Teacher and secondary school,administration,4220,"2S, LK",U
University of Wyoming,College,English,American literature,II 2320,"3S, AC, VI",L
University of Wyoming,College,English,Critical reading and writing,2030,3S,L
University of Wyoming,College,English,English composition,I 1010,3S,L
University of Wyoming,College,French,First-year French,I 1010,"4S, AC",L
University of Wyoming,College,French,Second year French,I 2030,"4S, AC, VI",L
University of Wyoming,College,French,Second-year French,I 2030,4S,L
University of Wyoming,College,Geology,Introduction to geology,1000,"2S, LK",L
University of Wyoming,College,German,Second-year German,I 2030,4S,L
University of Wyoming,College,Health Education,Personal and community health,1006,3S,L
University of Wyoming,College,History,History of Mexico,4800,3S,U
University of Wyoming,College,History,United States history,II 1220,3S,L
University of Wyoming,College,History,Western civilization 1,1110,"3S, VC",L
University of Wyoming,College,History,Western civilization,II 1120,3S,L
University of Wyoming,College,Home Economics,Foundations of marriage,3133,3S,U
University of Wyoming,College,Home Economics,Nutrition,1140,2S,L
University of Wyoming,College,Home Economics,Personal finance,3110,3S,U
University of Wyoming,College,Library /media materials for the teenager,Literature for children,2280,3S,L
University of Wyoming,College,Mathematics,Algebra and trigonometry,1450,5S,L
University of Wyoming,College,Mathematics,Business calculus,I 2350,"4S, VI",L
University of Wyoming,College,Mathematics,Calculus,I 2200,4S,L
University of Wyoming,College,Mathematics,Calculus,II 2205,4S,L
University of Wyoming,College,Mathematics,Calculus,III 2210,4S,L
University of Wyoming,College,Mathematics,College trigonometry,1405,3S,L
University of Wyoming,College,Mathematics,Differential equations,I 2310,3S,L
University of Wyoming,College,Mathematics,Elementary linear algebra,2250,3S,L
University of Wyoming,College,Mathematics,Theory of arithmetic,I 1100,3S,L
University of Wyoming,College,Mathematics,Theory of arithmetic,II 1105,3S,L
University of Wyoming,College,Music,America's ethnic music,1060,"2S, AC",L
University of Wyoming,College,Music,Introduction to music,1000,"3S, AC",L
University of Wyoming,College,Nursing,The family as client,3020,"2S, VI",U
University of Wyoming,College,Physical Education,Foundations of coaching,4090,3S,U
University of Wyoming,College,Psychology,Abnormal psychology,4340,"3S, AC",U
University of Wyoming,College,Psychology,Alcoholism,4360,3S,U
University of Wyoming,College,Psychology,Child psychology,2300,"3S, AC",L
University of Wyoming,College,Psychology,Cognitive psychology,4120,"3S, AC",U
University of Wyoming,College,Psychology,General psychology,1000,"4S, AC",L
University of Wyoming,College,Psychology,The adolescent,4300,"3S, AC, VI",U
University of Wyoming,College,Psychology,Theories of personality,4390,"3S, AC",U
University of Wyoming,College,Sociology,Introductory sociology,1000,"3S, VI",L
University of Wyoming,College,Sociology,Social problems and issues,1100,3S,L
University of Wyoming,College,Spanish,First-year Spanish,I 1010,"4S, AC",L
University of Wyoming,College,Spanish,First-year Spanish,II 1020,"4S, AC",L
University of Wyoming,College,Spanish,Second-year Spanish,I 2030,4S,L
University of Wyoming,College,Statistics,Fundamentals of statistics,2050,"3S, VI",L
University of Wyoming,College,Theater Arts,Introduction to theater,1000,3S,L
University of Wyoming,College,Accounting,Principles of accounting,I 110,5Q,L
University of Wyoming,College,Accounting,Principles of accounting,II 111,5Q,L
Upper Iowa University,College,Art,Introduction to art,100,3S,L
Upper Iowa University,College,Biology,Environmental biology,203,"3S, VI",L
Upper Iowa University,College,Business Administration,Accounting principles,I 201,3S,L
Upper Iowa University,College,Business Administration,Accounting principles,II 202,3S,L
Upper Iowa University,College,Business Administration,Advanced accounting,431,3S,U
Upper Iowa University,College,Business Administration,Advertising,363,3S,U
Upper Iowa University,College,Business Administration,Auditing,425,3S,U
Upper Iowa University,College,Business Administration,Business communication,374,3S,U
Upper Iowa University,College,Business Administration,Business law,I 302,3S,U
Upper Iowa University,College,Business Administration,Business law,II 303,3S,U
Upper Iowa University,College,Business Administration,Complex organizations,390,3S,U
Upper Iowa University,College,Business Administration,Consumer behavior,358,3S,U
Upper Iowa University,College,Business Administration,Federal taxation,323,3S,U
Upper Iowa University,College,Business Administration,Federal taxation,II 324,3S,U
Upper Iowa University,College,Business Administration,Financial accounting survey,200,3S,L
Upper Iowa University,College,Business Administration,Financial management,341,3S,U
Upper Iowa University,College,Business Administration,Human resources management,361,3S,U
Upper Iowa University,College,Business Administration,Intermediate accounting,I 321,3S,U
Upper Iowa University,College,Business Administration,Intermediate accounting,II 322,3S,U
Upper Iowa University,College,Business Administration,International business,377,3S,U
Upper Iowa University,College,Business Administration,International marketing,424,3S,U
Upper Iowa University,College,Business Administration,Labor relations,411,3S,U
Upper Iowa University,College,Business Administration,Marketing management,380,3S,U
Upper Iowa University,College,Business Administration,Marketing principles,208,3S,L
Upper Iowa University,College,Business Administration,Marketing research,451,3S,U
Upper Iowa University,College,Business Administration,Operations management,426,3S,U
Upper Iowa University,College,Business Administration,Principles of economics,212,"3S, VI",L
Upper Iowa University,College,Business Administration,Sales management,315,3S,U
Upper Iowa University,College,Business Administration,Small business management,370,3S,U
Upper Iowa University,College,Business Administration,Strategic management,458,3S,U
Upper Iowa University,College,Business Administration,Supervision,362,3S,U
Upper Iowa University,College,Chemistry,General physical science,100,"3S, VI",L
Upper Iowa University,College,Computer Science,Computer applications,367,3S,U
Upper Iowa University,College,Computer Science,Survey of computer concepts,101,3S,L
Upper Iowa University,College,English,English composition,I 101,3S,L
Upper Iowa University,College,English,English composition,II 102,3S,L
Upper Iowa University,College,English,Introduction to literature,125,3S,L
Upper Iowa University,College,History,American civilization,1110,3S,L
Upper Iowa University,College,History,American civilization,II 111,3S,L
Upper Iowa University,College,History,American economic history,381,3S,U
Upper Iowa University,College,History,Recent American history,374,3S,U
Upper Iowa University,College,Math,College algebra,106,3S,L
Upper Iowa University,College,Math,Elementary statistics,220,3S,L
Upper Iowa University,College,Math,Quantitative methods,109,3S,L
Upper Iowa University,College,Political Science,American constitutional law,I 411,3S,U
Upper Iowa University,College,Political Science,American constitutional law,II 412,3S,U
Upper Iowa University,College,Political Science,Legislative process,362,3S,L
Upper Iowa University,College,Political Science,State and local government,230,3S,U
Upper Iowa University,College,Political Science,United States government,100,"3S, VI",L
Upper Iowa University,College,Psychology,Abnormal psychology,360,3S,U
Upper Iowa University,College,Psychology,Evaluating behavioral research,373,3S,U
Upper Iowa University,College,Psychology,General psychology,190,"3S, VI",L
Upper Iowa University,College,Psychology,Introduction to human services,221,3S,L
Upper Iowa University,College,Public Administration,Administrative law,445,3S,U
Upper Iowa University,College,Public Administration,Cases in public administration,430,3S,U
Upper Iowa University,College,Public Administration,Urban management,371,3S,U
Upper Iowa University,College,Sociologi/,Cultural and racial minorities,240,3S,L
Upper Iowa University,College,Sociologi/,Social problems,220,3S,L
Upper Iowa University,College,Spanish,Spanish,I 101,"3S, VI",L
Upper Iowa University,College,Spanish,Spanish,II 102,3S,L
US Department of Agriculture Graduate School,High School,English,Better letters,101,IS,
US Department of Agriculture Graduate School,College,Accounting,Cost accounting,I 250,IS,U
US Department of Agriculture Graduate School,College,Accounting,Cost accounting,II 251,IS,U
US Department of Agriculture Graduate School,College,Accounting,Cost accounting,III 252,IS,U
US Department of Agriculture Graduate School,College,Accounting,Internal auditing,II 302,3S,U
US Department of Agriculture Graduate School,College,Accounting,Principles of accounting,I 101,2S,L
US Department of Agriculture Graduate School,College,Accounting,Principles of accounting,II 102,2S,L
US Department of Agriculture Graduate School,College,Accounting,Principles of accounting,III 103,2S,L
US Department of Agriculture Graduate School,College,Accounting,REA accounting-electric,211,IS,U
US Department of Agriculture Graduate School,College,Civil Engineering,Hydrology,I 501,3S,U
US Department of Agriculture Graduate School,College,Civil Engineering,Hydrology,II 502,3S,U
US Department of Agriculture Graduate School,College,Communications,Advanced practice in editing,310,3S,U
US Department of Agriculture Graduate School,College,Communications,Applied indexing,361,3S,U
US Department of Agriculture Graduate School,College,Communications,Basic indexing,360,3S,L
US Department of Agriculture Graduate School,College,Communications,Data communications technology,125,3S,L
US Department of Agriculture Graduate School,College,Communications,Intermediate editing,230,3S,L
US Department of Agriculture Graduate School,College,Communications,Proofreading,160,3S,L
US Department of Agriculture Graduate School,College,Communications,Publishing management,375,3S,U
US Department of Agriculture Graduate School,College,Communications,Technical editing,350,3S,U
US Department of Agriculture Graduate School,College,Introduction to information systems,technology,110,"2S, CI",L
US Department of Agriculture Graduate School,College,Introduction to information systems,Electronic* Technology Basic electronics,201,3S,L
US Department of Agriculture Graduate School,College,Engineering Technology,Basic electricity,101,3S,L
US Department of Agriculture Graduate School,College,Engineering Technology,Engineering mechanics I (statics),208,2S,L
US Department of Agriculture Graduate School,College,Engineering Technology,Hydraulics I: hydrostatic,204,2S,L
US Department of Agriculture Graduate School,College,Engineering Technology,Solid state fundamentals,102,2S,L
US Department of Agriculture Graduate School,College,Engineering Technology,Strength of materials,206,3S,L
US Department of Agriculture Graduate School,College,English,Report writing,201,IS,L
US Department of Agriculture Graduate School,College,Library Sciences,Basic reference services and tools,245,IS,L
US Department of Agriculture Graduate School,College,Library Sciences,Introduction to bibliographies,325,2S,U
US Department of Agriculture Graduate School,College,Evaluating and reporting on internal,control systems,202,IS,L
US Department of Agriculture Graduate School,College,Evaluating and reporting on internal,Federal personnel procedures,130,2S,L
US Department of Agriculture Graduate School,College,Evaluating and reporting on internal,Modern supervisory practice,201,2S,L
US Department of Agriculture Graduate School,College,Evaluating and reporting on internal,Storm water management,410,3S,U
US Department of Agriculture Graduate School,College,Evaluating and reporting on internal,Success-oriented supervision,202,2S,L
US Department of Agriculture Graduate School,College,Evaluating and reporting on internal,Time management,101,"2S, CI",L
US Department of Agriculture Graduate School,College,Mathematics,Analytic geometry,105,2S,L
US Department of Agriculture Graduate School,College,Mathematics,Basic mathematics,101,2S,L
US Department of Agriculture Graduate School,College,Mathematics,Calculus I (differential),210,2S,L
US Department of Agriculture Graduate School,College,Mathematics,Calculus II (integral),211,3S,L
US Department of Agriculture Graduate School,College,Mathematics,College algebra,250,3S,L
US Department of Agriculture Graduate School,College,Mathematics,Trigonometry,103,2S,L
US Department of Agriculture Graduate School,College,Meteorology,Dynamic meteorology,I 361,3S,U
US Department of Agriculture Graduate School,College,Meteorology,Dynamic meteorology,II 362,3S,U
US Department of Agriculture Graduate School,College,Paralegal Studies,Business law,II 121,2S,L
US Department of Agriculture Graduate School,College,Paralegal Studies,Certificate course,599,2S,L
US Department of Agriculture Graduate School,College,Paralegal Studies,Constitutional law,251,3S,L
US Department of Agriculture Graduate School,College,Paralegal Studies,Consumer law,235,3S,L
US Department of Agriculture Graduate School,College,Paralegal Studies,Criminal law,135,2S,L
US Department of Agriculture Graduate School,College,Paralegal Studies,Family law,150,3S,L
US Department of Agriculture Graduate School,College,Paralegal Studies,Financing long-term health care,325,2S,L
US Department of Agriculture Graduate School,College,Paralegal Studies,Housing law,230,3S,L
US Department of Agriculture Graduate School,College,Paralegal Studies,Introduction to elder law,115,3S,L
US Department of Agriculture Graduate School,College,Paralegal Studies,Legal research in elder law,215,3S,L
US Department of Agriculture Graduate School,College,Paralegal Studies,Legal writing,220,3S,L
US Department of Agriculture Graduate School,College,Paralegal Studies,Litigation,345,2S,L
US Department of Agriculture Graduate School,College,Paralegal Studies,Medicare /Medigap insurance,320,2S,L
US Department of Agriculture Graduate School,College,Paralegal Studies,Nursing home law,225,3S,L
US Department of Agriculture Graduate School,College,Paralegal Studies,Pensions and employment law,330,3S,L
US Department of Agriculture Graduate School,College,Paralegal Studies,Protective services law,315,2S,L
US Department of Agriculture Graduate School,College,Paralegal Studies,Public benefits,355,3S,L
US Department of Agriculture Graduate School,College,Paralegal Studies,Real estate transactions,350,3S,L
US Department of Agriculture Graduate School,College,Social Security and Supplemental Security,income,300,3S,L
US Department of Agriculture Graduate School,College,General / Interdisciplinary,Privacy Act,335,2S,L
US Department of Agriculture Graduate School,College,General / Interdisciplinary,Torts,240,3S,L
US Department of Agriculture Graduate School,College,Physics,General physics,I 201,3S,U
US Department of Agriculture Graduate School,College,Physics,General physics,II 202,3S,U
US Department of Agriculture Graduate School,College,Statistics,Advanced agricultural statistics,401,3S,U
US Department of Agriculture Graduate School,College,Statistics,Elements of statistics,350,3S,U
US Department of Agriculture Graduate School,Graduate,Library Sciences,Use of archives and manuscripts,511,3S,
US Department of Agriculture Graduate School,Graduate,Statistics,Sample survey methods,501,4S,
US Department of Agriculture Graduate School,Noncredit,English,Clarifying words that confuse,034,NC,
US Department of Agriculture Graduate School,Noncredit,English,Expansion of vocabulary,036,NC,
US Department of Agriculture Graduate School,Noncredit,English,Writing sentences /paragraphs,040,NC,
Utah State University,College,Accounting,Cost accounting,I 331,4Q,U
Utah State University,College,Agricultural Education,Foundations of adult education,530,3Q,U
Utah State University,College,Animal Sciences,Animal feeds and feeding,245,4Q,L
Utah State University,College,Animal Sciences,Horse production practice,219,3Q,L
Utah State University,College,Animal Sciences,Principles of animal breeding,456,3Q,U
Utah State University,College,Anthropology,Introduction to anthropology,101,5Q,L
Utah State University,College,Anthropology,Peoples and cultures,150,5Q,L
Utah State University,College,Art,Exploring art,101,"3Q, VI",L
Utah State University,College,Biology,Communicable disease control,512,3Q,U
Utah State University,College,Biology,Elementary microbiology,111,"4Q, AC",L
Utah State University,College,Biology,Fundamentals of epidemiology,530,3Q,U
Utah State University,College,Biology,Human physiology,130,"5Q, AC, LK",L
Utah State University,College,Biology,Personal health,115,2Q,L
Utah State University,College,Biology,Principles of biology,100,4Q,L
Utah State University,College,Business Administration,Consumer behavior,451,4Q,U
Utah State University,College,Business Administration,Corporate finance,340,4Q,U
Utah State University,College,Entrepreneur/new venture management,Fundamentals of marketing,350,4Q,U
Utah State University,College,Entrepreneur/new venture management,Introduction to business,135,3Q,L
Utah State University,College,Entrepreneur/new venture management,Operations research,308,4Q,U
Utah State University,College,Entrepreneur/new venture management,Product management,370,4Q,U
Utah State University,College,Entrepreneur/new venture management,Retailing management,454,4Q,U
Utah State University,College,Entrepreneur/new venture management,Small business management,235,3Q,L
Utah State University,College,Business Education,Managing personal finances,314,3Q,U
Utah State University,College,Business Education,Office systems management,541,3Q,U
Utah State University,College,Business Education,Secretary exam review,385,VC,U
Utah State University,College,Chemistry,Introduction to chemistry,101,5Q,L
Utah State University,College,Child and Family Studies,Guidance of children,260,3Q,L
Utah State University,College,Civil and Environmental Engineering,Applied hydraulics,550,4Q,U
Utah State University,College,Civil and Environmental Engineering,Elementary fluid mechanics,350,3Q,U
Utah State University,College,Civil and Environmental Engineering,Engineering hydraulics,553,5Q,U
Utah State University,College,Economics,Intermediate microeconomics,501,4Q,U
Utah State University,College,Elementary Education,Teaching reading,310,"3Q, AC",U
Utah State University,College,English,Children's literature,416,3Q,U
Utah State University,College,English,Elements of grammar,109,3Q,L
Utah State University,College,Fisheries and Wildlife,General ecology,284,5Q,L
Utah State University,College,Fisheries and Wildlife,General fishery biology,350,5Q,U
Utah State University,College,Fisheries and Wildlife,Oceanography,260,4Q,L
Utah State University,College,French,Elementary French,101,"5Q, AC",L
Utah State University,College,French,Elementary French,102,"5Q, AC",L
Utah State University,College,French,Elementary French,103,"5Q, AC",L
Utah State University,College,French,Intermediate French,202,3Q,L
Utah State University,College,French,Intermediate French,230,3Q,L
Utah State University,College,French,Intermediate French,201,"5Q, AC",L
Utah State University,College,Geography,Geography of Anglo- America,307,3Q,U
Utah State University,College,Geography,Geography of Europe,325,3Q,U
Utah State University,College,Geography,Physical geography,113,5Q,L
Utah State University,College,Geography,World regional geography,103,5Q,L
Utah State University,College,Geology,1 listorical geology,206,4Q,L
Utah State University,College,Geology,Introductory geology,101,"5Q, LK",L
Utah State University,College,"Health, Physical Education, and Recreation",Dynamic fitness,300,3Q,U
Utah State University,College,"Health, Physical Education, and Recreation",School health program,304,3Q,U
Utah State University,College,History,American civilization,170,5Q,L
Utah State University,College,History,Civil War and Reconstruction,438,3Q,U
Utah State University,College,History,Comparative civilizations: ancient and medieval,101,3Q,L
Utah State University,College,Human Development,Human development,110,VC,L
Utah State University,College,Introduction to occupational safety and,health,349,3Q,U
Utah State University,College,Instructional Media,Use of libraries,100,3Q,L
Utah State University,College,Mathematics,College algebra,105,5Q,L
Utah State University,College,Mathematics,Introduction to college algebra,101,5Q,L
Utah State University,College,Mathematics,Plane trigonometry,106,3Q,L
Utah State University,College,Music,Enjoying music,101,"3Q, AC",L
Utah State University,College,Music,Music fundamentals,102,"3Q, AC",L
Utah State University,College,Nutrition and Food Science,Human nutrition,540,3Q,U
Utah State University,College,Nutrition and Food Science,Nutrition for people,122,3Q,L
Utah State University,College,Philosophy,Deductive logic,210,5Q,L
Utah State University,College,Plant Science,Fruit production,450,4Q,U
Utah State University,College,Plant Science,Introduction to plant science,100,4Q,L
Utah State University,College,Psychology,Abnormal psychology,321,3Q,U
Utah State University,College,Psychology,Career exploration,122,3Q,L
Utah State University,College,Psychology,General psychology,101,5Q,L
Utah State University,College,Social Work,Child welfare,335,3Q,U
Utah State University,College,Social Work,Introduction to social welfare,105,3Q,L
Utah State University,College,Sociology,Criminology,342,3Q,U
Utah State University,College,Sociology,Introductory sociology,101,5Q,L
Utah State University,College,Sociology,Juvenile delinquency,341,3Q,U
Utah State University,College,Sociology,Population and society,320,3Q,U
Utah State University,College,Soil Science,General soils,358,4Q,U
Utah State University,College,Soil Science,"Soils, water and environment",200,3Q,L
Utah State University,College,Spanish,Advanced grammar,304,"3Q, AC",U
Utah State University,College,Spanish,Advanced grammar,305,"3Q, AC",U
Utah State University,College,Spanish,Elementary Spanish,101,"5Q, AC",L
Utah State University,College,Spanish,Elementary Spanish,102,"5Q, AC",L
Utah State University,College,Spanish,Elementary Spanish,103,"5Q, AC",L
Utah State University,College,Spanish,Intermediate Spanish,201,"5Q, AC",L
Utah State University,College,Spanish,Intermediate Spanish,202,"5Q, AC",L
Utah State University,College,Statistics,Business statistics,230,5Q,L
Utah State University,College,Statistics,Introduction to statistics,201,4Q,L
Utah State University,College,Accounting,Intermediate accounting,I 330X,3S,L
Utah State University,College,Introduction to the administration of,criminal justice,101,3S,L
Utah State University,College,English,Advanced writing,301,3S,U
Utah State University,College,Food Science and Human Nutrition,Human nutrition,233,3S,L
Weber State University,College,Anthropology,Introduction to anthropology,101,5Q,L
Weber State University,College,"Past, present, and future uses of plants",Business Ad?ninistration Applications in business,170,4Q,L
Weber State University,College,"Past, present, and future uses of plants",Introduction to business,101,4Q,L
Weber State University,College,Chemistry,Introduction to chemistry,PS101,5Q,L
Weber State University,College,Child and Family Studies,Human development,SSI 50,5Q,L
Weber State University,College,Criminal Justice,Criminal justice,SSI 01,5Q,L
Weber State University,College,English,College writing,EN111,4Q,L
Weber State University,College,English,College writing,EN112,4Q,L
Weber State University,College,English,Developmental writing level,II 096A,3Q,L
Weber State University,College,English,Fiction writing,225,3Q,L
Weber State University,College,English,Introduction to fiction,HL232,3Q,L
Weber State University,College,English,Technical writing,210,3Q,L
Weber State University,College,English,Vocabulary building,107,2Q,L
Weber State University,College,Finance,Personal finance,PD101,4Q,L
Weber State University,College,Geography,Introduction to meteorology,PS113,4Q,L
Weber State University,College,Geography,Physical geography,PS101,5Q,L
Weber State University,College,Health Sciences,Pathology for paramedics,115,5Q,L
Weber State University,College,Health Sciences,Pathophysiology,230,4Q,L
Weber State University,College,"Health, Physical Education, and Recreation",Fitness for life concepts,108,2Q,L
Weber State University,College,"Health, Physical Education, and Recreation",Healthy lifestyles,HE101,2Q,L
Weber State University,College,History,American civilization,SSI 70,5Q,L
Weber State University,College,History,History of Africa,374,5Q,U
Weber State University,College,History,History of the Far East,470,5Q,U
Weber State University,College,History,History of the Middle East,473,5Q,U
Weber State University,College,History,"The history of world societies, 1400-1871",SSI 02,4Q,L
Weber State University,College,History,"The history of world societies, 1871 to present",SS103,4Q,L
Weber State University,College,General / Interdisciplinary,Twentieth-century Europe,433,5Q,U
Weber State University,College,General / Interdisciplinary,Utah history,428,3Q,U
Weber State University,College,Interior Design,Design for living,PD105,4Q,L
Weber State University,College,Mathematics,College algebra,107,5Q,L
Weber State University,College,Music,Introduction to music,HU101,"5Q, AC",L
Weber State University,College,Philosophy,Introduction to philosophy,HU101,5Q,L
Weber State University,College,Psychology,Abnormal psychology,345,5Q,U
Weber State University,College,Psychology,Advanced general psychology,400,5Q,U
Weber State University,College,Interpersonal relations and communications,Introduction to psychology,SSI 01,5Q,L
Weber State University,College,Interpersonal relations and communications,Psychology of adjustment,154,3Q,L
Weber State University,College,Interpersonal relations and communications,Social psychology,446,3Q,U
Weber State University,College,Interpersonal relations and communications,Theories of personality,343,3Q,U
Weber State University,College,Sales and Service Technology,Advertising methods,244,5Q,L
Western Illinois University,College,Commodity markets and futures trading,Market logic,459,"2S, VI",U
Western Illinois University,College,Biological Sciences,Human biology,304,"4S, LK, CI",U
Western Illinois University,College,Biological Sciences,Ichthyology,414,"3S, VI",U
Western Illinois University,College,Biological Sciences,Immunology,434,3S,U
Western Illinois University,College,Biological Sciences,The biology of aging,420,"3S, VI, CI",U
Western Illinois University,College,Communication,Broadcasting and society,323,3S,U
Western Illinois University,College,Economics,"Money, banking, and credit",325,3S,U
Western Illinois University,College,English,Modern English grammar,370,3S,U
Western Illinois University,College,English,Modern drama,360,"3S, AC, CI",U
Western Illinois University,College,English,Personal nonfiction,400,3S,U
Western Illinois University,College,English,Scientific and technical writing,381,3S,U
Western Illinois University,College,English,Studies in American drama,341,3S,U
Western Illinois University,College,Studies in nineteenth-century British,literature,319,3S,U
Western Illinois University,College,English and Journalism,Literature of the Americas,400,"3S, AC",U
Western Illinois University,College,English and Journalism,Reviewing and criticism,405,"3S, VI",U
Western Illinois University,College,English and Journalism,Shakespeare,412,"3S, AC, VI",U
Western Illinois University,College,English and Journalism,Studies in American poetry,335,"3S, VI",U
Western Illinois University,College,Foreign Languages and Literatures,Elementary French,I 121,"4S, AC, VI",L
Western Illinois University,College,Foreign Languages and Literatures,Elementary French,II 122,"4S, AC, VI",L
Western Illinois University,College,Foreign Languages and Literatures,Elementary Spanish,I 121,"4S, AC, VI",L
Western Illinois University,College,Foreign Languages and Literatures,Elementary Spanish,II 122,"4S, AC, VI",L
Western Illinois University,College,Foreign Languages and Literatures,Intermediate French,I 223,"3S, AC, VI",L
Western Illinois University,College,Foreign Languages and Literatures,Intermediate French,II 224,"3S, AC, VI",L
Western Illinois University,College,Foreign Languages and Literatures,Intermediate Spanish,I 223,"3S, AC, VI",L
Western Illinois University,College,Foreign Languages and Literatures,Intermediate Spanish,II 224,"3S, AC, VI",L
Western Illinois University,College,Geography,Astronomy,325,3S,U
Western Illinois University,College,Geography,Climatology,327,3S,U
Western Illinois University,College,Conservation and management of natural,resources,426,3S,U
Western Illinois University,College,Geology,Environmental geology,375,3S,U
Western Illinois University,College,Geology,Minerals for modern society,415,"3S, VI",U
Western Illinois University,College,Geology,Planet Earth,422,"3S, VI",U
Western Illinois University,College,History,Age of enlightenment,421,6S,U
Western Illinois University,College,History,American history since 1877,106,3S,L
Western Illinois University,College,History,American history to 1877,105,3S,L
Western Illinois University,College,History,American law,303,3S,U
Western Illinois University,College,History,Civil War and reconstruction,415,"3S, VI",U
Western Illinois University,College,History,Crime and police,310,3S,U
Western Illinois University,College,History,Technology and society,312,"3S, AC",U
Western Illinois University,College,General / Interdisciplinary,nation,413,3S,U
Western Illinois University,College,General / Interdisciplinary,The American West,308,"3S, AC",U
Western Illinois University,College,General / Interdisciplinary,Twentieth-century Europe,429,3S,U
Western Illinois University,College,General / Interdisciplinary,U.S. military history,304,3S,U
Western Illinois University,College,Home Economics,Child nutrition and health,303,3S,U
Western Illinois University,College,Home Economics,Introduction to nutrition,109,3S,L
Western Illinois University,College,Home Economics,Parenting,426,3S,U
Western Illinois University,College,Industrial Education and Technology,Fire dynamics,444,3S,U
Western Illinois University,College,Law Enforcement and Justice Administration,Advanced fire administration,481,3S,U
Western Illinois University,College,Organization and administration in criminal,justice,306,"3S, VI, CI",U
Western Illinois University,College,Management and organizational behavior,Management and society,481,3S,U
Western Illinois University,College,Management and organizational behavior,Managing in organizations,420,6S,U
Western Illinois University,College,Management and organizational behavior,Operations management,352,3S,U
Western Illinois University,College,Marketing ami Finance,International business,317,3S,U
Western Illinois University,College,Marketing ami Finance,Introduction to finance,311,3S,U
Western Illinois University,College,Marketing ami Finance,Marketing principles,327,3S,U
Western Illinois University,College,Marketing ami Finance,Personal investing,305,3S,U
Western Illinois University,College,Marketing ami Finance,Principles of real estate,321,3S,U
Western Illinois University,College,Marketing ami Finance,Real estate financing,421,3S,U
Western Illinois University,College,Marketing ami Finance,Retailing management,343,3S,U
Western Illinois University,College,Marketing ami Finance,Risk management and insurance,351,3S,U
Western Illinois University,College,Statistical methods for experimental,sciences,470,"3S, VI",U
Western Illinois University,College,Music,Music in world cultures,394,"3S, AC, CI",U
Western Illinois University,College,Philosophy and Religious Studies,Moral philosophy,330,3S,U
Western Illinois University,College,Philosophy and Religious Studies,Philosophy of law,420,"3S, CI",U
Western Illinois University,College,Philosophy and Religious Studies,Religion in America,301,"3S, VI",U
Western Illinois University,College,Philosophy and Religious Studies,Women in religion,303,"3S, VI",U
Western Illinois University,College,Psychology,Abnormal psychology,424,"3S, VI",U
Western Illinois University,College,Psychology,Fire-related human behavior,481,3S,U
Western Illinois University,College,Psychology,The adult years,423,"6S, VI",U
Western Illinois University,College,"Recreation, Park, and Tourism Administration",Leisure services for the elderly,452,3S,U
Western Illinois University,College,"Recreation, Park, and Tourism Administration",Outdoor recreation perspectives,376,3S,U
Western Illinois University,College,"Recreation, Park, and Tourism Administration",Tourism,362,3S,U
Western Illinois University,College,"Sociology, Anthropology, and Social Work",Anthropology of women,315,"3S, VI",U
Western Illinois University,College,"Sociology, Anthropology, and Social Work",Applications of fire research,487,3S,U
Western Illinois University,College,"Sociology, Anthropology, and Social Work",Criminology,355,3S,U
Western Illinois University,College,"Sociology, Anthropology, and Social Work",Gender roles,360,3S,U
Western Illinois University,College,"Sociology, Anthropology, and Social Work",Juvenile delinquency,425,3S,U
Western Illinois University,College,"Sociology, Anthropology, and Social Work",Minority peoples,300,3S,U
Western Illinois University,College,"Sociology, Anthropology, and Social Work",Sociology of mental health,424,3S,U
Western Illinois University,College,Anthropology,Indians and Eskimos,332,"3S, VI",L
Western Illinois University,College,Anthropology,Introduction to archaeology,210,"3S, VI",L
Western Illinois University,College,Biology,Applied botany,220,"4S, SL",L
Western Illinois University,College,Biological science in elementary education,Biology of addictive drugs,507,3S,U
Western Illinois University,College,Biological science in elementary education,Biology of aging,531,3S,U
Western Illinois University,College,Biological science in elementary education,Ecology,301,4S,L
Western Illinois University,College,Biological science in elementary education,Environmental biology,105,3S,L
Western Illinois University,College,Biological science in elementary education,Medical botany,599,3S,U
Western Illinois University,College,Biological science in elementary education,Plants of southwest Michigan,597,3S,L
Western Illinois University,College,Biological science in elementary education,1'tws and shrubs,597,3S,L
Western Illinois University,College,Black Americana Studies,Black experience,300,3S,U
Western Illinois University,College,Black Americana Studies,"Black experience, 1866-present",301,3S,U
Western Illinois University,College,Teaching practical arts and vocational,education,344,3S,L
Western Illinois University,College,Chemist n/,History of chemistry,580,3S,U
Western Illinois University,College,Computer Science,Introduction to computers,105,3S,L
Western Illinois University,College,Consumer Resources and Technology,Time management,205,IS,L
Western Illinois University,College,Economics,Labor problems,410,3S,U
Western Illinois University,College,Economics,Money and credit,420,3S,U
Western Illinois University,College,Economics,Price theory,303,3S,L
Western Illinois University,College,Economics,Principles of economics: macro,202,3S,L
Western Illinois University,College,Economics,Principles of economics: micro,201,3S,L
Western Illinois University,College,Education,Critical and creative reading,103,2S,L
Western Illinois University,College,English,Children's literature,282,4S,L
Western Illinois University,College,English,Feature and article writing,364,4S,U
Western Illinois University,College,English,Film interpretation,210,4S,L
Western Illinois University,College,English,Newswriting,264,4S,L
Western Illinois University,College,English,Practical writing,305,4S,L
Western Illinois University,College,English,Studies in English: writing for the professional,497,IS,U
Western Illinois University,College,English,Thought and writing,105,4S,L
Western Illinois University,College,Geography,Geography of Michigan,311,"3S, AC",U
Western Washington University,College,Anthropology,Social anthropology,312,3Q,U
Western Washington University,College,General / Interdisciplinary,Applications of fire research,333,5Q,U
Western Washington University,College,General / Interdisciplinary,Field study,403,3Q,U
Western Washington University,College,General / Interdisciplinary,Fire administration,323,5Q,U
Western Washington University,College,General / Interdisciplinary,Fire dynamics,334,5Q,U
Western Washington University,College,General / Interdisciplinary,Fire-related human behavior,327,5Q,U
Western Washington University,College,Geography,Practicum,409,VC,U
Western Washington University,College,Geography,Seminar in urban studies,407,2Q,U
Western Washington University,College,Geography,Special studies in world affairs,406,2Q,U
Western Washington University,College,Social Science,Culture and education,463,"3Q, VI",U
Western Washington University,College,Social Science,Social psychology,334,"3Q, VI",U
Western Washington University,Graduate,Social Science,Culture and education,563,"3Q, VI",
Western Oregon State College,College,Anthropology,Childhood and culture,481,4Q,U
Western Oregon State College,College,Anthropology,Sex and gender in culture,353,4Q,U
