Level,Hierarchical structure,Code,Parent,Code title,Superscript,Code definition
1,Group,111,,Live animals,,"This group comprises live animals, live insects and live semen."
2,Class,11111,111,Cattle and calves,,"This class comprises live beef and dairy cattle, and live calves."
3,Subclass,111111,11111,Cattle and calves,,"This subclass comprises live beef and dairy cattle, and live calves."
4,Detail,1111111,111111,Cattle,,"Live beef and dairy cattle, 1 year and over."
4,Detail,1111112,111111,Calves,,"Live calves, under 1 year."
2,Class,11112,111,Hogs,,This class comprises live porcine animals.
3,Subclass,111121,11112,Hogs,,This subclass comprises live porcine animals.
4,Detail,1111211,111121,Hogs for breeding,,Live porcine animals raised for breeding.
4,Detail,1111212,111121,Nursing and weaner hogs,,"Live young pigs and piglets, weaned and unweaned, raised for meat production."
4,Detail,1111213,111121,Market hogs,,"Live porcine animals 23 kg and over, raised for meat production."
2,Class,11113,111,Poultry,,This class comprises live poultry.
3,Subclass,111131,11113,Chickens,,This subclass comprises live chickens.
4,Detail,1111311,111131,Chickens for breeding,,Live chickens raised for breeding.
4,Detail,1111312,111131,Hens and pullets for laying eggs,,Live hens and pullets raised for egg production.
4,Detail,1111313,111131,Chickens for meat,,Live chickens raised for meat production.
3,Subclass,111132,11113,Turkeys,,This subclass comprises live turkeys.
4,Detail,1111321,111132,Turkeys for breeding,,Live turkeys raised for breeding.
4,Detail,1111322,111132,Turkeys for meat,,Live turkeys raised for meat production.
3,Subclass,111133,11113,Chicks and poults,,This subclass comprises live chicks and poults.
4,Detail,1111331,111133,Chicks,,"Live chicks, from hatching until placed in raising facilities."
4,Detail,1111332,111133,Poults,,"Live poults, from hatching until placed in raising facilities."
3,Subclass,111134,11113,"Poultry (except chickens, turkeys, chicks and poults)",,"This subclass comprises live poultry, except chickens, turkeys, chicks and poults."
4,Detail,1111341,111134,"Poultry (except chickens, turkeys, chicks and poults)",,"Live poultry, except chickens, turkeys, chicks and poults."
2,Class,11114,111,Other live animals,,"This class comprises live animals n.e.c., live insects and live semen."
3,Subclass,111141,11114,"Sheep, lambs and goats",,"This subclass comprises live sheep, lambs and goats."
4,Detail,1111411,111141,Sheep and lambs,,Live sheep and lambs.
4,Detail,1111412,111141,Goats,,Live goats.
3,Subclass,111142,11114,Fur-bearing animals,,This subclass comprises live fur-bearing animals.
4,Detail,1111421,111142,Fur-bearing animals,,Live fur-bearing animals.
3,Subclass,111143,11114,Other miscellaneous live animals,,"This subclass comprises other live animals for meat and for hair; pets and laboratory animals; bees and pollinating insects; other live animals, n.e.c.; semen; and animal embryos."
4,Detail,1111431,111143,Other live animals for meat and for hair,,Other live animals for meat and for hair.
4,Detail,1111432,111143,Pets and laboratory animals,,Live pets and laboratory animals.
4,Detail,1111433,111143,Bees and pollinating insects,,Live bees and pollinating insects.
4,Detail,1111434,111143,"Other live animals, n.e.c.",,"Other live animals, n.e.c."
4,Detail,1111435,111143,Semen,,"Live semen, frozen or fresh."
4,Detail,1111436,111143,Animal embryos,,"Live animal embryos, frozen or fresh."
1,Group,112,,Wheat,,This group comprises all the varieties of unmilled wheat.
2,Class,11211,112,Wheat,,This class comprises all the varieties of unmilled wheat.
3,Subclass,112111,11211,Wheat,,This subclass comprises all the varieties of unmilled wheat.
4,Detail,1121111,112111,Wheat (except durum wheat),,"All the varieties of unmilled wheat, except durum wheat."
4,Detail,1121112,112111,Durum wheat,,Unmilled durum wheat.
1,Group,113,,Canola (including rapeseed),,This group comprises canola and rapeseed.
2,Class,11311,113,Canola (including rapeseed),,This class comprises canola and rapeseed.
3,Subclass,113111,11311,Canola (including rapeseed),,This subclass comprises canola and rapeseed.
4,Detail,1131111,113111,Canola,,"Canola, except rapeseed."
4,Detail,1131112,113111,Rapeseed (except canola),,"Rapeseed, except canola."
1,Group,114,,"Fresh fruit, nuts and vegetables, and pulse crops",,"This group comprises fresh fruit, nuts, and vegetables, and pulse crops."
2,Class,11411,114,Fresh fruit and nuts,,This class comprises fresh fruit and nuts.
3,Subclass,114111,11411,Fresh berries,,This subclass comprises fresh berries.
4,Detail,1141111,114111,Fresh strawberries,,Fresh strawberries.
4,Detail,1141112,114111,Fresh raspberries,,Fresh raspberries.
4,Detail,1141113,114111,Fresh cranberries,,Fresh cranberries.
4,Detail,1141114,114111,Fresh blueberries,,Fresh blueberries.
4,Detail,1141115,114111,Other fresh berries,,Other fresh berries.
3,Subclass,114112,11411,Fresh citrus fruit,,This subclass comprises fresh citrus fruit.
4,Detail,1141121,114112,Fresh oranges,,Fresh oranges.
4,Detail,1141122,114112,Other fresh citrus fruit,,Other fresh citrus fruit.
3,Subclass,114113,11411,Fresh tropical and semitropical fruit (except citrus fruit),,"This subclass comprises fresh tropical and semitropical fruit, except citrus fruit."
4,Detail,1141131,114113,Fresh bananas,,Fresh bananas.
4,Detail,1141132,114113,Fresh pineapples,,Fresh pineapples.
4,Detail,1141133,114113,Fresh olives,,Fresh olives.
4,Detail,1141134,114113,Other fresh tropical and semitropical fruit,,Other fresh tropical and semitropical fruit.
3,Subclass,114114,11411,Other fresh fruit,,This subclass comprises fresh fruit n.e.c.
4,Detail,1141141,114114,Fresh apples,,Fresh apples.
4,Detail,1141142,114114,Fresh pears,,Fresh pears.
4,Detail,1141143,114114,Fresh plums and prune plums,,Fresh plums and prune plums.
4,Detail,1141144,114114,"Fresh peaches, nectarines and apricots",,"Fresh peaches, nectarines and apricots."
4,Detail,1141145,114114,Fresh cherries,,Fresh cherries.
4,Detail,1141146,114114,Other fresh pome and stone fruit,,Other fresh pome and stone fruit.
4,Detail,1141147,114114,Fresh grapes,,Fresh grapes.
4,Detail,1141148,114114,"Other fresh fruit, n.e.c.",,"Other fresh fruit, n.e.c."
3,Subclass,114115,11411,Nuts,,This subclass comprises nuts.
4,Detail,1141151,114115,Peanuts,,Peanuts shelled or in shell.
4,Detail,1141152,114115,Hazelnuts,,Hazelnuts shelled or in shell.
4,Detail,1141153,114115,Other nuts,,"Nuts shelled or in shell, other than peanuts and hazelnuts."
2,Class,11421,114,Fresh potatoes,,This class comprises fresh potatoes.
3,Subclass,114211,11421,Fresh potatoes,,This subclass comprises fresh potatoes.
4,Detail,1142111,114211,Fresh potatoes for table consumption,,Fresh potatoes for table consumption.
4,Detail,1142112,114211,Fresh potatoes for processing,,Fresh potatoes for processing.
4,Detail,1142113,114211,Fresh potatoes for seed,,Fresh potatoes for seed.
2,Class,11422,114,Fresh vegetables (except potatoes and pulse crops),,"This class comprises fresh vegetables, except potatoes and pulse crops. Vegetables are temporary crops cultivated principally for human consumption both as field crops and garden crops, in the open and under protective cover. Certain gramineous and leguminous plants, if harvested while green for their green grains or for their green pods (for example, green peas, string beans, green maize) are treated as fresh vegetables, but if harvested for their dry grains or seeds, are classified as cereals and pulse crops."
3,Subclass,114221,11422,Fresh vegetables (except potatoes and pulse crops),,"This subclass comprises fresh vegetables, except potatoes and pulse crops. Vegetables are temporary crops cultivated principally for human consumption both as field crops and garden crops, in the open and under protective cover. Certain gramineous and leguminous plants, if harvested while green for their green grains or for their green pods (for example, green peas, string beans, green maize) are treated as fresh vegetables, but if harvested for their dry grains or seeds, are classified as cereals and pulse crops."
4,Detail,1142211,114221,Fresh root type vegetables,,Fresh root type vegetables.
4,Detail,1142212,114221,Fresh bulb type vegetables,,Fresh bulb type vegetables.
4,Detail,1142213,114221,Fresh leaf and stem type vegetables,,Fresh leaf and stem type vegetables.
4,Detail,1142214,114221,Fresh melons,,Fresh melons.
4,Detail,1142215,114221,Fresh fruit type vegetables (except melons),,"Fresh fruit type vegetables, except melons."
4,Detail,1142216,114221,Green leguminous vegetables,,"Fresh leguminous and gramineous plants or seed type vegetables (pod vegetable), harvested while green for their green grains or for their green pods, mainly for human consumption."
4,Detail,1142217,114221,Fresh mushrooms (including truffles),,Fresh mushrooms and truffles.
4,Detail,1142218,114221,"Other fresh vegetables, n.e.c.",,"Other fresh vegetables, n.e.c."
2,Class,11431,114,Pulse crops (except soybeans),,"This class comprises pulse crops, which are dry annual leguminous plants or edible seeds, harvested from pods, and primarily for the use in food processing, as both human food and animal feed."
3,Subclass,114311,11431,Chickpeas,,This subclass comprises chickpeas.
4,Detail,1143111,114311,"Chickpeas, Desi",,"Chickpeas, Desi."
4,Detail,1143112,114311,"Chickpeas, Kabuli",,"Chickpeas, Kabuli."
4,Detail,1143113,114311,Other chickpeas,,Other chickpeas.
3,Subclass,114312,11431,Lentils,,This subclass comprises lentils.
4,Detail,1143121,114312,Large green lentils,,Large green lentils.
4,Detail,1143122,114312,Red lentils,,Red lentils.
4,Detail,1143123,114312,Small green lentils,,Small green lentils.
4,Detail,1143124,114312,Other lentils,,Other lentils.
3,Subclass,114313,11431,Dry beans,,This subclass comprises dry beans.
4,Detail,1143131,114313,Dry white beans,,Dry white beans.
4,Detail,1143132,114313,Dry coloured beans,,Dry coloured beans.
3,Subclass,114314,11431,Dry peas,,This subclass comprises dry peas.
4,Detail,1143141,114314,Yellow dry peas,,Yellow dry peas.
4,Detail,1143142,114314,Green dry peas,,Green dry peas.
4,Detail,1143143,114314,Other dry peas,,Other dry peas.
3,Subclass,114315,11431,Other pulse crops,,This subclass comprises other pulse crops.
4,Detail,1143151,114315,Faba beans,,Faba beans.
4,Detail,1143152,114315,"Other pulse crops, n.e.c.",,"Other pulse crops, n.e.c."
1,Group,115,,Other crop products,,This group comprises crop products n.e.c.
2,Class,11511,115,Grains (except wheat),,"This class comprises unmilled cereal type grains, except wheat."
3,Subclass,115111,11511,Corn for grain,,This subclass comprises unmilled corn for grain.
4,Detail,1151111,115111,Corn for grain,,Unmilled corn for grain.
3,Subclass,115112,11511,Unmilled rice,,This subclass comprises unmilled rice.
4,Detail,1151121,115112,Unmilled rice,,Unmilled rice.
3,Subclass,115113,11511,Oats,,"This subclass comprises unmilled oats, hulless and unhulled."
4,Detail,1151131,115113,Oats,,"Unmilled oats, hulless and unhulled."
3,Subclass,115114,11511,Barley,,"This subclass comprises unmilled barley, hulless and unhulled."
4,Detail,1151141,115114,Barley,,"Unmilled barley, hulless and unhulled."
3,Subclass,115115,11511,"Other grains, n.e.c.",,This subclass comprises unmilled grains n.e.c.
4,Detail,1151151,115115,Mixed grain,,Unmilled mixed cereal grain.
4,Detail,1151152,115115,Rye,,Unmilled rye.
4,Detail,1151153,115115,Triticale,,Unmilled triticale.
4,Detail,1151154,115115,Wild rice,,Unmilled wild rice.
4,Detail,1151155,115115,Other miscellaneous grains,,Other miscellaneous unmilled grains.
2,Class,11512,115,Oilseeds (except canola),,"This class comprises oilseeds, except canola."
3,Subclass,115121,11512,Soybeans,,This subclass comprises unprocessed soybeans.
4,Detail,1151211,115121,Soybeans,,Unprocessed soybeans.
3,Subclass,115122,11512,Oilseeds (except canola and soybeans),,"This subclass comprises oilseeds, except canola and soybeans."
4,Detail,1151221,115122,Flaxseed,,Unprocessed flaxseed.
4,Detail,1151222,115122,Solin,,Unprocessed solin.
4,Detail,1151223,115122,Sunflower seeds,,Unprocessed sunflower seeds.
4,Detail,1151224,115122,Other oilseeds,,Other unprocessed oilseeds.
2,Class,11513,115,Other miscellaneous crop products,,This class comprises other miscellaneous crop products.
3,Subclass,115131,11513,Unstemmed leaf tobacco,,This subclass comprises unstemmed leaf tobacco.
4,Detail,1151311,115131,Unstemmed leaf tobacco,,Unstemmed leaf tobacco.
3,Subclass,115132,11513,Sugar cane and sugar beets,,This subclass comprises sugar cane and sugar beets.
4,Detail,1151321,115132,Sugar cane,,Sugar cane.
4,Detail,1151322,115132,Sugar beets,,Sugar beets.
3,Subclass,115133,11513,Raw tea,,"This subclass comprises raw tea, except packaged and prepared."
4,Detail,1151331,115133,Raw tea,,"Raw tea, except packaged and prepared."
3,Subclass,115134,11513,Cocoa beans,,This subclass comprises cocoa beans.
4,Detail,1151341,115134,Cocoa beans,,Cocoa beans.
3,Subclass,115135,11513,Green coffee beans,,This subclass comprises green coffee beans.
4,Detail,1151351,115135,Green coffee beans,,Green coffee beans.
3,Subclass,115136,11513,Maple syrup and other maple products,,This subclass comprises maple syrup and other maple products.
4,Detail,1151361,115136,Maple syrup,,Maple syrup.
4,Detail,1151362,115136,Maple butter,,Maple butter.
4,Detail,1151363,115136,Maple sugar,,Maple sugar.
4,Detail,1151364,115136,Maple taffy,,Maple taffy.
4,Detail,1151365,115136,"Other maple products, n.e.c.",,"Other maple products, n.e.c."
3,Subclass,115137,11513,Raw cotton,,This subclass comprises raw cotton.
4,Detail,1151371,115137,Raw cotton,,Raw cotton.
3,Subclass,115138,11513,Hay and forage,,This subclass comprises hay and forage.
4,Detail,1151381,115138,"Hay, forage seeds and grass seeds",,"Hay, forage seeds and grass seeds."
4,Detail,1151382,115138,Corn for silage,,Corn for silage.
4,Detail,1151383,115138,Unworked straw,,Unworked straw.
4,Detail,1151384,115138,"Other forage, n.e.c.",,"Other forage, n.e.c."
3,Subclass,115139,11513,"Other miscellaneous crop products, n.e.c.",,"This subclass comprises other miscellaneous crop products, n.e.c."
4,Detail,1151391,115139,Hops,,Hops.
4,Detail,1151392,115139,Natural vegetable fibres,,Natural vegetable fibres.
4,Detail,1151393,115139,Medicinal plants (except cannabis),,"Medicinal plants, except cannabis."
4,Detail,1151394,115139,Mustard seeds,,Unprocessed mustard seeds.
4,Detail,1151395,115139,Other spice seeds,,Other spice seeds.
4,Detail,1151396,115139,Vegetal gums,,"Vegetal gums, resins, gum-resins and oleoresins."
4,Detail,1151397,115139,Other crude vegetable materials,,Other crude vegetable materials.
4,Detail,1151398,115139,"Seeds for planting (except potato, flower, shrub and tree seeds)",,"Seeds for planting, except potato, flower, shrub and tree seeds."
2,Class,11514,115,"Floriculture and nursery products, and sod",,"This class comprises natural floriculture, nursery products and sod."
3,Subclass,115141,11514,"Seeds of flowers, shrubs and trees",,"This subclass comprises flower, shrub and tree seeds."
4,Detail,1151411,115141,Flower seeds,,Flower seeds and dormant bulbs.
4,Detail,1151412,115141,Shrub seeds,,Shrub seeds.
4,Detail,1151413,115141,Tree seeds,,Tree seeds.
3,Subclass,115142,11514,Christmas trees,,This subclass comprises natural Christmas trees.
4,Detail,1151421,115142,Christmas trees,,Natural Christmas trees.
3,Subclass,115143,11514,Floriculture products (except seeds),,"This subclass comprises natural floriculture products, except seeds."
4,Detail,1151431,115143,Indoor potted plants,,Indoor potted plants.
4,Detail,1151432,115143,Outdoor potted plants,,Outdoor potted plants.
4,Detail,1151433,115143,Cuttings,,Cuttings.
4,Detail,1151434,115143,Bedding plants,,Bedding plants.
4,Detail,1151435,115143,Cut flowers,,Cut flowers.
3,Subclass,115144,11514,Nursery products (except seeds),,"This subclass comprises natural trees, shrubs and their seedlings, except seeds."
4,Detail,1151441,115144,Trees,,Trees.
4,Detail,1151442,115144,Shrubs,,Shrubs.
4,Detail,1151443,115144,Vines,,Vines.
4,Detail,1151444,115144,Small fruit bushes,,Small fruit bushes.
4,Detail,1151445,115144,Tree seedlings,,Tree seedlings.
4,Detail,1151446,115144,"Other nursery trees and plants, n.e.c.",,"Other nursery trees and plants, n.e.c."
3,Subclass,115145,11514,Sod,,"This subclass comprises sod, natural."
4,Detail,1151451,115145,Sod,,"Sod, natural."
1,Group,116,,Other animal products,,This group comprises animal products n.e.c.
2,Class,11611,116,Eggs in shell,,This class comprises eggs in shell for consumption and for hatcheries.
3,Subclass,116111,11611,Eggs in shell,,This subclass comprises eggs in shell for consumption and for hatcheries.
4,Detail,1161111,116111,Eggs in shell for consumption,,Eggs in shell for consumption.
4,Detail,1161112,116111,Eggs in shell for hatcheries,,Fertilized eggs in shell for hatcheries.
4,Detail,1161113,116111,"Eggs in shell, leakers and rejects",,"Eggs in shell, leakers and rejects."
2,Class,11612,116,Unprocessed milk,,This class comprises unprocessed milk.
3,Subclass,116121,11612,Unprocessed milk,,This subclass comprises unprocessed milk.
4,Detail,1161211,116121,Unprocessed milk,,Unprocessed milk.
2,Class,11613,116,"Raw furskins, and animal products n.e.c.",,This class comprises raw furskins; raw wool and animal hair; natural honey; and pregnant mare urine.
3,Subclass,116131,11613,Raw furskins,,This subclass comprises raw furskins.
4,Detail,1161311,116131,Raw furskins,,Raw furskins.
3,Subclass,116132,11613,Raw wool and animal hair,,This subclass comprises raw wool and raw animal hair.
4,Detail,1161321,116132,Raw wool,,"Raw wool, not carded nor combed."
4,Detail,1161322,116132,Raw animal hair,,"Raw animal hair, not carded nor combed."
3,Subclass,116133,11613,Natural honey,,"This subclass comprises natural unprocessed (raw) honey made by bees, and bee-collected pollen."
4,Detail,1161331,116133,Natural honey,,"Natural unprocessed (raw) honey made by bees, and bee-collected pollen."
3,Subclass,116134,11613,Pregnant mare urine,,This subclass comprises pregnant mare urine.
4,Detail,1161341,116134,Pregnant mare urine,,Pregnant mare urine.
1,Group,121,,"Fish, crustaceans, shellfish and other fishery products",,"This group comprises fish, crustaceans, shellfish and other fishery products, live and dead, except processed beyond frozen or dressed."
2,Class,12111,121,"Fish, crustaceans, shellfish and other fishery products",,"This class comprises fish, crustaceans, shellfish and other fishery products, live and dead, except processed beyond frozen or dressed."
3,Subclass,121111,12111,"Live fish, crustaceans and shellfish",,"This subclass comprises live fish, crustaceans and shellfish."
4,Detail,1211111,121111,Live fish,,Live fish.
4,Detail,1211112,121111,Live roe,,Live roe.
4,Detail,1211113,121111,Live crustaceans,,Live crustaceans.
4,Detail,1211114,121111,Live shellfish,,Live shellfish.
3,Subclass,121112,12111,Fish (except live),,"This subclass comprises whole fish fresh, chilled or frozen, dressed or not dressed, but not further processed."
4,Detail,1211121,121112,Fish (except live),,"Whole fish fresh, chilled or frozen, dressed or not dressed, but not further processed."
3,Subclass,121113,12111,Crustaceans and shellfish (except live),,"This subclass comprises fresh, chilled and frozen unshelled crustaceans and shellfish, but not further processed."
4,Detail,1211131,121113,Crustaceans (except live),,"Fresh, chilled and frozen unshelled crustaceans, but not further processed."
4,Detail,1211132,121113,Shellfish (except live),,"Fresh, chilled and frozen unshelled shellfish, but not further processed."
3,Subclass,121114,12111,"Seaweed, Irish moss and other algae",,"This subclass comprises seaweed, Irish moss and other algae."
4,Detail,1211141,121114,Seaweed,,Seaweed.
4,Detail,1211142,121114,Irish moss,,Irish moss.
4,Detail,1211143,121114,Other algae,,Other algae.
1,Group,131,,"Logs, pulpwood and other forestry products",,"This group comprises wood logs, pulpwood and other forestry products."
2,Class,13111,131,Logs and bolts,,This class comprises wood logs and bolts.
3,Subclass,131111,13111,Hardwood logs and bolts (except fuel wood and pulpwood),,"This subclass comprises hardwood logs and bolts, except fuel wood and pulpwood."
4,Detail,1311111,131111,Hardwood logs and bolts (except fuel wood and pulpwood),,"Hardwood logs and bolts, except fuel wood and pulpwood."
3,Subclass,131112,13111,Softwood logs and bolts (except fuel wood and pulpwood),,"This subclass comprises softwood logs and bolts, except fuel wood and pulpwood."
4,Detail,1311121,131112,"Logs and bolts of spruce, pine and fir (except fuel wood and pulpwood)",,"Logs and bolts of spruce, pine and fir, except fuel wood and pulpwood."
4,Detail,1311122,131112,Logs and bolts of hemlock fir (except fuel wood and pulpwood),,"Logs and bolts of hemlock fir, except fuel wood and pulpwood."
4,Detail,1311123,131112,Logs and bolts of Douglas fir and Western larch (except fuel wood and pulpwood),,"Logs and bolts of Douglas fir and Western larch, except fuel wood and pulpwood."
4,Detail,1311124,131112,Logs and bolts of Western red cedar (except fuel wood and pulpwood),,"Logs and bolts of Western red cedar, except fuel wood and pulpwood."
4,Detail,1311125,131112,Other logs and bolts of softwood (except fuel wood and pulpwood),,"Other logs and bolts of softwood, except fuel wood and pulpwood."
2,Class,13112,131,Pulpwood,,This class comprises pulpwood.
3,Subclass,131121,13112,Hardwood pulpwood,,This subclass comprises hardwood pulpwood.
4,Detail,1311211,131121,Hardwood pulpwood,,Hardwood pulpwood.
3,Subclass,131122,13112,Softwood pulpwood,,This subclass comprises softwood pulpwood.
4,Detail,1311221,131122,Softwood pulpwood,,Softwood pulpwood.
2,Class,13113,131,"Rough untreated poles, posts and piling",,"This class comprises rough untreated poles, posts and piling."
3,Subclass,131131,13113,"Rough untreated poles, posts and piling",,"This subclass comprises rough untreated poles, posts and piling."
4,Detail,1311311,131131,"Rough untreated poles, posts and piling of softwood",,"Rough untreated poles, posts and piling of softwood."
4,Detail,1311312,131131,"Rough untreated poles, posts and piling of hardwood",,"Rough untreated poles, posts and piling of hardwood."
1,Group,141,,Crude oil and bitumen,,"This group comprises conventional crude oil, crude and diluted bitumen, and synthetic crude oil."
2,Class,14111,141,Conventional crude oil,,This class comprises crude oil (a mixture of hydrocarbons in liquid phase) extracted by conventional methods from underground reservoirs.
3,Subclass,141111,14111,Conventional crude oil,,This subclass comprises crude oil (a mixture of hydrocarbons in liquid phase) extracted by conventional methods from underground reservoirs.
4,Detail,1411111,141111,Light and medium crude oil,,Light and medium crude oil with a density equal to or less than 875.7 kg/m³ (30.1°API).
4,Detail,1411112,141111,Heavy crude oil,,Heavy crude oil with a density greater than 875.7 kg/m³ (30.1°API).
2,Class,14112,141,Crude and diluted bitumen,,This class comprises crude bitumen and bitumen mixed with diluents.
3,Subclass,141121,14112,Crude and diluted bitumen,,This subclass comprises crude bitumen and bitumen mixed with diluents.
4,Detail,1411211,141121,Crude bitumen,,Semi solid form of crude oil that does not flow unless it is heated or diluted with lighter hydrocarbons.
4,Detail,1411212,141121,Diluted bitumen,,Crude bitumen that has been diluted so that it can be transported by pipeline.
2,Class,14113,141,Synthetic crude oil,,"This class comprises synthetic crude oil, which refers to an intermediate product that is a mixture of hydrocarbons derived from the upgrading of crude bitumen into a transportable liquid form. Synthetic crude oil contains very little sulfur (less than 0.2% by weight) compared to other light crude oils due to its processing, and has a density between 834.8 and 870.8 kg/m³ (31.0°API to 38.0°API)."
3,Subclass,141131,14113,Synthetic crude oil,,"This subclass comprises synthetic crude oil, which refers to an intermediate product that is a mixture of hydrocarbons derived from the upgrading of crude bitumen into a transportable liquid form. Synthetic crude oil contains very little sulfur (less than 0.2% by weight) compared to other light crude oils due to its processing, and has a density between 834.8 and 870.8 kg/m³ (31.0°API to 38.0°API)."
4,Detail,1411311,141131,Synthetic crude oil,,"Synthetic crude oil, which refers to an intermediate product that is a mixture of hydrocarbons derived from the upgrading of crude bitumen into a transportable liquid form. Synthetic crude oil contains very little sulfur (less than 0.2% by weight) compared to other light crude oils due to its processing, and has a density between 834.8 and 870.8 kg/m³ (31.0°API to 38.0°API)."
1,Group,142,,Natural gas,,"This group comprises natural gas, a mixture of gaseous hydrocarbons consisting primarily of methane."
2,Class,14211,142,Natural gas,,"This class comprises natural gas, a mixture of gaseous hydrocarbons consisting primarily of methane."
3,Subclass,142111,14211,Natural gas,,"This subclass comprises natural gas, a mixture of gaseous hydrocarbons consisting primarily of methane."
4,Detail,1421111,142111,Natural gas,,"Natural gas, a mixture of gaseous hydrocarbons consisting primarily of methane."
1,Group,143,,Natural gas liquids (including condensate) and related products,,"This group comprises natural gas liquids (NGLs) and related products. NGLs are found in natural gas and include liquefied petroleum gases or LPGs (propane, butane), ethane, lease condensate, pentanes plus, among others."
2,Class,14311,143,Natural gas liquids (including condensate) and related products,,"This class comprises natural gas liquids (NGLs) and related products. NGLs are found in natural gas and include liquefied petroleum gases or LPGs (propane, butane), ethane, lease condensate, pentanes plus, among others."
3,Subclass,143111,14311,Liquefied petroleum gases (LPGs),,This subclass comprises liquefied petroleum gases (LPGs) consisting primarily of propane and butane.
4,Detail,1431111,143111,Propane and propane mixes,,Normally straight-chain gaseous paraffinic (saturated) hydrocarbon or compound (C3H8) extracted from natural gas or refinery gas streams. It is a colourless gas that boils at a temperature of -42° Celsius. Cover propane mixes.
4,Detail,1431112,143111,Butane and butane mixes,,Normally straight-chain or branch-chain gaseous paraffinic hydrocarbon (C4H10) extracted from natural gas or refinery gas streams. It is a colourless gas that boils at a temperature of -1° Celsius. Covers butane mixes.
3,Subclass,143112,14311,Natural gas liquids (except LPGs),,"This subclass comprises natural gas liquids, except liquefied petroleum gases (LPGs), and covers lease condensate and pentanes plus."
4,Detail,1431121,143112,Ethane,,Straight-chain gaseous paraffinic (saturated) hydrocarbon (C2H6) extracted predominantly from natural gas streams. It is a colourless gas that boils at a temperature of -88° Celsius.
4,Detail,1431122,143112,Lease condensate,,"Light liquid hydrocarbons recovered from lease separators or field facilities at associated and non-associated natural gas wells, mostly pentanes and heavier hydrocarbons. Normally enter the crude oil stream after production."
4,Detail,1431123,143112,Pentanes plus (including plant condensate),,"Mixture of mainly pentanes and heavier hydrocarbons that ordinarily contains butanes. Pentanes plus (also known as natural gasoline) is obtained from the processing of raw gas, condensate or crude oil."
4,Detail,1431124,143112,"Other natural gas liquids (NGLs) and related products, n.e.c.",,"Natural gas liquids other than ethane, propane and butane, and similar products."
1,Group,144,,Coal,,"This group comprises coal, a combustible black (hard coal) and brownish-black (brown coal) rock consisting of more than 50% by weight and more than 70% by volume of carbonaceous material. It is formed from plant remains that have been compacted, hardened and chemically altered, and metamorphosed by heat and pressure over geologic time."
2,Class,14411,144,Hard coal,,"This class comprises black coal ranked as hard coal, which includes anthracite and bituminous coal. Hard coal refers to coal of gross calorific value equal to or greater than 24,000 kJ/kg, on an ash-free but moist basis and with a mean random reflectance of vitrinite of at least 0.6%."
3,Subclass,144111,14411,Anthracite,,"This subclass comprises anthracite, a high rank hard, lustrous black coal destined primarily for residential and industrial (as steel making) or commercial applications. It has generally less than 10% volatile matter and a high carbon content (about 90% fixed carbon). Its gross calorific value is equal to or greater than 24,000 kJ/kg, on an ash-free but moist basis."
4,Detail,1441111,144111,Anthracite,,"High rank hard lustrous black coal destined primarily for residential and industrial (as steel making) or commercial applications. It has generally less than 10% volatile matter and a high carbon content (about 90% fixed carbon). Its gross calorific value is equal to or greater than 24,000 kJ/kg, on an ash-free but moist basis."
3,Subclass,144112,14411,Bituminous coal,,"This subclass comprises coking or metallurgical coal and other bituminous coal. Bituminous coal is a medium rank coal used for gasification, industrial coking and heat raising, and residential heat raising. It is characterized by higher volatile matter than anthracite (more than 10%) and lower carbon content (less than 90% fixed carbon). Its gross calorific value is equal to or greater than 24,000 kJ/kg, on an ash-free but moist basis."
4,Detail,1441121,144112,Coking (metallurgical) coal,,"Bituminous coal with a quality that allows the production of a coke suitable to support a blast furnace charge. Its gross calorific value is equal to or greater than 24,000 kJ/kg, on an ash-free but moist basis."
4,Detail,1441122,144112,Other bituminous coal,,"Other bituminous coal mainly used for steam raising purposes. It is characterized by higher volatile matter than anthracite (more than 10%) and lower carbon content (less than 90% fixed carbon). Its gross calorific value is equal to or greater than 24,000 kJ/kg, on an ash-free but moist basis."
2,Class,14412,144,Brown coal,,"This class comprises softer brown coal, which includes sub-bituminous coal and lignite. Brown coal refers to coal of gross calorific value of less than 24,000 kJ/kg, on an ash-free but moist basis, and a mean random reflectance of vitrinite of less than 0.6%."
3,Subclass,144121,14412,Sub-bituminous coal,,"This subclass comprises sub-bituminous coal, a non-agglomerating coal with a gross calorific value equal to or greater than 20,000 kJ/kg and less than 24,000 kJ/kg, containing more than 31% volatile matter on a dry mineral matter free basis."
4,Detail,1441211,144121,Sub-bituminous coal,,"Non-agglomerating coal with a gross calorific value equal to or greater than 20,000 kJ/kg and less than 24,000 kJ/kg, containing more than 31% volatile matter on a dry mineral matter free basis."
3,Subclass,144122,14412,Lignite,,"This subclass comprises lignite, a non-agglomerating coal with a gross calorific value less than 20,000 kJ/kg, containing more than 31% volatile matter on a dry mineral matter free basis."
4,Detail,1441221,144122,Lignite,,"Non-agglomerating coal with a gross calorific value less than 20,000 kJ/kg, containing more than 31% volatile matter on a dry mineral matter free basis."
1,Group,145,,Nuclear fuel and other energy products,,"This group comprises nuclear fuel, and fuel wood, fuel products of waste wood, other solid fuel products n.e.c.; and steam and heated or cooled air or water."
2,Class,14511,145,Nuclear fuel,,"This class comprises nuclear fuel; fissionable materials that have been enriched to such a composition that, when placed in a nuclear reactor, will support a self-sustaining fission chain reaction, producing heat in a controlled manner for process use."
3,Subclass,145111,14511,Nuclear fuel,,"This subclass comprises nuclear fuel; fissionable materials that have been enriched to such a composition that, when placed in a nuclear reactor, will support a self-sustaining fission chain reaction, producing heat in a controlled manner for process use."
4,Detail,1451111,145111,Nuclear fuel,,"Fissionable materials that have been enriched to such a composition that, when placed in a nuclear reactor, will support a self-sustaining fission chain reaction, producing heat in a controlled manner for process use."
2,Class,14512,145,Fuel wood and solid fuel products n.e.c.,,"This class comprises fuel wood, fuel products of waste wood, peat briquettes and other peat products used as fuel, and other solid fuel products n.e.c."
3,Subclass,145121,14512,Fuel wood,,This subclass comprises fuel wood.
4,Detail,1451211,145121,Fuel wood of hardwood,,Fuel wood of hardwood.
4,Detail,1451212,145121,Fuel wood of softwood,,Fuel wood of softwood.
3,Subclass,145122,14512,"Solid fuel products, n.e.c.",,"This subclass comprises solid fuel products, n.e.c."
4,Detail,1451221,145122,Fuel products of waste wood,,Fuel products of waste wood.
4,Detail,1451222,145122,Peat briquettes and other peat products used as fuel,,Peat briquettes and other peat products used as fuel.
4,Detail,1451223,145122,"Other solid fuel products, n.e.c.",,"Other solid fuel products, n.e.c."
2,Class,14513,145,Steam and heated or cooled air or water,,This class comprises steam and heated or cooled air or water.
3,Subclass,145131,14513,Steam,,This subclass comprises steam.
4,Detail,1451311,145131,Steam,,Steam.
3,Subclass,145132,14513,Heated or cooled air or water,,This subclass comprises heated or cooled air or water.
4,Detail,1451321,145132,Heated or cooled air or water,,Heated or cooled air or water.
1,Group,146,,Electricity,,This group comprises all forms of generated electricity.
2,Class,14611,146,Electricity,,This class comprises all forms of generated electricity.
3,Subclass,146111,14611,Electricity,,This subclass comprises all forms of generated electricity.
4,Detail,1461111,146111,Thermal generation electricity (except nuclear and geothermal),,"Electricity generated from thermal energy released by combustion of combustible fuels, except nuclear and geothermal."
4,Detail,1461112,146111,Nuclear electricity,,Electricity generated at an electric power plant whose turbines are driven by steam generated in a reactor by heat from the fission of nuclear fuel.
4,Detail,1461113,146111,Hydro-electricity,,Electric power generated from a plant in which turbine generators are driven by flowing water.
4,Detail,1461114,146111,Tidal electricity,,Electric power generated from a plant in which turbine generators are driven from tidal movements.
4,Detail,1461115,146111,Wind electricity,,Electric power generated from a plant in which the prime mover is a wind turbine. Electric power is generated by the conversion of wind power into mechanical energy.
4,Detail,1461116,146111,Solar electricity,,Electricity generated using photovoltaic (PV) technology which converts sunlight into electricity.
4,Detail,1461117,146111,Wave electricity,,Electricity generated from mechanical energy derived from wave motion.
4,Detail,1461118,146111,Geothermal electricity,,"Electricity generated from heat emitted from within the earth's crust, usually in the form of hot water or steam."
4,Detail,1461119,146111,Other forms of electricity,,Electricity generated from other non-combustible methods.
1,Group,147,,Natural gas distribution,,This group comprises natural gas distribution services through mains.
2,Class,14711,147,Natural gas distribution,,This class comprises natural gas distribution services through mains.
3,Subclass,147111,14711,"Natural gas distribution, directly to systems gas consumers",,This subclass comprises natural gas deliveries to systems gas consumers.
4,Detail,1471111,147111,Natural gas deliveries to industrial systems gas consumers,,Natural gas delivered to industrial systems gas consumers.
4,Detail,1471112,147111,Natural gas deliveries to commercial and institutional systems gas consumers,,Natural gas delivered to commercial and institutional systems gas consumers.
4,Detail,1471113,147111,Natural gas deliveries to residential systems gas consumers,,Natural gas delivered to residential systems gas consumers.
3,Subclass,147112,14711,"Natural gas distribution, directly to consumers enrolled with third party marketers",,This subclass comprises natural gas deliveries to consumers enrolled with third party marketers.
4,Detail,1471121,147112,Natural gas deliveries to industrial consumers enrolled with third party marketers,,Natural gas delivered to industrial consumers enrolled with third party marketers.
4,Detail,1471122,147112,Natural gas deliveries to commercial and institutional consumers enrolled with third party marketers,,Natural gas delivered to commercial and institutional consumers enrolled with third party marketers.
4,Detail,1471123,147112,Natural gas deliveries to residential consumers enrolled with third party marketers,,Natural gas delivered to residential consumers enrolled with third party marketers.
3,Subclass,147113,14711,Natural gas distribution to consumers having purchased directly from suppliers,,This subclass comprises natural gas deliveries to consumers directly from suppliers.
4,Detail,1471131,147113,Natural gas deliveries to industrial consumers having purchased directly from suppliers,,Natural gas delivered to industrial consumers who have purchased their own natural gas directly from the suppliers.
4,Detail,1471132,147113,Natural gas deliveries to commercial and institutional consumers having purchased directly from suppliers,,Natural gas delivered to commercial and institutional consumers who have purchased their own natural gas directly from the suppliers.
4,Detail,1471133,147113,Natural gas deliveries to residential consumers having purchased directly from suppliers,,Natural gas delivered to residential consumers who have purchased their own natural gas directly from the suppliers.
3,Subclass,147114,14711,Other natural gas deliveries,,This subclass comprises other natural gas deliveries.
4,Detail,1471141,147114,Natural gas deliveries to transmission pipelines,,Natural gas delivered to transmission pipelines.
4,Detail,1471142,147114,Natural gas deliveries to storage facilities,,Natural gas delivered to storage facilities.
4,Detail,1471143,147114,Natural gas deliveries to other gas distributors,,Natural gas delivered to other gas distributors.
1,Group,151,,Iron ores and concentrates,,This group comprises iron ores and concentrates.
2,Class,15111,151,Iron ores and concentrates,,This class comprises iron ores and concentrates.
3,Subclass,151111,15111,Iron ores and concentrates,,This subclass comprises iron ores and concentrates.
4,Detail,1511111,151111,Iron ores and concentrates,,Iron ores and concentrates.
1,Group,152,,Copper ores and concentrates,,This group comprises copper ores and concentrates.
2,Class,15211,152,Copper ores and concentrates,,This class comprises copper ores and concentrates.
3,Subclass,152111,15211,Copper ores and concentrates,,This subclass comprises copper ores and concentrates.
4,Detail,1521111,152111,Copper ores and concentrates,,Copper ores and concentrates.
1,Group,153,,Nickel ores and concentrates,,This group comprises nickel ores and concentrates.
2,Class,15311,153,Nickel ores and concentrates,,This class comprises nickel ores and concentrates.
3,Subclass,153111,15311,Nickel ores and concentrates,,This subclass comprises nickel ores and concentrates.
4,Detail,1531111,153111,Nickel ores and concentrates,,Nickel ores and concentrates.
1,Group,154,,Radioactive ores and concentrates,,This group comprises radioactive ores and concentrates.
2,Class,15411,154,Radioactive ores and concentrates,,This class comprises radioactive ores and concentrates.
3,Subclass,154111,15411,Radioactive ores and concentrates,,This subclass comprises radioactive ores and concentrates.
4,Detail,1541111,154111,Radioactive ores and concentrates,,Radioactive ores and concentrates.
1,Group,155,,Other metal ores and concentrates,,This group comprises other metal ores and concentrates.
2,Class,15511,155,"Gold, silver, and platinum group metal ores and concentrates",,"This class comprises gold, silver, and platinum group metal ores and concentrates."
3,Subclass,155111,15511,"Gold ores, concentrates and mill bullion",,"This subclass comprises gold ores, concentrates and mill bullion."
4,Detail,1551111,155111,"Gold ores, concentrates and mill bullion",,"Gold ores, concentrates and mill bullion."
3,Subclass,155112,15511,"Silver ores, concentrates and mill bullion",,"This subclass comprises silver ores, concentrates and mill bullion."
4,Detail,1551121,155112,"Silver ores, concentrates and mill bullion",,"Silver ores, concentrates and mill bullion."
3,Subclass,155113,15511,Platinum group metal ores and concentrates,,This subclass comprises platinum group metal ores and concentrates.
4,Detail,1551131,155113,Platinum group metal ores and concentrates,,Platinum group metal ores and concentrates.
2,Class,15521,155,Bauxite and aluminum oxide,,This class comprises bauxite and aluminum oxide.
3,Subclass,155211,15521,Bauxite and natural alumina,,This subclass comprises bauxite and natural alumina.
4,Detail,1552111,155211,Bauxite and natural alumina,,Bauxite and natural alumina.
3,Subclass,155212,15521,Refined aluminum oxide,,This subclass comprises refined aluminum oxide.
4,Detail,1552121,155212,Refined aluminum oxide,,Refined aluminum oxide.
2,Class,15522,155,Lead and zinc ores and concentrates,,This class comprises lead and zinc ores and concentrates.
3,Subclass,155221,15522,Lead ores and concentrates,,This subclass comprises lead ores and concentrates.
4,Detail,1552211,155221,Lead ores and concentrates,,Lead ores and concentrates.
3,Subclass,155222,15522,Zinc ores and concentrates,,This subclass comprises zinc ores and concentrates.
4,Detail,1552221,155222,Zinc ores and concentrates,,Zinc ores and concentrates.
2,Class,15523,155,"Other metal ores and concentrates, n.e.c.",,"This class comprises other metal ores and concentrates, n.e.c."
3,Subclass,155231,15523,Ferro-alloy ores and concentrates,,This subclass comprises ferro-alloy ores and concentrates.
4,Detail,1552311,155231,Ferro-alloy ores and concentrates,,Ferro-alloy ores and concentrates.
3,Subclass,155232,15523,"Other miscellaneous metal ores and concentrates, n.e.c.",,"This subclass comprises other miscellaneous metal ores and concentrates, n.e.c."
4,Detail,1552321,155232,Cobalt ores and concentrates,,Cobalt ores and concentrates.
4,Detail,1552322,155232,"Other miscellaneous metal ores and concentrates (except cobalt), n.e.c.",,"Other miscellaneous metal ores and concentrates, except cobalt, n.e.c."
1,Group,156,,Waste and scrap of metal,,This group comprises waste and scrap of metal.
2,Class,15611,156,Waste and scrap of iron and steel,,This class comprises waste and scrap of iron and steel.
3,Subclass,156111,15611,Waste and scrap of iron and steel,,This subclass comprises waste and scrap of iron and steel.
4,Detail,1561111,156111,Waste and scrap of iron and steel,,Waste and scrap of iron and steel.
2,Class,15612,156,Waste and scrap of non-ferrous metals,,This class comprises waste and scrap of non-ferrous metals.
3,Subclass,156121,15612,Waste and scrap of aluminum and aluminum alloys,,This subclass comprises waste and scrap of aluminum and aluminum alloys.
4,Detail,1561211,156121,Waste and scrap of aluminum and aluminum alloys,,Waste and scrap of aluminum and aluminum alloys.
3,Subclass,156122,15612,Waste and scrap of other non-ferrous metals,,This subclass comprises waste and scrap of other non-ferrous metals.
4,Detail,1561221,156122,Waste and scrap of copper and copper alloys,,Waste and scrap of copper and copper alloys.
4,Detail,1561222,156122,"Waste and scrap of gold, silver, and platinum group metals, and their alloys",,"Waste and scrap of gold, silver, and platinum group metals, and their alloys."
4,Detail,1561223,156122,Waste and scrap of other non-ferrous metals and other non-ferrous metal-base alloys,,Waste and scrap of other non-ferrous metals and other non-ferrous metal-base alloys.
1,Group,157,,"Waste and scrap of wood, wood by-products, paper and paperboard",,"This group comprises waste and scrap of wood, wood by-products, paper and paperboard."
2,Class,15711,157,Waste and scrap of wood and wood by-products,,This class comprises waste and scrap of wood and wood by-products.
3,Subclass,157111,15711,Wood sawdust and shavings,,This subclass comprises wood sawdust and shavings.
4,Detail,1571111,157111,Softwood sawdust (except agglomerated),,"Softwood sawdust, except agglomerated."
4,Detail,1571112,157111,Hardwood sawdust (except agglomerated),,"Hardwood sawdust, except agglomerated."
4,Detail,1571113,157111,Softwood shavings,,Softwood shavings.
4,Detail,1571114,157111,Hardwood shavings,,Hardwood shavings.
3,Subclass,157112,15711,Waste and scrap of wood,,This subclass comprises waste and scrap of wood.
4,Detail,1571121,157112,"Wood by-products including wood wool and wood flour (except fuel products, sawdust and shavings)",,"Wood by-products including wood wool and wood flour, except fuel products, sawdust and shavings."
4,Detail,1571122,157112,Waste and scrap of wood (except by-products),,"Waste and scrap of wood, except by-products."
2,Class,15712,157,Waste and scrap of paper and paperboard,,This class comprises waste and scrap of paper and paperboard.
3,Subclass,157121,15712,Waste and scrap of paper and paperboard,,This subclass comprises waste and scrap of paper and paperboard.
4,Detail,1571211,157121,Waste and scrap of paper and paperboard,,Waste and scrap of paper and paperboard.
1,Group,158,,Waste and scrap of plastic and rubber,,This group comprises waste and scrap of plastic and rubber.
2,Class,15811,158,Waste and scrap of plastic and rubber,,This class comprises waste and scrap of plastic and rubber.
3,Subclass,158112,15811,Polyethylene waste and scrap,,This subclass comprises polyethylene waste and scrap.
4,Detail,1581121,158112,High density polyethylene (HDPE) waste and scrap,,High density polyethylene (HDPE) waste and scrap.
4,Detail,1581122,158112,Low density polyethylene (LDPE) waste and scrap,,Low density polyethylene (LDPE) waste and scrap.
3,Subclass,158113,15811,Thermoplastic resin waste and scrap,,This subclass comprises thermoplastic resin waste and scrap.
4,Detail,1581131,158113,Polystyrene waste and scrap,,Polystyrene waste and scrap.
4,Detail,1581132,158113,Polyvinyl chloride waste and scrap,,Polyvinyl chloride waste and scrap.
4,Detail,1581133,158113,Polypropylene waste and scrap,,Polypropylene waste and scrap.
4,Detail,1581134,158113,Acrylonitrile-Butadiene-Styrene (ABS) waste and scrap,,Acrylonitrile-Butadiene-Styrene (ABS) waste and scrap.
4,Detail,1581135,158113,Polyethylene terephthalate (PET) waste and scrap,,Polyethylene terephthalate (PET) waste and scrap.
4,Detail,1581136,158113,Polyamides (nylon) waste and scrap,,Polyamides (nylon) waste and scrap.
4,Detail,1581137,158113,Polyurethane (PU) waste and scraps,,Polyurethane (PU) waste and scraps.
4,Detail,1581139,158113,Other non-compostable thermoplastic resin waste and scrap n.e.c.,,Other non-compostable thermoplastic resin waste and scrap n.e.c.
3,Subclass,158114,15811,Compostable and biodegradable plastic waste and scrap,,This subclass comprises compostable and biodegradable plastic waste and scrap.
4,Detail,1581141,158114,Compostable and biodegradable thermoplastic waste and scrap,,Compostable and biodegradable thermoplastic waste and scrap.
4,Detail,1581142,158114,Compostable and biodegradable thermoset plastic waste and scrap,,Compostable and biodegradable thermoset plastic waste and scrap.
3,Subclass,158115,15811,Other plastic waste and scrap n.e.c.,,This subclass comprises other plastic waste and scrap n.e.c.
4,Detail,1581151,158115,Waste and scrap of other thermoset plastics and other plastics n.e.c.,,Waste and scrap of other thermoset plastics and other plastics n.e.c.
3,Subclass,158116,15811,Waste and scrap of rubber,,This subclass comprises waste and scrap of rubber.
4,Detail,1581161,158116,Waste and scrap of rubber,,Waste and scrap of rubber.
1,Group,159,,Waste and scrap of glass,,This group comprises waste and scrap of glass.
2,Class,15911,159,Waste and scrap of glass,,This class comprises waste and scrap of glass.
3,Subclass,159111,15911,Waste and scrap of glass,,This subclass comprises waste and scrap of glass.
4,Detail,1591111,159111,Waste and scrap of glass,,Waste and scrap of glass.
1,Group,161,,Potash,,This group comprises potash.
2,Class,16111,161,Potash,,This class comprises potash.
3,Subclass,161111,16111,Potash,,This subclass comprises potash.
4,Detail,1611111,161111,Potash,,Potash.
1,Group,162,,"Stone, sand, gravel, clay, and refractory minerals",,"This group comprises stone, sand, gravel, clay, and refractory minerals."
2,Class,16211,162,Stone,,This class comprises stone.
3,Subclass,162111,16211,Rough dimension stone,,This subclass comprises rough dimension stone.
4,Detail,1621111,162111,Rough dimension stone,,Rough dimension stone.
3,Subclass,162112,16211,Crushed stone,,This subclass comprises crushed stone.
4,Detail,1621121,162112,Crushed stone,,Crushed stone.
2,Class,16212,162,"Sand, gravel, clay, and refractory minerals",,"This class comprises sand, gravel, clay, and refractory minerals."
3,Subclass,162121,16212,Construction sand and gravel,,"This subclass comprises sand and gravel that has not been further processed than crushing, washing or screening."
4,Detail,1621211,162121,Construction sand and gravel,,"Sand and gravel that has not been further processed than crushing, washing or screening."
3,Subclass,162122,16212,Industrial sand,,This subclass comprises industrial sand.
4,Detail,1621221,162122,Industrial sand,,Industrial sand.
3,Subclass,162123,16212,Clay and refractory minerals,,"This subclass comprises clay, and refractory minerals."
4,Detail,1621231,162123,Clay and refractory minerals,,"Clay, and refractory minerals."
1,Group,163,,Diamonds and other non-metallic minerals (except cut gemstones),,"This group comprises diamonds and other non-metallic minerals, except cut gemstones."
2,Class,16311,163,Uncut and industrial diamonds,,This class comprises uncut and industrial diamonds.
3,Subclass,163111,16311,Uncut and industrial diamonds,,This subclass comprises uncut and industrial diamonds.
4,Detail,1631111,163111,Uncut diamonds,,Uncut diamonds.
4,Detail,1631112,163111,Industrial diamonds,,Industrial diamonds.
2,Class,16312,163,Non-metallic minerals (except diamonds),,"This class comprises non-metallic minerals, except uncut and industrial diamonds."
3,Subclass,163121,16312,Gypsum,,This subclass comprises gypsum.
4,Detail,1631211,163121,Gypsum,,Gypsum.
3,Subclass,163122,16312,Sulphur,,This subclass comprises sulphur.
4,Detail,1631221,163122,Sulphur,,Sulphur.
3,Subclass,163123,16312,Phosphate rock,,This subclass comprises phosphate rock.
4,Detail,1631231,163123,Phosphate rock,,Phosphate rock.
3,Subclass,163124,16312,Rock salt,,This subclass comprises rock salt.
4,Detail,1631241,163124,Rock salt,,Rock salt.
3,Subclass,163125,16312,Other non-metallic minerals,,This subclass comprises other non-metallic minerals.
4,Detail,1631251,163125,Quartz,,Quartz.
4,Detail,1631252,163125,Peat,,Peat.
4,Detail,1631253,163125,"Other non-metallic minerals, n.e.c.",,"Other non-metallic minerals, n.e.c."
1,Group,171,,Prepared and packaged seafood products,,"This group comprises prepared, processed beyond dressing, and packaged seafood products."
2,Class,17111,171,Prepared and packaged seafood products,,"This class comprises prepared, processed beyond dressing, and packaged seafood products."
3,Subclass,171111,17111,"Prepared fresh fish, shellfish, crustaceans and other fresh seafood products",,"This subclass comprises fresh fish processed beyond dressing (e.g., chilled); fresh shelled shellfish; and other fresh fish and shellfish products."
4,Detail,1711111,171111,"Prepared fresh fish, shellfish and crustaceans",,"Fresh fish that has been further processed than just dressed, and fresh shellfish and shelled crustaceans."
4,Detail,1711112,171111,"Fresh fish, shellfish and crustaceans products, n.e.c.",,"Fresh fish, shellfish and crustaceans products, n.e.c."
3,Subclass,171112,17111,"Canned fish, shellfish and crustaceans (including soups)",,"This subclass comprises canned fish, shellfish and crustaceans, including fish and shellfish based soups."
4,Detail,1711121,171112,"Canned fish, shellfish and crustaceans (including soups)",,"Canned fish, shellfish and crustaceans, including fish and shellfish based soups."
3,Subclass,171113,17111,"Cured fish, shellfish and crustaceans",,"This subclass comprises fish, shellfish and crustaceans cured by addition of either salt, nitrate, nitrites, sugar, seasonings, phosphates or by smoke for preservation and flavor enhancement."
4,Detail,1711131,171113,"Cured fish, shellfish and crustaceans",,"Fish, shellfish and crustaceans cured by addition of either salt, nitrate, nitrites, sugar, seasonings, phosphates or by smoke for preservation and flavor enhancement."
3,Subclass,171114,17111,Frozen prepared fish and other seafood products (except frozen shellfish and crustaceans),,"This subclass comprises frozen fish processed beyond dressing, and other frozen processed and prepared seafood products, except frozen shellfish and crustaceans."
4,Detail,1711141,171114,Frozen prepared fish,,Frozen fish processed beyond dressing.
4,Detail,1711142,171114,"Frozen prepared seafood dinners and seafood products, n.e.c.",,"Frozen processed and prepared (ready-to-eat) seafood dinners and seafood products, n.e.c."
3,Subclass,171115,17111,Frozen prepared shellfish and crustaceans,,"This subclass comprises frozen shelled shellfish and crustaceans, cooked and uncooked, and frozen cooked shellfish and crustaceans in shell."
4,Detail,1711151,171115,Frozen prepared shellfish and crustaceans,,"Frozen shelled shellfish and crustaceans, cooked and uncooked, and frozen cooked shellfish and crustaceans in shell."
1,Group,172,,Meat products,,"This group comprises fresh, frozen and processed meat products."
2,Class,17211,172,Fresh and frozen beef and veal,,This class comprises fresh and frozen beef and veal.
3,Subclass,172111,17211,Fresh and frozen carcasses and half-carcasses of beef and veal,,This subclass comprises fresh and frozen carcasses and half-carcasses of beef and veal.
4,Detail,1721111,172111,Fresh and frozen carcasses and half-carcasses of beef and veal,,Fresh and frozen carcasses and half-carcasses of beef and veal.
3,Subclass,172112,17211,Fresh and frozen cuts of beef,,This subclass comprises fresh and frozen cuts of beef.
4,Detail,1721121,172112,Fresh and frozen cuts of beef,,Fresh and frozen cuts of beef.
3,Subclass,172113,17211,Fresh and frozen ground beef,,This subclass comprises fresh and frozen ground beef.
4,Detail,1721131,172113,Fresh and frozen ground beef,,Fresh and frozen ground beef.
3,Subclass,172114,17211,Fresh and frozen veal (except carcasses and half-carcasses),,"This subclass comprises fresh and frozen veal, except carcasses and half-carcasses."
4,Detail,1721141,172114,Fresh and frozen veal (except carcasses and half-carcasses),,"Fresh and frozen veal, except carcasses and half-carcasses."
2,Class,17212,172,Fresh and frozen pork,,This class comprises fresh and frozen pork.
3,Subclass,172121,17212,Fresh and frozen pork,,This subclass comprises fresh and frozen pork.
4,Detail,1721211,172121,"Fresh and frozen pork, whole and half-carcass",,"Fresh and frozen pork, whole and half-carcass."
4,Detail,1721212,172121,Fresh and frozen cuts of pork,,"Fresh and frozen cuts of pork, except carcasses and half-carcasses."
2,Class,17213,172,Fresh and frozen poultry of all types,,This class comprises fresh and frozen poultry of all types.
3,Subclass,172131,17213,Fresh and frozen chicken,,This subclass comprises fresh and frozen chicken.
4,Detail,1721311,172131,Fresh and frozen chicken,,Fresh and frozen chicken.
3,Subclass,172132,17213,Fresh and frozen turkey,,This subclass comprises fresh and frozen turkey.
4,Detail,1721321,172132,Fresh and frozen turkey,,Fresh and frozen turkey.
3,Subclass,172133,17213,Other fresh and frozen poultry and fowl,,"This subclass comprises fresh and frozen poultry and fowl, other than chicken or turkey."
4,Detail,1721331,172133,Other fresh and frozen poultry and fowl,,"Fresh and frozen poultry and fowl, other than chicken or turkey."
2,Class,17214,172,"Fresh and frozen lamb, mutton and goat meat",,"This class comprises fresh and frozen lamb, mutton and goat meat."
3,Subclass,172141,17214,"Fresh and frozen lamb, mutton and goat meat",,"This subclass comprises fresh and frozen lamb, mutton and goat meat."
4,Detail,1721411,172141,"Fresh and frozen lamb, mutton and goat, whole and half-carcass",,"Fresh and frozen carcasses and half-carcasses of lamb, mutton and goat."
4,Detail,1721412,172141,"Cuts of lamb, mutton and goat",,"Cuts of lamb, mutton and goat."
2,Class,17215,172,"Processed meat products, other meats, and animal by-products",,"This class comprises processed, either dressed, cut, or chilled meat products, other meats, and animal by-products."
3,Subclass,172151,17215,Sausage (except poultry sausages),,"This subclass comprises sausage and similar products, made from mixtures of ground or chopped meat, except poultry, and other ingredients, shaped in a tube, whether or not cased, but not canned."
4,Detail,1721511,172151,Sausage (except poultry sausages),,"Sausage and similar products, made from mixtures of ground or chopped meat, except poultry, and other ingredients, shaped in a tube, whether or not cased, but not canned."
3,Subclass,172152,17215,"Ham, bacon and other processed pork",,"This subclass comprises cooked, dried, smoked, pickled and salted pork cuts, except sausage or similar products."
4,Detail,1721521,172152,"Ham, bacon and other processed pork",,"Cooked, dried, smoked, pickled and salted pork cuts, except sausage or similar products."
3,Subclass,172153,17215,Processed poultry products (including canned poultry and poultry sausages),,"This subclass comprises processed poultry and game bird products, including canned poultry and poultry sausages."
4,Detail,1721531,172153,Processed poultry products (including canned poultry and poultry sausages),,"Processed poultry and game bird products, including canned poultry and poultry sausages."
3,Subclass,172154,17215,"Canned meat and processed meats, n.e.c.",,"This subclass comprises canned meat and processed meats, n.e.c."
4,Detail,1721541,172154,"Processed beef, lamb and other meats, n.e.c.",,"Processed beef, lamb and other meats, n.e.c."
4,Detail,1721542,172154,Canned meat (except canned poultry),,"Canned meat, except canned poultry."
3,Subclass,172155,17215,Lard,,This subclass comprises lard.
4,Detail,1721551,172155,Lard,,Lard.
3,Subclass,172156,17215,"Animal oil and fat (except lard), feed and fertilizer by-products",,"This subclass comprises oil and fat of animal or marine origin, except lard, and animal or marine by-products for feed or fertilizer ingredients."
4,Detail,1721561,172156,"Oil and fat of animal or marine origin, n.e.c.",,"Oil and fat of animal or marine origin, n.e.c."
4,Detail,1721562,172156,"Animal or marine by-products, for feed or fertilizer ingredients",,"Animal or marine by-products, for feed or fertilizer ingredients."
3,Subclass,172157,17215,"Hides, skins, and pelts (except of fur-bearing animals)",,"This subclass comprises hides, skins, and pelts, except of fur-bearing animals."
4,Detail,1721571,172157,"Hides, skins, and pelts (except of fur-bearing animals)",,"Hides, skins, and pelts, except of fur-bearing animals."
3,Subclass,172158,17215,"Meat of other animals, and animal by-products, n.e.c.",,"This subclass comprises meat and dressed carcasses of other animals, and animal by-products, n.e.c."
4,Detail,1721581,172158,"Whole and half-carcass of meat, n.e.c.",,"Whole and half-carcass of meat, n.e.c."
4,Detail,1721582,172158,"Cuts of meat, n.e.c.",,"Cuts of meat, n.e.c."
4,Detail,1721583,172158,"Animal by-products, n.e.c.",,"Animal by-products, n.e.c."
1,Group,173,,Dairy products,,This group comprises dairy products.
2,Class,17311,173,Processed fluid milk and milk products,,"This class comprises processed fluid milk and milk products, except dry and canned products."
3,Subclass,173111,17311,"Fluid milk products, in bulk",,"This subclass comprises processed milk and cream, and other fluid milk products, in bulk."
4,Detail,1731111,173111,"Processed fluid milk and cream, in bulk",,"Fluid milk and cream that has been pasteurized, in bulk containers. May also be homogenized or reconstituted."
4,Detail,1731112,173111,"Other fluid milk products, in bulk",,"Other fluid milk products, in bulk."
3,Subclass,173112,17311,Packaged fluid skim milk (except canned and UHT milk),,"This subclass comprises fluid skim milk packaged in cartons, bags, bottles and dispenser cans, except canned and UHT milk."
4,Detail,1731121,173112,Packaged fluid skim milk (except canned and UHT milk),,"Fluid skim milk packaged in cartons, bags, bottles and dispenser cans, except canned and UHT milk."
3,Subclass,173113,17311,"Packaged fluid milk (except skim milk and cream, and canned and UHT milk)",,"This subclass comprises partly skimmed and whole fluid milk, packaged in cartons, bags, bottles and dispenser cans, except skim milk and cream, and canned and UHT milk."
4,Detail,1731131,173113,"Packaged fluid milk (except skim milk and cream, and canned and UHT milk)",,"Partly skimmed and whole fluid milk, packaged in cartons, bags, bottles and dispenser cans, except skim milk and cream, and canned and UHT milk."
3,Subclass,173114,17311,Packaged fluid cream (except canned and UHT cream),,"This subclass comprises fluid cream packaged in cartons, bags, bottles and dispenser cans, except canned and UHT cream."
4,Detail,1731141,173114,Packaged fluid cream (except canned and UHT cream),,"Fluid cream packaged in cartons, bags, bottles and dispenser cans, except canned and UHT cream."
3,Subclass,173115,17311,"Flavoured milk, buttermilk, and sour cream, in bulk or packaged",,"This subclass comprises flavoured milk, buttermilk, and sour cream, in bulk or packaged."
4,Detail,1731151,173115,"Flavoured milk, buttermilk, and sour cream, in bulk or packaged",,"Flavoured milk, buttermilk, and sour cream, in bulk or packaged."
3,Subclass,173116,17311,Yoghurt (except frozen),,"This subclass comprises yoghurt, except frozen."
4,Detail,1731161,173116,Yoghurt (except frozen),,"Yoghurt, except frozen."
2,Class,17312,173,"Butter, and dry and canned dairy products",,"This class comprises butter, dry and canned dairy products and dairy substitutes."
3,Subclass,173121,17312,Butter and butter products,,This subclass comprises butter and butter products.
4,Detail,1731211,173121,Butter and butter products,,Butter and butter products.
3,Subclass,173122,17312,"Canned, concentrated and condensed milk products (including UHT)",,"This subclass comprises canned, concentrated and condensed milk products, including UHT (ultra high temperature) processed."
4,Detail,1731221,173122,"Canned, concentrated and condensed milk products (including UHT)",,"Canned, concentrated and condensed milk products, including UHT (ultra high temperature) processed."
3,Subclass,173123,17312,Dry milk-based powder mixes,,This subclass comprises dry milk-based powder mixes.
4,Detail,1731231,173123,Dry milk-based powder mixes,,Dry milk-based powder mixes.
3,Subclass,173124,17312,Dry skim milk powder,,This subclass comprises dry skim milk powder.
4,Detail,1731241,173124,Dry skim milk powder,,Dry skim milk powder.
3,Subclass,173125,17312,Dry milk products (except milk-based powder mixes and skim milk powder),,"This subclass comprises dry milk products, except milk-based powder mixes and skim milk powder."
4,Detail,1731251,173125,Dry milk products (except milk-based powder mixes and skim milk powder),,"Dry milk products, except milk-based powder mixes and skim milk powder."
3,Subclass,173126,17312,Dairy product substitutes (including non-milk-based powder mixes),,"This subclass comprises dairy product substitutes, including non-milk-based powder mixes."
4,Detail,1731261,173126,Dairy product substitutes (including non-milk-based powder mixes),,"Dairy product substitutes, including non-milk-based powder mixes, except non-dairy ice cream and non-dairy butter."
2,Class,17313,173,Cheese and cheese products,,This class comprises cheese and cheese products.
3,Subclass,173131,17313,Cheese (except cottage cheese and process cheese),,"This subclass comprises cheese, except cottage cheese and processed cheese."
4,Detail,1731311,173131,"Cheese (except cottage cheese, cream cheese and process cheese)",,"Cheese, except cottage cheese, cream cheese and process cheese. May be in blocks, in slices, grated or powdered form."
4,Detail,1731312,173131,Cream cheese,,Cream cheese.
3,Subclass,173132,17313,Process cheese and processed cheese products,,This subclass comprises process cheese and processed cheese products.
4,Detail,1731321,173132,Process cheese and processed cheese products,,Process cheese and processed cheese products.
3,Subclass,173133,17313,Cottage cheese,,This subclass comprises cottage cheese.
4,Detail,1731331,173133,Cottage cheese,,Cottage cheese.
2,Class,17314,173,"Ice cream, sherbet and similar frozen desserts",,"This class comprises ice cream, sherbet and similar frozen desserts."
3,Subclass,173141,17314,"Ice cream, sherbet and similar frozen desserts",,"This subclass comprises ice cream, sherbet and similar frozen desserts."
4,Detail,1731411,173141,"Ice cream, sherbet and similar frozen desserts",,"Ice cream, sherbet and similar frozen desserts."
1,Group,181,,Animal feed,,This group comprises animal feed.
2,Class,18111,181,Dog and cat food,,This class comprises dog and cat food.
3,Subclass,181111,18111,Dog and cat food,,This subclass comprises dog and cat food.
4,Detail,1811111,181111,Dog food,,Dog food.
4,Detail,1811112,181111,Cat food,,Cat food.
2,Class,18112,181,Other animal feed,,This class comprises other animal feed.
3,Subclass,181121,18112,Complete cattle feed,,This subclass comprises complete cattle feed.
4,Detail,1811211,181121,Complete dairy cattle feed,,Complete dairy cattle feed.
4,Detail,1811212,181121,Complete beef cattle feed,,Complete beef cattle feed.
3,Subclass,181122,18112,Complete swine feed,,This subclass comprises complete swine feed.
4,Detail,1811221,181122,Complete swine feed,,Complete swine feed.
3,Subclass,181123,18112,Chicken and turkey feed,,"This subclass comprises complete feed, supplements, and premixes for chickens and turkeys."
4,Detail,1811231,181123,Chicken and turkey feed,,"Complete feed, supplements, and premixes for chickens and turkeys."
3,Subclass,181124,18112,Other poultry and livestock feed,,"This subclass comprises feed for poultry, livestock, pets and laboratory animals, n.e.c."
4,Detail,1811241,181124,"Poultry and livestock feed, n.e.c.",,"Complete feed, supplements, concentrates and premixes for poultry and livestock, n.e.c."
4,Detail,1811242,181124,"Feed for pets and laboratory animals, n.e.c.",,"Feed for pets and laboratory animals, n.e.c."
3,Subclass,181125,18112,"Feed concentrates and supplements, and complete animal feeds, n.e.c.",,"This subclass comprises feed concentrates and supplements, and complete animal feed, n.e.c."
4,Detail,1811251,181125,"Dairy cattle feed supplements, concentrates, and premixes",,"Dairy cattle feed supplements, concentrates, and premixes."
4,Detail,1811252,181125,"Beef cattle feed supplements, concentrates, and premixes",,"Beef cattle feed supplements, concentrates, and premixes."
4,Detail,1811253,181125,"Swine feed supplements, concentrates, and premixes",,"Swine feed supplements, concentrates, and premixes."
4,Detail,1811254,181125,"Prepared animal feed, n.e.c.",,"Prepared animal feed, n.e.c."
1,Group,182,,Intermediate food products,,"This group comprises intermediate food products such as cooking oils, flour and sugar."
2,Class,18211,182,Margarine and cooking oils,,This class comprises margarine and cooking oils.
3,Subclass,182111,18211,"Margarine, butter blends, and butter substitutes",,"This subclass comprises margarine, butter blends, and butter substitutes."
4,Detail,1821111,182111,"Margarine, butter blends, butter blended products and butter substitutes",,"Margarine, butter blends, butter blended products and butter substitutes."
3,Subclass,182112,18211,Shortening and cooking oils (except corn oil),,"This subclass comprises shortening and cooking oils, except corn oil."
4,Detail,1821121,182112,"Refined vegetable oils (except corn oil, shortening and blended cooking oils)",,"Refined and deodorized vegetable oils and fats for food use, except corn oil, shortening and blended cooking oils."
4,Detail,1821122,182112,Shortening and blended cooking oils,,Shortening and blended cooking oils.
2,Class,18212,182,Flour and other grain mill products,,This class comprises flour and other grain mill products.
3,Subclass,182121,18212,Hard spring wheat flour,,This subclass comprises hard spring wheat flour.
4,Detail,1821211,182121,"Hard spring wheat flour, in bulk",,"Hard spring wheat flour, in bulk."
4,Detail,1821212,182121,"Hard spring wheat flour, in consumer packages",,"Hard spring wheat flour, in consumer packages."
3,Subclass,182122,18212,Wheat flour (except hard spring wheat),,"This subclass comprises wheat flour, except hard spring wheat."
4,Detail,1821221,182122,"Wheat flour, in bulk (except hard spring wheat)",,"Wheat flour, in bulk, except hard spring wheat."
4,Detail,1821222,182122,"Wheat flour, in consumer packages (except hard spring wheat)",,"Wheat flour, in consumer packages, except hard spring wheat."
3,Subclass,182124,18212,Pulse flour,,"This subclass comprises pulse flour such as bean, pea, lentil and chick-pea flour."
4,Detail,1821241,182124,"Pulse flour, in bulk",,"Pulse flour such as such as bean, pea, lentil and chick-pea flour, in bulk."
4,Detail,1821242,182124,"Pulse flour, in consumer packages",,"Pulse flour such as such as bean, pea, lentil and chick-pea flour, in consumer packages"
3,Subclass,182129,18212,"Non-wheat flour (except pulse flour), and other grain mill products",,"This subclass comprises non-wheat flour (except pulse flour), and other grain mill products."
4,Detail,1821291,182129,"Non-wheat flour (except pulse flour), in bulk",,"Non-wheat flour, except pulse flour, in bulk."
4,Detail,1821292,182129,"Non-wheat flour (except pulse flour), in consumer packages",,"Non-wheat flour, except pulse flour, in consumer packages."
4,Detail,1821293,182129,Milled rice,,"Husked rice and milled rice, whether or not polished or glazed."
4,Detail,1821294,182129,"Grain products for human consumption, n.e.c.",,"Grain products for human consumption, n.e.c."
4,Detail,1821295,182129,Milled grain products for animal feed ingredients,,Milled grain products for animal feed ingredients.
2,Class,18213,182,"Grain and oilseed products, n.e.c.",,"This class comprises grain and oilseed products, n.e.c."
3,Subclass,182131,18213,"Corn oil, corn sweeteners, and wet process corn by-products",,"This subclass comprises corn oil, corn sweeteners, and wet process corn by-products."
4,Detail,1821311,182131,"Corn oil (crude, once-refined, fuel-grade or industrial)",,"Crude, once-refined, fuel-grade or industrial corn oil. Corn oil may be partially refined, but not deodorized, winterized or chemically modified."
4,Detail,1821312,182131,Refined corn oil,,"Refined corn oil that has been deodorized, winterized or chemically modified."
4,Detail,1821313,182131,Corn sweeteners,,Corn sweeteners.
4,Detail,1821314,182131,Wet process corn by-products,,Wet process corn by-products.
3,Subclass,182132,18213,"Soybean oil (crude, once-refined, fuel-grade or industrial)",,"This subclass comprises crude, once-refined, fuel-grade or industrial soybean oil. Soybean oil may be partially refined, but not deodorized, winterized or chemically modified."
4,Detail,1821321,182132,"Soybean oil (crude, once-refined, fuel-grade or industrial)",,"Crude, once-refined, fuel-grade or industrial soybean oil. Soybean oil may be partially refined, but not deodorized, winterized or chemically modified."
3,Subclass,182133,18213,"Canola or rapeseed oil (crude, once-refined, fuel-grade or industrial)",,"This subclass comprises crude, once-refined, fuel-grade or industrial canola or rapeseed oil. Canola or rapeseed oil may be partially refined, but not deodorized, winterized or chemically modified."
4,Detail,1821331,182133,"Canola or rapeseed oil (crude, once-refined, fuel-grade or industrial)",,"Crude, once-refined, fuel-grade or industrial canola or rapeseed oil. Canola or rapeseed oil may be partially refined, but not deodorized, winterized or chemically modified."
3,Subclass,182134,18213,"Other vegetable oils (crude, once-refined, fuel-grade or industrial)",,"This subclass comprises other vegetable oils, crude, once-refined, fuel-grade or industrial. Oils may be partially refined, but not deodorized, winterized or chemically modified."
4,Detail,1821341,182134,"Other vegetable oils (crude, once-refined, fuel-grade or industrial)",,"Other vegetable oils, crude, once-refined, fuel-grade or industrial. Oils may be partially refined, but not deodorized, winterized or chemically modified."
3,Subclass,182135,18213,Oilseed cake and meal,,This subclass comprises oilseed cake and meal.
4,Detail,1821351,182135,Oilseed cake and meal,,Oilseed cake and meal.
3,Subclass,182136,18213,Starch,,This subclass comprises starch.
4,Detail,1821361,182136,"Starch, in bulk",,"Starch, in bulk."
4,Detail,1821362,182136,"Starch, in consumer packages",,"Starch, in consumer packages."
3,Subclass,182137,18213,"Malt, and vegetable by-products n.e.c.",,"This subclass comprises malt, and vegetable by-products n.e.c."
4,Detail,1821371,182137,Malt,,Malt.
4,Detail,1821372,182137,"Vegetable by-products, n.e.c.",,"Vegetable by-products, n.e.c."
2,Class,18214,182,Sugar and sugar mill by-products,,This class comprises sugar and sugar mill by-products.
3,Subclass,182141,18214,Raw sugar and sugar mill by-products,,This subclass comprises raw sugar and sugar mill by-products.
4,Detail,1821411,182141,Raw sugar,,"Raw sugar extracted from sugar cane or sugar beets. Raw sugar may be partly refined, but is unfit for human consumption."
4,Detail,1821412,182141,Molasses,,Molasses.
4,Detail,1821413,182141,Sugar mill by-products,,"Sugar mill by-products, other than molasses."
3,Subclass,182142,18214,Refined sugar (except maple sugar),,"This subclass comprises refined sugar, except maple sugar."
4,Detail,1821421,182142,"Refined sugar, in bulk (except maple sugar)",,"Refined sugar, in bulk, except maple sugar."
4,Detail,1821422,182142,"Refined sugar, in consumer packages (except maple sugar)",,"Refined sugar, in consumer packages, except maple sugar."
1,Group,183,,Other food products,,"This group comprises other food products such as breakfast cereal, bread, chocolate and snack food products."
2,Class,18311,183,Breakfast cereal and other cereal products,,This class comprises breakfast cereal and other cereal products.
3,Subclass,183111,18311,Breakfast cereal and other cereal products,,This subclass comprises breakfast cereal and other cereal products.
4,Detail,1831111,183111,Breakfast cereal and other cereal products,,Breakfast cereal and other cereal products.
2,Class,18312,183,"Flour mixes, dough and dry pasta",,"This class comprises flour mixes, dough and dry pasta."
3,Subclass,183121,18312,"Flour mixes, and refrigerated and frozen doughs, batters and breading",,"This subclass comprises flour mixes, and refrigerated and frozen doughs, batters and breading."
4,Detail,1831211,183121,"Flour mixes, and refrigerated and frozen doughs, batters and breading",,"Flour mixes, and refrigerated and frozen doughs, batters and breading."
3,Subclass,183122,18312,Dry pasta,,This subclass comprises dry pasta.
4,Detail,1831221,183122,Dry pasta,,Dry pasta.
2,Class,18313,183,"Bread, rolls and flatbreads",,"This class comprises fresh and frozen bread, rolls and flatbreads."
3,Subclass,183131,18313,"Bread, rolls and flatbreads",,"This subclass comprises fresh and frozen bread, rolls and flatbreads."
4,Detail,1831311,183131,Bread and rolls,,Fresh and frozen bread and bread rolls.
4,Detail,1831312,183131,Flatbreads,,Fresh and frozen flatbreads.
2,Class,18314,183,"Cookies, crackers and baked sweet goods",,"This class comprises cookies, crackers and baked sweet goods."
3,Subclass,183141,18314,Cookies and crackers,,This subclass comprises cookies and crackers.
4,Detail,1831411,183141,"Cookies, wafers and ice cream cones",,"Cookies, wafers and ice cream cones."
4,Detail,1831412,183141,Crackers and similar products,,Crackers and similar unsweetened dry products made from flour.
3,Subclass,183142,18314,Fresh baked desserts and doughnuts,,This subclass comprises fresh baked desserts and fresh doughnuts.
4,Detail,1831421,183142,Fresh baked desserts and doughnuts,,Fresh baked desserts and fresh doughnuts.
3,Subclass,183143,18314,Frozen baked desserts and doughnuts,,This subclass comprises frozen baked desserts and frozen doughnuts.
4,Detail,1831431,183143,Frozen baked desserts and doughnuts,,Frozen baked desserts and frozen doughnuts.
2,Class,18321,183,Chocolate (except confectionery),,"This class comprises chocolate, except confectionery."
3,Subclass,183211,18321,Chocolate (except confectionery),,"This subclass comprises chocolate, except confectionery."
4,Detail,1832111,183211,"Drinking and baking chocolate and cocoa, in consumer packages",,"Drinking and baking chocolate and cocoa, in consumer packages."
4,Detail,1832112,183211,"Chocolate and cocoa products, n.e.c.",,"Chocolate and cocoa products, n.e.c."
2,Class,18322,183,Confectionery products,,This class comprises confectionery products.
3,Subclass,183221,18322,Chocolate and chocolate-type confectionery products,,This subclass comprises chocolate and chocolate-type confectionery products.
4,Detail,1832211,183221,Chocolate and chocolate-type confectionery products,,Chocolate and chocolate-type confectionery products.
3,Subclass,183222,18322,Non-chocolate confectionery products,,This subclass comprises non-chocolate confectionery products.
4,Detail,1832221,183222,Non-chocolate confectionery products,,Non-chocolate confectionery products.
3,Subclass,183223,18322,Chewing gum and bubble gum,,This subclass comprises chewing gum and bubble gum.
4,Detail,1832231,183223,Chewing gum and bubble gum,,Chewing gum and bubble gum.
2,Class,18331,183,Snack food products,,This class comprises snack food products.
3,Subclass,183311,18331,Potato chips,,This subclass comprises potato chips.
4,Detail,1833111,183311,Potato chips,,Potato chips.
3,Subclass,183312,18331,Nuts and other snack foods (except potato chips),,"This subclass comprises nuts and other snack foods, except potato chips."
4,Detail,1833121,183312,Processed nuts and seeds,,"Nuts and seeds that have been processed by salting, roasting, cooking or blanching."
4,Detail,1833122,183312,Corn-based snacks,,Corn-based snacks.
4,Detail,1833123,183312,Snack foods n.e.c.,,Snack foods n.e.c.
2,Class,18341,183,Flavouring syrups and extracts,,This class comprises flavouring syrups and extracts.
3,Subclass,183411,18341,Liquid beverage bases and soft drink flavouring syrups,,This subclass comprises liquid beverage bases and soft drink flavouring syrups.
4,Detail,1834111,183411,Liquid beverage bases (except for soft drinks),,"Liquid beverage bases, except for soft drinks."
4,Detail,1834112,183411,Soft drink flavouring syrups and mixes,,Soft drink flavouring syrups and mixes.
3,Subclass,183412,18341,Flavouring syrups and extracts (except for beverages),,"This subclass comprises flavouring syrups, extracts and essences, and powders made from them, except for beverages."
4,Detail,1834121,183412,Flavouring syrups and extracts (except for beverages),,"Flavouring syrups, extracts and essences, and powders made from them, except for beverages."
2,Class,18342,183,"Vinegar, mayonnaise, non-tomato sauces, salt, spices and sauce mixes",,"This class comprises vinegar, mayonnaise, non-tomato sauces, salt, spices and sauce mixes."
3,Subclass,183421,18342,"Vinegar, mayonnaise, dressings, non-tomato sauces, and spreads",,"This subclass comprises vinegar, mayonnaise, dressings, non-tomato sauces, and spreads."
4,Detail,1834211,183421,Vinegar,,"Vinegar, and vinegar substitutes."
4,Detail,1834212,183421,"Mayonnaise, salad dressings, and other sandwich spreads (except spreads of dairy, margarine or blended fats)",,"Mayonnaise, salad dressings, and other sandwich spreads, except spreads of dairy, margarine or blended fats."
4,Detail,1834213,183421,Condiments n.e.c.,,Condiments n.e.c.
3,Subclass,183422,18342,"Table salt, spices and sauce mixes",,"This subclass comprises table salt, pepper, dry spices and dry sauce mixes."
4,Detail,1834221,183422,"Table salt, pepper, and other dry spices, not prepared for retail sale",,"Table salt, pepper, and other dry spices and herbs, not prepared for retail sale."
4,Detail,1834222,183422,"Table salt, pepper, and other dry spices, prepared for retail sale",,"Table salt, pepper, and other dry spices and herbs, prepared for retail sale."
4,Detail,1834223,183422,"Dried sauce, gravy, dip, and frosting mixes",,"Dried sauce, gravy, dip, and frosting mixes."
2,Class,18351,183,"Ketchup, canned tomato sauces, and preserved fruit and vegetables",,"This class comprises ketchup, canned tomato sauces, and preserved fruit and vegetables."
3,Subclass,183511,18351,"Ketchup, canned tomato based sauces and pastes, pickles and other pickled products",,"This subclass comprises ketchup, canned tomato based sauces and pastes, pickles and other pickled products."
4,Detail,1835111,183511,Ketchup and other canned tomato based sauces and pastes,,Ketchup and other canned tomato based sauces and pastes.
4,Detail,1835112,183511,Pickled vegetables and fruit,,"Vegetables and fruit pickled in vinegar or acetic acid, or provisionally preserved in brine, sulphur or other preservative solutions."
3,Subclass,183512,18351,"Canned preserves, infant foods, and specialty foods",,"This subclass comprises canned preserves, infant foods, and specialty foods (including peanut butter and other nut butters)."
4,Detail,1835121,183512,"Preserved jams, jellies and purees",,"Preserved jams, jellies and purees in sealed cans or other airtight containers."
4,Detail,1835122,183512,Preserved infant foods,,Preserved infant foods in sealed cans or other airtight containers.
4,Detail,1835123,183512,"Canned foods, n.e.c.",,"Preserved foods in sealed cans or other airtight containers, n.e.c."
4,Detail,1835124,183512,"Peanut butter, and other nut butters and pastes",,"Peanut butter, and other nut butters and pastes."
3,Subclass,183513,18351,Canned soups and stews (except seafood),,"This subclass comprises preserved soups and stews in sealed cans or other airtight containers, except seafood."
4,Detail,1835131,183513,Canned soups and stews (except seafood),,"Preserved soups and stews in sealed cans or other airtight containers, except seafood."
3,Subclass,183514,18351,Canned vegetables and mushrooms (except infant foods),,"This subclass comprises preserved vegetables and mushrooms in sealed cans or other airtight containers, except infant foods."
4,Detail,1835141,183514,Canned vegetables and mushrooms (except infant foods),,"Preserved vegetables and mushrooms in sealed cans or other airtight containers, except infant foods."
3,Subclass,183515,18351,Canned fruit (except infant foods),,"This subclass comprises preserved fruit in sealed cans or other airtight containers, except infant foods."
4,Detail,1835151,183515,Canned fruit (except infant foods),,"Preserved fruit in sealed cans or other airtight containers, except infant foods."
3,Subclass,183516,18351,"Dried fruit, vegetables, soup mixes, and bouillon",,"This subclass comprises dried fruit, vegetables, soup mixes, and bouillon."
4,Detail,1835161,183516,"Dried fruit, vegetables, soup mixes, and bouillon, not prepared for retail sale",,"Dried fruit, vegetables, soup mixes, and bouillon, not prepared for retail sale."
4,Detail,1835162,183516,"Dried fruit, vegetables, soup mixes, and bouillon, prepared for retail sale",,"Dried fruit, vegetables, soup mixes, and bouillon, prepared for retail sale."
2,Class,18352,183,"Frozen foods, n.e.c.",,"This class comprises frozen foods, n.e.c."
3,Subclass,183521,18352,Frozen vegetables,,"This subclass comprises frozen vegetables, whether cooked or not. May be frozen in butter or sauce."
4,Detail,1835211,183521,Frozen vegetables,,"Frozen vegetables, whether cooked or not. May be frozen in butter or sauce."
3,Subclass,183522,18352,Frozen fruit,,This subclass comprises frozen fruit.
4,Detail,1835221,183522,Frozen fruit,,Frozen fruit.
3,Subclass,183523,18352,"Frozen dinners and frozen foods, n.e.c.",,"This subclass comprises frozen dinners and frozen foods, n.e.c."
4,Detail,1835231,183523,"Frozen dinners and frozen foods, n.e.c.",,"Frozen dinners and frozen foods, n.e.c."
2,Class,18361,183,"Other food products, n.e.c.",,"This class comprises other food products, n.e.c."
3,Subclass,183612,18361,Perishable prepared food,,"This subclass comprises perishable prepared food such as cut fresh vegetables and fruit, and fresh ready to eat meals."
4,Detail,1836121,183612,Perishable prepared food,,"Perishable prepared food such as cut fresh vegetables and fruit, and fresh ready to eat meals."
3,Subclass,183613,18361,"Other miscellaneous food products, n.e.c.",,"This subclass comprises other miscellaneous food products, n.e.c."
4,Detail,1836131,183613,Liquid sweeteners and syrups (except corn sweeteners and molasses),,"Liquid sweeteners and syrups, except corn sweeteners and molasses."
4,Detail,1836132,183613,Dry food mixtures and kits,,Dry food mixtures and kits.
4,Detail,1836133,183613,"Drink powders, n.e.c.",,"Drink powders, n.e.c."
4,Detail,1836134,183613,Desserts and dessert preparations (except dairy and baked goods),,"Desserts and dessert preparations, except dairy and baked goods."
4,Detail,1836135,183613,"Baking powder and yeast, in bulk",,"Baking powder and yeast, in bulk."
4,Detail,1836136,183613,"Baking powder and yeast, in consumer packages",,"Baking powder and yeast, in consumer packages."
4,Detail,1836137,183613,"Dried, frozen, or liquid eggs and substitutes",,"Dried, frozen, or liquid eggs and substitutes."
4,Detail,1836138,183613,"Processed and prepared food products, n.e.c.",,"Processed and prepared food products, n.e.c."
1,Group,191,,Coffee and tea,,This group comprises coffee and tea.
2,Class,19111,191,Coffee and tea,,This class comprises coffee and tea.
3,Subclass,191111,19111,"Coffee, prepared for retail sale (except concentrates)",,"This subclass comprises roasted whole coffee bean and ground coffee, prepared for retail sale, except concentrates."
4,Detail,1911111,191111,"Coffee, prepared for retail sale (except concentrates)",,"Roasted whole coffee bean and ground coffee, prepared for retail sale, except concentrates."
3,Subclass,191112,19111,"Concentrated coffee, extracts, and substitutes",,"This subclass comprises concentrated coffee, extracts, and substitutes."
4,Detail,1911121,191112,"Concentrated coffee, extracts, and substitutes",,"Concentrated coffee, extracts, and substitutes."
3,Subclass,191113,19111,"Tea, prepared for retail sale",,"This subclass comprises tea, prepared for retail sale."
4,Detail,1911131,191113,"Tea, prepared for retail sale",,"Tea, prepared for retail sale."
1,Group,192,,"Frozen, fresh and canned fruit and vegetable juices",,"This group comprises frozen, fresh and canned fruit and vegetable juices."
2,Class,19211,192,"Frozen, fresh and canned fruit and vegetable juices",,"This class comprises frozen, fresh and canned fruit and vegetable juices."
3,Subclass,192111,19211,Frozen fruit juices,,This subclass comprises frozen fruit juices.
4,Detail,1921111,192111,Frozen fruit juices,,Frozen fruit juices.
3,Subclass,192112,19211,Fresh and canned fruit juices,,This subclass comprises fresh and canned fruit juices.
4,Detail,1921121,192112,Fresh fruit juices,,Fresh fruit juices.
4,Detail,1921122,192112,Canned fruit juices,,Canned fruit juices.
3,Subclass,192113,19211,Fresh and canned vegetable juices,,This subclass comprises fresh and canned vegetable juices.
4,Detail,1921131,192113,Fresh and canned vegetable juices,,Fresh and canned vegetable juices.
1,Group,193,,"Carbonated and non-carbonated drinks (including low alcohol fermented drinks), bottled water and ice",,"This group comprises carbonated and non-carbonated soft and other drinks, including low alcohol fermented drinks, bottled water and ice."
2,Class,19311,193,"Carbonated and non-carbonated drinks (including low alcohol fermented drinks), bottled water and ice",,"This class comprises carbonated and non-carbonated soft and other drinks, including low alcohol fermented drinks, bottled water and ice."
3,Subclass,193111,19311,Carbonated drinks (except low alcohol fermented drinks) and bottled water,,"This subclass comprises carbonated drinks, except low alcohol fermented drinks, and bottled water."
4,Detail,1931111,193111,Bottled carbonated soft drinks,,Bottled carbonated soft drinks.
4,Detail,1931112,193111,Canned carbonated soft drinks,,Canned carbonated soft drinks.
4,Detail,1931113,193111,Carbonated bottled water,,Carbonated bottled water.
3,Subclass,193112,19311,"Non-carbonated bottled water and drinks (except milk, juice and low alcohol fermented drinks), and ice",,"This subclass comprises non-carbonated bottled water and drinks, except milk, juice and low alcohol fermented drinks, and ice."
4,Detail,1931121,193112,Non-carbonated bottled water,,Non-carbonated bottled water.
4,Detail,1931122,193112,"Non-carbonated drinks (except milk, juice and low alcohol fermented drinks)",,"Non-carbonated drinks, except milk, juice and low alcohol fermented drinks."
4,Detail,1931123,193112,Ice,,Ice.
3,Subclass,193113,19311,"Low alcohol beers, wines, ciders and other fermented drinks",,"This subclass comprises low alcohol beers, wines, ciders and other fermented drinks containing less than 1.1% of alcohol by volume. Dealcoholized and non-alcoholic beers, wines, ciders and fermented drinks are also included."
4,Detail,1931131,193113,"Low alcohol beers, wines, ciders and other fermented drinks",,"Low alcohol beers, wines, ciders and other fermented drinks containing less than 1.1% of alcohol by volume."
1,Group,211,,Alcoholic beverages,,"This group comprises alcoholic beverages such as beer, wine, brandy, whisky and other distilled liquor."
2,Class,21111,211,Beer,,This class comprises beer and other malt beverages.
3,Subclass,211111,21111,Beer,,This subclass comprises beer and other malt beverages.
4,Detail,2111111,211111,Beer in cans,,Beer in cans.
4,Detail,2111112,211111,Beer in bottles,,Beer in bottles.
4,Detail,2111113,211111,Beer in barrels and kegs,,Beer in barrels and kegs.
4,Detail,2111114,211111,"Malt beverages, n.e.c.",,"Malt beverages, n.e.c."
2,Class,21112,211,Wine and brandy,,"This class comprises wine, brandy and cider."
3,Subclass,211121,21112,Wine,,This subclass comprises wine.
4,Detail,2111211,211121,Wine,,Wine.
3,Subclass,211122,21112,Brandy and cider,,"This subclass comprises brandy, cognac and cider."
4,Detail,2111221,211122,Brandy and cider,,"Brandy, cognac and cider."
2,Class,21113,211,Distilled liquor,,"This class comprises distilled liquor, except brandy and cider."
3,Subclass,211131,21113,Whisky,,This subclass comprises whisky.
4,Detail,2111311,211131,Whisky,,Whisky.
3,Subclass,211132,21113,"Distilled liquor (except whisky, brandy and cider)",,"This subclass comprises distilled liquor, except whisky, brandy and cider."
4,Detail,2111321,211132,"Distilled liquor (except whisky, brandy and cider)",,"Distilled liquor, except whisky, brandy and cider."
1,Group,212,,Tobacco products (including electronic cigarettes),,This group comprises tobacco products (including electronic cigarettes).
2,Class,21211,212,"Cigarettes (including electronic cigarettes), cigars, chewing and smoking tobacco",,"This class comprises cigarettes (including electronic cigarettes), cigars, chewing and smoking tobacco."
3,Subclass,212111,21211,Cigarettes (except e-cigarettes),,"This subclass comprises small cylinders of finely cut tobacco leaves rolled in thin paper, often fitted with a filter, for smoking. The cigarette is ignited at one end causing it to smoulder and allowing smoke to be inhaled from the other end, which is held in the mouth; in some cases a cigarette holder may be used as well."
4,Detail,2121111,212111,Cigarettes (except e-cigarettes),,"Small cylinders of finely cut tobacco leaves rolled in thin paper, often fitted with a filter, for smoking. The cigarette is ignited at one end causing it to smoulder and allowing smoke to be inhaled from the other end, which is held in the mouth; in some cases a cigarette holder may be used as well."
3,Subclass,212112,21211,"Cigars, chewing and smoking tobacco",,"This subclass comprises cigars, and chewing and smoking tobacco."
4,Detail,2121121,212112,Cigars,,Cigars.
4,Detail,2121122,212112,Fine cut smoking tobacco,,Fine cut smoking tobacco.
4,Detail,2121123,212112,Pipe smoking tobacco,,Pipe smoking tobacco.
4,Detail,2121124,212112,Chewing tobacco,,Chewing tobacco.
4,Detail,2121125,212112,"Other cigars, chewing and smoking tobacco, n.e.c.",,"Other cigars, and chewing and smoking tobacco, n.e.c."
3,Subclass,212113,21211,Electronic cigarettes and e-liquids (except containing cannabis),,This subclass comprises electronic cigarettes and e-liquids (except containing cannabis).
4,Detail,2121131,212113,Electronic cigarettes (except containing cannabis),,"Cigarette-shaped disposable and rechargeable electrical devices having a cartridge with an atomizer, and/or a clearomizer or cartomizer, containing a nicotine or non-nicotine-based e-liquid (except cannabinoids) that is vaporized and inhaled, used to simulate the experience of smoking tobacco. Rechargeable e-cigarettes included here are assembled or fully mounted and ready for retail sale. All non cigarette-shaped electronic e-liquid delivery systems and their components (except containing cannabinoids), sold in kits or separately are also included."
4,Detail,2121132,212113,E-liquids with nicotine,,"Liquid used in electronic cigarettes consisting mostly of mix of propylene glycol, vegetable glycerin, nicotine and flavour."
4,Detail,2121133,212113,E-liquids without nicotine or cannabis,,"Liquid used in electronic cigarettes consisting mostly of mix of propylene glycol, vegetable glycerin, and flavour, except containing nicotine or cannabis."
2,Class,21212,212,"Stemmed, redried or reconstituted tobacco",,"This class comprises stemmed, redried or reconstituted tobacco."
3,Subclass,212121,21212,"Stemmed, redried or reconstituted tobacco",,"This subclass comprises stemmed, redried or reconstituted tobacco."
4,Detail,2121211,212121,"Stemmed, redried or reconstituted tobacco",,"Stemmed, redried or reconstituted tobacco."
1,Group,213,,Cannabis products,,"This group comprises cannabis viable seeds and vegetative plants; fresh and dried cannabis (buds and leaves); cannabis oil; other cannabis extracts and concentrates; cannabis-infused edible products; and other cannabis products n.e.c., for non-medical (recreational, wellness, lifestyle, spiritual, etc.) and medical uses. A plant of the genus Cannabis refers generally to three varieties which are cannabis Sativa, cannabis Indica and cannabis Ruderalis. Sativas and Indicas are the most commonly used cannabis strains for cultivation and propagation. The genetics of the different cannabis strains are widely mixed or cloned to create cannabis hybrids. Cannabis contains a number of active elements, including cannabinoids such as tetrahydrocannabinol (THC) or dronabinol, cannabidiol (CBD) and terpenes (aromatic compounds or chemical markers). Cannabis plants containing 0.3% w/w (weight for weight) of THC or less in the flowering tops and leaves - industrial hemp - and their derivatives with the THC concentration of 10 µg/g or less, as well as prescription drugs or pharmaceuticals containing cannabis, are excluded from this group."
2,Class,21311,213,Cannabis seeds and vegetative plants,,"This class comprises cannabis viable seeds and cannabis vegetative plants mainly used for planting or sowing, cultivation and propagation of cannabis bred to contain cannabinoids, in particular THC (more than 0.3% w/w) and CBD, for non-medical (recreational, wellness, lifestyle, spiritual, etc.) and medical uses. Cannabis seeds and vegetative plants are commonly from three varieties which are cannabis Sativa, cannabis Indica and cannabis Ruderalis. Sativas and Indicas are the most commonly used cannabis strains for cultivation and propagation. The genetics of the different cannabis strains are widely mixed or cloned to create cannabis hybrids."
3,Subclass,213111,21311,Cannabis seeds,,"This subclass comprises cannabis viable seeds mainly used for planting or sowing, and propagation of cannabis bred to contain cannabinoids, in particular THC (more than 0.3% w/w) and CBD, in bulk or prepared for retail sale."
4,Detail,2131111,213111,"Cannabis seeds, in bulk",,"Cannabis viable seeds mainly used for planting or growing, and propagation of cannabis bred to contain cannabinoids, in particular THC (more than 0.3% w/w) and CBD, in bulk, not prepared or packaged for retail sale."
4,Detail,2131112,213111,"Cannabis seeds, prepared for retail sale, for non-medical use",,"Cannabis viable seeds mainly used for planting or growing, and propagation of cannabis bred to contain cannabinoids, in particular THC (more than 0.3% w/w) and CBD, prepared for retail sale, for non-medical use."
4,Detail,2131113,213111,"Cannabis seeds, prepared for retail sale, for medical use",,"Cannabis viable seeds mainly used for planting or sowing, and propagation of cannabis bred to contain cannabinoids, in particular THC (more than 0.3% w/w) and CBD, prepared for retail sale, for medical use. To obtain cannabis for medical use, a patient or client generally needs to register with a governmental authority and a holder of a licence for sale of cannabis for medical purposes, and get an authorization (medical document and written order) from an authorized health care practitioner."
3,Subclass,213112,21311,Cannabis vegetative plants,,"This subclass comprises vegetative or live plants of various strain types, mainly used for planting or cultivation, and propagation of cannabis bred to contain cannabinoids, in particular THC (more than 0.3% w/w) and CBD, in bulk or prepared for retail sale."
4,Detail,2131121,213112,"Cannabis vegetative plants, in bulk",,"Cannabis vegetative or live plants of various strain types, mainly used for planting or cultivation, and propagation of cannabis bred to contain cannabinoids, in particular THC (more than 0.3% w/w) and CBD, in bulk, not prepared or packaged for retail sale."
4,Detail,2131122,213112,"Cannabis vegetative plants, prepared for retail sale, for non-medical use",,"Cannabis vegetative or live plants of various strain types, mainly used for planting or cultivation, and propagation of cannabis bred to contain cannabinoids, in particular THC (more than 0.3% w/w) and CBD, prepared for retail sale, for non-medical use."
4,Detail,2131123,213112,"Cannabis vegetative plants, prepared for retail sale, for medical use",,"Cannabis vegetative or live plants of various strain types, mainly used for planting or cultivation, and propagation of cannabis bred to contain cannabinoids, in particular THC (more than 0.3% w/w) and CBD, prepared for retail sale, for medical use. To obtain cannabis for medical use, a patient or client generally needs to register with a governmental authority and a holder of a licence for sale of cannabis for medical purposes, and get an authorization (medical document and written order) from an authorized health care practitioner."
2,Class,21312,213,Fresh and dried cannabis flowering tops (including leaves),,"This class comprises freshly harvested and dried cannabis flowering tops, including leaves, for non-medical and medical uses. They contain cannabinoids, in particular THC (more than 0.3% w/w) and CBD. Fresh cannabis refers to fresh or water-rich flowering tops (buds) and leaves, of female plants, that have not been subjected to any drying process. Dried cannabis (also called marijuana, pot or weed) refers to harvested cannabis fresh flowering tops and leaves that have been subjected to drying and irradiation processes, but not further processed."
3,Subclass,213121,21312,Fresh cannabis flowering tops (including leaves),,"This subclass comprises freshly harvested cannabis flowering tops, including leaves, containing more than 0.3% w/w of THC, cannabidiol (CBD) and other cannabinoids, in bulk or prepared for retail sale, for non-medical and medical uses. Fresh cannabis refers to fresh or water-rich flowering tops (buds) and leaves, of female plants, that have not been subjected to any drying process."
4,Detail,2131211,213121,"Fresh cannabis flowering tops (including leaves), in bulk",,"Fresh cannabis flowering tops, including leaves, containing more than 0.3% w/w of THC, cannabidiol (CBD) and other cannabinoids, in bulk, not prepared or packaged for retail sale. Fresh cannabis refers to fresh or water-rich flowering tops (buds) and leaves, of female plants, that have not been subjected to any drying process."
4,Detail,2131212,213121,"Fresh cannabis flowering tops (including leaves), prepared for retail sale, for non-medical use",,"Fresh cannabis flowering tops, including leaves, containing more than 0.3% w/w of THC, cannabidiol (CBD) and other cannabinoids, prepared for retail sale, for non-medical use. Fresh cannabis refers to fresh or water-rich flowering tops (buds) and leaves, of female plants, that have not been subjected to any drying process."
4,Detail,2131213,213121,"Fresh cannabis flowering tops (including leaves), prepared for retail sale, for medical use",,"Fresh cannabis flowering tops, including leaves, containing more than 0.3% w/w of THC, cannabidiol (CBD) and other cannabinoids, prepared for retail sale, for medical use. Fresh cannabis refers to fresh or water-rich flowering tops (buds) and leaves, of female plants, that have not been subjected to any drying process. To obtain cannabis for medical use, a patient or client generally needs to register with a governmental authority and a holder of a licence for sale of cannabis for medical purposes, and get an authorization (medical document and written order) from an authorized health care practitioner."
3,Subclass,213122,21312,Dried cannabis flowering tops (including leaves),,"This subclass comprises dried cannabis flowering tops, including leaves, containing more than 0.3% w/w of THC, cannabidiol (CBD) and other cannabinoids, in bulk or prepared for retail sale, for non-medical and medical uses. Dried cannabis (also called marijuana, pot or weed) refers to harvested cannabis fresh flowering tops (buds) and leaves that have been subjected to drying and irradiation processes, but not further processed."
4,Detail,2131221,213122,"Dried cannabis flowering tops (including leaves), in bulk",,"Dried cannabis flowering tops, including leaves, containing more than 0.3% w/w of THC, cannabidiol (CBD) and other cannabinoids, in bulk, not prepared or packaged for retail sale. Dried cannabis (also called marijuana, pot or weed) refers to harvested cannabis fresh flowering tops (buds) and leaves that have been subjected to drying and irradiation processes, but not further processed."
4,Detail,2131222,213122,"Dried cannabis flowering tops (including leaves), prepared for retail sale, for non-medical use",,"Dried cannabis flowering tops, including leaves, containing more than 0.3% w/w of THC, cannabidiol (CBD) and other cannabinoids, prepared for retail sale, for non-medical use. Dried cannabis (also called marijuana, pot or weed) refers to harvested cannabis fresh flowering tops (buds) and leaves that have been subjected to drying and irradiation processes, but not further processed."
4,Detail,2131223,213122,"Dried cannabis flowering tops (including leaves), prepared for retail sale, for medical use",,"Dried cannabis flowering tops, including leaves, containing more than 0.3% w/w of THC, cannabidiol (CBD) and other cannabinoids, prepared for retail sale, for medical use. Dried cannabis (also called marijuana, pot or weed) refers to harvested cannabis fresh flowering tops (buds) and leaves that have been subjected to drying and irradiation processes, but not further processed. To obtain cannabis for medical use, a patient or client generally needs to register with a governmental authority and a holder of a licence for sale of cannabis for medical purposes, and get an authorization (medical document and written order) from an authorized health care practitioner."
2,Class,21313,213,"Cannabis products (except seeds, plants, and plant parts)",,"This class comprises cannabis oil and other solid and non-solid cannabis extracts and concentrates; cannabis-infused edibles; and other cannabis products n.e.c., made of cannabis bred to contain cannabinoids, in particular THC (more than 0.3% w/w) and cannabidiol (CBD), for non-medical (recreational, wellness, lifestyle, spiritual, etc.) and medical uses."
3,Subclass,213135,21313,Cannabis pure intermediates,,"This subclass comprises cannabis pure intermediates, intended for further processing or for production of another cannabis product."
4,Detail,2131351,213135,Cannabis pure intermediates,,"Cannabis pure intermediates, intended for further processing or for production of another cannabis product."
3,Subclass,213136,21313,Cannabis extracts and concentrates,,"This subclass comprises cannabis extracts and concentrates. Cannabis extracts refers to cannabis substances produced using extraction processing methods or by synthesizing phytocannabinoids. Cannabis concentrates refer to derived extracts containing concentrated amounts of the psychoactive compound tetrahydrocannabinol (THC), cannabidiol (CBD), and a multiplicity of other cannabinoids and terpenes."
4,Detail,2131361,213136,"Cannabis extracts, in bulk",,"Cannabis products that are produced using extraction processing methods or by synthesizing phytocannabinoids., in bulk, not prepared or packaged for retail sale."
4,Detail,2131362,213136,"Cannabis extract inhaled products, for non-medical use",,"Cannabis extract inhaled products, for non-medical use, prepared for retail sale."
4,Detail,2131363,213136,"Cannabis extract inhaled products, for medical use",,"Cannabis extract inhaled products, for medical use, prepared for retail sale."
4,Detail,2131364,213136,"Cannabis extracts ingested products, for non-medical use",,"Cannabis extracts ingested products, for non-medical use, prepared for retail sale."
4,Detail,2131365,213136,"Cannabis extracts ingested products, for medical use",,"Cannabis extracts ingested products, for medical use, prepared for retail sale."
4,Detail,2131369,213136,Other cannabis extracts products,,Other cannabis extracts products.
3,Subclass,213137,21313,Cannabis-infused edible products,,"This subclass comprises cannabis-infused edible products (beverages, food, etc.) containing more than 0.3% w/w of the psychoactive compound tetrahydrocannabinol (THC), cannabidiol (CBD), and other cannabinoids and terpenes. Their use can be non-medical or medical. Generally, there is a limit on the level of THC a product available for sale could contain."
4,Detail,2131371,213137,Cannabis-infused beverages,,"Cannabis-infused beverages containing more than 0.3% w/w of the psychoactive compound tetrahydrocannabinol (THC), cannabidiol (CBD), and other cannabinoids and terpenes. Their use can be non-medical or medical. Generally, there is a limit on the level of THC a product available for sale could contain."
4,Detail,2131372,213137,Cannabis-infused edible products (except beverages),,"Cannabis-infused edible products, such as food, except beverages, containing more than 0.3% w/w of the psychoactive compound tetrahydrocannabinol (THC), cannabidiol (CBD), and other cannabinoids and terpenes. Their use can be non-medical or medical. Generally, there is a limit on the level of THC a product available for sale could contain."
3,Subclass,213139,21313,"Other cannabis products, n.e.c.",,"This subclass comprises other cannabis products n.e.c., containing more than 0.3% w/w of the psychoactive compound tetrahydrocannabinol (THC), cannabidiol (CBD) and other cannabinoids, for non-medical and medical uses."
4,Detail,2131391,213139,Cannabis topical products,,"Products that include cannabis as an ingredient and that are intended to be used on external body surfaces (e.g., skin, hair, nails)."
4,Detail,2131399,213139,"Other cannabis products, n.e.c.",,"Other cannabis products, n.e.c."
1,Group,221,,"Fabric, fibre and yarn, and leather and dressed furs",,"This group comprises fabric, fibre, yarn and thread, and leather and dressed furs."
2,Class,22111,221,Fabrics,,This class comprises fabrics.
3,Subclass,221111,22111,Broad woven fabrics of cotton or wool,,"This subclass comprises broad woven fabrics, of a width exceeding 30 centimetres (12 inches), made entirely or primarily of cotton, or made entirely or partially of wool or other animal hair."
4,Detail,2211111,221111,Broad woven fabrics of cotton or wool,,"Broad woven fabrics, of a width exceeding 30 centimetres (12 inches), made entirely or primarily of cotton, or made entirely or partially of wool or other animal hair."
3,Subclass,221112,22111,Broad woven fabrics (except cotton or wool),,"This subclass comprises broad woven fabrics, of a width exceeding 30 centimetres (12 inches), made entirely or primarily of artificial, synthetic, or natural fibres other than cotton, wool or animal hair."
4,Detail,2211121,221112,Broad woven fabrics of mainly artificial or synthetic fibres,,"Broad woven fabrics, of a width exceeding 30 centimetres (12 inches), made entirely or primarily of artificial or synthetic fibres."
4,Detail,2211122,221112,Broad woven fabrics of natural fibres (except cotton or wool),,"Broad woven fabrics, of a width exceeding 30 centimetres (12 inches), made entirely or primarily of natural fibres other than cotton, wool or animal hair."
3,Subclass,221113,22111,Circular knit fabrics,,This subclass comprises circular knit fabrics.
4,Detail,2211131,221113,Circular knit fabrics,,Circular knit fabrics.
3,Subclass,221114,22111,Knit fabrics (except circular knit),,"This subclass comprises knit fabrics, except circular knit."
4,Detail,2211141,221114,Knit fabrics (except circular knit),,"Knit fabrics, except circular knit."
3,Subclass,221115,22111,Narrow fabrics,,"This subclass comprises narrow woven fabrics, of a width not exceeding 30 centimetres."
4,Detail,2211151,221115,Narrow fabrics,,"Narrow woven fabrics, of a width not exceeding 30 centimetres."
3,Subclass,221116,22111,Coated fabrics and coated yarns,,This subclass comprises coated fabrics and coated yarns.
4,Detail,2211161,221116,Coated fabrics,,Coated and laminated fabrics.
4,Detail,2211162,221116,Coated yarns,,"Yarns coated with vinyl, rubber or other materials."
3,Subclass,221117,22111,Nonwoven fabrics and products,,This subclass comprises nonwoven fabrics and products.
4,Detail,2211171,221117,Nonwoven and pressed fabrics (including felts),,"Pressed, punched or needled felts, and other nonwoven fabrics."
4,Detail,2211172,221117,Fabricated nonwoven products,,Fabricated nonwoven textile products.
2,Class,22112,221,"Fibre, yarn, and thread (except artificial and synthetic fibres and filaments)",,"This class comprises fibre, yarn, and thread, except artificial and synthetic fibres and filaments."
3,Subclass,221121,22112,"Fibre and yarn (except sewing thread, filament yarns and coated yarns)",,"This subclass comprises fibre and yarn, except sewing thread, filament yarns and coated yarns."
4,Detail,2211211,221121,Wool yarns,,Yarns made entirely or partially of wool or other animal hair.
4,Detail,2211212,221121,Cotton yarns,,Yarns made entirely or primarily of cotton fibres.
4,Detail,2211213,221121,Artificial staple fibre yarns,,Yarns made entirely or primarily of artificial (cellulosic) staple fibres.
4,Detail,2211214,221121,Synthetic staple fibre yarns,,Yarns made entirely or primarily of synthetic (non-cellulosic) staple fibres.
4,Detail,2211215,221121,Silk and natural staple fibre yarns,,"Yarns made entirely or primarily of natural staple fibres, other than cotton or wool."
4,Detail,2211216,221121,"Textile fibres, not carded or spun",,"Natural fibres, scoured and combed, but not carded or spun."
3,Subclass,221122,22112,Sewing thread (except covered rubber thread),,"This subclass comprises sewing thread, except covered rubber thread."
4,Detail,2211221,221122,Sewing thread (except covered rubber thread),,"Sewing thread, except covered rubber thread."
2,Class,22113,221,Leather and dressed furs,,This class comprises leather and dressed furs.
3,Subclass,221131,22113,Leather and dressed furs,,This subclass comprises leather and dressed furs.
4,Detail,2211311,221131,Leather and dressed furs,,Leather and dressed furs.
1,Group,231,,"Clothing, footwear and accessories",,"This group comprises clothing, footwear and accessories."
2,Class,23111,231,Men's clothing,,This class comprises men's clothing.
3,Subclass,231111,23111,Men's underwear and sleepwear,,This subclass comprises men's underwear and sleepwear.
4,Detail,2311111,231111,Men's underwear and sleepwear,,Men's underwear and sleepwear.
3,Subclass,231112,23111,"Men's suits, sport jackets and blazers",,"This subclass comprises men's suits, sport jackets and blazers."
4,Detail,2311121,231112,"Men's suits, sport jackets and blazers",,"Men's suits, sport jackets and blazers."
3,Subclass,231113,23111,Men's shirts,,This subclass comprises men's shirts.
4,Detail,2311131,231113,Men's shirts,,Men's shirts.
3,Subclass,231114,23111,Men's pants (except jeans),,"This subclass comprises men's pants, except jeans."
4,Detail,2311141,231114,Men's pants (except jeans),,"Men's pants, except jeans."
3,Subclass,231115,23111,Men's jeans,,This subclass comprises men's jeans.
4,Detail,2311151,231115,Men's jeans,,Men's jeans.
3,Subclass,231116,23111,Men's fur and leather clothing,,This subclass comprises men's fur and leather clothing.
4,Detail,2311161,231116,"Men's leather coats and jackets, and other men's leather clothing",,"Men's leather coats and jackets, and other men's leather clothing."
4,Detail,2311162,231116,"Men's fur coats and jackets, and other men's fur clothing",,"Men's fur coats and jackets, and other men's fur clothing."
3,Subclass,231117,23111,Men's outerwear coats and jackets,,This subclass comprises men's outerwear coats and jackets.
4,Detail,2311171,231117,Men's outerwear coats and jackets,,Men's outerwear coats and jackets.
3,Subclass,231118,23111,"Men's sweaters, and men's clothing n.e.c.",,"This subclass comprises men's sweaters, and men's clothing n.e.c."
4,Detail,2311181,231118,Men's sweaters,,Men's sweaters.
4,Detail,2311182,231118,"Men's clothing, n.e.c.",,"Men's clothing, n.e.c."
2,Class,23112,231,Women's clothing,,This class comprises women's clothing.
3,Subclass,231121,23112,"Women's lingerie, sleepwear and underwear",,"This subclass comprises women's lingerie, sleepwear and underwear."
4,Detail,2311211,231121,"Women's lingerie, sleepwear and underwear",,"Women's lingerie, sleepwear and underwear."
3,Subclass,231122,23112,Women's swimwear,,This subclass comprises women's swimwear.
4,Detail,2311221,231122,Women's swimwear,,Women's swimwear.
3,Subclass,231123,23112,Women's suits and jackets,,This subclass comprises women's suits and jackets.
4,Detail,2311231,231123,Women's suits and jackets,,Women's suits and jackets.
3,Subclass,231124,23112,Women's pants and jeans,,This subclass comprises women's pants and jeans.
4,Detail,2311241,231124,Women's pants and jeans,,Women's pants and jeans.
3,Subclass,231125,23112,Women's skirts and dresses,,This subclass comprises women's skirts and dresses.
4,Detail,2311251,231125,Women's skirts and dresses,,Women's skirts and dresses.
3,Subclass,231126,23112,Women's shirts and blouses,,This subclass comprises women's shirts and blouses.
4,Detail,2311261,231126,Women's shirts and blouses,,Women's shirts and blouses.
3,Subclass,231127,23112,Women's fur and leather clothing,,This subclass comprises women's fur and leather clothing.
4,Detail,2311271,231127,"Women's leather coats and jackets, and other women's leather clothing",,"Women's leather coats and jackets, and other women's leather clothing."
4,Detail,2311272,231127,"Women's fur coats and jackets, and other women's fur clothing",,"Women's fur coats and jackets, and other women's fur clothing."
3,Subclass,231128,23112,"Women's sweaters, outerwear coats, and jackets, and women's clothing n.e.c.",,"This subclass comprises women's sweaters, outerwear coats, and jackets, and women's clothing n.e.c."
4,Detail,2311281,231128,Women's sweaters,,Women's sweaters.
4,Detail,2311282,231128,"Women's outerwear coats, jackets, and capes",,"Women's outerwear coats, jackets, and capes."
4,Detail,2311283,231128,"Women's clothing, n.e.c.",,"Women's clothing, n.e.c."
2,Class,23113,231,Children's clothing,,"This class comprises boys', girls', and infant clothing."
3,Subclass,231131,23113,Infant clothing,,This subclass comprises infant clothing of Canadian sizes 0 to 24 months.
4,Detail,2311311,231131,Infant clothing,,Infant clothing of Canadian sizes 0 to 24 months.
3,Subclass,231132,23113,Boys' clothing,,This subclass comprises clothing for boys of Canadian sizes 2 to 20.
4,Detail,2311321,231132,Boys' clothing,,Clothing for boys of Canadian sizes 2 to 20.
3,Subclass,231133,23113,Girls' clothing,,This subclass comprises clothing for girls of Canadian sizes 2 to 16.
4,Detail,2311331,231133,Girls' clothing,,Clothing for girls of Canadian sizes 2 to 16.
2,Class,23115,231,Non-binary and gender-neutral clothing; hosiery; vestments and costumes; and clothing accessories,,This class comprises non-binary and gender-neutral clothing; hosiery (for all genders); vestments and costumes; clothing accessories and textile clothing components.
3,Subclass,231151,23115,Non-binary and gender-neutral clothing; hosiery; vestments and costumes; and clothing accessories,,"This subclass comprises non-binary and gender-neutral clothing, hosiery (for all genders), vestments and costumes, clothing accessories and textile clothing components."
4,Detail,2311511,231151,Non-binary and gender-neutral clothing,,Non-binary and gender-neutral clothing.
4,Detail,2311512,231151,Hosiery,,Hosiery for adult and children (for all genders).
4,Detail,2311513,231151,Vestments and costumes,,Vestments and costumes.
3,Subclass,231152,23115,Belts,,This subclass comprises belts.
4,Detail,2311521,231152,Belts,,Belts.
3,Subclass,231153,23115,Gloves and mittens,,This subclass comprises gloves and mittens.
4,Detail,2311531,231153,Gloves and mittens,,Gloves and mittens.
3,Subclass,231159,23115,Other clothing accessories and textile clothing components,,"This subclass comprises other clothing accessories, and textile clothing components."
4,Detail,2311591,231159,Hats,,Hats.
4,Detail,2311599,231159,"Other clothing accessories, textile clothing pieces and components, n.e.c.",,"Other clothing accessories, textile clothing pieces and components, n.e.c."
2,Class,23122,231,Footwear,,This class comprises footwear for all genders and all ages.
3,Subclass,231221,23122,Non-athletic footwear (except for children and infants),,"This subclass comprises non-athletic footwear, except for children (footwear with an insole length of less than 24.25 cm and more than 16 cm) or for infants (footwear with an insole length of 16 cm or less)."
4,Detail,2312211,231221,Men's non-athletic footwear,,Men's non-athletic footwear.
4,Detail,2312212,231221,Women's non-athletic footwear,,Women's non-athletic footwear.
4,Detail,2312213,231221,Non-binary and gender neutral's non-athletic footwear,,Non-binary and gender neutral's non-athletic footwear.
3,Subclass,231222,23122,Protective footwear of rubber or plastics,,This subclass comprises protective footwear of rubber or plastics.
4,Detail,2312221,231222,Protective footwear of rubber or plastics,,Protective footwear of rubber or plastics.
3,Subclass,231229,23122,Other footwear,,"This subclass comprises children's footwear, athletic footwear and other footwear (for all genders) n.e.c."
4,Detail,2312291,231229,Athletic footwear (except for infant and children),,"Men's, women's, non-binary's and gender neutral's athletic footwear, except for infants and children."
4,Detail,2312292,231229,Children's and infant's footwear,,"Children's footwear, with an insole length of less than 24.25 cm and more than 16 cm; and infant's footwear with an insole length of 16 cm or less."
4,Detail,2312293,231229,"Ski-boots, snowboard boots and cross-country ski footwear (except for children)",,"Ski-boots, snowboard boots and cross-country ski footwear, except for children."
4,Detail,2312294,231229,Ice skating boots (except for children),,"Ice skating boots, whether the boots are attached to blades or not, except for children."
4,Detail,2312295,231229,Roller skating boots (except for children),,"Roller skating boots, whether the boots are attached to rollers or not, except for children."
4,Detail,2312299,231229,"Other footwear and accessories, n.e.c.",,"Other footwear and accessories, n.e.c."
2,Class,23131,231,"Suitcases, handbags, and other leather and allied products",,"This class comprises suitcases, handbags, and other leather and allied products."
3,Subclass,231311,23131,Suitcases and handbags,,"This subclass comprises suitcases, briefcases, knapsacks and duffel bags; and handbags and purses."
4,Detail,2313111,231311,"Suitcases, briefcases, knapsacks and duffel bags",,"Suitcases, briefcases, knapsacks and duffel bags."
4,Detail,2313112,231311,Handbags and purses,,Handbags and purses.
3,Subclass,231312,23131,Other leather and allied products,,"This subclass comprises leather and fur articles, pieces and components, n.e.c."
4,Detail,2313121,231312,"Leather and fur articles, n.e.c.",,"Leather and fur articles, n.e.c."
4,Detail,2313122,231312,"Leather pieces and components, n.e.c.",,"Leather pieces and components, n.e.c."
4,Detail,2313123,231312,"Fur pieces and components, n.e.c.",,"Fur pieces and components, n.e.c."
1,Group,232,,"Carpets, textile furnishings and other textile products",,"This group comprises carpets, textile furnishings and other textile products."
2,Class,23211,232,"Carpets, rugs and mats",,"This class comprises carpets, rugs and mats of textile materials."
3,Subclass,232111,23211,"Carpets, rugs and mats",,"This subclass comprises carpets, rugs and mats of textile materials."
4,Detail,2321111,232111,"Carpets, rugs and mats",,"Carpets, rugs and mats of textile materials."
2,Class,23212,232,Other textile furnishings,,This class comprises other textile furnishings.
3,Subclass,232121,23212,Bed linens,,This subclass comprises bed linens.
4,Detail,2321211,232121,Bed linens,,Bed linens.
3,Subclass,232122,23212,Other miscellaneous textile furnishings,,This subclass comprises other miscellaneous textile furnishings.
4,Detail,2321221,232122,"Curtains, draperies, and textile blinds",,"Curtains, draperies, and blinds made of textile materials."
4,Detail,2321222,232122,Bath linens,,Bath linens.
4,Detail,2321223,232122,Household textiles (except bed and bath linens),,"Household textiles, except bed and bath linens."
2,Class,23213,232,"Textile products, n.e.c.",,"This class comprises tire cord and tire fabric; rope, cordage and twine; canvas products and similar articles; and other textile products n.e.c."
3,Subclass,232131,23213,Tire cord and tire fabric,,This subclass comprises tire cord and tire fabric.
4,Detail,2321311,232131,Tire cord and tire fabric,,Tire cord and tire fabric.
3,Subclass,232132,23213,"Rope, cordage and twine",,"This subclass comprises rope, cordage and twine."
4,Detail,2321321,232132,"Rope, cordage and twine",,"Rope, cordage and twine."
3,Subclass,232133,23213,Canvas products and similar articles,,This subclass comprises canvas products and similar articles.
4,Detail,2321331,232133,Camping tents and sails,,Camping tents and sails.
4,Detail,2321332,232133,Commercial tents and air-supported structures,,Commercial tents and air-supported structures.
4,Detail,2321333,232133,Other canvas products and similar articles,,Other canvas products and similar articles.
3,Subclass,232134,23213,"Other textile products, n.e.c.",,"This subclass comprises other textile products, n.e.c."
4,Detail,2321341,232134,Textile bags,,Bags made of woven or knitted textiles or of similar materials.
4,Detail,2321342,232134,"Textile padding, upholstery filling, batting, and wadding",,"Textile padding, upholstery filling, batting, and wadding."
4,Detail,2321343,232134,Embroideries,,Embroideries.
4,Detail,2321344,232134,"Textile components, n.e.c.",,"Textile components, n.e.c."
4,Detail,2321345,232134,"Textile end products, n.e.c.",,"Textile end products, n.e.c."
4,Detail,2321346,232134,Recovered fibres and processed mill waste,,Recovered fibres and processed mill waste.
1,Group,241,,Lumber and other sawmill products,,This group comprises lumber and other sawmill products.
2,Class,24111,241,Hardwood lumber (except tongue and groove and other edge worked lumber),,"This class comprises untreated hardwood lumber, not further worked than sawn, planed and cut to length."
3,Subclass,241111,24111,Hardwood lumber (except tongue and groove and other edge worked lumber),,"This subclass comprises untreated hardwood lumber, not further worked than sawn, planed and cut to length."
4,Detail,2411111,241111,Hardwood lumber (except tongue and groove and other edge worked lumber),,"Untreated hardwood lumber, not further worked than sawn, planed and cut to length."
2,Class,24112,241,Softwood lumber (except tongue and groove and other edge worked lumber),,"This class comprises untreated softwood lumber, not further worked than sawn, planed and cut to length."
3,Subclass,241121,24112,"Softwood lumber of spruce, pine and fir (except tongue and groove and other edge worked lumber)",,"This subclass comprises untreated softwood lumber of spruce-pine-fir (SPF), not further worked than sawn, planed and cut to length."
4,Detail,2411211,241121,"Softwood lumber of spruce, pine and fir (except tongue and groove and other edge worked lumber)",,"Untreated softwood lumber of spruce-pine-fir (SPF), not further worked than sawn, planed and cut to length."
3,Subclass,241122,24112,Softwood lumber of hemlock fir (except tongue and groove and other edge worked lumber),,"This subclass comprises untreated softwood lumber of hemlock fir, not further worked than sawn, planed and cut to length."
4,Detail,2411221,241122,Softwood lumber of hemlock fir (except tongue and groove and other edge worked lumber),,"Untreated softwood lumber of hemlock fir, not further worked than sawn, planed and cut to length."
3,Subclass,241123,24112,Softwood lumber of Douglas fir and Western larch (except tongue and groove and other edge worked lumber),,"This subclass comprises untreated softwood lumber of Douglas fir and Western larch, not further worked than sawn, planed and cut to length."
4,Detail,2411231,241123,Softwood lumber of Douglas fir and Western larch (except tongue and groove and other edge worked lumber),,"Untreated softwood lumber of Douglas fir and Western larch, not further worked than sawn, planed and cut to length."
3,Subclass,241124,24112,Softwood lumber of Western red cedar (except tongue and groove and other edge worked lumber),,"This subclass comprises untreated softwood lumber of Western red cedar, not further worked than sawn, planed and cut to length."
4,Detail,2411241,241124,Softwood lumber of Western red cedar (except tongue and groove and other edge worked lumber),,"Untreated softwood lumber of Western red cedar, not further worked than sawn, planed and cut to length."
3,Subclass,241125,24112,Other softwood lumber (except tongue and groove and other edge worked lumber),,"This subclass comprises other untreated softwood lumber, not further worked than sawn, planed and cut to length."
4,Detail,2411251,241125,Other softwood lumber (except tongue and groove and other edge worked lumber),,"Other untreated softwood lumber, not further worked than sawn, planed and cut to length."
2,Class,24121,241,Wood trusses and engineered wood members,,This class comprises wood trusses and engineered structural wood members.
3,Subclass,241211,24121,Wood trusses,,"This subclass comprises load-bearing structural frames based on a triangular arrangement of wood members, used in various residential and commercial building applications."
4,Detail,2412111,241211,Wood trusses,,"Load-bearing structural frames based on a triangular arrangement of wood members, used in various residential and commercial building applications."
3,Subclass,241212,24121,Engineered structural wood members (except trusses),,"This subclass comprises engineered wood products used as load-bearing or other supporting components of a building, except trusses."
4,Detail,2412121,241212,Engineered structural wood members (except trusses),,"Engineered wood products used as load-bearing or other supporting components of a building, except trusses."
2,Class,24122,241,Reconstituted wood products,,This class comprises reconstituted wood products.
3,Subclass,241221,24122,"Waferboard, particle board and medium-density fibreboard (MDF)",,"This subclass comprises waferboard, oriented strandboard, composite flooring, medium-density fibreboard (MDF) and particle board."
4,Detail,2412211,241221,Waferboard and oriented strandboard,,"Regular and oriented particle panels made from compressed wood flakes, strands or wafers."
4,Detail,2412212,241221,Composite flooring,,"Composite wood flooring refers to floor covering of reconstituted wood products consisting of two or more layers with the top layer predominantly made of solid hardwood or softwood. The sub layers can be of the same wood species, of different species or of other material. Composite flooring of non solid wood materials are also included."
4,Detail,2412213,241221,Other medium-density fibreboard (MDF) and particle board (including prefinished),,"Other medium-density fibreboard (MDF) and particle board, including prefinished."
3,Subclass,241222,24122,Other fibreboard,,This subclass comprises other fibreboard.
4,Detail,2412221,241222,Hardboard,,High-density fibreboard (HDF) and high-density particle board.
4,Detail,2412222,241222,Cellulosic fibreboard (insulating board),,"Low-density insulating fibreboard, manufactured from cellulosic fibres, such as wood fibres."
2,Class,24123,241,Veneer and plywood,,This class comprises veneer and plywood.
3,Subclass,241231,24123,Hardwood veneer,,"This subclass comprises wood sheets of uniform thickness, peeled, sliced or sawn from bolts of hardwood, suitable for use as panels or in the manufacture of plywood."
4,Detail,2412311,241231,Hardwood veneer,,"Wood sheets of uniform thickness, peeled, sliced or sawn from bolts of hardwood, suitable for use as panels or in the manufacture of plywood."
3,Subclass,241232,24123,Softwood veneer,,"This subclass comprises wood sheets of uniform thickness, peeled, sliced or sawn from bolts of softwood, suitable for use as panels or in the manufacture of plywood."
4,Detail,2412321,241232,Softwood veneer,,"Wood sheets of uniform thickness, peeled, sliced or sawn from bolts of softwood, suitable for use as panels or in the manufacture of plywood."
3,Subclass,241233,24123,Birch plywood and plywood products,,This subclass comprises birch plywood panels and other plywood-type products of birch.
4,Detail,2412331,241233,Hardwood plywood of birch,,Plywood panels consisting of sheets of birch.
4,Detail,2412332,241233,"Plywood-type products of birch (including 2-ply veneers, cellular panels, and curved or moulded plywood)",,"Veneer panels, cellular panels, curved or moulded plywood, and other wood panels made from birch veneer glued to particle board, fibreboard, lumber or other wood-based cores."
3,Subclass,241234,24123,Other hardwood plywood and plywood products,,"This subclass comprises hardwood plywood panels and other plywood-type products of hardwood, except birch."
4,Detail,2412341,241234,Other hardwood plywood,,Plywood panels consisting of sheets of hardwood other than birch.
4,Detail,2412342,241234,"Other hardwood plywood-type products (including 2-ply veneers, cellular panels, and curved or moulded plywood)",,"Veneer panels, cellular panels, curved or moulded plywood, and other wood panels made from hardwood veneer (other than birch) glued to particle board, fibreboard, lumber or other wood-based cores."
3,Subclass,241235,24123,Douglas fir plywood and plywood products,,This subclass comprises Douglas fir plywood panels and other plywood-type products of Douglas fir.
4,Detail,2412351,241235,"Softwood plywood of Douglas fir, rough (including touch sanded, interior and exterior)",,"Rough plywood panels consisting of sheets of Douglas fir, including interior and exterior touch sanded."
4,Detail,2412352,241235,"Softwood plywood of Douglas fir, sanded (interior and exterior)",,"Plywood panels consisting of sheets of Douglas fir, interior and exterior sanded."
4,Detail,2412353,241235,"Softwood plywood specialties of Douglas fir (including 2-ply veneers, cellular panels, and curved or moulded plywood)",,"Veneer panels, cellular panels, curved or moulded plywood, and other wood panels made from Douglas fir veneer glued to particle board, fibreboard, lumber or other wood-based cores."
3,Subclass,241236,24123,Other softwood plywood and plywood products,,"This subclass comprises softwood plywood panels and other plywood-type products of softwood, except Douglas fir."
4,Detail,2412361,241236,"Softwood plywood (except of Douglas fir), rough (including touch sanded, interior and exterior)",,"Rough plywood panels consisting of sheets of softwood other than Douglas fir, including interior and exterior touch sanded."
4,Detail,2412362,241236,"Softwood plywood (except of Douglas fir), sanded (interior and exterior)",,"Plywood panels consisting of sheets of softwood other than Douglas fir, interior and exterior sanded."
4,Detail,2412363,241236,"Softwood plywood specialties (except of Douglas fir) (including 2-ply veneers, cellular panels, and curved or moulded plywood)",,"Veneer panels, cellular panels, curved or moulded plywood and other wood panels made from softwood veneer (other than Douglas fir), glued to particle board, fibreboard, lumber or other wood-based cores."
2,Class,24124,241,"Other sawmill products, and treated wood products",,This class comprises other sawmill products and treated wood products.
3,Subclass,241241,24124,"Shakes and shingles, and wood siding",,"This subclass comprises shakes and shingles, and wood siding."
4,Detail,2412411,241241,Shakes and shingles,,"Shakes and shingles, sawn or split from natural wood, for use as roofing or siding."
4,Detail,2412412,241241,Wood siding,,"Natural wood siding, continuously shaped."
3,Subclass,241242,24124,Untreated wood ties and treated wood products,,This subclass comprises untreated wood ties and treated wood products.
4,Detail,2412421,241242,Untreated wood ties,,Untreated wood ties.
4,Detail,2412422,241242,"Treated wood poles, piles and posts",,"Treated wood poles, piles and posts."
4,Detail,2412423,241242,Other treated wood products (including treated lumber),,"Other treated wood products, including treated lumber."
1,Group,251,,Pulp and paper,,This group comprises pulp and paper.
2,Class,25111,251,Wood chips,,"This class comprises wood chips, flakes and particles."
3,Subclass,251111,25111,Wood chips,,"This subclass comprises wood chips, flakes and particles."
4,Detail,2511111,251111,Softwood chips,,"Softwood chips, flakes and particles."
4,Detail,2511112,251111,Hardwood chips,,"Hardwood chips, flakes and particles."
2,Class,25112,251,Wood pulp,,"This class comprises wood pulp, non-wood pulp, and pulp mill by-products n.e.c."
3,Subclass,251121,25112,Special alpha and dissolving wood pulp,,This subclass comprises special alpha and dissolving wood pulp.
4,Detail,2511211,251121,Special alpha and dissolving wood pulp,,Special alpha and dissolving wood pulp.
3,Subclass,251122,25112,Sulphate softwood pulp (including soda),,"This subclass comprises softwood pulp made by sulphate pulping process (including sodium sulphite pulping process), except dissolving grades."
4,Detail,2511221,251122,Sulphate softwood pulp (including soda),,"Softwood pulp made by sulphate pulping process (including sodium sulphite pulping process), except dissolving grades."
3,Subclass,251123,25112,Sulphate hardwood pulp (including soda),,"This subclass comprises hardwood pulp made by sulphate pulping process (including sodium sulphite pulping process), except dissolving grades."
4,Detail,2511231,251123,Sulphate hardwood pulp (including soda),,"Hardwood pulp made by sulphate pulping process (including sodium sulphite pulping process), except dissolving grades."
3,Subclass,251124,25112,Other sulphite and chemical wood pulp,,"This subclass comprises other wood pulp made by sulphite process, except dissolving grades, and other chemical wood pulp."
4,Detail,2511241,251124,Other sulphite and chemical wood pulp,,"Other wood pulp made by sulphite process, except dissolving grades, and other chemical wood pulp."
3,Subclass,251125,25112,"Mechanical and semi-chemical wood pulp, and non-wood pulp",,"This subclass comprises mechanical and semi-chemical wood pulp, non-wood pulp, and pulp mill by-products n.e.c."
4,Detail,2511251,251125,Mechanical and semi-chemical wood pulp,,Wood pulp made by a mechanical or semi-chemical process.
4,Detail,2511252,251125,"Non-wood pulp, and pulp mill by-products n.e.c.",,"Pulp made from materials other than wood, and pulp mill by-products n.e.c."
2,Class,25121,251,Newsprint,,This class comprises newsprint.
3,Subclass,251211,25121,Newsprint,,This subclass comprises newsprint.
4,Detail,2512111,251211,Newsprint,,Newsprint.
2,Class,25122,251,Paper (except newsprint),,"This class comprises paper, except newsprint."
3,Subclass,251221,25122,Coated printing and coated converting paper,,This subclass comprises coated printing and coated converting paper.
4,Detail,2512211,251221,Coated printing paper,,Coated printing paper.
4,Detail,2512212,251221,Coated industrial converting paper,,Coated industrial converting paper.
3,Subclass,251222,25122,Uncoated freesheet paper,,This subclass comprises uncoated freesheet paper.
4,Detail,2512221,251222,Uncoated freesheet paper,,Uncoated freesheet paper.
3,Subclass,251223,25122,Uncoated groundwood paper,,This subclass comprises uncoated groundwood paper.
4,Detail,2512231,251223,Uncoated groundwood paper,,Uncoated groundwood paper.
3,Subclass,251224,25122,Tissue paper and other machine-creped paper,,This subclass comprises tissue paper and other machine-creped paper for converting.
4,Detail,2512241,251224,Tissue paper and other machine-creped paper,,Tissue paper and other machine-creped paper for converting.
3,Subclass,251225,25122,Other packaging and industrial converting paper,,This subclass comprises uncoated packaging and industrial converting paper.
4,Detail,2512251,251225,Unbleached kraft packaging and industrial converting paper,,Unbleached kraft packaging and industrial converting paper.
4,Detail,2512252,251225,Packaging and industrial converting paper (except coated paper and unbleached kraft),,"Packaging and industrial converting paper, except coated paper and unbleached kraft."
3,Subclass,251226,25122,"Paper (except newsprint), n.e.c.",,"This subclass comprises paper, except newsprint, n.e.c."
4,Detail,2512261,251226,"Bleached bristols, cotton fibre and thin paper, and special industrial paper (except for packaging)",,"Bleached bristols, cotton fibre and thin paper, and special industrial paper, except for packaging."
4,Detail,2512262,251226,Construction paper (except asphalt-coated felts),,"Paper for construction materials, except asphalt-coated felts."
2,Class,25123,251,Paperboard,,This class comprises paperboard.
3,Subclass,251231,25123,Recycled paperboard,,This subclass comprises recycled paperboard.
4,Detail,2512311,251231,Recycled paperboard,,Recycled paperboard.
3,Subclass,251232,25123,Kraft packaging and industrial converting paperboard,,This subclass comprises kraft packaging and industrial converting paperboard.
4,Detail,2512321,251232,Unbleached kraft packaging and industrial converting paperboard,,Unbleached kraft packaging and industrial converting paperboard.
4,Detail,2512322,251232,Bleached packaging and industrial converting paperboard,,Bleached packaging and industrial converting paperboard.
3,Subclass,251233,25123,Other paperboard,,This subclass comprises other paperboard.
4,Detail,2512331,251233,Semi-chemical paperboard (including corrugating medium),,"Semi-chemical paperboard, including corrugating medium."
4,Detail,2512332,251233,Other paperboard (including wet machine board),,"Other paperboard, including wet machine board."
1,Group,252,,Converted paper products (except for packaging),,"This group comprises converted paper products, except for packaging."
2,Class,25211,252,Paper office supplies,,This class comprises paper office supplies.
3,Subclass,252111,25211,Envelopes,,This subclass comprises envelopes.
4,Detail,2521111,252111,Envelopes,,Envelopes.
3,Subclass,252112,25211,Paper office supplies (except envelopes),,"This subclass comprises paper office supplies, except envelopes."
4,Detail,2521121,252112,Paper and paperboard office supplies,,Paper and paperboard office supplies.
4,Detail,2521122,252112,Other stationery and unprinted office supplies,,Other stationery and unprinted office supplies.
2,Class,25212,252,"Printed products, n.e.c.",,"This class comprises business forms and cheque books; and loose leaf binders, blank books and other printed products, including binder parts."
3,Subclass,252121,25212,Business forms and cheque books,,This subclass comprises business forms and cheque books.
4,Detail,2521211,252121,"Cheque books (including inserts and refills, but excluding those in continuous form and die-cut)",,"Cheque books, including inserts and refills, but excluding those in continuous form and die-cut."
4,Detail,2521212,252121,Manifold books and pegboard accounting systems,,Manifold books and pegboard accounting systems.
4,Detail,2521213,252121,"Unit set forms, loose or bound",,"Unit set forms, loose or bound."
4,Detail,2521214,252121,Custom continuous business forms,,Custom continuous business forms.
4,Detail,2521215,252121,Stock continuous business forms,,Stock continuous business forms.
3,Subclass,252122,25212,"Loose leaf binders, blank books and other printed products (including binder parts)",,"This subclass comprises loose leaf binders, blank books and other printed products, including binder parts."
4,Detail,2521221,252122,Blank books,,Blank books.
4,Detail,2521222,252122,"Loose leaf binders, inserts and parts (including time planners and scrapbooks)",,"Loose leaf binders, inserts and parts, including time planners and scrapbooks."
4,Detail,2521223,252122,"Printed tablets, writing pads, and related products",,"Printed tablets, writing pads, and related products."
4,Detail,2521224,252122,"Other printed products, n.e.c.",,"Other printed products, n.e.c."
2,Class,25213,252,Disposable diapers and feminine hygiene products,,This class comprises disposable diapers and feminine hygiene products.
3,Subclass,252131,25213,Disposable diapers and feminine hygiene products,,This subclass comprises disposable diapers and feminine hygiene products.
4,Detail,2521311,252131,Disposable diapers and feminine hygiene products,,Disposable diapers and feminine hygiene products.
2,Class,25214,252,Sanitary paper products,,This class comprises sanitary paper products.
3,Subclass,252141,25214,Facial tissues,,This subclass comprises facial tissues.
4,Detail,2521411,252141,Facial tissues,,Facial tissues.
3,Subclass,252142,25214,Toilet paper,,This subclass comprises toilet paper.
4,Detail,2521421,252142,Toilet paper,,Toilet paper.
3,Subclass,252143,25214,Paper towels,,This subclass comprises paper towels.
4,Detail,2521431,252143,Paper towels,,Paper towels.
3,Subclass,252144,25214,Paper napkins and other sanitary paper products,,"This subclass comprises paper napkins, and other sanitary paper products."
4,Detail,2521441,252144,Paper napkins and other sanitary paper products,,"Paper napkins, and other sanitary paper products."
2,Class,25215,252,Other converted paper products (except for packaging),,"This class comprises wallpaper; other coated and treated paper and paperboard; and other converted paper and laminated products, except for packaging."
3,Subclass,252151,25215,Wallpaper,,This subclass comprises wallpaper made of all materials.
4,Detail,2521511,252151,Wallpaper,,Wallpaper made of all materials.
3,Subclass,252152,25215,Other coated and treated paper and paperboard,,This subclass comprises other coated and treated paper and paperboard.
4,Detail,2521521,252152,Laminated foil for non-packaging applications,,Laminated foil for non-packaging applications.
4,Detail,2521522,252152,Other coated and treated paperboard (except for packaging),,"Pasted, lined, laminated, or surface-coated paperboard, except for packaging."
4,Detail,2521523,252152,Other coated and treated paper (except for packaging),,"Other coated and treated paper, except for packaging."
3,Subclass,252153,25215,Other converted paper and laminated products (except for packaging),,"This subclass comprises other converted paper and laminated products, except for packaging."
4,Detail,2521531,252153,Gift wrap paper,,Gift wrap paper.
4,Detail,2521532,252153,"Other converted paper and paperboard products, n.e.c.",,"Other converted paper and paperboard products, n.e.c."
1,Group,261,,Refined petroleum energy products (including liquid biofuels),,"This group comprises refined petroleum energy products, and liquid biofuels."
2,Class,26111,261,Coke and other coke oven products,,"This class comprises coke and other coke oven products (coal products). Coal products can be derived directly or indirectly from various classes of coal by carbonization or pyrolysis processes, by the aggregation of finely divided coal or by chemical reactions with oxidizing agents, including water."
3,Subclass,261111,26111,Coke and other coke oven products,,"This subclass comprises coke and other coke oven products (coal products). Coal products can be derived directly or indirectly from various classes of coal by carbonization or pyrolysis processes, by the aggregation of finely divided coal or by chemical reactions with oxidizing agents, including water."
4,Detail,2611111,261111,Coal coke,,"Coal fuel with high carbon content, made by heating coal at high temperature."
4,Detail,2611112,261111,Petroleum coke,,By product of the crude oil refining process delivered from oil refinery coker. Petroleum coke is a solid carbon material that resembles coal.
4,Detail,2611113,261111,Other coke oven products,,Other coke oven products.
2,Class,26121,261,Motor gasoline (including blending components and ethanol fuel),,"This class comprises all gasoline type fuels for internal combustion engines (except aircraft engines), including motor gasoline blending components and ethanol fuel."
3,Subclass,261211,26121,"Finished motor gasoline (except for aircraft, and ethanol fuel)",,"This subclass comprises finished gasoline type fuels for internal combustion engines (except for aircraft, and ethanol fuel). Finished motor gasoline is a complex mixture of relatively volatile hydrocarbons with or without small quantities of additives, blended to form a fuel suitable for use in spark-ignition engines (except aircraft engines). Gasoline grades are based on octane ratings which indicate how much the fuel can be compressed before it spontaneously ignites."
4,Detail,2612111,261211,"Finished motor gasoline, premium",,"Finished gasoline type fuels of premium grade, for internal combustion engines (except for aircraft, and ethanol fuel)."
4,Detail,2612112,261211,"Finished motor gasoline, mid-grade",,"Finished gasoline type fuels of mid-grade, for internal combustion engines (except for aircraft, and ethanol fuel)."
4,Detail,2612113,261211,"Finished motor gasoline, regular",,"Finished gasoline type fuels of regular grade (non-leaded and leaded), for internal combustion engines (except for aircraft, and ethanol fuel)."
3,Subclass,261212,26121,Motor gasoline blending components,,"This subclass comprises naphthas (for example, straight-run gasoline, alkylate, reformate, benzene, toluene, xylene) used for blending or compounding into finished motor gasoline. These components include reformulated gasoline blendstock for oxygenate blending."
4,Detail,2612121,261212,Motor gasoline blending components,,"Naphthas (for example, straight-run gasoline, alkylate, reformate, benzene, toluene, xylene) used for blending or compounding into finished motor gasoline. These components include reformulated gasoline blendstock for oxygenate blending."
3,Subclass,261213,26121,Ethanol fuel and other biofuels (except biodiesel and aviation biofuel),,This subclass comprises anhydrous denatured aliphatic alcohol intended for gasoline blending; and other biofuels (except biodiesel and aviation biofuel).
4,Detail,2612131,261213,Ethanol fuel,,Anhydrous denatured aliphatic alcohol intended for gasoline blending.
4,Detail,2612132,261213,Other biofuels (except biodiesel and aviation biofuel),,Other biofuels (except biodiesel and aviation biofuel).
2,Class,26122,261,Diesel and biodiesel fuels,,"This class comprises fuel that requires fewer distillation steps than gasoline and used for diesel engines (including any fuel-biodiesel blends and ultra-low-sulfur diesel), and non-petroleum-based diesel fuel made from vegetable oil or animal fat."
3,Subclass,261221,26122,Diesel fuel,,"This subclass comprises fuel that requires fewer distillation steps than gasoline and used for diesel engines, including any fuel-biodiesel blends and ultra-low-sulfur diesel."
4,Detail,2612211,261221,Diesel fuel,,"Fuel that requires fewer distillation steps than gasoline and used for diesel engines, including any fuel-biodiesel blends and ultra-low-sulfur diesel."
3,Subclass,261222,26122,Biodiesel fuel,,This subclass comprises non-petroleum-based diesel fuel made from vegetable oil or animal fat.
4,Detail,2612221,261222,Biodiesel fuel,,Non-petroleum-based diesel fuel made from vegetable oil or animal fat.
4,Detail,2612222,261222,Other renewable diesel fuels,,Other renewable diesel fuels.
2,Class,26131,261,Aviation fuel,,This class comprises jet fuel and aviation gasoline.
3,Subclass,261311,26131,Aviation gasoline,,This subclass comprises gasoline type fuels with additives prepared especially for aviation piston engines.
4,Detail,2613111,261311,Aviation gasoline,,Gasoline type fuels with additives prepared especially for aviation piston engines.
3,Subclass,261312,26131,Jet fuel,,This subclass comprises aviation turbo fuel of kerosene and naphtha types.
4,Detail,2613121,261312,"Aviation turbo fuel, kerosene type",,Kerosene type fuels for turbo-jet (gas turbine) or straight jet type aircraft engines.
4,Detail,2613122,261312,"Aviation turbo fuel, naphtha type",,Naphtha type fuels for turbo-jet (gas turbine) or straight jet type aircraft engines.
2,Class,26132,261,Light fuel oils,,"This class comprises kerosene and light fuel oils, except jet fuel and diesel."
3,Subclass,261321,26132,Kerosene (except jet fuel),,"This subclass comprises light petroleum distillate used in space heaters, cook stoves and water heaters and is suitable for use in wick-fed lamps, except jet fuel."
4,Detail,2613211,261321,Kerosene (except jet fuel and stove oil),,"Light petroleum distillate used in space heaters, cook stoves and water heaters and is suitable for use in wick-fed lamps, except jet fuel and stove oil."
4,Detail,2613212,261321,Stove oil,,"Grades of kerosene used in vaporizing pot-type burners, range or stove."
3,Subclass,261322,26132,Light fuel oils (except kerosene and diesel),,This subclass comprises crude oil distillate used mostly for the production of heat in domestic and small commercial liquid-fuel burning equipment.
4,Detail,2613221,261322,Light fuel oils (except kerosene and diesel),,Crude oil distillate used mostly for the production of heat in domestic and small commercial liquid-fuel burning equipment.
2,Class,26133,261,Heavy fuel oils,,"This class comprises grades of residual type fuels usually used for steam and electric power generation and diesel motors, including those with low sulphur content."
3,Subclass,261331,26133,Heavy fuel oils,,"This subclass comprises grades of residual type fuels usually used for steam and electric power generation and diesel motors, including those with low sulphur content."
4,Detail,2613311,261331,Heavy fuel oils,,"Grades of residual type fuels usually used for steam and electric power generation and diesel motors, including those with low sulphur content."
1,Group,262,,Asphalt (except natural) and asphalt products,,"This group comprises asphalt, except natural asphalt, and asphalt products."
2,Class,26211,262,Asphalt (except natural) and asphalt products,,"This class comprises asphalt, except natural asphalt, and asphalt products."
3,Subclass,262111,26211,Asphalt (except natural),,"This subclass comprises asphalt, except natural asphalt."
4,Detail,2621111,262111,Asphalt (except natural),,"Asphalt, except natural asphalt."
3,Subclass,262112,26211,Asphalt paving mixtures and blocks,,This subclass comprises asphalt paving mixtures and blocks.
4,Detail,2621121,262112,Asphalt paving mixtures and blocks,,Asphalt paving mixtures and blocks.
3,Subclass,262113,26211,Prepared asphalts (including roofing and saturated felts),,"This subclass comprises prepared asphalts, including roofing and saturated felts."
4,Detail,2621131,262113,"Roofing asphalts and pitches, coatings, and cements",,"Roofing asphalts and pitches, coatings, and cements."
4,Detail,2621132,262113,Asphalt shingles,,Asphalt shingles.
4,Detail,2621133,262113,Smooth surfaced organic felt roll roofings,,Smooth surfaced organic felt roll roofings.
4,Detail,2621134,262113,Mineral surfaced organic felt roll roofings and sidings,,Mineral surfaced organic felt roll roofings and sidings.
4,Detail,2621135,262113,Asphalt saturated organic felts,,Asphalt saturated organic felts.
4,Detail,2621136,262113,Asphalt saturated and coated sheathing,,Asphalt saturated and coated sheathing.
4,Detail,2621137,262113,"Other prepared asphalt, tar roofing and siding products, n.e.c.",,"Other prepared asphalt, tar roofing and siding products, n.e.c."
1,Group,263,,"Dyes and pigments, and petrochemicals",,"This group comprises dyes and pigments, and petrochemicals."
2,Class,26311,263,Dyes and pigments,,This class comprises inorganic and synthetic dyes and pigments.
3,Subclass,263111,26311,Dyes and pigments,,This subclass comprises inorganic and synthetic dyes and pigments.
4,Detail,2631111,263111,Inorganic dyes and pigments,,Inorganic dyes and pigments.
4,Detail,2631112,263111,Synthetic organic dyes,,Synthetic organic dyes.
4,Detail,2631113,263111,Synthetic organic pigments,,Synthetic organic pigments.
2,Class,26321,263,Petrochemicals,,This class comprises petrochemicals.
3,Subclass,263211,26321,Ethylene,,This subclass comprises ethylene.
4,Detail,2632111,263211,Ethylene,,Ethylene.
3,Subclass,263212,26321,Aromatic hydrocarbon gases,,This subclass comprises aromatic hydrocarbon gases.
4,Detail,2632121,263212,Styrene monomer,,Styrene monomer.
4,Detail,2632122,263212,Benzene,,Benzene.
4,Detail,2632123,263212,Toluene,,Toluene.
4,Detail,2632124,263212,Xylene,,Xylene.
4,Detail,2632125,263212,"Other aromatic hydrocarbon gases, n.e.c.",,"Other aromatic hydrocarbon gases, n.e.c."
3,Subclass,263213,26321,"Liquefied refinery gases, and acyclic hydrocarbons n.e.c.",,"This subclass comprises liquefied refinery gases, and acyclic hydrocarbons n.e.c."
4,Detail,2632131,263213,Butadiene,,Butadiene.
4,Detail,2632132,263213,Butylene,,Butylene.
4,Detail,2632133,263213,Propylene,,"Propylene, as propylene in all grades."
4,Detail,2632134,263213,"Other liquefied refinery gases, and acyclic hydrocarbons n.e.c.",,"Other liquefied refinery gases, and acyclic hydrocarbons n.e.c."
3,Subclass,263214,26321,"Cycloterpenes, cyclanes and cyclenes, and cyclic hydrocarbons n.e.c.",,"This subclass comprises cycloterpenes, cyclanes and cyclenes, and cyclic hydrocarbons n.e.c."
4,Detail,2632141,263214,"Cycloterpenes, cyclanes and cyclenes, and cyclic hydrocarbons n.e.c.",,"Cycloterpenes, cyclanes and cyclenes, and cyclic hydrocarbons n.e.c."
1,Group,264,,Lubricants and other petroleum refinery products,,This group comprises lubricants and other petroleum refinery products.
2,Class,26411,264,Lubricants and other petroleum refinery products,,This class comprises lubricants and other petroleum refinery products.
3,Subclass,264111,26411,Automotive lubricating oils and greases,,This subclass comprises automotive lubricating oils and greases.
4,Detail,2641111,264111,Automotive lubricating oils and greases,,Automotive lubricating oils and greases.
3,Subclass,264112,26411,Petroleum-based lubricating oils and greases (except automotive),,"This subclass comprises petroleum-based lubricating oils and greases, except automotive."
4,Detail,2641121,264112,Petroleum-based lubricating oils and greases (except automotive),,"Petroleum-based lubricating oils and greases, except automotive."
3,Subclass,264113,26411,Unfinished petroleum oils,,This subclass comprises unfinished petroleum oils.
4,Detail,2641131,264113,Unfinished petroleum oils,,Unfinished petroleum oils.
3,Subclass,264114,26411,"Petroleum naphthas, n.e.c.",,"This subclass comprises refined petroleum products consisting of naphthas, n.e.c."
4,Detail,2641141,264114,Naphtha specialties,,"Specialty naphthas used as solvents, cleaning fluids, paint and varnish diluents, asphalt diluents, rubber industry solvents, dry-cleaning, cigarette lighters, and portable camping stove and lantern fuels. These specialty naphthas are subjected to various purification processes."
4,Detail,2641142,264114,"All other petroleum naphthas, n.e.c.",,"All other petroleum naphthas, except naphtha specialties."
3,Subclass,264115,26411,"Other finished petroleum products, n.e.c.",,"This subclass comprises other finished petroleum products, n.e.c."
4,Detail,2641151,264115,Petroleum waxes and petroleum jelly,,Petroleum waxes and petroleum jelly.
4,Detail,2641152,264115,Still gas,,"The remaining unseparated gaseous fractions produced in refinery distillation or cracking processes, after marketable products have been extracted. This is usually consumed as refinery fuel."
4,Detail,2641153,264115,"All other finished petroleum products, n.e.c.",,"All other finished petroleum products, n.e.c."
1,Group,271,,Basic chemicals,,This group comprises basic chemicals.
2,Class,27111,271,Industrial gases,,This class comprises industrial gases.
3,Subclass,271111,27111,Industrial gases,,This subclass comprises industrial gases.
4,Detail,2711111,271111,Oxygen,,Oxygen.
4,Detail,2711112,271111,Nitrogen,,Nitrogen.
4,Detail,2711113,271111,Carbon dioxide,,"Carbon dioxide, in gas or solid form."
4,Detail,2711114,271111,Acetylene,,Acetylene.
4,Detail,2711115,271111,Hydrogen,,Hydrogen.
4,Detail,2711116,271111,Argon,,Argon.
4,Detail,2711117,271111,"Other industrial gases, n.e.c.",,"Other industrial gases, in gas or liquid form, n.e.c."
2,Class,27112,271,Other basic inorganic chemicals,,This class comprises other basic inorganic chemicals.
3,Subclass,271121,27112,Sulphuric acid,,"This subclass comprises sulphuric acid, pure, concentrated or diluted."
4,Detail,2711211,271121,Sulphuric acid,,"Sulphuric acid, pure, concentrated or diluted."
3,Subclass,271122,27112,Chlorine,,This subclass comprises chlorine.
4,Detail,2711221,271122,Chlorine,,Chlorine.
3,Subclass,271123,27112,Sodium hydroxide (caustic soda),,This subclass comprises sodium hydroxide (caustic soda).
4,Detail,2711231,271123,Sodium hydroxide (caustic soda),,Sodium hydroxide (caustic soda).
3,Subclass,271124,27112,"Inorganic potassium and sodium compounds (except alkalis, alums, and bleaches)",,"This subclass comprises inorganic potassium and sodium compounds, except alkalis, alums, and bleaches."
4,Detail,2711241,271124,"Inorganic potassium and sodium compounds (except alkalis, alums, and bleaches)",,"Inorganic potassium and sodium compounds, except alkalis, alums, and bleaches."
3,Subclass,271125,27112,Carbon black,,"This subclass comprises carbon black, all processes."
4,Detail,2711251,271125,Carbon black,,"Carbon black, all processes."
3,Subclass,271126,27112,Chemical catalytic preparations,,This subclass comprises chemical catalytic preparations.
4,Detail,2711261,271126,Chemical catalytic preparations,,Chemical catalytic preparations.
3,Subclass,271127,27112,Prepared radioactive isotopes,,This subclass comprises prepared radioactive isotopes.
4,Detail,2711271,271127,"Prepared radioactive isotopes, for medical use",,"Prepared radioactive isotopes, for medical use."
4,Detail,2711272,271127,Prepared radioactive isotopes (except for medical use),,"Prepared radioactive isotopes, except for medical use."
3,Subclass,271128,27112,"Other basic inorganic chemicals, n.e.c.",,"This subclass comprises other basic inorganic chemicals, n.e.c."
4,Detail,2711281,271128,"Inorganic acids (except nitric, phosphoric and sulphuric)",,"Inorganic acids, except nitric, phosphoric and sulphuric acids."
4,Detail,2711282,271128,"Alkalis, alums, and bleaches (except chlorine and sodium hydroxide)",,"Alkalis, alums, and bleaches, except chlorine and sodium hydroxide."
4,Detail,2711283,271128,"Inorganic aluminum compounds, n.e.c.",,"Inorganic aluminum compounds, n.e.c."
4,Detail,2711284,271128,Hydrogen peroxide,,"Hydrogen peroxide, 100%."
4,Detail,2711285,271128,Zinc oxide,,Zinc oxide.
4,Detail,2711286,271128,"All other miscellaneous basic inorganic chemicals, n.e.c.",,"All other miscellaneous basic inorganic chemicals, n.e.c."
2,Class,27113,271,"Basic organic chemicals, n.e.c.",,"This class comprises basic organic chemicals, n.e.c."
3,Subclass,271131,27113,"Basic organic chemicals, n.e.c.",,"This subclass comprises basic organic chemicals, n.e.c."
4,Detail,2711311,271131,Bulk pesticides and other bulk synthetic organic agricultural chemicals (except preparations),,"Bulk pesticides, herbicides and other bulk synthetic organic agricultural chemicals, except preparations."
4,Detail,2711312,271131,"Cyclic intermediates (coal tar), tar, tar crudes and tar pitches",,"Tar, tar crudes, tar pitches and products of coal tar distillation."
4,Detail,2711313,271131,Gum and other wood chemicals,,"Wood chemicals, wood tars and oils, resin and derivatives, including wood distillation products."
4,Detail,2711314,271131,"Denatured ethyl alcohol, for industrial use",,"Denatured ethyl alcohol, for industrial use."
4,Detail,2711315,271131,Methyl alcohol (methanol),,Methyl alcohol (methanol).
4,Detail,2711316,271131,"Other organic alcohols and alcohol derivatives, n.e.c.",,"Other organic alcohols and alcohol derivatives, n.e.c."
4,Detail,2711317,271131,Formaldehyde,,Formaldehyde 100% solids basis.
4,Detail,2711318,271131,"All other miscellaneous basic organic chemicals, n.e.c.",,"All other miscellaneous basic organic chemicals, n.e.c."
1,Group,272,,"Fertilizers, pesticides and other chemical products",,"This group comprises fertilizers, pesticides and other chemical products."
2,Class,27211,272,Ammonia and chemical fertilizers,,This class comprises ammonia and chemical fertilizers.
3,Subclass,272111,27211,Urea,,This subclass comprises urea for all uses.
4,Detail,2721111,272111,Urea,,Urea for all uses.
3,Subclass,272112,27211,Organic and nitrogenous fertilizer materials,,This subclass comprises organic and nitrogenous fertilizer materials.
4,Detail,2721121,272112,Fertilizer materials of organic origin (including activated sewage sludge and processed tankage),,"Fertilizer materials of organic origin, including activated sewage sludge and processed tankage."
4,Detail,2721122,272112,Nitric acid,,"Nitric acid, 100%."
4,Detail,2721123,272112,Ammonia anhydrous,,"Ammonia anhydrous, 100%."
4,Detail,2721124,272112,Ammonium nitrate,,"Ammonium nitrate, all grades."
4,Detail,2721125,272112,Ammonium phosphate,,"Ammonium phosphate, all grades."
4,Detail,2721126,272112,"Other nitric acid, ammonia and ammonium compounds",,"Other nitric acid, ammonia and ammonium compounds."
3,Subclass,272113,27211,Phosphoric acid and phosphatic fertilizer materials,,This subclass comprises phosphoric acid and phosphatic fertilizer materials.
4,Detail,2721131,272113,Phosphoric acid; wet process,,"Phosphoric acid; wet process, as 100% P2 O5."
4,Detail,2721132,272113,Other phosphoric acid and phosphatic fertilizer materials,,Other phosphoric acid and phosphatic fertilizer materials.
3,Subclass,272114,27211,Mixed fertilizers,,This subclass comprises mixed fertilizers.
4,Detail,2721141,272114,"Agricultural, commercial and institutional mixed fertilizers",,"Agricultural, commercial and institutional mixed fertilizers."
4,Detail,2721142,272114,"Mixed fertilizers, packaged for retail sale",,"Mixed fertilizers, packaged for retail sale."
2,Class,27212,272,Pesticides and other agricultural chemicals,,This class comprises pesticides and other agricultural chemicals.
3,Subclass,272121,27212,Pesticides and other agricultural chemicals,,This subclass comprises pesticides and other agricultural chemicals.
4,Detail,2721211,272121,"Agricultural, commercial and institutional pesticides and chemicals",,"Agricultural, commercial and institutional pesticides, herbicides, fungicides and other biocide chemicals."
4,Detail,2721212,272121,"Pesticides and chemicals, packaged for retail sale",,"Pesticides, herbicides, fungicides and other biocide chemicals, packaged for retail sale."
2,Class,27213,272,"Chemical products, n.e.c.",,"This class comprises chemical products, n.e.c."
3,Subclass,272131,27213,"Automotive fluids, cleaners, polishes and additives",,"This subclass comprises automotive fluids, cleaners, polishes and additives."
4,Detail,2721311,272131,"Automotive fluids, cleaners, polishes and additives",,"Automotive fluids, cleaners, polishes and additives."
3,Subclass,272132,27213,"Printing, writing and stamping inks",,"This subclass comprises printing, writing and stamping inks."
4,Detail,2721321,272132,Ink jet cartridges and refill kits,,Ink jet cartridges and refill kits.
4,Detail,2721322,272132,Other printing inks,,Other printing inks.
4,Detail,2721323,272132,Writing inks and stamp-pad inks,,Writing inks and stamp-pad inks.
3,Subclass,272133,27213,"Explosives, propellants and blasting accessories",,"This subclass comprises explosives, propellants and blasting accessories."
4,Detail,2721331,272133,"Explosives, propellants and blasting accessories",,"Explosives, propellants and blasting accessories."
3,Subclass,272134,27213,Water treatment compounds,,This subclass comprises water treatment compounds and chemicals.
4,Detail,2721341,272134,Water treatment compounds,,Water treatment compounds and chemicals.
3,Subclass,272135,27213,"Toner, photographic chemicals and photographic film",,"This subclass comprises toner, photographic chemicals and photographic film."
4,Detail,2721351,272135,Toner cartridges and cartridge refill kits,,Toner cartridges and cartridge refill kits.
4,Detail,2721352,272135,"Bulk toner, photographic chemicals, and sensitized film, plates, paper and cloth",,"Bulk toner, photographic chemicals, and sensitized film, plates, paper and cloth."
3,Subclass,272136,27213,Other chemical products,,This subclass comprises other chemical products.
4,Detail,2721361,272136,Metal-treating and -plating compounds,,Metal-treating and -plating compounds.
4,Detail,2721362,272136,Concrete curing materials and drilling mud preparations,,Concrete curing materials and drilling mud (fluid) preparations.
4,Detail,2721363,272136,Animal and vegetable waxes and essential oils,,Animal and vegetable waxes and essential oils.
4,Detail,2721364,272136,Plasticizers and rubber-processing chemicals,,Plasticizers and rubber-processing chemicals.
4,Detail,2721365,272136,Matches,,Matches.
4,Detail,2721368,272136,"Other chemical products, n.e.c.",,"Other chemical products, n.e.c."
1,Group,273,,Pharmaceutical and medicinal products,,This group comprises pharmaceutical and medicinal products.
2,Class,27311,273,Pharmaceutical and medicinal products,,This class comprises pharmaceutical and medicinal products.
3,Subclass,273111,27311,"Medicinal chemicals and vitamins, in bulk",,"This subclass comprises medicinal chemicals and vitamins, in bulk."
4,Detail,2731111,273111,"Medicinal chemicals and vitamins, in bulk",,"Medicinal chemicals and vitamins, in bulk."
3,Subclass,273112,27311,"Pharmaceutical preparations, for the human central nervous system and the sense organs",,This subclass comprises pharmaceutical preparations for the human central nervous system and the sense organs.
4,Detail,2731121,273112,"Pharmaceutical preparations, for the human central nervous system and the sense organs",,Pharmaceutical preparations for the human central nervous system and the sense organs.
3,Subclass,273113,27311,"Pharmaceutical preparations, for the human cardiovascular and respiratory systems",,This subclass comprises pharmaceutical preparations for the human cardiovascular and respiratory systems.
4,Detail,2731131,273113,"Pharmaceutical preparations, for the human cardiovascular system",,"Pharmaceutical preparations, acting on the cardiovascular system, for human use, in dosage or prepared for retail sale."
4,Detail,2731132,273113,"Pharmaceutical preparations, for the human respiratory system",,"Pharmaceutical preparations, acting on the respiratory system, for human use, in dosage or prepared for retail sale."
3,Subclass,273114,27311,"Pharmaceutical preparations, for the human digestive and genito-urinary systems",,This subclass comprises pharmaceutical preparations for the human digestive and genito-urinary systems.
4,Detail,2731141,273114,"Pharmaceutical preparations, for the human digestive and genito-urinary systems",,Pharmaceutical preparations for the human digestive or the genito-urinary systems.
3,Subclass,273115,27311,"Pharmaceutical preparations affecting the human endocrine system, tumors and metabolic diseases",,"This subclass comprises pharmaceutical preparations acting on the human endocrine system, tumors and metabolic diseases."
4,Detail,2731151,273115,"Pharmaceutical preparations affecting the human endocrine system, tumors and metabolic diseases",,"Pharmaceutical preparations acting on the human endocrine system, tumors and metabolic diseases."
3,Subclass,273116,27311,Pharmaceutical preparations affecting parasitic and infective diseases in human,,This subclass comprises pharmaceutical preparations affecting parasitic and infective diseases in human.
4,Detail,2731161,273116,Pharmaceutical preparations affecting parasitic and infective diseases in human,,Pharmaceutical preparations affecting parasitic and infective diseases in human.
3,Subclass,273117,27311,Other pharmaceutical preparations for human use,,This subclass comprises other pharmaceutical preparations for human use.
4,Detail,2731171,273117,"Pharmaceutical preparations, acting on the skin, for human use",,"Pharmaceutical preparations, acting on the skin, for human use, in dosage or prepared for retail sale."
4,Detail,2731172,273117,"Vitamin, nutrient, and hematinic preparations, for human use",,"Vitamin, mineral supplement, nutrient, and hematinic preparations, for human use."
3,Subclass,273118,27311,Veterinary pharmaceutical preparations,,This subclass comprises pharmaceutical preparations for veterinary use.
4,Detail,2731181,273118,Veterinary pharmaceutical preparations,,Pharmaceutical preparations for veterinary use.
3,Subclass,273119,27311,"Diagnostic substances, blood derivatives, and other biological products",,"This subclass comprises diagnostic substances, blood derivatives and other biological products."
4,Detail,2731191,273119,In-vivo and in-vitro diagnostic substances,,In-vivo and in-vitro diagnostic substances and reagents.
4,Detail,2731192,273119,"Blood and blood derivatives, vaccines, toxoids, and other biologics, for human use",,"Blood and blood derivatives, vaccines, toxoids, and other biologics, for human use."
4,Detail,2731193,273119,"Other biological products (except diagnostic) for veterinary, industrial, and other uses",,"Other biological products, except diagnostic, for veterinary, industrial and other uses."
1,Group,274,,Cleaning products and toiletries,,This group comprises cleaning products and toiletries.
2,Class,27411,274,Soaps and cleaning compounds,,This class comprises soaps and cleaning compounds.
3,Subclass,274111,27411,"Household laundry soaps, detergents and bleaches",,"This subclass comprises household laundry soaps, detergents and bleaches."
4,Detail,2741111,274111,"Household laundry soaps, detergents and bleaches",,"Household laundry soaps, detergents and bleaches."
3,Subclass,274112,27411,Specialty cleaners and polishes,,This subclass comprises specialty cleaners and polishes.
4,Detail,2741121,274112,Specialty cleaners and polishes,,Specialty cleaners and polishes.
3,Subclass,274113,27411,"Commercial, industrial, and institutional cleaning products",,"This subclass comprises commercial, industrial, and institutional cleaning products."
4,Detail,2741131,274113,"Commercial, industrial, and institutional cleaning products",,"Commercial, industrial, and institutional cleaning products."
3,Subclass,274114,27411,"Surfactants, finishing agents and assistants",,"This subclass comprises surfactants, finishing agents and assistants."
4,Detail,2741141,274114,"Surfactants, finishing agents and assistants",,"Surfactants, finishing agents and assistants."
3,Subclass,274115,27411,"Bath, facial, and hand soaps",,"This subclass comprises bath, facial, and hand soaps."
4,Detail,2741151,274115,"Bath, facial, and hand soaps",,"Bath, facial, and hand soaps."
3,Subclass,274116,27411,Oral hygiene products,,This subclass comprises oral hygiene products.
4,Detail,2741161,274116,Oral hygiene products,,Oral hygiene products.
2,Class,27412,274,Perfumes and toiletries,,This class comprises perfumes and toiletries.
3,Subclass,274121,27412,Hair care products,,This subclass comprises hair care products.
4,Detail,2741211,274121,Hair care products,,Hair care products.
3,Subclass,274122,27412,"Personal creams, lotions and oils",,"This subclass comprises personal creams, lotions and oils."
4,Detail,2741221,274122,"Personal creams, lotions and oils",,"Personal creams, lotions and oils."
3,Subclass,274123,27412,Perfumes and colognes,,This subclass comprises perfumes and colognes.
4,Detail,2741231,274123,Perfumes and colognes,,Perfumes and colognes.
3,Subclass,274124,27412,"Cosmetics and toiletries, n.e.c.",,"This subclass comprises cosmetics and toiletries, n.e.c."
4,Detail,2741241,274124,"Cosmetics and toiletries, n.e.c.",,"Cosmetics and toiletries, n.e.c."
1,Group,281,,Plastic resins,,This group comprises plastic resins.
2,Class,28112,281,"Thermoplastic resins, except biodegradable",,"This class comprises thermoplastic plastic resins, except biodegradable."
3,Subclass,281121,28112,Thermoplastic polyester resins,,This subclass comprises thermoplastic polyester resins.
4,Detail,2811211,281121,Polyethylene terephthalate (PET) resins,,Polyethylene terephthalate (PET) resins.
4,Detail,2811219,281121,Other thermoplastic polyester resins,,Other thermoplastic polyester resins.
3,Subclass,281122,28112,Polyethylene resins,,This subclass comprises polyethylene resins.
4,Detail,2811221,281122,Low-density polyethylene (LDPE) resins,,Low-density polyethylene (LDPE) resins.
4,Detail,2811222,281122,Linear low-density polyethylene (LLDPE) resins,,Linear low-density polyethylene (LLDPE) resins.
4,Detail,2811223,281122,High-density polyethylene (HDPE) resins,,High-density polyethylene (HDPE) resins.
4,Detail,2811229,281122,Other polyethylene resins,,Other polyethylene resins.
3,Subclass,281123,28112,Polystyrene (PS) resins,,This subclass comprises polystyrene (PS) resins.
4,Detail,2811231,281123,Polystyrene (PS) resins,,Polystyrene (PS) resins.
3,Subclass,281129,28112,Other thermoplastic resins,,This subclass comprises other thermoplastic resins.
4,Detail,2811291,281129,Acrylonitrile-butadiene-styrene (ABS) resins,,Acrylonitrile-butadiene-styrene (ABS) resins.
4,Detail,2811292,281129,Polyvinyl chloride (PVC) resins,,Polyvinyl chloride (PVC) resins.
4,Detail,2811293,281129,Polypropylene (PP) resins,,Polypropylene (PP) resins.
4,Detail,2811294,281129,Thermoplastic polyurethane (TPU) resins,,Thermoplastic polyurethane (TPU) resins.
4,Detail,2811295,281129,"Polyamide (PA, nylon) resins",,"Polyamide (PA, nylon) resins."
4,Detail,2811299,281129,"All other thermoplastic resins, n.e.c.",,"All other thermoplastic resins, n.e.c."
2,Class,28113,281,"Thermosetting resins, except biodegradable",,"This class comprises thermosetting resins, except biodegradable."
3,Subclass,281131,28113,Phenol-formaldehyde resins,,This subclass comprises phenol-formaldehyde resins.
4,Detail,2811311,281131,Phenolic (PF) resins,,Phenolic (PF) resins.
4,Detail,2811312,281131,Urea formaldehyde (UF) resins,,Urea formaldehyde (UF) resins.
4,Detail,2811319,281131,All other formaldehyde based resins,,All other formaldehyde based resins.
3,Subclass,281139,28113,Other thermosetting resins,,This subclass comprises other thermosetting resins.
4,Detail,2811391,281139,Thermosetting unsaturated polyester (UPR) resins,,Thermosetting unsaturated polyester (UPR) resins.
4,Detail,2811392,281139,Thermosetting polyurethane (PU) resins,,Thermosetting polyurethane (PU) resins.
4,Detail,2811399,281139,"Other thermosetting resins, n.e.c.",,"Other thermosetting resins, n.e.c."
2,Class,28114,281,Biodegradable plastic resins,,This class comprises biodegradable plastic resins.
3,Subclass,281141,28114,Biodegradable plastic resins,,This subclass comprises biodegradable plastic resins.
4,Detail,2811411,281141,Bio-based thermoplastic resins,,Bio-based thermoplastic resins.
4,Detail,2811412,281141,Petroleum-based biodegradable thermoplastic resins,,Petroleum-based biodegradable thermoplastic resins.
4,Detail,2811413,281141,Bio-based thermoset resins,,Bio-based thermoset resins.
4,Detail,2811414,281141,Petroleum-based biodegradable thermoset resins,,Petroleum-based biodegradable thermoset resins.
1,Group,282,,Plastic and rubber basic products not for packaging use (except plastic resins),,"This group comprises basic plastic and rubber products not for packaging use, except plastic resins."
2,Class,28211,282,Rubber and rubber compounds and mixtures,,This class comprises rubber and rubber compounds and mixtures.
3,Subclass,282111,28211,Natural rubber,,This subclass comprises natural rubber.
4,Detail,2821111,282111,Natural rubber,,Natural rubber.
3,Subclass,282112,28211,Synthetic rubber,,This subclass comprises synthetic rubber (vulcanizable elastomers).
4,Detail,2821121,282112,Synthetic rubber,,Synthetic rubber (vulcanizable elastomers).
3,Subclass,282113,28211,Rubber compounds and mixtures,,This subclass comprises compounds or mixtures of vulcanized rubber.
4,Detail,2821131,282113,Rubber compounds and mixtures,,Compounds and mixtures of vulcanized rubber.
2,Class,28221,282,Artificial and synthetic fibres and filaments,,This class comprises artificial and synthetic fibres and filaments.
3,Subclass,282211,28221,Artificial and synthetic staple fibres,,"This subclass comprises synthetic (non-cellulosic) and artificial (cellulosic) staple fibres, other than nylon and other polyamides, including tow and waste."
4,Detail,2822111,282211,Artificial and synthetic staple fibres,,"Synthetic (non-cellulosic) and artificial (cellulosic) staple fibres, other than nylon and other polyamides, including tow and waste."
3,Subclass,282212,28221,Artificial and synthetic filament yarns,,"This subclass comprises artificial (cellulosic) and synthetic (non-cellulosic) filament yarns, except stretch and textured. Monofilaments are included."
4,Detail,2822121,282212,Artificial and synthetic filament yarns,,"Artificial (cellulosic) and synthetic (non-cellulosic) filament yarns, except stretch and textured. Monofilaments are included."
2,Class,28231,282,Plastic film and non-rigid sheets not for packaging use,,"This class comprises plastic film and non-rigid sheets, not for packaging use."
3,Subclass,282311,28231,"Plastic film and sheets not for packaging use, of polyethylene only",,"This subclass comprises polyethylene plastic film and sheets only, not for packaging use."
4,Detail,2823111,282311,"Plastic film and sheets not for packaging use, of polyethylene only",,"Polyethylene plastic film and sheets only, not for packaging use."
3,Subclass,282312,28231,Plastic film and sheets not for packaging use (except polyethylene),,"This subclass comprises plastic film and sheets, not for packaging use, except polyethylene film and sheets."
4,Detail,2823121,282312,Plastic film and sheets not for packaging use (except polyethylene),,"Plastic film and sheets, not for packaging use, except polyethylene film and sheets."
2,Class,28232,282,Plastic profile shapes,,This class comprises plastic profile shapes.
3,Subclass,282321,28232,Laminated plastic profile shapes,,This subclass comprises laminated plastic profile shapes.
4,Detail,2823211,282321,Laminated plastic profile shapes,,Laminated plastic profile shapes.
3,Subclass,282322,28232,Unlaminated plastic profile shapes,,This subclass comprises unlaminated plastic profile shapes.
4,Detail,2823221,282322,Unlaminated plastic profile shapes,,Unlaminated plastic profile shapes.
1,Group,283,,Tires,,This group comprises tires.
2,Class,28311,283,Tires,,This class comprises tires.
3,Subclass,283111,28311,Pneumatic tires for passenger cars and similar vehicles,,This subclass comprises pneumatic tires for passenger cars and similar vehicles.
4,Detail,2831111,283111,Pneumatic tires for passenger cars and similar vehicles,,Pneumatic tires for passenger cars and similar vehicles.
3,Subclass,283112,28311,Pneumatic tires for buses and trucks,,"This subclass comprises pneumatic tires for buses and, heavy and light trucks."
4,Detail,2831121,283112,Pneumatic tires for buses and trucks,,"Pneumatic tires for buses and, heavy and light trucks."
3,Subclass,283113,28311,"Other pneumatic, semi-pneumatic and solid rubber tires, and retreaded tires and tire repair materials",,"This subclass comprises other pneumatic, semi-pneumatic and solid rubber tires, retreaded tires and tire repair materials."
4,Detail,2831131,283113,"Pneumatic, semi-pneumatic and solid rubber tires, n.e.c.",,"Pneumatic, semi-pneumatic and solid rubber tires, n.e.c."
4,Detail,2831132,283113,"Inner tubes, tread rubber, tire sundries and repair materials",,"Inner tubes, tread rubber, tire sundries and repair materials."
4,Detail,2831133,283113,Rebuilt or retreaded tires,,Rebuilt or retreaded tires.
1,Group,284,,Plastic and rubber finished products,,This group comprises plastic and rubber finished products.
2,Class,28411,284,Rubber and plastic hoses and belts,,This class comprises rubber and plastic hoses and belts.
3,Subclass,284111,28411,Rubber and plastic transmission belts and belting,,This subclass comprises rubber and plastic transmission belts and belting.
4,Detail,2841111,284111,Rubber and plastic transmission belts and belting,,Rubber and plastic transmission belts and belting.
3,Subclass,284112,28411,"Rubber and flexible plastic pipes, tubes and hoses",,"This subclass comprises rubber and flexible plastic pipes, tubes and hoses."
4,Detail,2841121,284112,"Hoses, tubes and pipes of rubber, plastic, nylon and other materials, for use in on- and off-highway motor vehicles",,"Hoses, tubes and pipes of rubber, plastic, nylon and other materials, for use in on- and off-highway motor vehicles."
4,Detail,2841122,284112,"Hoses, tubes and pipes of rubber, plastic, nylon and other materials, for other uses",,"Hoses, tubes and pipes of rubber, plastic, nylon and other materials, for other uses."
2,Class,28412,284,"Plastic products (except for packaging and construction), n.e.c.",,"This class comprises plastic products, except for packaging and construction, n.e.c."
3,Subclass,284121,28412,"Plastic dinnerware, tableware, kitchenware and ovenware (including microwave-ware)",,"This subclass comprises plastic dinnerware, tableware, kitchenware and ovenware, including microwave-ware."
4,Detail,2841211,284121,"Plastic dinnerware, tableware, kitchenware and ovenware (including microwave-ware)",,"Plastic dinnerware, tableware, kitchenware and ovenware, including microwave-ware."
3,Subclass,284122,28412,"Other consumer, institutional and commercial plastic products",,"This subclass comprises other consumer, institutional and commercial plastic products."
4,Detail,2841221,284122,"Other consumer, institutional and commercial plastic products",,"Other consumer, institutional and commercial plastic products."
3,Subclass,284123,28412,"Plastic parts and components, n.e.c.",,"This subclass comprises plastic parts and components, n.e.c."
4,Detail,2841231,284123,Reinforced plastic and fibreglass parts and components (except for motor vehicles),,"Reinforced plastic and fibreglass parts and components, except for motor vehicles."
4,Detail,2841232,284123,"Fabricated plastic parts for other transportation equipment, n.e.c.",,"Fabricated plastic parts for other transportation equipment, n.e.c."
4,Detail,2841233,284123,Plastic shapes for furniture and furnishings (except foam and reinforced plastics),,"Plastic shapes for furniture and furnishings, except foam and reinforced plastics."
4,Detail,2841234,284123,"Fabricated plastic products for electrical, electronic or industrial machinery use (except foam and reinforced plastics)",,"Fabricated plastic products for electrical, electronic or industrial machinery use, except foam and reinforced plastics."
2,Class,28413,284,"Rubber products, n.e.c.",,"This class comprises rubber products, n.e.c."
3,Subclass,284131,28413,"Rubber sponge, expanded rubber and foam rubber products",,"This subclass comprises rubber sponge, expanded rubber and foam rubber products."
4,Detail,2841311,284131,"Rubber sponge, expanded rubber and foam rubber products",,"Rubber sponge, expanded rubber and foam rubber products."
3,Subclass,284132,28413,Rubber mechanical goods,,This subclass comprises rubber mechanical goods.
4,Detail,2841321,284132,Rubber mechanical goods,,Rubber mechanical goods.
3,Subclass,284133,28413,"Other rubber products, n.e.c.",,"This subclass comprises other rubber products, n.e.c."
4,Detail,2841331,284133,"Rubber products for industrial use, n.e.c.",,"Rubber products for industrial use, n.e.c."
4,Detail,2841332,284133,Rubber membrane roofing,,Rubber membrane roofing.
4,Detail,2841333,284133,"Condoms and rubber health products, n.e.c.",,"Condoms and rubber health products, n.e.c."
4,Detail,2841334,284133,"Other miscellaneous rubber products (except rubber boats), n.e.c.",,"Other miscellaneous rubber products, except rubber boats, n.e.c."
2,Class,28414,284,"Foam products (except for packaging and construction), n.e.c.",,"This class comprises foam products, except for packaging and construction, n.e.c."
3,Subclass,284141,28414,"Plastic foam shapes of polystyrene or polyurethane, for transportation",,"This subclass comprises plastic foam shapes of polystyrene or polyurethane, for transportation."
4,Detail,2841411,284141,"Plastic foam shapes of polystyrene or polyurethane, for motor vehicles",,"Plastic foam shapes of polystyrene or polyurethane, for motor vehicles."
4,Detail,2841412,284141,"Plastic foam shapes of polystyrene or polyurethane, for other transportation equipment",,"Plastic foam shapes of polystyrene or polyurethane, for other transportation equipment."
3,Subclass,284142,28414,"Plastic foam shapes of polystyrene or polyurethane, for furniture and other products n.e.c.",,This subclass comprises plastic foam shapes of polystyrene or polyurethane for furniture and other products n.e.c.
4,Detail,2841421,284142,"Plastic foam shapes of polystyrene or polyurethane, for furniture",,"Plastic foam shapes of polystyrene or polyurethane, for furniture."
4,Detail,2841422,284142,"Plastic foam shapes of polystyrene or polyurethane, for other products n.e.c.",,"Plastic foam shapes of polystyrene or polyurethane, for other products n.e.c."
3,Subclass,284143,28414,Consumer and commercial foam products of polystyrene or polyurethane (including dinnerware and tableware),,"This subclass comprises consumer and commercial foam products of polystyrene or polyurethane, including dinnerware and tableware."
4,Detail,2841431,284143,Consumer and commercial foam products of polystyrene or polyurethane (including dinnerware and tableware),,"Consumer and commercial foam products of polystyrene or polyurethane, including dinnerware and tableware."
3,Subclass,284144,28414,Other foam products,,This subclass comprises other foam products.
4,Detail,2841441,284144,Plastic foam shapes for motor vehicles (except polystyrene or polyurethane),,"Plastic foam shapes for motor vehicles, except polystyrene or polyurethane."
4,Detail,2841442,284144,"Plastic foam shapes for other transportation equipment, n.e.c. (except polystyrene or polyurethane)",,"Plastic foam shapes for other transportation equipment, n.e.c., except polystyrene or polyurethane."
4,Detail,2841443,284144,Plastic foam shapes for furniture and furnishings (except polystyrene or polyurethane),,"Plastic foam shapes for furniture and furnishings, except polystyrene or polyurethane."
4,Detail,2841444,284144,Consumer and commercial foam products including dinnerware and tableware (except polystyrene or polyurethane),,"Consumer and commercial foam products including dinnerware and tableware, except polystyrene or polyurethane."
4,Detail,2841445,284144,"Plastic foam shapes for other products, n.e.c. (except polystyrene or polyurethane)",,"Plastic foam shapes for other products, n.e.c., except polystyrene or polyurethane."
1,Group,291,,Non-metallic mineral products,,This group comprises non-metallic mineral products.
2,Class,29111,291,Clay and ceramic products and refractories,,This class comprises clay and ceramic products as well as refractories.
3,Subclass,291111,29111,Refractories,,This subclass comprises refractories.
4,Detail,2911111,291111,Clay refractories,,Clay refractories.
4,Detail,2911112,291111,Non-clay refractories,,Non-clay refractories.
3,Subclass,291112,29111,"Ceramic tile, and other structural and architectural ceramic products",,"This subclass comprises ceramic tile, clay building bricks, and other structural and architectural ceramic products."
4,Detail,2911121,291112,Ceramic floor and wall tile (including quarry tile),,"Ceramic floor and wall tiles, including quarry tile."
4,Detail,2911122,291112,"Building bricks, clay roofing tiles, clay sewer pipes and other structural and architectural ceramic products",,"Building bricks, clay roofing tiles, clay sewer pipes and other structural and architectural ceramic products."
3,Subclass,291113,29111,"Vitreous enamelled sanitary ware, and vitreous, semi-vitreous and earthenware products n.e.c.",,"This subclass comprises vitreous enamelled sanitary ware, and vitreous, semi-vitreous and earthenware products n.e.c."
4,Detail,2911131,291113,Vitreous plumbing fixtures,,Plumbing fixtures made of vitreous china.
4,Detail,2911132,291113,Vitreous and semi-vitreous table and kitchenware products,,Vitreous and semi-vitreous ceramic tableware and kitchenware products.
4,Detail,2911133,291113,Vitreous china and fine earthenware products,,Vitreous china and fine earthenware products.
4,Detail,2911134,291113,Ceramic decorative articles,,Ceramic decorative articles.
4,Detail,2911135,291113,"Electrical, laboratory and industrial products of porcelain, steatite and other ceramics",,"Electrical, laboratory and industrial products of ceramics."
2,Class,29112,291,Concrete products,,This class comprises concrete products.
3,Subclass,291121,29112,Concrete blocks and bricks,,This subclass comprises concrete blocks and bricks.
4,Detail,2911211,291121,Concrete decorative blocks and bricks,,Concrete decorative blocks and bricks.
4,Detail,2911212,291121,Concrete structural blocks and bricks,,Concrete structural blocks and bricks.
3,Subclass,291122,29112,Concrete pipes and fittings,,This subclass comprises concrete pipes and fittings.
4,Detail,2911221,291122,Concrete pipes and fittings,,Concrete pipes and fittings.
3,Subclass,291123,29112,Other precast and prestressed concrete products,,This subclass comprises other precast and prestressed concrete products.
4,Detail,2911231,291123,"Precast concrete products, n.e.c.",,"Precast concrete products, n.e.c."
4,Detail,2911232,291123,"Prestressed concrete products, n.e.c.",,"Prestressed concrete products, n.e.c."
2,Class,29113,291,Glass and glass products (except automotive glass and automotive mirrors),,"This class comprises glass and glass products, except automotive glass and automotive mirrors."
3,Subclass,291131,29113,Flat glass (except automotive),,"This subclass comprises flat glass, except automotive."
4,Detail,2911311,291131,Flat glass (except automotive),,"Flat glass, except automotive."
3,Subclass,291132,29113,Laminated and tempered glass (except automotive),,"This subclass comprises laminated and tempered glass, except automotive."
4,Detail,2911321,291132,Laminated glass (except automotive),,"Laminated glass, except automotive."
4,Detail,2911322,291132,Tempered glass (except automotive),,"Tempered glass, except automotive."
3,Subclass,291133,29113,Textile-type glass fibre,,This subclass comprises textile-type glass fibre.
4,Detail,2911331,291133,Textile-type glass fibre,,Textile-type glass fibre.
3,Subclass,291134,29113,Multiple-walled insulating units of glass,,This subclass comprises multiple-walled insulating units of glass.
4,Detail,2911341,291134,Multiple-walled insulating units of glass,,Multiple-walled insulating units of glass.
3,Subclass,291135,29113,"Glass products, n.e.c.",,"This subclass comprises glass products, n.e.c."
4,Detail,2911351,291135,"Machine-made pressed and blown table, kitchen, and decorative glassware",,"Machine-made pressed and blown table, kitchen, and decorative glassware."
4,Detail,2911352,291135,"Machine-made pressed and blown glassware for lighting, laboratory, and industrial applications",,"Machine-made pressed and blown glassware for lighting, laboratory, and industrial applications."
4,Detail,2911353,291135,Hand-made pressed and blown glassware,,Hand-made pressed and blown glassware.
4,Detail,2911354,291135,Glass mirrors (except automotive),,"Glass mirrors, except automotive."
4,Detail,2911355,291135,"Other glass products, n.e.c.",,"Other glass products, n.e.c."
2,Class,29114,291,"Non-metallic mineral products, n.e.c.",,"This class comprises non-metallic mineral products, n.e.c."
3,Subclass,291141,29114,Dressed dimension stone,,This subclass comprises dressed dimension stone.
4,Detail,2911411,291141,Dressed dimension granite,,Dressed dimension granite.
4,Detail,2911412,291141,Dressed dimension limestone,,Dressed dimension limestone.
4,Detail,2911413,291141,"Dressed dimension marble, slate, sandstone, and other stone n.e.c.",,"Dressed dimension marble, slate, sandstone, and other stone n.e.c."
3,Subclass,291142,29114,Mineral wool,,This subclass comprises mineral wool.
4,Detail,2911421,291142,"Mineral wool for thermal and acoustical envelope insulation, for buildings",,"Mineral wool for thermal and acoustical envelope insulation, for buildings."
4,Detail,2911422,291142,"Mineral wool for industrial, equipment and appliance insulation",,"Mineral wool for industrial, equipment and appliance insulation."
3,Subclass,291143,29114,Abrasives and abrasive products,,This subclass comprises abrasives and abrasive products.
4,Detail,2911431,291143,"Abrasive grain, powder and flour",,"Abrasive grain, powder and flour."
4,Detail,2911432,291143,Abrasive products,,Abrasive products.
3,Subclass,291144,29114,Other non-metallic mineral products,,This subclass comprises other non-metallic mineral products.
4,Detail,2911441,291144,Treated minerals and earths,,Treated minerals and earths.
4,Detail,2911442,291144,"Other non-metallic mineral products, n.e.c.",,"Other non-metallic mineral products, n.e.c."
1,Group,311,,"Unwrought iron, steel and ferro-alloys",,"This group comprises unwrought iron, steel and ferro-alloys."
2,Class,31111,311,"Unwrought iron, steel and ferro-alloys",,"This class comprises unwrought iron, steel and ferro-alloys."
3,Subclass,311111,31111,Unwrought iron and steel,,This subclass comprises unwrought iron and steel.
4,Detail,3111111,311111,"Pig iron, iron ore sinter and pellets",,"Pig iron, iron ore sinter and pellets."
4,Detail,3111112,311111,Iron or steel ingots and primary forms,,Iron or steel ingots and primary forms.
3,Subclass,311112,31111,Unwrought ferro-alloys,,This subclass comprises unwrought ferro-alloys.
4,Detail,3111121,311112,Unwrought ferro-alloys,,Unwrought ferro-alloys.
1,Group,312,,Basic and semi-finished iron or steel products,,This group comprises basic and semi-finished iron or steel products.
2,Class,31211,312,Hot-rolled iron or steel products,,This class comprises hot-rolled iron or steel products.
3,Subclass,312111,31211,"Hot-rolled sheets and strips, of iron or non-alloy steel",,This subclass comprises hot-rolled iron or non-alloy steel sheets and strips that are generally flat rather than long.
4,Detail,3121111,312111,"Hot-rolled sheets and strips, of iron or non-alloy steel",,Hot-rolled iron or non-alloy steel sheets and strips that are generally flat rather than long.
3,Subclass,312112,31211,"Hot-rolled sheets and strips, of alloy steel",,This subclass comprises hot-rolled alloy steel sheets and strips that are generally flat rather than long.
4,Detail,3121121,312112,"Hot-rolled sheets and strips, of alloy steel",,Hot-rolled alloy steel sheets and strips that are generally flat rather than long.
3,Subclass,312113,31211,"Hot-rolled bars and bar shapes, of iron or non-alloy steel (except concrete reinforcing bars)",,"This subclass comprises hot-rolled iron or non-alloy steel bars and bar shapes, except concrete reinforcing bars, that are generally long rather than flat."
4,Detail,3121131,312113,"Hot-rolled bars and bar shapes, of iron or non-alloy steel (except concrete reinforcing bars)",,"Hot-rolled iron or non-alloy steel bars and bar shapes, except concrete reinforcing bars, that are generally long rather than flat."
3,Subclass,312114,31211,"Hot-rolled bars and bar shapes, of alloy steel (except concrete reinforcing bars)",,"This subclass comprises hot-rolled alloy steel bars and bar shapes, except concrete reinforcing bars, that are generally long rather than flat."
4,Detail,3121141,312114,"Hot-rolled bars and bar shapes, of alloy steel (except concrete reinforcing bars)",,"Hot-rolled alloy steel bars and bar shapes, except concrete reinforcing bars, that are generally long rather than flat."
3,Subclass,312115,31211,"Other hot-rolled iron, steel or alloy steel structural shapes",,"This subclass comprises other hot-rolled iron, steel or alloy steel structural shapes."
4,Detail,3121151,312115,"Other hot-rolled iron, steel or alloy steel structural shapes",,"Other hot-rolled iron, steel or alloy steel structural shapes."
3,Subclass,312116,31211,"Iron, steel or alloy steel rails and railway track material",,"This subclass comprises iron, steel or alloy steel rails and railway track material."
4,Detail,3121161,312116,"Iron, steel or alloy steel rails and railway track material",,"Iron, steel or alloy steel rails and railway track material."
2,Class,31212,312,Cold-rolled iron or steel products,,"This class comprises cold-rolled iron or steel products, and iron or steel powder, paste and flakes."
3,Subclass,312121,31212,"Cold-rolled sheets and strips, of iron or non-alloy steel",,This subclass comprises cold-rolled iron or non-alloy steel sheets and strips that are generally flat rather than long.
4,Detail,3121211,312121,"Cold-rolled sheets and strips, of iron or non-alloy steel",,Cold-rolled iron or non-alloy steel sheets and strips that are generally flat rather than long.
3,Subclass,312122,31212,"Cold-rolled sheets and strips, of alloy steel",,This subclass comprises cold-rolled alloy steel sheets and strips that are generally flat rather than long.
4,Detail,3121221,312122,"Cold-rolled sheets and strips, of alloy steel",,Cold-rolled alloy steel sheets and strips that are generally flat rather than long.
3,Subclass,312123,31212,"Cold-finished bars and bar shapes, of iron or non-alloy steel (except concrete reinforcing bars)",,"This subclass comprises cold-finished iron or non-alloy steel bars and bar shapes, except concrete reinforcing bars, that are generally long rather than flat."
4,Detail,3121231,312123,"Cold-finished bars and bar shapes, of iron or non-alloy steel (except concrete reinforcing bars)",,"Cold-finished iron or non-alloy steel bars and bar shapes, except concrete reinforcing bars, that are generally long rather than flat."
3,Subclass,312124,31212,"Cold-finished bars and bar shapes, of alloy steel (except concrete reinforcing bars)",,"This subclass comprises cold-finished alloy steel bars and bar shapes, except concrete reinforcing bars, that are generally long rather than flat."
4,Detail,3121241,312124,"Cold-finished bars and bar shapes, of alloy steel (except concrete reinforcing bars)",,"Cold-finished alloy steel bars and bar shapes, except concrete reinforcing bars, that are generally long rather than flat."
3,Subclass,312125,31212,Iron or steel wire,,"This subclass comprises thread or slender rods made of iron or steel. They may be uncoated or coated, but not insulated."
4,Detail,3121251,312125,Iron or steel wire,,"Thread or slender rods made of iron or steel. They may be uncoated or coated, but not insulated."
3,Subclass,312126,31212,"Iron or steel powder, paste and flakes",,"This subclass comprises iron or steel powder, paste and flakes used as an input to powder metallurgy."
4,Detail,3121261,312126,"Iron or steel powder, paste and flakes",,"Iron or steel powder, paste and flakes used as an input to powder metallurgy."
2,Class,31213,312,Ferrous metal castings,,This class comprises ferrous metal castings.
3,Subclass,312131,31213,Pipes and fittings of ductile iron or cast iron,,This subclass comprises pipes and fittings of ductile iron or cast iron.
4,Detail,3121311,312131,Pipes and fittings of ductile iron or cast iron,,Pipes and fittings of ductile iron or cast iron.
3,Subclass,312132,31213,Grey iron products (except pipes and fittings),,"This subclass comprises grey iron products, except pipes and fittings."
4,Detail,3121321,312132,Grey iron products (except pipes and fittings),,"Grey iron products, except pipes and fittings."
3,Subclass,312133,31213,Other iron castings,,This subclass comprises other iron castings.
4,Detail,3121331,312133,Other iron castings,,Other iron castings.
3,Subclass,312134,31213,Steel castings,,This subclass comprises steel castings.
4,Detail,3121341,312134,Steel investment castings,,Steel parts formed by investment castings.
4,Detail,3121342,312134,Carbon steel castings (except investment),,"Parts of cast carbon steel, not formed by investment castings."
4,Detail,3121343,312134,Alloy steel castings (except investment),,"Parts of cast alloy steel, not formed by investment castings."
2,Class,31214,312,Iron or steel pipes and tubes (except castings),,"This class comprises iron or steel pipes and tubes, except castings."
3,Subclass,312141,31214,Iron or steel pipes and tubes for oil and gas (except castings),,"This subclass comprises iron or steel pipes and tubes for oil and gas, except castings."
4,Detail,3121411,312141,Iron or steel pipes and tubes for oil and gas (except castings),,Iron or steel pipes and tubes for oil and gas (except castings).
3,Subclass,312142,31214,Iron or steel pipes and tubes (except castings and oil and gas pipes and tubes),,"This subclass comprises iron or steel pipes and tubes, except castings and oil and gas pipes and tubes."
4,Detail,3121421,312142,Iron or steel pipes and tubes (except castings and oil and gas pipes and tubes),,"Iron or steel pipes and tubes, except castings and oil and gas pipes and tubes."
1,Group,321,,Unwrought aluminum and aluminum alloys,,This group comprises unwrought aluminum and aluminum alloys.
2,Class,32111,321,Unwrought aluminum and aluminum alloys,,This class comprises unwrought aluminum and aluminum alloys.
3,Subclass,321111,32111,Aluminum ingots and billets (except alloys),,"This subclass comprises ingots and billets of aluminum, except alloys."
4,Detail,3211111,321111,Aluminum ingots and billets (except alloys),,"Ingots and billets of aluminum, except alloys."
3,Subclass,321112,32111,Aluminum alloy ingots and billets,,This subclass comprises ingots and billets of aluminum alloys.
4,Detail,3211121,321112,Aluminum alloy ingots and billets,,Ingots and billets of aluminum alloys.
1,Group,322,,Unwrought copper and copper alloys,,This group comprises unwrought copper and copper alloys.
2,Class,32211,322,Unwrought copper and copper alloys,,This class comprises unwrought copper and copper alloys.
3,Subclass,322111,32211,Unwrought copper and copper alloys,,This subclass comprises unwrought copper and copper alloys.
4,Detail,3221111,322111,Unwrought copper and copper alloys,,Unwrought copper and copper alloys.
1,Group,323,,Unwrought nickel and nickel alloys,,This group comprises unwrought nickel and nickel alloys.
2,Class,32311,323,Unwrought nickel and nickel alloys,,This class comprises unwrought nickel and nickel alloys.
3,Subclass,323111,32311,Unwrought nickel and nickel alloys,,This subclass comprises unwrought nickel and nickel alloys.
4,Detail,3231111,323111,Unwrought nickel and nickel alloys,,Unwrought nickel and nickel alloys.
1,Group,324,,"Unwrought gold, silver, and platinum group metals, and their alloys",,"This group comprises unwrought gold, silver, and platinum group metals, and their alloys."
2,Class,32412,324,"Unwrought gold, silver, and platinum group metals, and their alloys",,"This class comprises unwrought gold, silver, and platinum group metals, and their alloys."
3,Subclass,324121,32412,Unwrought gold and gold alloys,,This subclass comprises unwrought gold and gold alloys.
4,Detail,3241211,324121,Unwrought gold and gold alloys,,Unwrought gold and gold alloys.
3,Subclass,324122,32412,Unwrought silver and silver alloys,,This subclass comprises unwrought silver and silver alloys.
4,Detail,3241221,324122,Unwrought silver and silver alloys,,Unwrought silver and silver alloys.
3,Subclass,324123,32412,"Unwrought platinum group metals, and their alloys",,"This subclass comprises unwrought platinum group metals, and their alloys."
4,Detail,3241231,324123,"Unwrought platinum group metals, and their alloys",,"Unwrought platinum group metals, and their alloys."
1,Group,325,,Other unwrought non-ferrous metals and non-ferrous metal alloys,,This group comprises other unwrought non-ferrous metals and non-ferrous metal alloys.
2,Class,32511,325,Other unwrought non-ferrous metals and non-ferrous metal alloys,,This class comprises other unwrought non-ferrous metals and non-ferrous metal alloys.
3,Subclass,325111,32511,Unwrought zinc and zinc alloys,,This subclass comprises unwrought zinc and zinc alloys.
4,Detail,3251111,325111,Unwrought zinc and zinc alloys,,Unwrought zinc and zinc alloys.
3,Subclass,325112,32511,Unwrought lead and lead alloys,,This subclass comprises unwrought lead and lead alloys.
4,Detail,3251121,325112,Unwrought lead and lead alloys,,Unwrought lead and lead alloys.
3,Subclass,325113,32511,Unwrought tin and tin alloys,,This subclass comprises unwrought tin and tin alloys.
4,Detail,3251131,325113,Unwrought tin and tin alloys,,Unwrought tin and tin alloys.
3,Subclass,325114,32511,Unwrought cobalt and cobalt alloys,,This subclass comprises unwrought cobalt and cobalt alloys.
4,Detail,3251141,325114,Unwrought cobalt and cobalt alloys,,Unwrought cobalt and cobalt alloys.
3,Subclass,325115,32511,Unwrought magnesium and magnesium alloys,,This subclass comprises unwrought magnesium and magnesium alloys.
4,Detail,3251151,325115,Unwrought magnesium and magnesium alloys,,Unwrought magnesium and magnesium alloys.
3,Subclass,325116,32511,"Other unwrought non-ferrous metals and non-ferrous metal alloys, n.e.c.",,"This subclass comprises other unwrought non-ferrous metals and non-ferrous metal alloys, n.e.c."
4,Detail,3251161,325116,"Other unwrought non-ferrous metals and non-ferrous metal alloys, n.e.c.",,"Other unwrought non-ferrous metals and non-ferrous metal alloys, n.e.c."
1,Group,326,,Basic and semi-finished products of non-ferrous metals and non-ferrous metal alloys (except aluminum),,"This group comprises basic and semi-finished products of non-ferrous metals and non-ferrous metal alloys, except aluminum."
2,Class,32611,326,"Basic and semi-finished products of non-ferrous metals and non-ferrous metal alloys (except gold, silver, platinum group metals and aluminum)",,"This class comprises basic and semi-finished products of non-ferrous metals and non-ferrous metal alloys, except gold, silver, platinum group metals and aluminum."
3,Subclass,326111,32611,"Copper and copper-alloy bars, rods, sheets, strips and plates",,"This subclass comprises bars, rods, sheets, strips and plates of copper and copper alloys."
4,Detail,3261111,326111,"Copper and copper-alloy bars, rods, sheets, strips and plates",,"Bars, rods, sheets, strips and plates of copper and copper alloys."
3,Subclass,326112,32611,Copper and copper-alloy pipes and tubes,,"This subclass comprises pipes and tubes, of copper and copper alloys."
4,Detail,3261121,326112,Copper and copper-alloy pipes and tubes for plumbing,,Copper and copper-alloy pipes and tubes for plumbing.
4,Detail,3261122,326112,Copper and copper-alloy pipes and tubes (except for plumbing),,"Copper and copper-alloy pipes and tubes, except for plumbing."
3,Subclass,326113,32611,Copper and copper-alloy wire and other semi-finished products,,"This subclass comprises bare wire and cable, and other semi-finished products, of copper and copper alloys."
4,Detail,3261131,326113,Bare electrical wire and cable of copper and copper alloys,,Bare electrical wire and cable of copper and copper alloys.
4,Detail,3261132,326113,Bare non-electrical wire and cable of copper and copper alloys,,Bare non-electrical wire and cable of copper and copper alloys.
4,Detail,3261133,326113,"Powder, paste and flakes of copper and copper alloys",,"Powder, paste and flakes of copper and copper alloys."
3,Subclass,326114,32611,Basic and semi-finished products of nickel and nickel alloys,,This subclass comprises basic and semi-finished products of nickel and nickel alloys.
4,Detail,3261141,326114,Bare wire and cable of nickel and nickel alloys,,Bare wire and cable of nickel and nickel alloys.
4,Detail,3261142,326114,"Powder, paste and flakes of nickel and nickel alloys",,"Powder, paste and flakes of nickel and nickel alloys."
4,Detail,3261143,326114,Other basic and semi-finished products of nickel and nickel alloys,,Other basic and semi-finished products of nickel and nickel alloys.
3,Subclass,326115,32611,Basic and semi-finished products of other non-ferrous metals and other non-ferrous metal alloys,,This subclass comprises basic and semi-finished products of other non-ferrous metals and other non-ferrous metal alloys.
4,Detail,3261151,326115,Bare wire and cable of other non-ferrous metals and other non-ferrous metal alloys,,Bare wire and cable of other non-ferrous metals and other non-ferrous metal alloys.
4,Detail,3261152,326115,"Powder, paste and flakes of other non-ferrous metals and other non-ferrous metal alloys, n.e.c.",,"Powder, paste and flakes of other non-ferrous metals and other non-ferrous metal alloys, n.e.c."
4,Detail,3261153,326115,Other basic and semi-finished products of titanium and titanium alloys,,Other basic and semi-finished products of titanium and titanium alloys.
4,Detail,3261154,326115,Other basic and semi-finished products of tin and tin alloys,,Other basic and semi-finished products of tin and tin alloys.
4,Detail,3261155,326115,Other basic and semi-finished products of lead and lead alloys,,Other basic and semi-finished products of lead and lead alloys.
4,Detail,3261156,326115,Other basic and semi-finished products of zinc and zinc alloys,,Other basic and semi-finished products of zinc and zinc alloys.
4,Detail,3261157,326115,Other basic and semi-finished products of magnesium and magnesium alloys,,Other basic and semi-finished products of magnesium and magnesium alloys.
4,Detail,3261158,326115,Other basic and semi-finished products of cobalt and cobalt alloys,,Other basic and semi-finished products of cobalt and cobalt alloys.
4,Detail,3261159,326115,Other basic and semi-finished products of other non-ferrous metals and other non-ferrous metal alloys,,Other basic and semi-finished products of other non-ferrous metals and other non-ferrous metal alloys.
2,Class,32612,326,"Basic and semi-finished products of gold, silver, and platinum group metals, and their alloys",,"This class comprises basic and semi-finished products of gold, silver, and platinum group metals, and their alloys."
3,Subclass,326121,32612,"Basic and semi-finished products of gold, silver, and platinum group metals, and their alloys",,"This subclass comprises basic and semi-finished products of gold, silver, and platinum group metals, and their alloys."
4,Detail,3261211,326121,"Basic and semi-finished products of gold, silver, and platinum group metals, and their alloys",,"Basic and semi-finished products of gold, silver, and platinum group metals, and their alloys."
1,Group,327,,Basic and semi-finished products of aluminum and aluminum alloys,,This group comprises basic and semi-finished products of aluminum and aluminum alloys.
2,Class,32711,327,Basic and semi-finished products of aluminum and aluminum alloys,,This class comprises basic and semi-finished products of aluminum and aluminum alloys.
3,Subclass,327111,32711,"Aluminum and aluminum-alloy foil, sheets, strips and plates",,"This subclass comprises foil, sheets, strips, and plates of aluminum and aluminum alloys."
4,Detail,3271111,327111,Plain foil of aluminum and aluminum alloys,,Plain foil of aluminum and aluminum alloys.
4,Detail,3271112,327111,Aluminum and aluminum-alloy sheets and strips,,Sheets and strips of aluminum and aluminum alloys.
4,Detail,3271113,327111,Aluminum and aluminum-alloy plates,,Plates of aluminum and aluminum alloys.
3,Subclass,327112,32711,Aluminum and aluminum-alloy rods and bars,,This subclass comprises rods and bars of aluminum and aluminum alloys.
4,Detail,3271121,327112,Aluminum and aluminum-alloy rods and bars,,Rods and bars of aluminum and aluminum alloys.
3,Subclass,327113,32711,Aluminum and aluminum-alloy pipes and tubes,,This subclass comprises pipes and tubes of aluminum and aluminum alloys.
4,Detail,3271131,327113,Aluminum and aluminum-alloy pipes and tubes,,Pipes and tubes of aluminum and aluminum alloys.
3,Subclass,327114,32711,Aluminum and aluminum-alloy wire and other semi-finished products,,"This subclass comprises bare wire and cable, and other semi-finished products, of aluminum and aluminum alloys."
4,Detail,3271141,327114,Bare wire and cable of aluminum and aluminum alloys,,Bare wire and cable of aluminum and aluminum alloys.
4,Detail,3271142,327114,"Aluminum and aluminum-alloy powder, paste and flakes",,"Powder, paste and flakes of aluminum and aluminum alloys."
1,Group,331,,"Agricultural, lawn and garden machinery and equipment",,"This group comprises machinery and equipment used for agriculture, lawn and garden."
2,Class,33111,331,"Agricultural, lawn and garden machinery and equipment",,"This class comprises machinery and equipment used for agriculture, lawn and garden."
3,Subclass,331111,33111,Farm tractors,,"This subclass comprises self-propelled tractors designed primarily for, and used primarily in agriculture."
4,Detail,3311111,331111,Farm tractors,,"Self-propelled tractors designed primarily for, and used primarily in agriculture."
3,Subclass,331112,33111,"Soil preparation, planting, fertilizing, and cultivation machinery",,"This subclass comprises agricultural machinery used for soil preparation, planting, fertilizing, and cultivation."
4,Detail,3311121,331112,"Soil preparation, planting, fertilizing, and cultivation machinery",,"Agricultural machinery used for soil preparation, planting, fertilizing, and cultivation."
3,Subclass,331113,33111,Harvesting and haying machinery,,This subclass comprises agricultural machinery used for harvesting crops and haying.
4,Detail,3311131,331113,Harvesting and haying machinery,,Agricultural machinery used for harvesting crops and haying.
3,Subclass,331114,33111,Other farm machinery and equipment,,This subclass comprises other farm machinery and equipment.
4,Detail,3311141,331114,Other farm machinery and equipment,,Other farm machinery and equipment.
3,Subclass,331115,33111,"Turf, lawn, garden, and snow removal equipment",,"This subclass comprises commercial and residential turf, lawn, garden, and snow removal equipment."
4,Detail,3311151,331115,"Commercial turf, grounds-care and snow removal equipment",,"Commercial equipment used primarily for the care and maintenance of turf and grounds, and for snow removal."
4,Detail,3311152,331115,"Consumer riding lawn, garden, and snow removal equipment",,"Consumer riding equipment used primarily for the care and maintenance of lawns and gardens, and for snow removal."
4,Detail,3311153,331115,"Consumer non-riding lawn, garden, and snow removal equipment",,"Consumer non-riding equipment used primarily for the care and maintenance of lawns and gardens, and for snow removal."
1,Group,332,,"Logging, construction, mining, and oil and gas field machinery and equipment",,"This group comprises machinery and equipment used in logging, construction, mining, and oil and gas fields."
2,Class,33211,332,"Logging, construction, mining, and oil and gas field machinery and equipment",,"This class comprises machinery and equipment used in logging, construction, mining, and oil and gas fields."
3,Subclass,332111,33211,Logging machinery and equipment,,This subclass comprises machinery and equipment used for logging.
4,Detail,3321111,332111,Logging machinery and equipment,,Machinery and equipment used for logging.
3,Subclass,332112,33211,Light construction machinery and equipment,,This subclass comprises light construction machinery and equipment.
4,Detail,3321121,332112,Light construction machinery and equipment,,Light construction machinery and equipment.
3,Subclass,332113,33211,Heavy construction and forestry machinery and equipment,,This subclass comprises heavy construction and forestry machinery and equipment.
4,Detail,3321131,332113,"Heavy construction and forestry machinery and equipment, self-propelled",,Self-propelled heavy machinery and equipment used for construction and forestry.
4,Detail,3321132,332113,"Heavy construction and forestry machinery and equipment, not self-propelled",,Not self-propelled heavy machinery and equipment used for construction and forestry.
3,Subclass,332114,33211,"Rock drilling, mining, and quarrying machinery and equipment",,"This subclass comprises machinery and equipment used for rock drilling, mining, and quarrying."
4,Detail,3321141,332114,Rock drilling machinery and equipment,,Machinery and equipment primarily used for rock drilling.
4,Detail,3321142,332114,"Other mining and quarrying machinery and equipment, n.e.c.",,"Other mining and quarrying machinery and equipment, n.e.c."
3,Subclass,332115,33211,Mineral beneficiation machinery and equipment,,"This subclass comprises machinery and equipment used for mineral beneficiation such as crushing, screening and processing."
4,Detail,3321151,332115,Mineral beneficiation machinery and equipment,,"Machinery and equipment used for mineral beneficiation such as crushing, screening and processing."
3,Subclass,332116,33211,Oil and gas field machinery and equipment,,This subclass comprises oil and gas field machinery and equipment.
4,Detail,3321161,332116,Rotary oil and gas field drilling machinery and equipment,,Machinery and equipment used primarily for rotary oil and gas field drilling.
4,Detail,3321162,332116,Oil and gas field drilling machinery and equipment (except rotary),,"Machinery and equipment used primarily for oil and gas field drilling operations, except rotary."
4,Detail,3321163,332116,Portable oil and gas field drilling rigs,,Portable oil and gas field drilling rigs.
4,Detail,3321164,332116,Oil and gas field derricks and well surveying machinery and equipment,,Oil and gas field derricks and well surveying machinery and equipment.
4,Detail,3321165,332116,Oil and gas field production machinery and equipment,,Machinery and equipment used primarily for oil and gas field production.
3,Subclass,332117,33211,"Off-highway dump trucks for logging, construction, mining, and oil and gas field",,"This subclass comprises off-highway dump trucks used as machinery and equipment for logging, construction, mining, and oil and gas field."
4,Detail,3321171,332117,"Off-highway dump trucks for logging, construction, mining, and oil and gas field",,"Off-highway dump trucks used as machinery and equipment for logging, construction, mining, and oil and gas field."
1,Group,341,,Metalworking machinery,,This group comprises machinery used for metalworking.
2,Class,34111,341,Metalworking machinery,,This class comprises machinery used for metalworking.
3,Subclass,341111,34111,Machine tools for cutting and forming metal,,"This subclass comprises machinery used for cutting, shaping, boring and forming metal."
4,Detail,3411111,341111,Non-industrial machine tools for cutting and polishing metal,,Machine tools and machinery used for cutting and polishing metal for non-industrial use.
4,Detail,3411112,341111,Metalworking lathes,,"Machinery used for cutting, shaping, boring and forming metal by turning or spinning."
4,Detail,3411113,341111,"Metal milling machines, machining centres and station-type machines",,"Metal milling machines, machining centres and station-type machines."
4,Detail,3411114,341111,Industrial machine tools for cutting and polishing metal,,Industrial machine tools used for cutting and polishing metal.
4,Detail,3411115,341111,Metal forming machine tools,,Machine tools used for metal forming.
4,Detail,3411116,341111,"Rebuilt machine tools for forming, cutting and polishing metal",,"Rebuilt machine tools used for forming, cutting and polishing metal."
3,Subclass,341112,34111,Other metalworking machinery,,This subclass comprises other metalworking machinery.
4,Detail,3411121,341112,Rolling mill machinery,,Rolling mill machinery.
4,Detail,3411122,341112,Assembly machinery,,Automated machines used for the assembling metalworking parts.
4,Detail,3411123,341112,"Metalworking machinery, n.e.c.",,"Metalworking machinery, n.e.c."
1,Group,342,,Commercial and service industry machinery and equipment,,This group comprises commercial and service industry machinery and equipment.
2,Class,34211,342,Commercial and service industry machinery and equipment,,This class comprises commercial and service industry machinery and equipment.
3,Subclass,342111,34211,"Optical and projection equipment, photocopiers, and office machines",,"This subclass comprises lenses for cameras; digital and film still cameras, and photographic equipment; motion picture cameras, and optical and projection equipment n.e.c.; photocopying equipment; and office machines, n.e.c."
4,Detail,3421111,342111,Lenses for cameras,,Lenses for digital and film cameras.
4,Detail,3421112,342111,"Digital and film still cameras, and photographic equipment",,"Digital and film still cameras, and photographic equipment."
4,Detail,3421113,342111,"Motion picture cameras, and optical and projection equipment n.e.c.",,"Motion picture cameras, and optical and projection equipment n.e.c."
4,Detail,3421114,342111,Photocopying equipment,,Photocopying equipment.
4,Detail,3421115,342111,"Office machines, n.e.c.",,"Office machines, n.e.c."
3,Subclass,342112,34211,Commercial cooking and food-warming equipment,,This subclass comprises commercial cooking and food-warming equipment.
4,Detail,3421121,342112,Commercial cooking and food-warming equipment,,Commercial cooking and food-warming equipment.
3,Subclass,342113,34211,"Commercial and service industry machinery and equipment, n.e.c.",,"This subclass comprises commercial and service industry machinery and equipment, n.e.c."
4,Detail,3421131,342113,Banking and vending machines (including lottery terminals),,"Banking and vending machines, including lottery terminals."
4,Detail,3421132,342113,Coin-operated amusement machines (except lottery terminals),,"Coin-operated amusement machines, except lottery terminals."
4,Detail,3421133,342113,"Commercial laundry, dry-cleaning and pressing machines",,"Commercial laundry, dry-cleaning and pressing machines."
4,Detail,3421134,342113,Automotive maintenance equipment,,Automotive maintenance equipment.
4,Detail,3421135,342113,"Electronic teaching machines, teaching aids, trainers and simulators",,"Electronic teaching machines, teaching aids, trainers and simulators."
4,Detail,3421136,342113,"Other commercial and service industry machinery and equipment, n.e.c.",,"Other commercial and service industry machinery and equipment, n.e.c."
1,Group,343,,"Other industry-specific manufacturing machinery, n.e.c.",,"This group comprises other industry-specific manufacturing machinery, n.e.c."
2,Class,34311,343,"Other industry-specific manufacturing machinery, n.e.c.",,"This class comprises other industry-specific manufacturing machinery, n.e.c."
3,Subclass,343111,34311,Sawmill and woodworking machinery,,This subclass comprises sawmill and woodworking machinery.
4,Detail,3431111,343111,Sawmill and woodworking machinery,,Sawmill and woodworking machinery.
3,Subclass,343112,34311,Plastics- and rubber-working machinery,,This subclass comprises machinery used primarily for the manufacture of plastics and rubber products.
4,Detail,3431121,343112,Plastics- and rubber-working machinery,,Machinery used primarily for the manufacture of plastics and rubber products.
3,Subclass,343113,34311,Commercial and industrial food and feed processing machinery and equipment,,This subclass comprises commercial and industrial food and feed processing machinery and equipment.
4,Detail,3431131,343113,Commercial food processing machinery,,Commercial food processing machinery.
4,Detail,3431132,343113,Industrial bakery machinery,,Industrial bakery machinery.
4,Detail,3431133,343113,"Industrial food-, beverage-, dairy- and feed-processing machinery and equipment",,"Machinery and equipment used primarily for the manufacture or processing of food, beverage, diary and feed products."
3,Subclass,343114,34311,Pulp and paper industry machinery,,This subclass comprises machinery used primarily for the manufacture of pulp and paper products.
4,Detail,3431141,343114,Pulp and paper industry machinery,,Machinery used primarily for the manufacture of pulp and paper products.
3,Subclass,343115,34311,"Manufacturing machinery, n.e.c.",,"This subclass comprises manufacturing machinery, n.e.c."
4,Detail,3431151,343115,Printing presses,,Printing presses.
4,Detail,3431152,343115,"Printing industry machinery, n.e.c.",,"Printing industry machinery, n.e.c."
4,Detail,3431153,343115,Chemical industry machinery and equipment,,Machinery and equipment used primarily for the manufacture of chemical products.
4,Detail,3431154,343115,"Glass, ceramics, and non-metallic mineral industry machinery",,"Glass, ceramics, and non-metallic mineral industry machinery."
4,Detail,3431155,343115,Semiconductor manufacturing machinery,,Machinery used primarily for the manufacture of semiconductors.
4,Detail,3431156,343115,"Specialized manufacturing machinery and equipment, n.e.c.",,"Specialized machinery and equipment used primarily in manufacturing, n.e.c."
1,Group,344,,"Heating, cooling and air purification equipment",,"This group comprises heating, cooling and air purification equipment."
2,Class,34411,344,Heating and cooling equipment (except household refrigerators and freezers),,"This class comprises heating and cooling equipment, except household refrigerators and freezers."
3,Subclass,344111,34411,"Warm-air furnaces, and electric heating equipment (except portable heaters)",,"This subclass comprises warm-air furnaces, and electric heating equipment, except portable heaters."
4,Detail,3441111,344111,"Warm-air furnaces, and electric heating equipment (except portable heaters)",,"Warm-air furnaces, and electric heating equipment, except portable heaters."
3,Subclass,344112,34411,Other heating equipment,,This subclass comprises other heating equipment.
4,Detail,3441121,344112,"Heating boilers, radiators, and convectors",,"Heating boilers, radiators, and convectors."
4,Detail,3441122,344112,Domestic non-electric heating stoves,,Domestic non-electric heating stoves.
4,Detail,3441123,344112,"Non-electric heating equipment, n.e.c.",,"Non-electric heating equipment, n.e.c."
4,Detail,3441124,344112,"Floor and wall furnaces, unit heaters, infrared heaters, and mechanical stokers (except electric)",,"Floor and wall furnaces, unit heaters, infrared heaters, and mechanical stokers, except electric."
3,Subclass,344113,34411,Commercial refrigeration equipment,,This subclass comprises commercial refrigeration equipment.
4,Detail,3441131,344113,Commercial refrigeration equipment,,Commercial refrigeration equipment.
3,Subclass,344114,34411,Refrigeration and air conditioning equipment (except commercial),,"This subclass comprises refrigeration and air conditioning equipment, except commercial."
4,Detail,3441141,344114,Room air conditioners and dehumidifiers,,Room air conditioners and dehumidifiers.
4,Detail,3441142,344114,Heat pumps,,Heat pumps.
4,Detail,3441143,344114,"Refrigeration and air conditioning equipment, n.e.c.",,"Refrigeration and air conditioning equipment, n.e.c."
2,Class,34412,344,"Industrial and commercial fans, blowers and air purification equipment",,"This class comprises industrial and commercial fans, blowers and air purification equipment."
3,Subclass,344121,34412,Industrial and commercial fans and blowers,,This subclass comprises industrial and commercial fans and blowers.
4,Detail,3441211,344121,Industrial and commercial fans and blowers,,Industrial and commercial fans and blowers.
3,Subclass,344122,34412,Air filtration and purification equipment,,This subclass comprises equipment for filtering and purifying inflow and outflow air.
4,Detail,3441221,344122,Dust collection and other air purification equipment for cleaning outflow air,,Dust collection and other air purification equipment for cleaning outflow air.
4,Detail,3441222,344122,Dust collection and other air purification equipment for cleaning inflow air,,Dust collection and other air purification equipment for cleaning inflow air.
1,Group,345,,"Other general-purpose machinery and equipment, n.e.c.",,"This group comprises other general-purpose machinery and equipment, n.e.c."
2,Class,34511,345,"Engines (except gasoline and diesel engines for motor vehicles, and aircraft engines)",,"This class comprises engines, except gasoline and diesel engines for motor vehicles, and aircraft engines."
3,Subclass,345111,34511,"Engines (except gasoline and diesel engines for motor vehicles, and aircraft engines)",,"This subclass comprises engines, except gasoline and diesel engines for motor vehicles, and aircraft engines."
4,Detail,3451111,345111,Gasoline engines (except for motor vehicles or aircraft),,"Gasoline engines, except for motor vehicles or aircraft."
4,Detail,3451112,345111,Diesel engines (except for motor vehicles or aircraft),,"Diesel engines, except for motor vehicles or aircraft."
4,Detail,3451113,345111,Piston-type natural gas engines,,Piston-type natural gas engines.
4,Detail,3451114,345111,Engine equipment n.e.c. (including gasoline engines for marine and small aircraft use),,"Engine equipment n.e.c., including gasoline engines for marine and small aircraft use."
2,Class,34512,345,Mechanical power transmission equipment,,This class comprises mechanical power transmission equipment.
3,Subclass,345121,34512,Mechanical power transmission equipment,,This subclass comprises mechanical power transmission equipment.
4,Detail,3451211,345121,Loose gearing,,Loose gearing.
4,Detail,3451212,345121,Speed changers and industrial high-speed drives (except loose gearing),,"Speed changers and industrial high-speed drives, except loose gearing."
4,Detail,3451213,345121,"Mechanical power transmission equipment, n.e.c.",,"Mechanical power transmission equipment, n.e.c."
2,Class,34513,345,Ball and roller bearings,,This class comprises ball and roller bearings.
3,Subclass,345131,34513,Ball and roller bearings,,This subclass comprises ball and roller bearings.
4,Detail,3451311,345131,Unmounted ball bearings,,Unmounted ball bearings.
4,Detail,3451312,345131,Unmounted roller bearings,,Unmounted roller bearings.
4,Detail,3451313,345131,Other unmounted bearings,,Other unmounted bearings.
4,Detail,3451314,345131,Mounted bearings,,Mounted bearings.
4,Detail,3451315,345131,Parts and components for ball and roller bearings,,Parts and components for ball and roller bearings.
2,Class,34521,345,"Turbines, turbine generators, and turbine generator sets (except aircraft turbines)",,"This class comprises turbines, turbine generators, and turbine generator sets, except aircraft turbines."
3,Subclass,345211,34521,"Turbines, turbine generators, and turbine generator sets (except aircraft turbines)",,"This subclass comprises turbines, turbine generators, and turbine generator sets, except aircraft turbines."
4,Detail,3452111,345211,"Turbines, turbine generators, and turbine generator sets (except aircraft turbines)",,"Turbines, turbine generators, and turbine generator sets, except aircraft turbines."
2,Class,34531,345,"Boilers, metal tanks, industrial valves and seals",,"This class comprises boilers, metal tanks, industrial valves and seals."
3,Subclass,345311,34531,Boilers and heat exchangers,,This subclass comprises heat exchangers and steam condensers; stationary and marine power boilers; and nuclear reactor steam supply systems.
4,Detail,3453111,345311,Heat exchangers and steam condensers,,Heat exchangers and steam condensers.
4,Detail,3453112,345311,Stationary and marine power boilers,,Stationary and marine power boilers.
4,Detail,3453113,345311,Nuclear reactor steam supply systems,,Nuclear reactor steam supply systems.
3,Subclass,345312,34531,Metal tanks and gas cylinders,,This subclass comprises metal tanks and gas cylinders.
4,Detail,3453121,345312,Metal gas cylinders,,Metal gas cylinders.
4,Detail,3453122,345312,Metal tanks and vessels (except gas cylinders),,"Metal tanks and vessels typically used to store liquids, except gas cylinders."
3,Subclass,345313,34531,Industrial and fluid power valves and fittings,,This subclass comprises industrial and fluid power valves and fittings.
4,Detail,3453131,345313,Industrial valves for waterworks and similar infrastructure,,Industrial valves for waterworks and similar infrastructure.
4,Detail,3453132,345313,"Gate, globe, angle, straightway check and cross valves",,"Gate, globe, angle, straightway check and cross valves."
4,Detail,3453133,345313,Industrial ball valves,,Industrial ball valves.
4,Detail,3453134,345313,Industrial butterfly valves,,Industrial butterfly valves.
4,Detail,3453135,345313,Industrial plug valves,,Industrial plug valves.
4,Detail,3453136,345313,Other industrial valves,,Other industrial valves.
4,Detail,3453137,345313,"Aerospace type hydraulic and pneumatic fluid power valves, fittings, and assemblies",,"Aerospace type hydraulic and pneumatic fluid power valves, fittings and assemblies."
4,Detail,3453138,345313,"Non-aerospace type hydraulic and pneumatic valves, fittings and assemblies",,"Non-aerospace type hydraulic and pneumatic valves, fittings and assemblies."
4,Detail,3453139,345313,Parts for fluid power valves,,Parts for aerospace type and non-aerospace type hydraulic and pneumatic fluid power valves.
3,Subclass,345314,34531,"Seals, gaskets and packings",,"This subclass comprises seals, gaskets and packings."
4,Detail,3453141,345314,"Seals, gaskets and packings",,"Seals, gaskets and packings."
2,Class,34532,345,Pumps and compressors,,This class comprises pumps and compressors.
3,Subclass,345321,34532,"Fluid power cylinders, actuators, pumps and motors",,"This subclass comprises fluid power cylinders, actuators, pumps and motors."
4,Detail,3453211,345321,Fluid power cylinders and actuators,,Fluid power cylinders and actuators.
4,Detail,3453212,345321,Fluid power pumps and motors,,Fluid power pumps and motors.
3,Subclass,345322,34532,Compressors and vacuum pumps,,This subclass comprises compressors and vacuum pumps.
4,Detail,3453221,345322,Compressors and vacuum pumps,,Compressors and vacuum pumps.
3,Subclass,345323,34532,Other pumps,,This subclass comprises other pumps.
4,Detail,3453231,345323,Industrial spraying equipment,,Industrial spraying equipment.
4,Detail,3453232,345323,Measuring and dispensing pumps,,Measuring and dispensing pumps.
4,Detail,3453233,345323,Pumps n.e.c.,,Pumps n.e.c.
2,Class,34533,345,Water treatment equipment,,This class comprises equipment for removing contaminants from water and improve it for subsequent use.
3,Subclass,345331,34533,Water treatment equipment,,This subclass comprises equipment for removing contaminants from water and improve it for subsequent use.
4,Detail,3453311,345331,Water treatment equipment,,Equipment for removing contaminants from water and improve it for subsequent use.
2,Class,34541,345,Heavy-gauge metal containers,,"This class comprises heavy-gauge metal containers, including intermodal."
3,Subclass,345411,34541,Heavy-gauge metal containers,,"This subclass comprises heavy-gauge metal containers, including intermodal."
4,Detail,3454111,345411,Steel shipping barrels and drums,,Steel shipping barrels and drums.
4,Detail,3454112,345411,Other heavy-gauge metal containers,,"Other heavy-gauge metal containers, including intermodal."
2,Class,34542,345,Materials handling machinery and equipment,,"This class comprises materials handling trucks and tractors, hoisting machinery, conveyors and elevators."
3,Subclass,345421,34542,Materials handling trucks and tractors,,This subclass comprises materials handling trucks and tractors.
4,Detail,3454211,345421,Materials handling trucks and tractors,,Materials handling trucks and tractors.
3,Subclass,345422,34542,Hoisting machinery,,This subclass comprises hoisting machinery.
4,Detail,3454221,345422,Overhead travelling cranes and monorail systems,,Overhead travelling cranes and monorail systems.
4,Detail,3454222,345422,"Winches, aerial work platforms, and hoists",,"Winches, aerial work platforms, and hoists."
3,Subclass,345423,34542,Conveyors and elevators,,This subclass comprises unit and bulk material handling conveyors and elevators.
4,Detail,3454231,345423,Elevators and moving stairways,,Elevators and moving stairways.
4,Detail,3454232,345423,Unit handling conveyors and conveying systems (except hoists),,"Unit handling conveyors and conveying systems, except hoists."
4,Detail,3454233,345423,Bulk material handling conveyors and conveying systems (except hoists),,"Bulk material handling conveyors and conveying systems, except hoists."
2,Class,34543,345,"Other industrial machinery and equipment, n.e.c.",,"This class comprises other industrial machinery and equipment, n.e.c."
3,Subclass,345431,34543,Welding and soldering equipment,,This subclass comprises welding and soldering equipment.
4,Detail,3454311,345431,Welding and soldering equipment,,Welding and soldering equipment.
3,Subclass,345432,34543,Powered hand tools,,This subclass comprises powered hand tools.
4,Detail,3454321,345432,"Engine-driven, hydraulic, and pneumatic hand tools",,"Engine-driven, hydraulic, and pneumatic hand tools."
4,Detail,3454322,345432,Battery-powered hand tools,,Battery-powered hand tools.
4,Detail,3454323,345432,Electric powered hand tools (except battery-powered and welding equipment),,"Electric powered hand tools, except battery-powered and welding equipment."
3,Subclass,345433,34543,"Packing, packaging and bottling machinery",,"This subclass comprises packing, packaging and bottling machinery."
4,Detail,3454331,345433,"Packing, packaging and bottling machinery",,"Packing, packaging and bottling machinery."
3,Subclass,345434,34543,"Other miscellaneous general-purpose machinery and equipment, n.e.c.",,"This subclass comprises other miscellaneous general-purpose machinery and equipment, n.e.c."
4,Detail,3454341,345434,"Industrial furnaces, ovens and electric heating equipment",,"Industrial furnaces, ovens and electric heating equipment."
4,Detail,3454342,345434,Filters and strainers for fluids and fluid power systems,,Filters and strainers for fluids and fluid power systems.
4,Detail,3454343,345434,Measuring scales,,Measuring scales.
4,Detail,3454344,345434,"Other miscellaneous industrial machinery and non-motorized equipment, n.e.c.",,"Other miscellaneous industrial machinery and non-motorized equipment, n.e.c."
2,Class,34551,345,"Industrial moulds, special dies, and patterns",,"This class comprises industrial moulds and mould boxes; special dies and tools, die sets, jigs, and fixtures; and foundry and industrial patterns."
3,Subclass,345511,34551,"Industrial moulds, special dies, and patterns",,"This subclass comprises industrial moulds and mould boxes; special dies and tools, die sets, jigs, and fixtures; and foundry and industrial patterns."
4,Detail,3455111,345511,Industrial moulds and mould boxes,,Industrial moulds and mould boxes.
4,Detail,3455112,345511,"Special dies and tools, die sets, jigs, and fixtures",,"Special dies and tools, die sets, jigs, and fixtures."
4,Detail,3455113,345511,Foundry and industrial patterns,,Foundry and industrial patterns.
1,Group,351,,Parts of industrial machinery and equipment,,This group comprises parts of industrial machinery and equipment.
2,Class,35111,351,"Parts of agricultural, lawn and garden, logging, construction, mining and oil and gas field machinery and equipment",,"This class comprises parts of agricultural, lawn and garden, logging, construction, mining and oil and gas field machinery and equipment."
3,Subclass,351111,35111,Parts of agricultural machinery and equipment (except attachments),,"This subclass comprises parts of agricultural machinery and equipment, except attachments."
4,Detail,3511111,351111,Parts of agricultural machinery and equipment (except attachments),,"Parts of agricultural machinery and equipment, except attachments."
3,Subclass,351112,35111,"Parts and attachments of lawn, garden, and snow removal machinery and equipment",,"This subclass comprises parts and attachments of lawn, garden, and snow removal machinery and equipment."
4,Detail,3511121,351112,"Parts and attachments of lawn, garden, and snow removal machinery and equipment",,"Parts and attachments of lawn, garden, and snow removal machinery and equipment."
3,Subclass,351113,35111,Parts and attachments of logging and construction machinery and equipment,,This subclass comprises parts and attachments of logging and construction machinery and equipment.
4,Detail,3511131,351113,Parts and attachments of logging and construction machinery and equipment,,Parts and attachments of logging and construction machinery and equipment.
3,Subclass,351114,35111,"Parts of mining, and oil and gas field machinery and equipment",,This subclass comprises parts of mining and oil and gas field machinery and equipment.
4,Detail,3511141,351114,Parts of mining machinery and equipment,,Parts used in mining machinery and equipment.
4,Detail,3511142,351114,Parts of oil and gas field machinery and equipment,,Parts of oil and gas field machinery and equipment.
2,Class,35112,351,Parts of commercial and service industry machinery and equipment,,This class comprises parts of commercial and service industry machinery and equipment.
3,Subclass,351121,35112,"Parts of office machines, photocopiers and optical equipment (except replacement cartridges)",,"This subclass comprises parts of office machines, photocopiers and optical equipment, except replacement cartridges."
4,Detail,3511211,351121,"Parts of office machines, photocopiers and optical equipment (except replacement cartridges)",,"Parts of office machines, photocopiers and optical equipment, except replacement cartridges."
3,Subclass,351122,35112,Parts of commercial cooking and food warming equipment,,This subclass comprises parts of commercial cooking and food warming equipment.
4,Detail,3511221,351122,Parts of commercial cooking and food warming equipment,,Parts of commercial cooking and food warming equipment.
3,Subclass,351123,35112,Parts of other commercial and service industry machinery and equipment,,This subclass comprises parts of other commercial and service industry machinery and equipment.
4,Detail,3511231,351123,Parts of banking and vending machines,,Parts of banking and vending machines.
4,Detail,3511232,351123,"Parts of other commercial and service industry machinery and equipment, n.e.c.",,"Parts of other commercial and service industry machinery and equipment, n.e.c."
2,Class,35113,351,"Parts of machine tools, hand tools, water treatment equipment and industry-specific manufacturing machinery and equipment",,"This class comprises parts of machine tools, hand tools, water treatment equipment and industry-specific manufacturing machinery and equipment."
3,Subclass,351131,35113,Parts of pulp and paper industry machinery and equipment,,This subclass comprises parts of pulp and paper industry machinery and equipment.
4,Detail,3511311,351131,Parts of pulp and paper industry machinery and equipment,,Parts of pulp and paper industry machinery and equipment.
3,Subclass,351132,35113,"Parts of sawmill, woodworking, plastics- and rubber-working, and other industry-specific machinery and equipment, n.e.c.",,"This subclass comprises parts of sawmill and woodworking machinery, plastics industry, rubber industry, and other industry-specific machinery and equipment, n.e.c."
4,Detail,3511321,351132,"Parts of sawmill, woodworking, plastics- and rubber-working machinery and equipment",,"Parts of sawmill, woodworking, plastics- and rubber-working machinery and equipment."
4,Detail,3511322,351132,"Parts of other industry-specific machinery and equipment, n.e.c.",,"Parts of other industry-specific machinery and equipment, n.e.c."
3,Subclass,351133,35113,Parts of metalworking machinery and machine tools,,This subclass comprises parts of metalworking machinery and machine tools.
4,Detail,3511331,351133,"Machine tool parts (except dies, jigs, and cutting tools)",,"Machine tool parts, except dies, jigs, and cutting tools."
4,Detail,3511332,351133,Attachments and accessories for machine tools and metalworking machinery (except cutting tools),,"Attachments and accessories for machine tools and metalworking machinery, except cutting tools."
4,Detail,3511333,351133,Parts of metalworking machinery (except machine tool parts),,"Parts of metalworking machinery, except machine tool parts."
3,Subclass,351134,35113,"Welding electrodes, and parts and accessories for welding equipment",,"This subclass comprises welding electrodes, and parts and accessories for welding equipment."
4,Detail,3511341,351134,"Welding electrodes, and parts and accessories for welding equipment",,"Welding electrodes, and parts and accessories for welding equipment."
3,Subclass,351135,35113,Parts of power hand tools,,This subclass comprises parts of power hand tools.
4,Detail,3511351,351135,Parts of power hand tools,,Parts of power hand tools.
3,Subclass,351136,35113,"Blades, dies and other cutting implements for power tools",,"This subclass comprises dies, interchangeable cutting and drilling tool components, blades for power saws and small cutting tools for machine tools and for metalworking tools and machinery."
4,Detail,3511361,351136,Blades for power saws,,Blades for power saws.
4,Detail,3511362,351136,"Dies and interchangeable cutting tools, for machines and power-driven hand tools",,"Dies and interchangeable cutting tools, for machines and power-driven hand tools."
4,Detail,3511363,351136,Small cutting tools for machine tools and metalworking machinery (except dies),,"Small cutting tools for machine tools and metalworking machinery, except dies."
3,Subclass,351137,35113,Parts of water treatment equipment,,This subclass comprises parts of water treatment equipment.
4,Detail,3511371,351137,Parts of water treatment equipment,,Parts of water treatment equipment.
2,Class,35114,351,"Parts of industrial machinery and equipment, n.e.c.",,"This class comprises parts of industrial machinery and equipment, n.e.c."
3,Subclass,351141,35114,Parts for heating and cooling equipment,,This subclass comprises parts for heating and cooling equipment.
4,Detail,3511411,351141,Parts of heating equipment,,Parts of heating equipment.
4,Detail,3511412,351141,"Compressors, compressor units, condensing units and other parts of cooling equipment",,"Compressors, compressor units, condensing units and other parts of cooling equipment."
3,Subclass,351142,35114,"Parts of industrial and commercial fans, blowers, and air purification equipment",,"This subclass comprises parts of industrial and commercial fans, blowers, and air purification equipment."
4,Detail,3511421,351142,"Parts of industrial and commercial fans, blowers, and air purification equipment",,"Parts of industrial and commercial fans, blowers, and air purification equipment."
3,Subclass,351143,35114,Parts for materials handling trucks and tractors,,This subclass comprises parts for materials handling trucks and tractors.
4,Detail,3511431,351143,Parts for materials handling trucks and tractors,,Parts for materials handling trucks and tractors.
3,Subclass,351144,35114,"Parts for materials handling equipment, conveyors, and elevators",,"This subclass comprises parts for materials handling equipment, conveyors, and elevators."
4,Detail,3511441,351144,"Parts for materials handling equipment, conveyors, and elevators",,"Parts for materials handling equipment, conveyors, and elevators."
3,Subclass,351145,35114,Parts of pumps (except fluid power) and air and gas compressors,,"This subclass comprises parts of pumps, except fluid power, and parts of air and gas compressors."
4,Detail,3511451,351145,Parts of pumps (except fluid power) and air and gas compressors,,"Parts of pumps, except fluid power, and parts of air and of gas compressors."
3,Subclass,351146,35114,Parts of fluid power pumps and fluid power system components,,This subclass comprises parts of fluid power pumps and fluid power system components.
4,Detail,3511461,351146,Parts of fluid power pumps and fluid power system components,,Parts of fluid power pumps and fluid power system components.
3,Subclass,351147,35114,"Parts of packing, packaging and bottling machinery",,"This subclass comprises parts of packing, packaging and bottling machinery."
4,Detail,3511471,351147,"Parts of packing, packaging and bottling machinery",,"Parts of packing, packaging and bottling machinery."
3,Subclass,351148,35114,"Parts of engines (except aircraft and automotive engines, and gas turbines)",,"This subclass comprises parts of engines, except aircraft and automotive engines, and gas turbines."
4,Detail,3511481,351148,"Parts of engines (except aircraft and automotive engines, and gas turbines)",,"Parts of engines, except aircraft and automotive engines, and gas turbines."
3,Subclass,351149,35114,"Parts of industrial machinery and non-electric machinery products, n.e.c.",,"This subclass comprises parts of industrial machinery and non-electric machinery products, n.e.c."
4,Detail,3511491,351149,"Parts of industrial machinery and non-electric machinery products, n.e.c.",,"Parts of industrial machinery and non-electric machinery products, n.e.c."
1,Group,361,,Computers and computer peripherals,,This group comprises computers; and computer storage devices and peripherals.
2,Class,36111,361,Computers and computer peripherals,,This class comprises computers; and computer storage devices and peripherals.
3,Subclass,361111,36111,Computers,,"This subclass comprises desktop and similar computers; laptop, tablet and other portable computers; and servers and other host computers."
4,Detail,3611111,361111,Desktop and similar computers,,Desktop and similar computers.
4,Detail,3611112,361111,Laptop computers,,Laptop and notebook computers.
4,Detail,3611113,361111,Tablet computers,,Tablet computers and other similar devices.
4,Detail,3611114,361111,Other portable computers,,Other portable computers.
4,Detail,3611115,361111,Servers,,Servers.
4,Detail,3611116,361111,Other host computers,,Other host computers.
3,Subclass,361112,36111,Computer storage devices and peripherals,,"This subclass comprises computer data storage devices, computer monitors, computer printers and computer peripherals, and point-of-sale terminals and funds-transfer devices."
4,Detail,3611121,361112,Point-of-sale terminals and funds-transfer devices,,Point-of-sale terminals and funds-transfer devices.
4,Detail,3611122,361112,Data storage devices (including flash media),,"Data storage devices, including flash media."
4,Detail,3611123,361112,Computer monitors,,Computer monitors.
4,Detail,3611124,361112,Computer printers,,Computer printers.
4,Detail,3611125,361112,"Computer peripherals, n.e.c.",,"Computer peripherals, n.e.c."
1,Group,362,,"Communication, and audio and video equipment",,"This group comprises communication, and audio and video equipment."
2,Class,36211,362,Telephone and data communications equipment,,"This class comprises telephone and data communications equipment, including wireless."
3,Subclass,362111,36211,"Telephone sets, fax machines, answering machines, and line and switchboard equipment",,"This subclass comprises telephone equipment including telephone sets, fax machines, answering machines, and line and switchboard equipment."
4,Detail,3621111,362111,"Telephones (except mobile phones), answering and fax machines",,"Telephones, except mobile phones, and answering and fax machines."
4,Detail,3621112,362111,"Telephone switching, switchboard and line equipment",,"Telephone switching, switchboard and line equipment."
3,Subclass,362112,36211,Data communications equipment,,This subclass comprises data communications equipment.
4,Detail,3621121,362112,Local area routers and data communications equipment (including wireless devices),,"Local area routers and data communications equipment, including wireless devices."
4,Detail,3621122,362112,Data communications equipment (except local area),,"Data communications equipment, except local area."
3,Subclass,362113,36211,Mobile telephones and other wireless communications equipment,,This subclass comprises mobile telephones and other wireless communications equipment.
4,Detail,3621131,362113,Smartphones,,"Mobile phone that performs many of the functions of a computer, typically having a touchscreen interface, Internet access, and an operating system capable of running downloaded applications. Smartphones allow users to store information, e-mail, and install applications, along with using a mobile phone in one device. Phablets, those larger smartphones, are also included."
4,Detail,3621132,362113,Smartwatches,,"Wearable computing and time-keeping mobile devices with a touchscreen display, worn on a user's wrist. Smartwatches are designed to, either on their own or when paired with a smartphone, provide features like connecting to the internet, running mobile apps, making calls, messaging via text or video, checking caller ID, accessing stock and weather updates, providing fitness monitoring capabilities, offering GPS coordinates and location directions, and more."
4,Detail,3621133,362113,Mobile telephones (except smartphones) and other wireless communications equipment,,"Mobile telephones, except smartphones, and other wireless communications equipment."
3,Subclass,362114,36211,Space satellites,,This subclass comprises space satellites.
4,Detail,3621141,362114,Space satellites,,Space satellites.
2,Class,36212,362,"Broadcast, studio, alarm, and signalling equipment",,"This class comprises broadcast, studio, alarm, and signalling equipment."
3,Subclass,362121,36212,"Broadcast and studio communications equipment and, satellite dishes and cable decoders",,This subclass comprises broadcast and studio communications equipment; and satellite dishes and cable decoders.
4,Detail,3621211,362121,Broadcast and studio communications equipment,,Broadcast and studio communications equipment.
4,Detail,3621212,362121,Satellite dishes and cable decoders,,Satellite dishes and cable decoders.
3,Subclass,362122,36212,"Alarm and security systems, traffic control equipment and, intercom systems and remote control units",,This subclass comprises alarm and security systems; traffic control equipment; and intercom systems and remote control units.
4,Detail,3621221,362122,Alarm and security systems,,Alarm and security systems.
4,Detail,3621222,362122,Traffic control equipment,,Traffic control equipment.
4,Detail,3621223,362122,Intercom systems and remote control units,,Intercom systems and remote control units.
2,Class,36213,362,Navigational and guidance instruments,,This class comprises navigational and guidance instruments.
3,Subclass,362131,36213,Aeronautical and nautical navigational instruments,,This subclass comprises aeronautical and nautical navigational instruments.
4,Detail,3621311,362131,Aeronautical and nautical navigational instruments,,Aeronautical and nautical navigational instruments.
3,Subclass,362132,36213,"Search, detection and guidance systems",,"This subclass comprises search, detection and guidance systems."
4,Detail,3621321,362132,"Search, detection and guidance systems",,"Search, detection and guidance systems."
2,Class,36221,362,"Televisions and other audio and video equipment, and unrecorded media n.e.c.",,"This class comprises televisions and other audio and video equipment (including speakers), as well as, unrecorded optical and magnetic media, and media n.e.c."
3,Subclass,362211,36221,Audio speakers and public address systems,,This subclass comprises audio speakers and public address systems.
4,Detail,3622111,362211,Audio speakers,,Audio speakers.
4,Detail,3622112,362211,Public address systems,,Public address systems.
3,Subclass,362212,36221,Televisions and other audio and video equipment,,This subclass comprises televisions and other audio and video equipment.
4,Detail,3622121,362212,Automotive audio equipment,,Automotive audio equipment.
4,Detail,3622124,362212,Television receivers,,Television receivers.
4,Detail,3622125,362212,Other audio and video equipment,,Other audio and video equipment.
4,Detail,3622126,362212,Parts and accessories for audio and video equipment (except printed circuit assemblies),,"Parts and accessories for audio and video equipment, except printed circuit assemblies."
3,Subclass,362213,36221,Unrecorded optical and magnetic media; and media n.e.c. (except flash media),,This subclass comprises unrecorded optical and magnetic media; and media n.e.c. (except flash media)
4,Detail,3622131,362213,Unrecorded optical and magnetic media; and media n.e.c. (except flash media),,Unrecorded optical and magnetic media; and media n.e.c. (except flash media)
1,Group,363,,"Medical, measuring, and other electronic and electrical machinery and equipment",,"This group comprises medical, measuring, and other electronic and electrical machinery and equipment."
2,Class,36311,363,Electric motors and generators,,This class comprises electric motors and generators.
3,Subclass,363111,36311,Electric motors and generators,,This subclass comprises electric motors and generators.
4,Detail,3631111,363111,"Fractional horsepower motors, rated at less than 746 watts (except hermetic)",,"Fractional horsepower motors, rated at less than 746 watts, except hermetic."
4,Detail,3631112,363111,"Integral horsepower land transportation motors and generators, rated at 746 watts or more (except hermetic)",,"Integral horsepower motors and generators for land transportation, rated at 746 watts or more, except hermetic."
4,Detail,3631113,363111,"Integral horsepower motors and generators, rated at 746 watts or more (except for land transportation and hermetic)",,"Integral horsepower motors and generators rated at 746 watts or more, except for land transportation equipment and hermetic."
4,Detail,3631114,363111,Prime mover generator sets (except steam or hydraulic turbine),,"Prime mover generator sets, except steam or hydraulic turbine."
4,Detail,3631115,363111,Fractional motor generator sets and other rotating equipment (including hermetic),,"Fractional motor generator sets and other rotating equipment, including hermetic."
4,Detail,3631116,363111,Integral motor generator sets and other rotating equipment (including hermetic),,"Integral motor generator sets and other rotating equipment, including hermetics."
2,Class,36312,363,"Measuring, control, and scientific instruments",,"This class comprises measuring, control, and scientific instruments."
3,Subclass,363121,36312,Watches and clocks (except parts and components),,"This subclass comprises watches and clocks, except parts and components."
4,Detail,3631211,363121,Watches (except parts and components),,"Watches, except parts and components."
4,Detail,3631212,363121,Clocks (except parts and components),,"Clocks, except parts and components."
3,Subclass,363122,36312,"Automatic environmental controls for monitoring residential, commercial, and appliance use",,"This subclass comprises automatic environmental controls for monitoring residential, commercial, and appliance use."
4,Detail,3631221,363122,"Automatic environmental controls for monitoring residential, commercial, and appliance use",,"Automatic environmental controls for monitoring residential, commercial, and appliance use."
3,Subclass,363123,36312,"Instruments for measuring electricity, and testing electrical motors and circuit boards",,"This subclass comprises instruments for measuring electricity, and testing electrical motors and circuit boards."
4,Detail,3631231,363123,Electrical motor and circuit testing equipment,,Electrical motor and circuit testing equipment.
4,Detail,3631232,363123,Instruments for measuring electrical current (except test equipment),,"Instruments for measuring electrical current, except test equipment."
3,Subclass,363124,36312,"Flowmeters, counting devices (except for motor vehicles), and aircraft engine instruments",,"This subclass comprises flowmeters, counting devices, except for motor vehicles, and aircraft engine instruments."
4,Detail,3631241,363124,Integrating and totalizing meters for gas and liquids (except parts),,"Integrating and totalizing meters for gas and liquids, except parts."
4,Detail,3631242,363124,Counting devices (except parts and motor vehicle instruments),,"Counting devices, except parts and motor vehicle instruments."
4,Detail,3631243,363124,Aircraft engine instruments (except navigational and guidance),,"Aircraft engine instruments, except navigational and guidance."
3,Subclass,363125,36312,Process control instruments,,"This subclass comprises instruments and apparatus used to measure and/or control temperature, pressure, flow, humidity and other process variables related to industrial activity."
4,Detail,3631251,363125,Process control instruments,,"Instruments and apparatus used to measure and/or control temperature, pressure, flow, humidity and other process variables related to industrial activity."
3,Subclass,363126,36312,Scientific and technical instruments (except electromedical and irradiation equipment),,"This subclass comprises scientific and technical instruments, except electromedical and irradiation equipment."
4,Detail,3631261,363126,"Physical properties testing and inspection equipment, and kinematic testing and measuring equipment",,"Physical properties testing and inspection equipment, and kinematic testing and measuring equipment."
4,Detail,3631262,363126,"Laboratory type analytical and scientific instruments, n.e.c.",,"Laboratory type analytical and scientific instruments, n.e.c."
4,Detail,3631263,363126,"Geophysical, meteorological, survey, drafting and general-purpose instruments and equipment",,"Geophysical, meteorological, survey, drafting and general-purpose instruments and equipment."
2,Class,36313,363,Medical and laboratory equipment,,This class comprises medical and laboratory equipment.
3,Subclass,363131,36313,Electromedical and irradiation equipment,,"This subclass comprises electromedical equipment, electronic hearing aids and irradiation equipment."
4,Detail,3631311,363131,Electronic hearing aids,,Battery-powered hearing aids typically worn in or behind the ears.
4,Detail,3631312,363131,Irradiation equipment,,"Medical, scientific and industrial irradiation equipment."
4,Detail,3631313,363131,Electromedical equipment,,Electromedical equipment.
3,Subclass,363132,36313,"Surgical and medical instruments, appliances and equipment",,"This subclass comprises surgical and medical instruments, appliances and equipment."
4,Detail,3631321,363132,Surgical and medical instruments,,Surgical and medical instruments.
4,Detail,3631322,363132,Surgical and medical appliances and equipment,,Surgical and medical appliances and equipment.
3,Subclass,363133,36313,Medical furnishings and laboratory apparatus,,"This subclass comprises hospital beds, hospital furniture, and laboratory apparatus and furniture."
4,Detail,3631331,363133,Hospital beds,,Hospital beds.
4,Detail,3631332,363133,Hospital furniture,,Hospital furniture.
4,Detail,3631333,363133,Laboratory apparatus and furniture,,Apparatus and furniture for use in medical laboratories.
1,Group,371,,Electronic and electrical parts,,This group comprises electronic and electrical parts.
2,Class,37111,371,"Printed and integrated circuits, semiconductors, and printed circuit assemblies",,"This class comprises printed and integrated circuits, semiconductors, and printed circuit assemblies."
3,Subclass,371111,37111,Bare printed circuit boards,,This subclass comprises printed circuit boards containing only components or wiring applied to the surface by printing or etching.
4,Detail,3711111,371111,Bare printed circuit boards,,Printed circuit boards containing only components or wiring applied to the surface by printing or etching.
3,Subclass,371112,37111,Integrated circuits,,This subclass comprises integrated circuits.
4,Detail,3711121,371112,Integrated circuits,,Integrated circuits.
3,Subclass,371113,37111,Semiconductors and related components,,"This subclass comprises transistors, diodes, rectifiers, crystals, filters, piezo-electric devices, and related electronic components."
4,Detail,3711131,371113,"Transistors, diodes, rectifiers and other basic semiconductor components",,"Transistors, diodes, rectifiers and other basic semiconductor components."
4,Detail,3711132,371113,"Crystals, filters, piezo-electric, and related electronic devices and components",,"Crystals, filters, piezo-electric, and related electronic devices and components."
3,Subclass,371114,37111,Printed circuit assemblies,,This subclass comprises printed circuit assemblies.
4,Detail,3711141,371114,Loaded printed circuit boards for automotive use,,Loaded printed circuit boards for automotive use.
4,Detail,3711142,371114,"Loaded printed circuit boards for computers, and computer peripherals",,"Loaded printed circuit boards for computers, and computer peripherals."
4,Detail,3711143,371114,Loaded printed circuit boards for other use (except for computers or automotive use),,"Loaded printed circuit boards for other use, except for computers or automotive use."
2,Class,37112,371,Other electronic components,,This class comprises other electronic components.
3,Subclass,371121,37112,Electronic and fibre optic connectors,,This subclass comprises electronic and fibre optic connectors.
4,Detail,3711211,371121,Electronic and fibre optic connectors,,Electronic and fibre optic connectors.
3,Subclass,371122,37112,Other miscellaneous electronic components,,"This subclass comprises electronic capacitors, resistors, inducers and transducers; electron tubes and parts; and mechanical switches for electronics circuitry."
4,Detail,3711221,371122,"Electronic capacitors, resistors, inducers and transducers",,"Electronic capacitors, resistors, inducers and transducers."
4,Detail,3711222,371122,Electron tubes and parts,,Electron tubes and parts.
4,Detail,3711223,371122,Mechanical switches for electronic circuitry,,Mechanical switches for electronic circuitry.
4,Detail,3711224,371122,"Electronic components, n.e.c.",,"Electronic components, n.e.c."
2,Class,37121,371,"Parts and accessories for appliances, electric lighting, and electric motors",,"This class comprises parts and accessories for appliances, electric lighting, and electric motors."
3,Subclass,371211,37121,Parts of light bulbs and tubes (including fluorescent lamp ballasts),,"This subclass comprises parts of light bulbs and tubes, including fluorescent lamp ballasts."
4,Detail,3712111,371211,Parts of light bulbs and tubes (including fluorescent lamp ballasts),,"Parts of light bulbs and tubes, including fluorescent lamp ballasts."
3,Subclass,371212,37121,Parts and attachments for household appliances,,This subclass comprises parts and attachments for household appliances.
4,Detail,3712121,371212,Parts and attachments for small household appliances,,Parts and attachments for small household appliances.
4,Detail,3712122,371212,Parts and attachments for major household appliances,,Parts and attachments for major household appliances.
3,Subclass,371213,37121,"Parts of electric motors, generators, and generator sets",,"This subclass comprises parts and supplies for electric motors, generators, and generator sets."
4,Detail,3712131,371213,"Parts of electric motors, generators, and generator sets",,"Parts and supplies for electric motors, generators, and generator sets."
2,Class,37131,371,Parts of computers and computer peripherals,,This class comprises parts of computers and computer peripherals.
3,Subclass,371311,37131,Parts of computers and computer peripherals,,This subclass comprises parts of computers and computer peripherals.
4,Detail,3713111,371311,Parts of computers and computer peripherals,,Parts of computers and computer peripherals.
2,Class,37141,371,"Parts of electronic equipment, n.e.c.",,"This class comprises parts of electronic equipment, n.e.c."
3,Subclass,371411,37141,Parts of telephone and data communications equipment,,This subclass comprises parts of telephone and data communications equipment.
4,Detail,3714111,371411,Parts of wired telephone and wired data communications equipment,,Parts of wired telephone and wired data communications equipment.
4,Detail,3714112,371411,Parts of wireless telephone and wireless data communications equipment,,Parts of wireless telephone and wireless data communications equipment.
3,Subclass,371412,37141,"Parts of broadcast, studio, alarm and signalling equipment",,"This subclass comprises parts of broadcast, studio, alarm and signalling equipment."
4,Detail,3714121,371412,"Parts of broadcast, studio, alarm and signalling equipment",,"Parts of broadcast, studio, alarm and signalling equipment."
3,Subclass,371413,37141,"Parts of navigational and measuring instruments, control systems and electromedical equipment",,"This subclass comprises parts of navigational and measuring instruments, control systems and electromedical equipment."
4,Detail,3714131,371413,"Parts of aeronautical and nautical navigational instruments, and parts of search, detection, and guidance systems",,"Parts of aeronautical and nautical navigational instruments, and parts of search, detection, and guidance systems."
4,Detail,3714132,371413,"Parts of measuring instruments, testing equipment and control systems",,"Parts of measuring instruments, testing equipment and control systems."
4,Detail,3714133,371413,"Parts of irradiation, electromedical, surgical and medical equipment",,"Parts of irradiation, electromedical, surgical and medical equipment."
1,Group,381,,Electrical components,,This group comprises electrical components.
2,Class,38111,381,Electric light bulbs and tubes,,This class comprises electric light bulbs and tubes.
3,Subclass,381111,38111,Electric light bulbs and tubes,,This subclass comprises electric light bulbs and tubes.
4,Detail,3811111,381111,Electric light bulbs and tubes,,Electric light bulbs and tubes.
2,Class,38121,381,Communication and electric wire and cable,,This class comprises communication and electric wire and cable.
3,Subclass,381211,38121,Insulated metal wire and cable,,This subclass comprises insulated metal wire and cable.
4,Detail,3812111,381211,Insulated metal wire and cable,,Insulated metal wire and cable.
3,Subclass,381212,38121,Fibre optic cable,,This subclass comprises glass and plastic fibre optic cable.
4,Detail,3812121,381212,Fibre optic cable,,Glass and plastic fibre optic cable.
2,Class,38122,381,"Power, distribution and other transformers, and transformer parts",,"This class comprises power, distribution and other transformers, and transformer parts."
3,Subclass,381221,38122,Power and distribution transformers,,This subclass comprises power and distribution transformers.
4,Detail,3812211,381221,Power and distribution transformers,,Power and distribution transformers.
3,Subclass,381222,38122,Other transformers and transformer parts,,"This subclass comprises specialty transformers, except fluorescent lamp ballasts, other transformers, and parts for all transformers."
4,Detail,3812221,381222,Specialty transformers (except fluorescent lamp ballasts),,"Specialty transformers, except fluorescent lamp ballasts."
4,Detail,3812222,381222,Other transformers n.e.c. and transformer parts,,Other transformers n.e.c. and transformer parts.
2,Class,38123,381,"Switchgear, switchboards, relays, and industrial control apparatus",,"This class comprises switchgear, switchboards, relays, and industrial control apparatus."
3,Subclass,381231,38123,Industrial control apparatus,,This subclass comprises specific- and general-purpose industrial controls apparatus.
4,Detail,3812311,381231,Specific-purpose industrial controls,,Specific-purpose industrial controls.
4,Detail,3812312,381231,General-purpose industrial controls,,General-purpose industrial controls.
3,Subclass,381232,38123,"Low-voltage fuses, and power distribution, switching and interrupting equipment",,"This subclass comprises low-voltage fuses, and power distribution, switching and interrupting equipment."
4,Detail,3812321,381232,Low-voltage molded-case circuit breakers,,"Molded-case circuit breakers for voltage of 1,000 volts or less."
4,Detail,3812322,381232,"Low-voltage ducts, panelboards, distribution boards, and switching or interrupting devices, n.e.c.",,"Ducts, panelboards, distribution boards, and switching or interrupting devices for voltage of 1,000 volts or less, n.e.c."
4,Detail,3812323,381232,Low-voltage fuses,,"Fuses for voltage of 1,000 volts or less."
3,Subclass,381233,38123,"High-voltage fuses, and power distribution, switching and interrupting equipment",,"This subclass comprises high-voltage fuses, and power distribution, switching and interrupting equipment."
4,Detail,3812331,381233,High-voltage fuses,,"Fuses for voltage of more than 1,000 volts."
4,Detail,3812332,381233,High-voltage circuit breakers and switching or interrupting devices,,"Circuit breakers and switching or interrupting devices for a voltage of more than 1,000 volts."
3,Subclass,381234,38123,Relays for electronic circuitry,,This subclass comprises relays for electronic circuitry.
4,Detail,3812341,381234,Relays for electronic circuitry,,Relays for electronic circuitry.
2,Class,38124,381,Wiring devices,,This class comprises wiring devices.
3,Subclass,381241,38124,Current-carrying wiring devices (including parts),,"This subclass comprises current-carrying wiring devices, including parts."
4,Detail,3812411,381241,Current-carrying switches for electrical circuitry,,Current-carrying switches for electrical circuitry.
4,Detail,3812412,381241,Current-carrying wire connectors for electrical circuitry,,Current-carrying wire connectors for electrical circuitry.
4,Detail,3812413,381241,Current-carrying wiring devices and parts (except switches and wire connectors),,"Current-carrying wiring devices and parts, except switches and wire connectors."
3,Subclass,381242,38124,Non-current-carrying wiring devices (including parts),,"This subclass comprises non-current-carrying wiring devices, including parts."
4,Detail,3812421,381242,Non-current-carrying wiring devices (including parts),,"Non-current-carrying wiring devices, including parts."
2,Class,38125,381,Other electrical equipment and components,,This class comprises other electrical equipment and components.
3,Subclass,381251,38125,"Carbon, graphite or carbon-fibre products",,"This subclass comprises carbon, graphite or carbon-fibre products."
4,Detail,3812511,381251,"Carbon or graphite electrodes, for electric furnaces and electrolytic cell use",,"Carbon or graphite electrodes, for electric furnaces and electrolytic cell use."
4,Detail,3812512,381251,Other carbon or graphite electrical products (except electrodes),,"Other carbon or graphite electrical products, except electrodes."
4,Detail,3812513,381251,"Carbon, graphite or carbon-fibre products, for non-electrical use",,"Carbon, graphite or carbon-fibre products, for non-electrical use."
3,Subclass,381252,38125,Rectifying apparatus,,This subclass comprises rectifying apparatus.
4,Detail,3812521,381252,Rectifying apparatus,,Rectifying apparatus.
3,Subclass,381253,38125,"Other electrical equipment and components, n.e.c.",,"This subclass comprises other electrical equipment and components, n.e.c."
4,Detail,3812531,381253,Laser equipment and parts,,Laser equipment and parts.
4,Detail,3812532,381253,Industrial and power distribution capacitors,,Industrial and power distribution capacitors.
4,Detail,3812533,381253,"Industrial electrical equipment and parts, n.e.c.",,"Industrial electrical equipment and parts, n.e.c."
4,Detail,3812535,381253,"Non-industrial electrical equipment and parts, n.e.c.",,"Non-industrial electrical equipment and parts, n.e.c."
1,Group,382,,Appliances,,This group comprises appliances.
2,Class,38211,382,Small electric appliances,,This class comprises small electric appliances.
3,Subclass,382111,38211,Household electric fans,,This subclass comprises household electric fans.
4,Detail,3821111,382111,Household electric fans,,Household electric fans.
3,Subclass,382112,38211,Other small electric appliances,,This subclass comprises other small electric appliances.
4,Detail,3821121,382112,Vacuum cleaners and floor cleaning machines,,Vacuum cleaners and floor cleaning machines.
4,Detail,3821122,382112,"Small electric household appliances, n.e.c.",,"Small electric household appliances, n.e.c."
2,Class,38212,382,Major appliances,,This class comprises major appliances.
3,Subclass,382121,38212,Household cooking appliances,,This subclass comprises household cooking appliances.
4,Detail,3821211,382121,Electric household cooking equipment,,Electric household cooking equipment.
4,Detail,3821212,382121,Gas household cooking equipment,,Gas household cooking equipment.
4,Detail,3821213,382121,"Household ranges and cooking equipment, n.e.c.",,"Household ranges and cooking equipment, n.e.c."
3,Subclass,382122,38212,Household refrigerators and freezers,,This subclass comprises household refrigerators and freezers.
4,Detail,3821221,382122,Household refrigerators and freezers,,Household refrigerators and freezers.
3,Subclass,382123,38212,Household electric water heaters,,This subclass comprises household electric water heaters.
4,Detail,3821231,382123,Household electric water heaters,,Household electric water heaters.
3,Subclass,382124,38212,Household non-electric water heaters,,This subclass comprises household non-electric water heaters.
4,Detail,3821241,382124,Household non-electric water heaters,,Household non-electric water heaters.
3,Subclass,382125,38212,Other major household appliances,,"This subclass comprises other major household appliances, except cooking appliances, water heaters, refrigerators and freezers."
4,Detail,3821251,382125,Household dishwashers,,Household dishwashers.
4,Detail,3821252,382125,Household waste disposers,,Household waste disposers.
4,Detail,3821253,382125,Household clothes washers and dryers,,Household clothes washers and dryers.
4,Detail,3821254,382125,"Other major household appliances, n.e.c.",,"Other major household appliances, n.e.c."
1,Group,391,,Furniture and fixtures,,This group comprises furniture and fixtures.
2,Class,39111,391,Household furniture,,This class comprises household furniture.
3,Subclass,391111,39111,Upholstered household furniture,,This subclass comprises upholstered household furniture.
4,Detail,3911111,391111,Upholstered household furniture,,Upholstered household furniture.
3,Subclass,391112,39111,Other wood household furniture (including ready-to-assemble and unpainted),,"This subclass comprises other wood household furniture, including ready-to-assemble and unpainted."
4,Detail,3911121,391112,"Wood living room, library, family room and den furniture (except upholstered, infants' and children's, ready-to-assemble and unpainted furniture)",,"Wood living room, library, family room and den furniture, except upholstered, infants' and children's, ready-to-assemble and unpainted furniture."
4,Detail,3911122,391112,"Wood dining room and kitchen furniture (except infants' and children's, ready-to-assemble and unpainted furniture)",,"Wood dining room and kitchen furniture, except infants' and children's, ready-to-assemble and unpainted furniture."
4,Detail,3911123,391112,"Wood bedroom furniture (except infants' and children's, ready-to-assemble and unpainted furniture)",,"Wood bedroom furniture, except infants' and children's, ready-to-assemble and unpainted furniture."
4,Detail,3911124,391112,Infants' and children's wood furniture,,Infants' and children's wood furniture.
4,Detail,3911125,391112,Wood outdoor household furniture (except ready-to-assemble and unpainted furniture),,"Wood outdoor household furniture, for the porch, lawn, garden or beach, except ready-to-assemble and unpainted furniture."
4,Detail,3911126,391112,Ready-to-assemble wood household furniture and unpainted wood household furniture,,Ready-to-assemble wood household furniture and unpainted wood household furniture.
3,Subclass,391113,39111,Non-wood household furniture (except upholstered),,"This subclass comprises non-wood household furniture, except upholstered."
4,Detail,3911131,391113,Metal household dining room and kitchen furniture,,Metal household dining room and kitchen furniture.
4,Detail,3911132,391113,Non-wood household outdoor and casual furniture,,Non-wood household outdoor and casual furniture.
4,Detail,3911133,391113,Infants' car seats,,Infants' car seats.
4,Detail,3911134,391113,"Household furniture (except wood and upholstered), n.e.c.",,"Household furniture, except wood and upholstered, n.e.c."
2,Class,39112,391,Mattresses and foundations,,This class comprises mattresses and foundations.
3,Subclass,391121,39112,Mattresses and foundations,,This subclass comprises mattresses and foundations.
4,Detail,3911211,391121,Innerspring mattresses,,Innerspring mattresses.
4,Detail,3911212,391121,Mattresses (except innerspring mattresses),,"Mattresses, except innerspring mattresses."
4,Detail,3911213,391121,Mattress foundations and sleep system ensembles,,"Mattress-sized foundation to provide additional support and suspension to the mattress, and sleep system ensembles."
2,Class,39114,391,Office furniture,,"This class comprises office furniture, except institutional-type furniture."
3,Subclass,391141,39114,Wood office furniture,,"This subclass comprises wood office furniture, except institutional-type furniture."
4,Detail,3911411,391141,Wood office seating,,Wood office seating.
4,Detail,3911412,391141,Wood office desks,,Wood office desks and desk extensions.
4,Detail,3911413,391141,"Wood office filing units, storage units, and tables",,"Wood office filing units, storage units, and tables."
4,Detail,3911414,391141,"Wood office furniture panel systems, modular and desking systems",,"Wood office furniture panel systems, modular and desking systems."
3,Subclass,391142,39114,Non-wood office furniture,,"This subclass comprises non-wood office furniture, except institutional-type furniture."
4,Detail,3911421,391142,Non-wood office seating,,Non-wood office seating.
4,Detail,3911422,391142,Non-wood office desks,,Non-wood office desks and desk extensions.
4,Detail,3911423,391142,"Non-wood office filing units, storage units, and tables",,"Non-wood office filing units, storage units, and tables."
4,Detail,3911424,391142,"Non-wood office furniture panel systems, modular and desking systems",,"Non-wood office furniture panel systems, modular and desking systems."
2,Class,39115,391,"Partitions, shelving, lockers and other fixtures",,"This class comprises partitions, shelving, lockers and other fixtures."
3,Subclass,391151,39115,"Wood partitions, shelving, lockers and other fixtures",,"This subclass comprises wood partitions, shelving, lockers and other fixtures."
4,Detail,3911511,391151,Wood partitions,,Wood partitions.
4,Detail,3911512,391151,Wood shelving and lockers,,Wood shelving and lockers.
4,Detail,3911513,391151,"Wood fixtures (except signs) for stores, banks and offices",,"Wood fixtures, except signs, for stores, banks and offices."
3,Subclass,391152,39115,"Non-wood partitions, shelving, lockers and other fixtures",,"This subclass comprises non-wood partitions, shelving, lockers and other fixtures."
4,Detail,3911521,391152,Non-wood prefabricated partitions,,Non-wood prefabricated partitions.
4,Detail,3911522,391152,Non-wood shelving and lockers,,Non-wood shelving and lockers.
4,Detail,3911523,391152,Non-wood storage racks and accessories,,Non-wood storage racks and accessories.
4,Detail,3911524,391152,"Non-wood fixtures (except signs) for stores, banks and offices",,"Non-wood fixtures, except signs, for stores, banks and offices."
2,Class,39116,391,"Wood furniture frames, and institutional and other furniture, n.e.c.",,"This class comprises wood furniture frames, and institutional and other furniture, n.e.c."
3,Subclass,391161,39116,Wood furniture frames,,This subclass comprises wood furniture frames.
4,Detail,3911611,391161,Wood furniture frames,,Wood furniture frames.
3,Subclass,391162,39116,"Institutional and other furniture, n.e.c.",,"This subclass comprises institutional and other furniture, n.e.c."
4,Detail,3911621,391162,School furniture,,Furniture designed specifically for use in schools.
4,Detail,3911622,391162,Public building and related furniture,,Furniture designed for use in public buildings and related buildings.
4,Detail,3911623,391162,"Other furniture, n.e.c.",,"Other furniture, except household and office, n.e.c."
2,Class,39121,391,"Blinds, shades, and curtain fixtures",,"This class comprises blinds, shades, and curtain fixtures."
3,Subclass,391211,39121,"Blinds, shades, and curtain fixtures",,"This subclass comprises blinds, shades, and curtain fixtures."
4,Detail,3912111,391211,"Blinds, shades, and curtain fixtures",,"Blinds, shades, and curtain fixtures."
2,Class,39131,391,"Electric lamps, lighting fixtures, and parts (except bulbs and tubes)",,"This class comprises indoor and outdoor electric lamps, lighting fixtures, and parts, except bulbs and tubes."
3,Subclass,391311,39131,Residential electric lamps and lighting fixtures (including lampshades),,"This subclass comprises residential electric lamps and lighting fixtures, including lampshades."
4,Detail,3913111,391311,Portable residential electric lamps and lampshades,,Portable residential electric lamps and lampshades.
4,Detail,3913112,391311,Non-portable residential electric lighting fixtures,,Non-portable residential electric lighting fixtures.
4,Detail,3913113,391311,"Parts of residential electric lamps and lighting fixtures (except lampshades, bulbs, and tubes)",,"Parts of residential electric lamps and lighting fixtures, except lampshades, bulbs, and tubes."
3,Subclass,391312,39131,"Commercial, institutional and industrial lamps and lighting fixtures",,"This subclass comprises commercial, institutional and industrial lamps and lighting fixtures."
4,Detail,3913121,391312,Commercial and institutional electric lighting fixtures,,Commercial and institutional electric lighting fixtures.
4,Detail,3913122,391312,Industrial electric lighting fixtures,,Industrial electric lighting fixtures.
4,Detail,3913123,391312,"Parts of commercial, institutional and industrial electric lighting fixtures",,"Parts of commercial, institutional and industrial electric lighting fixtures."
3,Subclass,391313,39131,"Outdoor lighting equipment, and lighting equipment n.e.c.",,"This subclass comprises outdoor lighting equipment, and lighting equipment n.e.c."
4,Detail,3913131,391313,Outdoor lighting equipment,,Outdoor lighting equipment.
4,Detail,3913132,391313,"Hand-portable and other lighting equipment, n.e.c.",,"Hand-portable and other lighting equipment, n.e.c."
4,Detail,3913133,391313,"Parts for outdoor lighting, and lighting equipment n.e.c.",,Parts for outdoor lighting and lighting equipment n.e.c.
1,Group,411,,Passenger cars and light trucks,,"This group comprises passenger cars, light trucks, vans and sport utility vehicles (SUVs), including their chassis."
2,Class,41111,411,"Passenger cars and chassis, without electric motor",,"This class comprises compact, mid-size and full-size passenger cars, and their chassis, without electric motor."
3,Subclass,411111,41111,Compact passenger cars and chassis,,"This subclass comprises passengers cars with an interior volume of 3.1 m³ (3,115 L) or less, and chassis."
4,Detail,4111111,411111,Compact passenger cars,,"Compact passengers cars with an interior volume of 3.1 m³ (3,115 L) or less."
4,Detail,4111112,411111,Chassis for compact passenger cars,,Chassis for compact passenger cars.
3,Subclass,411112,41111,Mid-size passenger cars and chassis,,"Mid-size passenger cars with an interior volume of more than 3.1 m³ (3,115 L), but not exceeding 3.4 m³ (3,400 L)."
4,Detail,4111121,411112,Mid-size passenger cars,,"This subclass comprises passenger cars with an interior volume of more than 3.4 m³ (3,400 L), and chassis."
4,Detail,4111122,411112,Chassis for mid-size passenger cars,,Chassis for mid-size passenger cars.
3,Subclass,411113,41111,Full-size passenger cars and chassis,,"This subclass comprises passenger cars with an interior volume of more than 3.4 m³ (3,400 L), and chassis."
4,Detail,4111131,411113,Full-size passenger cars,,"Full-size passenger cars with an interior volume of more than 3.4 m³ (3,400 L)."
4,Detail,4111132,411113,Chassis for full-size passenger cars,,Chassis for full-size passenger cars.
2,Class,41112,411,"Light-duty trucks, vans and sport utility vehicles (SUVs), without electric motor",,"This class comprises light-duty trucks, vans, sport utility vehicles (SUVs) and crossovers, without electric motor, including chassis."
3,Subclass,411121,41112,"Vans, sport utility vehicles (SUVs) and crossovers, and their chassis, without electric motor",,"This subclass comprises vans, sport utility vehicles (SUVs) and crossovers, and their chassis, without electric motor."
4,Detail,4111211,411121,"Vans, sport utility vehicles (SUVs) and crossovers, without electric motor",,"Vans, sport utility vehicles (SUVs) and crossovers, without electric motor."
4,Detail,4111212,411121,"Chassis for vans, sport utility vehicles (SUVs) and crossovers",,"Chassis for vans, sport utility vehicles (SUVs) and crossovers."
3,Subclass,411122,41112,"Light-duty trucks, and chassis for light-duty trucks and buses, without electric motor",,"This subclass comprises trucks of a gross vehicle weight rating (GVWR) of 5 tonnes (11,000 lbs) or less, and light-duty trucks and bus chassis, without electric motor."
4,Detail,4111221,411122,"Light-duty trucks, without electric motor",,"Light-duty trucks, without electric motor."
4,Detail,4111222,411122,Chassis for light-duty trucks and buses,,"Chassis for trucks and buses with a gross vehicle weight rating (GVWR) of 5 tonnes (11,000 lbs) or less."
2,Class,41113,411,Passenger cars with electric motor and hybrid engine,,This class comprises passenger cars with electric motor and hybrid engine.
3,Subclass,411131,41113,Full electric motor passenger cars,,This subclass comprises full electric motor passenger cars.
4,Detail,4111311,411131,Full electric motor passenger cars,,Full electric motor passenger cars.
3,Subclass,411132,41113,Plug-in hybrid passenger cars,,This subclass comprises passenger cars plug-in hybrid passenger cars.
4,Detail,4111321,411132,Plug-in hybrid passenger cars with gasoline engine,,Plug-in hybrid passenger cars with gasoline engine.
4,Detail,4111322,411132,Plug-in hybrid passenger cars with diesel engine,,Plug-in hybrid passenger cars with diesel engine.
3,Subclass,411133,41113,Non-plug-in hybrid passenger cars,,This subclass comprises non-plug-in hybrid passenger cars.
4,Detail,4111331,411133,Non-plug-in hybrid passenger cars with gasoline engine,,Non-plug-in hybrid passenger cars with gasoline engine.
4,Detail,4111332,411133,Non-plug-in hybrid passenger cars with diesel engine,,Non-plug-in hybrid passenger cars with diesel engine.
2,Class,41114,411,"Light truck, vans and sport utility vehicles (SUVs) with electric motor and hybrid engine",,"This class comprises light truck, vans and sport utility vehicles (SUVs) with electric motor and hybrid engine."
3,Subclass,411141,41114,"Full-electric motor light truck, vans and sport utility vehicles (SUVs)",,"This subclass comprises full-electric motor light truck, vans and sport utility vehicles (SUVs)."
4,Detail,4111411,411141,"Full-electric motor light truck, vans and sport utility vehicles (SUVs)",,"Full-electric motor light truck, vans and sport utility vehicles (SUVs)."
3,Subclass,411142,41114,"Plug-in hybrid light truck, vans and sport utility vehicles (SUVs)",,"This subclass comprises plug-in hybrid light truck, vans and sport utility vehicles (SUVs)."
4,Detail,4111421,411142,"Plug-in hybrid light truck, vans and sport utility vehicles (SUVs) with gasoline engine",,"Plug-in hybrid light truck, vans and sport utility vehicles (SUVs) with gasoline engine."
4,Detail,4111422,411142,"Plug-in hybrid light truck, vans and sport utility vehicles (SUVs) with diesel engine",,"Plug-in hybrid light truck, vans and sport utility vehicles (SUVs) with diesel engine."
3,Subclass,411143,41114,"Non-plug-in hybrid light truck, vans and sport utility vehicles (SUVs)",,"This subclass comprises non-plug-in hybrid light truck, vans and sport utility vehicles (SUVs)."
4,Detail,4111431,411143,"Non-plug-in hybrid light truck, vans and sport utility vehicles (SUVs) with gasoline engine",,"Non-plug-in hybrid light truck, vans and sport utility vehicles (SUVs) with gasoline engine."
4,Detail,4111432,411143,"Non-plug-in hybrid light truck, vans and sport utility vehicles (SUVs) with diesel engine",,"Non-plug-in hybrid light truck, vans and sport utility vehicles (SUVs) with diesel engine."
1,Group,412,,"Medium and heavy trucks, buses, and other motor vehicles",,"This group comprises medium and heavy trucks, buses, and other motor vehicles."
2,Class,41211,412,Medium and heavy-duty trucks,,"This class comprises medium and heavy-duty trucks, including their chassis."
3,Subclass,412111,41211,"Medium-duty trucks, and chassis for medium-duty trucks and buses",,"This subclass comprises trucks of a gross vehicle weight rating (GVWR) of more than 5 tonnes (11,000 lbs), but not exceeding 15 tonnes (33,000 lbs), and medium-duty trucks and bus chassis."
4,Detail,4121111,412111,Medium-duty trucks,,"Self-propelled medium-duty road vehicles designed primarily for land transportation of goods, with a gross vehicle weight rating (GVWR) of more than 5 tonnes (11,000 lbs), but not exceeding 15 tonnes (33,000 lbs)."
4,Detail,4121112,412111,Chassis for medium-duty trucks and buses,,"Chassis for trucks and buses with a gross vehicle weight rating (GVWR) of more than 5 tonnes (11, 000 lbs), but not exceeding 15 tonnes (33,000 lbs)."
3,Subclass,412112,41211,"Heavy-duty trucks, and chassis for heavy-duty trucks and buses",,"This subclass comprises trucks of a gross vehicle weight rating (GVWR) of more than 15 tonnes (33,000 lbs), and heavy-duty trucks and bus chassis."
4,Detail,4121121,412112,Heavy-duty trucks,,"Self-propelled heavy-duty road vehicles designed primarily for land transportation of goods, with a gross vehicle weight rating (GVWR) of more than 15 tonnes (33,000 lbs)."
4,Detail,4121122,412112,Chassis for heavy-duty trucks and buses,,"Chassis for trucks and buses with a gross vehicle weight rating (GVWR) of more than 15 tonnes (33,000 lbs)."
2,Class,41212,412,Buses and special-purpose vehicles,,This class comprises buses and special-purpose vehicles.
3,Subclass,412121,41212,Buses,,This subclass comprises large motor vehicles designed primarily for public transit on city streets or for conveying travellers on trips or tours to other destinations.
4,Detail,4121211,412121,Buses,,Large motor vehicles designed primarily for public transit on city streets or for conveying travellers on trips or tours to other destinations.
3,Subclass,412122,41212,Special-purpose vehicles,,"This subclass comprises self-propelled vehicles for highway use, designed primarily for specialized transport of persons or equipped with various equipment for non-transport functions."
4,Detail,4121221,412122,Special-purpose vehicles,,"Self-propelled vehicles for highway use, designed primarily for specialized transport of persons or equipped with various equipment for non-transport functions."
2,Class,41213,412,Freight and utility trailers,,This class comprises freight and utility trailers.
3,Subclass,412131,41213,Truck trailers,,"This subclass comprises trailers with a high or low axle rating, designed to be towed by truck tractors and other heavy-duty trucks."
4,Detail,4121311,412131,Truck trailers with high axle rating,,"Trailers designed to be towed by truck tractors or other heavy-duty trucks, with an axle rating of 4,536 kg or more."
4,Detail,4121312,412131,Truck trailers with low axle rating,,"Trailers designed to be towed by truck tractors or other heavy-duty trucks, with an axle rating of less than 4,536 kg."
3,Subclass,412132,41213,Other trailers,,This subclass comprises trailers designed to be pulled by an automobile or light truck and used for the transport of goods and materials.
4,Detail,4121321,412132,Other trailers,,Trailers designed to be pulled by an automobile or light truck and used for the transport of goods and materials.
2,Class,41221,412,"Motor homes, travel trailers and camping trailers",,"This class comprises motor homes, travel trailers and camping trailers."
3,Subclass,412211,41221,Motor homes,,This subclass comprises self-propelled motor vehicles used as both a vehicle and a self-contained temporary travel home.
4,Detail,4122111,412211,Motor homes,,Self-propelled motor vehicles used as both a vehicle and a self-contained temporary travel home.
3,Subclass,412212,41221,"Travel trailers, camping trailers, and their parts",,"This subclass comprises travel trailers, camping trailers, and their parts."
4,Detail,4122121,412212,Travel trailers,,"Trailers with rigid sides, designed as living quarters for recreational travel."
4,Detail,4122122,412212,Camping trailers,,Pop-up camping trailers and truck campers designed as living quarters for recreational travel.
4,Detail,4122123,412212,"Parts of travel trailers, camping trailers and other trailers",,"Parts of automobile and light truck trailers, travel trailers, camping trailers and truck campers."
2,Class,41231,412,Motor vehicle bodies,,This class comprises motor vehicle bodies.
3,Subclass,412311,41231,"Bus bodies, van bodies and truck cabs",,"This subclass comprises bodies for buses and vans, and cabs for trucks, not assembled on a motor vehicle chassis."
4,Detail,4123111,412311,Bus bodies and truck cabs,,"Bodies of buses and cabs of trucks, not assembled on a motor vehicle chassis."
4,Detail,4123112,412311,Van bodies,,Van bodies not assembled on a motor vehicle chassis.
3,Subclass,412312,41231,Other automobile and truck bodies,,"This subclass comprises truck and vehicle bodies, except van or bus bodies, not assembled on a motor vehicle chassis."
4,Detail,4123121,412312,Other automobile and truck bodies,,"Truck and vehicle bodies, except van or bus bodies, not assembled on a motor vehicle chassis."
1,Group,413,,Motor vehicle engines and motor vehicle parts,,This group comprises motor vehicle engines and motor vehicle parts.
2,Class,41311,413,Motor vehicle gasoline engines and engine parts,,This class comprises motor vehicle gasoline engines and engine parts.
3,Subclass,413111,41311,Motor vehicle gasoline engines and engine parts,,This subclass comprises motor vehicle gasoline engines and engine parts.
4,Detail,4131111,413111,New gasoline engines for motor vehicles,,New gasoline engines for motor vehicles.
4,Detail,4131112,413111,"Rebuilt gasoline engines for motor vehicles, and parts",,Rebuilt gasoline engines for motor vehicles and parts.
4,Detail,4131113,413111,"Carburetors, engine pistons, and intake and exhaust valves",,"Carburetors, engine pistons, and intake and exhaust valves."
4,Detail,4131114,413111,Other motor vehicle gasoline engine parts,,Other motor vehicle gasoline engine parts.
2,Class,41312,413,Motor vehicle diesel engines and engine parts,,"This class comprises new and rebuilt diesel engines for motor vehicles, and parts of diesel engines for motor vehicles."
3,Subclass,413121,41312,Motor vehicle diesel engines and engine parts,,"This subclass comprises new and rebuilt diesel engines for motor vehicles, and parts of diesel engines for motor vehicles."
4,Detail,4131211,413121,Diesel engines for motor vehicles,,New and rebuilt diesel engines for motor vehicles.
4,Detail,4131212,413121,Parts of diesel engines for motor vehicles,,Parts of diesel engines for motor vehicles.
2,Class,41321,413,Motor vehicle electrical and electronic equipment,,This class comprises motor vehicle electrical and electronic equipment.
3,Subclass,413211,41321,Vehicular lighting equipment,,This subclass comprises vehicular lighting equipment.
4,Detail,4132111,413211,Vehicular lighting equipment,,Vehicular lighting equipment.
3,Subclass,413212,41321,Other motor vehicle electrical and electronic equipment,,This subclass comprises other motor vehicle electrical and electronic equipment.
4,Detail,4132121,413212,Ignition harness and cable sets,,Ignition harness and cable sets.
4,Detail,4132122,413212,"New alternators, generators and regulators, for internal combustion engines",,"New alternators, generators and regulators, for internal combustion engines."
4,Detail,4132123,413212,"Rebuilt alternators, generators and regulators, for internal combustion engines",,"Rebuilt alternators, generators and regulators, for internal combustion engines."
4,Detail,4132124,413212,Starter motors,,"Electric starter motors, new or rebuilt, for starting internal combustion engines."
4,Detail,4132125,413212,Engine electrical equipment and parts,,Engine electrical equipment and parts.
4,Detail,4132126,413212,"Other motor vehicle electrical and electronic equipment, n.e.c.",,"Other motor vehicle electrical and electronic equipment, n.e.c."
3,Subclass,413213,41321,Motor vehicle instruments and parts,,This subclass comprises motor vehicle instruments and parts.
4,Detail,4132131,413213,Motor vehicle instruments and parts,,Motor vehicle instruments and parts.
2,Class,41331,413,Motor vehicle plastic parts,,This class comprises motor vehicle plastic parts.
3,Subclass,413311,41331,Motor vehicle plastic parts,,This subclass comprises motor vehicle plastic parts.
4,Detail,4133111,413311,Fabricated plastic products for motor vehicles (except foam and reinforced plastics),,"Fabricated plastic parts and components, except foam and reinforced plastics, used in the manufacture of motor vehicles."
4,Detail,4133112,413311,Reinforced plastic or fibreglass parts for motor vehicles,,"Parts and components of fibreglass or reinforced plastic, used in the manufacture of motor vehicles."
2,Class,41332,413,Automotive glass and automotive mirrors,,This class comprises automotive glass and automotive mirrors.
3,Subclass,413322,41332,Automotive glass and automotive mirrors,,This subclass comprises automotive glass and automotive mirrors.
4,Detail,4133221,413322,Automotive glass,,Automotive glass.
4,Detail,4133222,413322,Automotive mirrors,,Automotive mirrors.
2,Class,41341,413,"Motor vehicle interior trim, seats and seat parts",,"This class comprises motor vehicle interior trim, seats and seat parts."
3,Subclass,413411,41341,Motor vehicle seats,,This subclass comprises motor vehicle seats.
4,Detail,4134111,413411,Motor vehicle seats,,Motor vehicle seats.
3,Subclass,413412,41341,Parts of motor vehicle seats,,This subclass comprises parts of motor vehicle seats.
4,Detail,4134121,413412,Parts of motor vehicle seats,,Parts of motor vehicle seats.
3,Subclass,413413,41341,Motor vehicle interior trim,,This subclass comprises motor vehicle interior trim.
4,Detail,4134131,413413,Seat or safety belts for motor vehicles,,Seat or safety belts for motor vehicles.
4,Detail,4134132,413413,Motor vehicle interior trim (except seat belts),,"Motor vehicle interior trim, except seat belts."
2,Class,41351,413,Motor vehicle metal stampings,,This class comprises motor vehicle metal stampings.
3,Subclass,413511,41351,Motor vehicle metal stampings,,This subclass comprises motor vehicle metal stampings.
4,Detail,4135111,413511,Motor vehicle metal stampings,,Motor vehicle metal stampings.
2,Class,41352,413,Motor vehicle steering and suspension components,,This class comprises motor vehicle steering and suspension components.
3,Subclass,413521,41352,Motor vehicle steering and suspension components,,This subclass comprises motor vehicle steering and suspension components.
4,Detail,4135211,413521,New motor vehicle steering and suspension components,,New motor vehicle steering and suspension components.
4,Detail,4135212,413521,Rebuilt motor vehicle steering and suspension components,,Rebuilt motor vehicle steering and suspension components.
2,Class,41353,413,Motor vehicle transmission and drive train components,,This class comprises motor vehicle transmission and drive train components.
3,Subclass,413531,41353,Motor vehicle transmission and drive train components,,This subclass comprises motor vehicle transmission and drive train components.
4,Detail,4135311,413531,New motor vehicle transmission and drive train components,,New motor vehicle transmission and drive train components.
4,Detail,4135312,413531,Rebuilt motor vehicle transmission and drive train components,,Rebuilt motor vehicle transmission and drive train components.
2,Class,41354,413,Motor vehicle brakes and brake systems,,This class comprises motor vehicle brakes and brake systems.
3,Subclass,413541,41354,Motor vehicle brakes and brake systems,,This subclass comprises motor vehicle brakes and brake systems.
4,Detail,4135411,413541,New motor vehicle brake parts,,New motor vehicle brake parts.
4,Detail,4135412,413541,Rebuilt motor vehicle brake parts,,Rebuilt motor vehicle brake parts.
2,Class,41355,413,Other motor vehicle parts,,This class comprises other motor vehicle parts.
3,Subclass,413551,41355,Motor vehicle wheels,,This subclass comprises motor vehicle wheels.
4,Detail,4135511,413551,Motor vehicle wheels,,Motor vehicle wheels.
3,Subclass,413552,41355,Motor vehicle exhaust system parts,,This subclass comprises motor vehicle exhaust system parts.
4,Detail,4135521,413552,Motor vehicle exhaust system parts,,Motor vehicle exhaust system parts.
3,Subclass,413553,41355,Motor vehicle air-conditioning systems and parts,,"This subclass comprises motor vehicle air-conditioning systems, including compressors and other parts."
4,Detail,4135531,413553,Motor vehicle air-conditioning systems,,Motor vehicle mechanical air-conditioning systems.
4,Detail,4135532,413553,Automotive air-conditioning compressors,,Automotive air-conditioning compressors.
4,Detail,4135533,413553,Parts of motor vehicle air-conditioning systems (except compressors and filters),,"Parts of motor vehicle air-conditioning systems, except compressors and filters."
3,Subclass,413554,41355,Motor vehicle hardware,,This subclass comprises motor vehicle hardware.
4,Detail,4135541,413554,Motor vehicle hardware,,Motor vehicle hardware.
3,Subclass,413555,41355,Precision-turned automotive products,,This subclass comprises precision-turned products for motor vehicles.
4,Detail,4135551,413555,Precision-turned automotive products,,Precision-turned products for motor vehicles.
3,Subclass,413556,41355,"Other motor vehicle parts, n.e.c.",,"This subclass comprises other motor vehicle parts, n.e.c., such as filters and air bag assemblies."
4,Detail,4135561,413556,Filters for internal combustion engines and motor vehicles,,"Filters to filter air, fuel and oil for motor vehicle engines and filters for motor vehicle environmental air control systems."
4,Detail,4135562,413556,Air bag assemblies and parts,,Air bag assemblies and parts.
4,Detail,4135563,413556,"Other miscellaneous motor vehicle parts, n.e.c.",,"Other miscellaneous motor vehicle parts, n.e.c."
1,Group,421,,Aircraft,,This group comprises military and civilian aircraft.
2,Class,42111,421,Aircraft,,This class comprises military and civilian aircraft.
3,Subclass,421111,42111,Aircraft,,This subclass comprises military and civilian aircraft.
4,Detail,4211111,421111,Military aircraft,,"Aircraft built to military specifications, for any application including tactical, strategic or support."
4,Detail,4211112,421111,Civilian aircraft,,"Aircraft built to specifications other than military, for any application including general and commercial aviation."
4,Detail,4211113,421111,Unmanned aircraft (drones) for non-recreational purposes (except model aircraft),,"Power-driven aircraft designed to fly without a human operator on board, for non-recreational purposes, except model aircraft."
1,Group,431,,"Aircraft engines, aircraft parts and other aerospace equipment",,"This group comprises aircraft engines, aircraft parts and other aerospace equipment."
2,Class,43111,431,Aircraft engines,,This class comprises aircraft engines.
3,Subclass,431111,43111,Aircraft engines,,This subclass comprises aircraft engines.
4,Detail,4311111,431111,Military aircraft engines,,Aircraft engines built to military specifications.
4,Detail,4311112,431111,Civilian aircraft engines,,Aircraft engines built to specifications other than military.
2,Class,43112,431,Aircraft parts and other aerospace equipment,,This class comprises aircraft parts and other aerospace equipment.
3,Subclass,431121,43112,Aircraft engine parts and accessories (including propellers and rotors),,"This subclass comprises aircraft engine parts and accessories, including propellers and rotors."
4,Detail,4311211,431121,Aircraft propellers and helicopter rotors,,"Propellers and rotors, and their parts, for military or civilian aircraft and helicopters."
4,Detail,4311212,431121,Aircraft engine parts and accessories (except propellers and rotors),,"Parts and accessories for military and civilian aircraft engines, except propellers and rotors."
3,Subclass,431122,43112,"Other aerospace parts, guided missiles and space vehicles",,"This subclass comprises other aerospace parts, guided missiles and space vehicles."
4,Detail,4311221,431122,Seats for aircraft,,Seats for aircraft.
4,Detail,4311222,431122,"Aircraft parts, n.e.c.",,"Aircraft parts, n.e.c."
4,Detail,4311223,431122,Guided missiles and rockets (including space vehicles),,"Guided missiles and rockets, including space vehicles."
4,Detail,4311224,431122,Parts and components of guided missiles and space vehicles,,Parts and components for guided missiles and space vehicles.
1,Group,441,,"Ships, locomotives, railway rolling stock, and rapid transit equipment",,"This group comprises ships, locomotives, railway rolling stock, and rapid transit equipment."
2,Class,44111,441,Ships,,"This class comprises military and non-military ships, barges and platforms."
3,Subclass,441111,44111,Ships,,"This subclass comprises military and non-military ships, barges and platforms."
4,Detail,4411111,441111,Military ships,,Military ships.
4,Detail,4411112,441111,"Non-military ships, barges and platforms",,"Non-military ships, barges and platforms."
2,Class,44112,441,"Locomotives, railway rolling stock, and rapid transit equipment",,"This class comprises locomotives, railway rolling stock, and rapid transit equipment."
3,Subclass,441121,44112,"Subway and rapid transit cars, and streetcars",,"This subclass comprises subway and rapid transit cars, and streetcars."
4,Detail,4411211,441121,"Subway and rapid transit cars, and streetcars",,"Subway and rapid transit cars, and streetcars."
3,Subclass,441122,44112,Locomotives and railway maintenance-of-way equipment,,This subclass comprises locomotives and railway maintenance-of-way equipment.
4,Detail,4411221,441122,Locomotives and railway maintenance-of-way equipment,,Locomotives and railway maintenance-of-way equipment.
3,Subclass,441123,44112,Other railway rolling stock,,This subclass comprises other railway rolling stock.
4,Detail,4411231,441123,Freight train cars,,Freight train cars.
4,Detail,4411232,441123,Passenger train cars,,Passenger train cars.
1,Group,442,,Boats and other transportation equipment,,This group comprises boats and other transportation equipment.
2,Class,44211,442,"Personal watercraft, motorboats and other boats",,"This class comprises personal watercraft, motorboats and other boats."
3,Subclass,442111,44211,Personal watercraft and parts,,This subclass comprises personal watercraft and parts of personal watercraft.
4,Detail,4421111,442111,Personal watercraft and parts,,Personal watercraft and parts of personal watercraft.
3,Subclass,442112,44211,Motorboats and other boats,,"This subclass comprises motorboats, and recreational boats and other boats, n.e.c."
4,Detail,4421121,442112,Motorboats,,Motorboats.
4,Detail,4421122,442112,"Recreational and other boats, n.e.c.",,"Recreational and other boats, n.e.c."
2,Class,44212,442,Other transportation equipment,,This class comprises other transportation equipment.
3,Subclass,442121,44212,Bicycles,,This subclass comprises bicycles for recreation and transportation.
4,Detail,4421211,442121,Bicycles,,Bicycles for recreation and transportation.
3,Subclass,442122,44212,Snowmobiles,,This subclass comprises snowmobiles.
4,Detail,4421221,442122,Snowmobiles,,Snowmobiles.
3,Subclass,442123,44212,Military armoured vehicles,,This subclass comprises military tanks and other military armoured vehicles.
4,Detail,4421231,442123,Military armoured vehicles,,Military tanks and other military armoured vehicles.
3,Subclass,442124,44212,Motorcycles; golf carts; three-wheeled motor vehicles; and other land vehicles n.e.c.,,"This subclass comprises motorcycles, golf carts, motorized tricycles and other land vehicles n.e.c."
4,Detail,4421241,442124,Motorcycles and motor tricycles,,Motorcycles and motor tricycles.
4,Detail,4421242,442124,Golf carts and similar vehicles,,Golf carts and similar vehicles.
4,Detail,4421244,442124,Three-wheeled motor vehicles (except motor tricycles),,Three-wheeled motor vehicles (except motor tricycles).
4,Detail,4421249,442124,"Other land vehicles, n.e.c.",,"Other land vehicles, n.e.c."
1,Group,451,,Parts of railway rolling stock and of other transportation equipment,,This group comprises parts of railway rolling stock and of other transportation equipment.
2,Class,45111,451,Parts of railway rolling stock,,This class comprises parts of railway rolling stock.
3,Subclass,451111,45111,"Parts of locomotives, of railway rolling stock, and of rapid transit equipment",,"This subclass comprises parts of locomotives, of railway rolling stock, and of rapid transit equipment."
4,Detail,4511111,451111,"Seats for rail cars and public conveyance, n.e.c.",,"Seats for rail cars and public conveyance, n.e.c."
4,Detail,4511112,451111,"Parts of locomotives, train cars, and rapid transit cars, n.e.c.",,"Parts of locomotives, train cars, and rapid transit cars, n.e.c."
2,Class,45112,451,Parts of other transportation equipment,,This class comprises parts of other transportation equipment.
3,Subclass,451121,45112,Bicycle parts,,This subclass comprises bicycle parts.
4,Detail,4511211,451121,Bicycle parts,,Bicycle parts.
3,Subclass,451122,45112,Snowmobile parts,,This subclass comprises snowmobile parts.
4,Detail,4511221,451122,Snowmobile parts,,Snowmobile parts.
3,Subclass,451123,45112,"Parts of other transportation equipment, n.e.c.",,"This subclass comprises parts of other transportation equipment, n.e.c."
4,Detail,4511231,451123,Parts of military armoured vehicles,,Parts of military armoured vehicles.
4,Detail,4511232,451123,"Parts of motorcycles, golf carts and other land vehicles n.e.c.",,"Parts of motorcycles, golf carts, and other land vehicles n.e.c."
1,Group,462,,"Wood millwork, and wood products n.e.c.",,"This group comprises wood millwork, and wood products n.e.c."
2,Class,46211,462,Wood windows and doors,,This class comprises wood windows and doors.
3,Subclass,462111,46211,Wood doors,,This subclass comprises wood doors.
4,Detail,4621111,462111,"Wood panel, flush, and molded-face doors",,"Interior and exterior wood panel doors, flush-type, or with moulded faces."
4,Detail,4621112,462111,Other wood doors,,"Interior and exterior wood doors, n.e.c."
3,Subclass,462112,46211,Wood window units,,"This subclass comprises complete window units, of wood."
4,Detail,4621121,462112,Wood window units,,"Complete window units, of wood."
3,Subclass,462113,46211,Wood door and window frames and sash,,This subclass comprises wood door and window frames and sash.
4,Detail,4621131,462113,Wood sash (except sash shipped in window units),,"Wood sash, except sash shipped in window units."
4,Detail,4621132,462113,"Wood window and door frames (except window frames shipped in window units, but including door frames shipped in door units)",,"Wood window and door frames, except window frames shipped in window units, but including door frames shipped in door units."
2,Class,46212,462,Wood cabinets and counter tops,,This class comprises wood cabinets and counter tops.
3,Subclass,462121,46212,Wood kitchen cabinets and other cabinetwork,,This subclass comprises wood kitchen cabinets and other cabinetwork.
4,Detail,4621211,462121,Wood kitchen cabinets,,Wood kitchen cabinets designed for permanent installation.
4,Detail,4621212,462121,"Wood vanities and cabinetwork, n.e.c.",,Wood vanities and other wood cabinetwork designed for permanent installation.
3,Subclass,462122,46212,Wood kitchen cabinet and bathroom vanity tops (including made of plastic laminated wood),,"This subclass comprises wood kitchen cabinet and bathroom vanity tops, including when made of plastic laminated wood."
4,Detail,4621221,462122,Wood kitchen cabinet and bathroom vanity tops (including made of plastic laminated wood),,"Wood kitchen cabinet and bathroom vanity tops, including when made of plastic laminated wood."
2,Class,46213,462,"Wood products, n.e.c.",,"This class comprises wood products, n.e.c."
3,Subclass,462131,46213,Hardwood flooring,,This subclass comprises hardwood flooring.
4,Detail,4621311,462131,Hardwood flooring,,Hardwood flooring.
3,Subclass,462132,46213,Softwood flooring,,This subclass comprises softwood flooring.
4,Detail,4621321,462132,Softwood flooring,,Softwood flooring.
3,Subclass,462133,46213,Hardwood and softwood cut stock and dimension (including furniture cut stock),,"This subclass comprises hardwood and softwood cut stock and dimension, including furniture cut stock."
4,Detail,4621331,462133,"Hardwood lumber, edge worked (including tongued and grooved)",,"Hardwood lumber, edge worked, including tongued and grooved."
4,Detail,4621332,462133,"Softwood lumber of spruce, pine and fir, edge worked (including tongued and grooved)",,"Edge worked softwood lumber of spruce, pine and fir, including tongued and grooved."
4,Detail,4621333,462133,"Softwood lumber of hemlock fir, edge worked (including tongued and grooved)",,"Edge worked softwood lumber of hemlock fir, including tongued and grooved."
4,Detail,4621334,462133,"Softwood lumber of Douglas fir and Western larch, edge worked (including tongued and grooved)",,"Edge worked softwood lumber of Douglas fir and Western larch, including tongued and grooved."
4,Detail,4621335,462133,"Softwood lumber of Western red cedar, edge worked (including tongued and grooved)",,"Edge worked softwood lumber of Western red cedar, including tongued and grooved."
4,Detail,4621336,462133,"Other softwood lumber, edge worked (including tongued and grooved)",,"Other edge worked softwood lumber, including tongued and grooved."
4,Detail,4621337,462133,Hardwood cut stock and dimension (including hardwood furniture cut stock),,"Hardwood cut stock and dimension, cut and shaped to specialized sizes, for manufacturing semi-finished and finished products; and ready-to-assemble wood products, including hardwood furniture cut stock."
4,Detail,4621338,462133,Softwood cut stock and dimension (including softwood furniture cut stock),,"Softwood cut stock and dimension, cut and shaped to specialized sizes, for manufacturing semi-finished and finished products; and ready-to-assemble wood products, including softwood furniture cut stock."
3,Subclass,462134,46213,Other wood millwork products,,This subclass comprises other hardwood and softwood millwork products.
4,Detail,4621341,462134,Sawn wood fence stock and wood lath,,"Fence stock and lath, of wood; sawn, edge worked, cut to length and treated with long-term preservatives."
4,Detail,4621342,462134,"Wood mouldings (including mouldings covered with metal, plastics, etc.)",,"Mouldings consisting entirely of solid or manufactured wood, or having a wood-based core, including mouldings covered with metal, plastics, etc."
4,Detail,4621343,462134,Other softwood millwork products,,Other softwood millwork products.
4,Detail,4621344,462134,Other hardwood millwork products,,Other hardwood millwork products.
3,Subclass,462135,46213,"Other wood products, n.e.c.",,"This subclass comprises other wood products, n.e.c."
4,Detail,4621351,462135,"Other wood products of hardwood, n.e.c.",,"Other wood products of hardwood, n.e.c."
4,Detail,4621352,462135,"Other wood products of softwood, n.e.c.",,"Other wood products of softwood, n.e.c."
1,Group,463,,"Paints, coatings, and adhesive products",,"This group comprises paints, coatings, and adhesive products."
2,Class,46311,463,"Paints, coatings and adhesive products",,"This class comprises paints, coatings and adhesive products."
3,Subclass,463111,46311,Paints and coatings for construction and renovation,,This subclass comprises paints and coatings for construction and renovation.
4,Detail,4631111,463111,Paints and coatings for construction and renovation,,Paints and coatings for construction and renovation.
3,Subclass,463112,46311,Other paints and coatings,,This subclass comprises other paints and coatings.
4,Detail,4631121,463112,Product finishes for original equipment manufacturers (OEM) (except marine coatings),,"Product finishes for original equipment manufacturers (OEM), except marine coatings."
4,Detail,4631122,463112,"Special-purpose coatings (including all marine coatings, industrial, construction and maintenance coatings, and traffic marking paints)",,"Special-purpose coatings, including all marine coatings, industrial, construction and maintenance coatings, and traffic marking paints."
3,Subclass,463113,46311,"Paint removers and thinners, and glazing compounds",,"This subclass comprises paint removers and thinners, and glazing compounds."
4,Detail,4631131,463113,"Paint removers and thinners, and glazing compounds",,"Paint removers and thinners, and glazing compounds."
3,Subclass,463114,46311,Caulks and sealants,,This subclass comprises caulks and sealants.
4,Detail,4631141,463114,Non-structural caulking compounds and sealants,,Non-structural caulking compounds and sealants.
4,Detail,4631142,463114,Structural sealants,,Structural sealants.
3,Subclass,463115,46311,Glues and adhesives,,This subclass comprises glues and adhesives.
4,Detail,4631151,463115,Natural-base glues and adhesives,,Natural-base glues and adhesives.
4,Detail,4631152,463115,"Synthetic resin and rubber adhesives, and laminating adhesives",,"Synthetic resin and rubber adhesives, including bonding and laminating adhesives."
1,Group,464,,Plastic and foam building and construction materials,,This group comprises plastic and foam building and construction materials.
2,Class,46411,464,Plastic and foam building and construction materials,,This class comprises plastic and foam building and construction materials.
3,Subclass,464111,46411,Polyethylene plastic pipe and tube (except flexible),,"This subclass comprises polyethylene plastic pipe and tube, except flexible."
4,Detail,4641111,464111,Polyethylene plastic plumbing pipe (except flexible),,"Polyethylene plastic plumbing pipe, except flexible."
4,Detail,4641112,464111,Polyethylene plastic pipe and tube (except flexible and plumbing use),,"Polyethylene plastic pipe and tube, except flexible and plumbing use."
3,Subclass,464112,46411,Plastic pipe and tube (except flexible and polyethylene),,"This subclass comprises plastic pipe and tube, except flexible and polyethylene."
4,Detail,4641121,464112,Other plastic plumbing pipe (except flexible and polyethylene),,"Other plastic plumbing pipe, except flexible and polyethylene."
4,Detail,4641122,464112,"Other plastic pipe and tube (except flexible, polyethylene and plumbing use)",,"Other plastic pipe and tube, except flexible, polyethylene and plumbing use."
3,Subclass,464113,46411,Plastic pipe fittings and unions,,This subclass comprises plastic pipe fittings and unions.
4,Detail,4641131,464113,Plastic pipe fittings and unions,,Plastic pipe fittings and unions.
3,Subclass,464114,46411,Plastic plumbing fixtures,,This subclass comprises plastic plumbing fixtures.
4,Detail,4641141,464114,Plastic plumbing fixtures,,Plastic plumbing fixtures.
3,Subclass,464115,46411,Resilient floor coverings,,This subclass comprises resilient floor coverings.
4,Detail,4641151,464115,Resilient floor coverings,,Resilient floor coverings.
3,Subclass,464116,46411,Polystyrene foam products for building and construction,,This subclass comprises polystyrene foam products for building and construction.
4,Detail,4641161,464116,Polystyrene foam products for building and construction,,Polystyrene foam products for building and construction.
3,Subclass,464117,46411,Polyurethane foam products for building and construction,,This subclass comprises polyurethane foam products for building and construction.
4,Detail,4641171,464117,Polyurethane foam products for building and construction,,Polyurethane foam products for building and construction.
3,Subclass,464118,46411,Other foam products for building and construction,,This subclass comprises other foam products for building and construction.
4,Detail,4641181,464118,Other foam products for building and construction,,Other foam products for building and construction.
3,Subclass,464119,46411,Other plastic products for building and construction,,This subclass comprises other plastic products for building and construction.
4,Detail,4641191,464119,Plastic windows and doors,,Plastic windows and doors.
4,Detail,4641192,464119,"Plastic products for building and construction, n.e.c.",,"Plastic products for building and construction, n.e.c."
1,Group,465,,"Cement, lime and gypsum products",,"This group comprises cement, lime and gypsum products."
2,Class,46511,465,Cement,,This class comprises cement.
3,Subclass,465111,46511,Cement,,This subclass comprises cement.
4,Detail,4651111,465111,Portland cement,,Portland cement.
4,Detail,4651112,465111,Masonry cement,,Masonry cement.
4,Detail,4651113,465111,Aluminous cement,,Aluminous cement.
4,Detail,4651114,465111,Oilwell cement,,Oilwell cement.
4,Detail,4651115,465111,Interground blended hydraulic cements,,Interground blended hydraulic cements.
4,Detail,4651116,465111,Cement clinkers,,Cement clinkers.
4,Detail,4651117,465111,"Other cements, n.e.c.",,"Other cements, n.e.c."
2,Class,46512,465,Ready-mixed concrete,,This class comprises ready-mixed concrete.
3,Subclass,465121,46512,Ready-mixed concrete,,This subclass comprises ready-mixed concrete.
4,Detail,4651211,465121,Ready-mixed concrete,,Ready-mixed concrete.
2,Class,46513,465,Lime and gypsum products,,This class comprises lime and gypsum products.
3,Subclass,465131,46513,Lime,,This subclass comprises lime.
4,Detail,4651311,465131,Lime,,Lime.
3,Subclass,465132,46513,Gypsum building materials and other gypsum products,,This subclass comprises gypsum building materials and other gypsum products.
4,Detail,4651321,465132,Gypsum building materials and other gypsum products,,Gypsum building materials and other gypsum products.
1,Group,466,,Metal building and construction materials,,This group comprises metal building and construction materials.
2,Class,46611,466,Fabricated steel plate and other fabricated structural metal,,This class comprises fabricated steel plate and other fabricated structural metal.
3,Subclass,466111,46611,Concrete reinforcing bars,,This subclass comprises concrete reinforcing bars.
4,Detail,4661111,466111,Concrete reinforcing bars,,Concrete reinforcing bars.
3,Subclass,466112,46611,Fabricated bar joists,,This subclass comprises fabricated bar joists.
4,Detail,4661121,466112,Fabricated bar joists,,Fabricated bar joists.
3,Subclass,466113,46611,Fabricated steel plate,,This subclass comprises fabricated steel plate.
4,Detail,4661131,466113,"Fabricated steel plate, for construction",,"Fabricated steel plate, for construction."
4,Detail,4661132,466113,Fabricated steel plate (except for construction),,"Fabricated steel plate, except for construction."
3,Subclass,466114,46611,Other fabricated structural metal,,This subclass comprises other fabricated structural metal.
4,Detail,4661141,466114,Other fabricated structural metal,,Other fabricated structural metal.
2,Class,46612,466,Metal valves and pipe fittings (except industrial valves) and enamelled metal sanitary ware,,"This class comprises metal valves and pipe fittings, except industrial valves, and enamelled metal sanitary ware."
3,Subclass,466121,46612,Plumbing fixtures and fittings,,This subclass comprises plumbing fixtures and fittings.
4,Detail,4661211,466121,Single-lever plumbing fixture controls,,Single-lever plumbing fixture controls.
4,Detail,4661212,466121,"Lavatory and sink fittings, and other miscellaneous plumbing fixtures, fittings and trim",,"Lavatory and sink fittings, and other miscellaneous plumbing fixtures, fittings and trim."
3,Subclass,466122,46612,Other valves and fittings,,This subclass comprises other valves and fittings.
4,Detail,4661221,466122,"Metal fittings, flanges and unions for piping systems",,"Metal fittings, flanges and unions for piping systems."
4,Detail,4661222,466122,Plumbing and heating valves and specialties,,Plumbing and heating valves and specialties.
3,Subclass,466123,46612,Enamelled metal sanitary ware,,This subclass comprises enamelled metal sanitary ware.
4,Detail,4661231,466123,Enamelled metal sanitary ware,,Enamelled metal sanitary ware.
2,Class,46613,466,Metal windows and doors,,This class comprises metal windows and doors.
3,Subclass,466131,46613,Metal doors and frames,,This subclass comprises metal doors and frames.
4,Detail,4661311,466131,Metal doors and frames,,Metal doors and frames.
3,Subclass,466132,46613,"Metal windows, screens, and exterior moulding and trim",,"This subclass comprises metal windows, screens, and exterior moulding and trim."
4,Detail,4661321,466132,"Metal windows, and metal window and door screens",,"Metal windows, and metal window and door screens."
4,Detail,4661322,466132,Metal moulding and trim,,Metal moulding and trim.
2,Class,46614,466,Other architectural metal products,,This class comprises other architectural metal products.
3,Subclass,466141,46614,Metal flooring,,This subclass comprises metal flooring.
4,Detail,4661411,466141,Metal flooring,,Metal flooring.
3,Subclass,466142,46614,Metal roofing,,This subclass comprises metal roofing.
4,Detail,4661421,466142,Metal roofing,,Metal roofing.
3,Subclass,466143,46614,Metal roof drainage equipment,,This subclass comprises metal roof drainage equipment.
4,Detail,4661431,466143,Metal roof drainage equipment,,Metal roof drainage equipment.
3,Subclass,466144,46614,Metal siding,,This subclass comprises metal siding.
4,Detail,4661441,466144,Metal siding,,Metal siding.
3,Subclass,466145,46614,Metal work for heating and air-conditioning systems,,This subclass comprises metal work for heating and air-conditioning systems.
4,Detail,4661451,466145,Ventilation ducts and stove pipe,,Rigid ventilation ducts and stove pipe made of sheet metal.
4,Detail,4661452,466145,"Metal grilles, registers, air diffusers, and other metal work for heating and air-conditioning systems",,"Metal grilles, registers, air diffusers, and other metal work for heating and air-conditioning systems."
3,Subclass,466146,46614,Other metal products for architecture and construction,,This subclass comprises other metal products for architecture and construction.
4,Detail,4661461,466146,"Culverts, flumes and irrigation pipes",,"Culverts, flumes and irrigation pipes."
4,Detail,4661462,466146,Metal studs,,"Metal non-load and load-bearing studs for residential, commercial and industrial buildings."
4,Detail,4661463,466146,Metal ladders,,Metal ladders.
4,Detail,4661464,466146,Metal stairs and railings,,Metal stairs and railings.
4,Detail,4661465,466146,"Other metal products for architecture and construction, n.e.c.",,"Other metal products for architecture and construction, n.e.c."
1,Group,471,,Prefabricated buildings and components thereof,,"This group comprises prefabricated buildings that are built in a factory or manufacturing facility and delivered to the construction site, and the components of prefabricated buildings built in a factory to be assembled later at a construction site. Prefabricated (factory-built) buildings are virtually complete and either unassembled or fully assembled (or manufactured) and ready to use; they can also be incomplete buildings, whether or not assembled, having the essential character of factory-built or prefabricated buildings. Prefabricated buildings can be used for residential or non-residential purposes.

A building refers to any roofed independent free-standing permanent construction or structure usually enclosed within external walls or dividing walls that extend from the foundations to the roof and comprises one or more rooms or other space. A building can be entered or accessed by persons or animals and is suitable or intended for protecting them and objects. A building can also include a separately usable underground construction.

A residential building refers to a construction in which at least half of the overall useful floor area is used or intended for residential or dwelling purposes.

A non-residential building refers to a construction in which more than half of the overall useful floor area is used or intended for non-residential purposes."
2,Class,47111,471,"Prefabricated metal buildings and other non-wood buildings, and components thereof",,"This class comprises prefabricated buildings, predominantly made of metal and other non-wood material, and their components, except manufactured (mobile) buildings. Prefabricated (factory-built) metal and non-wood buildings are virtually complete and unassembled; they can also be incomplete buildings, whether or not assembled, having the essential character of factory-built or prefabricated buildings, and delivered to the construction site. Components of these buildings are built in a factory to be assembled later at a construction site. Prefabricated buildings can be used for residential or non-residential purposes."
3,Subclass,471111,47111,Prefabricated metal buildings and components thereof,,"This subclass comprises prefabricated industrial, commercial, and institutional buildings, predominantly made of metal, and their components, except manufactured (mobile) buildings. Prefabricated (factory-built) metal buildings are virtually complete and unassembled; they can also be incomplete buildings, whether or not assembled, having the essential character of factory-built or prefabricated buildings, and delivered to the construction site. Components of buildings are built in a factory to be assembled later at a construction site. Prefabricated buildings can be used for residential or non-residential purposes."
4,Detail,4711111,471111,"Prefabricated metal industrial, commercial, and institutional buildings, and components thereof",,"Prefabricated industrial, commercial and institutional buildings, predominantly made of metal, and their components, except manufactured (mobile) buildings, that are built in a factory or manufacturing facility; they are virtually complete and unassembled; they can also be incomplete buildings, whether or not assembled, having the essential character of factory-built or prefabricated buildings, and delivered to the construction site. Components of those buildings are built in a factory to be assembled later at a construction site."
4,Detail,4711112,471111,"Prefabricated metal residential and farm service buildings, and components thereof",,"Prefabricated residential and farm service buildings, predominantly made of metal, and their components, except manufactured (mobile) buildings, that are built in a factory or manufacturing facility; they are virtually complete and unassembled; they can also be incomplete buildings, whether or not assembled, having the essential character of factory-built or prefabricated buildings, and delivered to the construction site. Components of those buildings are built in a factory to be assembled later at a construction site."
2,Class,47112,471,Prefabricated wood buildings and components thereof,,"This class comprises prefabricated buildings predominantly made of wood, and their components, except manufactured (mobile) buildings. Prefabricated (factory-built) buildings are built in a factory or manufacturing facility; they are virtually complete and unassembled; they can also be incomplete buildings, whether or not assembled, having the essential character of factory-built or prefabricated buildings, and delivered to the construction site. Components of buildings are built in a factory to be assembled later at a construction site. Prefabricated buildings can be used for residential or non-residential purposes."
3,Subclass,471121,47112,Prefabricated wood buildings,,"This subclass comprises prefabricated buildings predominantly made of wood, except manufactured (mobile) buildings. Prefabricated (factory-built) buildings are built in a factory or manufacturing facility; they are virtually complete and unassembled; they can also be incomplete buildings, whether or not assembled, having the essential character of factory-built or prefabricated buildings, and delivered to the construction site. Prefabricated buildings can be used for residential or non-residential purposes."
4,Detail,4711211,471121,Prefabricated wood buildings,,"Prefabricated (factory-built) buildings predominantly made of wood, except manufactured (mobile) buildings, that are built in a factory or manufacturing facility; they are virtually complete and unassembled; they can also be incomplete buildings, whether or not assembled, having the essential character of factory-built or prefabricated buildings, and delivered to the construction site. Prefabricated buildings can be used for residential or non-residential purposes."
3,Subclass,471122,47112,Components for prefabricated wood buildings,,"This subclass comprises components of prefabricated (factory-built) buildings predominantly made of wood, except manufactured (mobile) buildings. Prefabricated building components are built in a factory to be assembled later at a construction site."
4,Detail,4711221,471122,Components for prefabricated wood buildings,,"Components of prefabricated (factory-built) buildings predominantly made of wood, except manufactured (mobile) buildings, that are built in a factory to be assembled later at a construction site."
2,Class,47113,471,Manufactured (mobile) buildings,,"This class comprises manufactured (mobile) buildings. They refer to prefabricated (factory-built) mobile buildings of any material, in full, although some manufacturers offer these buildings in two sections. Manufactured (mobile) buildings are fully assembled when they leave the factory, often ready to move in or use the same day or few days after arriving on the site. They can be relocated although most, in housing, are never moved from their original site. Manufactured (mobile) buildings can be used for residential or non-residential purposes."
3,Subclass,471131,47113,Manufactured (mobile) homes,,"This subclass comprises manufactured (mobile) homes. They refer to prefabricated (factory-built) mobile homes of any material, in full, although some manufacturers offer these homes in two sections. Manufactured (mobile) homes are fully assembled when they leave the factory, often ready to move in the same day or few days after arriving on the site. They can be relocated although most homes are never moved from their original site."
4,Detail,4711311,471131,Manufactured (mobile) homes,,"Manufactured (mobile) homes. They refer to prefabricated (factory-built) homes of any material, in full, although some manufacturers offer these homes in two sections. Manufactured (mobile) homes are fully assembled when they leave the factory, often ready to move in the same day or few days after arriving on the site. They can be relocated although most homes are never moved from their original site."
3,Subclass,471132,47113,Non-residential manufactured (mobile) buildings,,"This subclass comprises non-residential manufactured (mobile) buildings. They refer to prefabricated (factory-built) non-residential mobile buildings of any material, in full, although some manufacturers offer these buildings in two sections. Manufactured (mobile) non-residential buildings are fully assembled when they leave the factory, often ready to move in or use the same day or few days after arriving on the site. They can be relocated."
4,Detail,4711321,471132,Non-residential manufactured (mobile) buildings,,"Non-residential manufactured (mobile) buildings. They refer to prefabricated (factory-built) non-residential mobile buildings of any material, in full, although some manufacturers offer these buildings in two sections, fully assembled when they leave the factory, often ready to move in or use the same day or few days after arriving on the site. They can be relocated."
1,Group,472,,Fabricated metal products,,This group comprises fabricated metal products.
2,Class,47211,472,"Guns, ammunition and other munitions",,"This class comprises guns, ammunition and other munitions."
3,Subclass,472111,47211,"Guns, ammunition and other munitions",,"This subclass comprises guns, ammunition and other munitions."
4,Detail,4721111,472111,"Automatic weapons, machine guns, rocket launchers, howitzers, mortars, and other weapons (including parts)",,"Automatic weapons, machine guns, rocket launchers, howitzers, mortars, and other weapons, including parts."
4,Detail,4721112,472111,Small arms (including parts),,"Small arms, including parts."
4,Detail,4721113,472111,"Artillery ammunition, bombs, mines and other munitions",,"Artillery ammunition, bombs, mines and other munitions."
4,Detail,4721114,472111,Small arms ammunition,,Small arms ammunition.
2,Class,47221,472,Hardware,,This class comprises hardware.
3,Subclass,472211,47221,Builders' hardware,,This subclass comprises builders' hardware.
4,Detail,4722111,472211,Builders' hardware,,Builders' hardware.
3,Subclass,472212,47221,Other hardware,,This subclass comprises other hardware.
4,Detail,4722121,472212,Furniture hardware,,Furniture hardware.
4,Detail,4722122,472212,"Other hardware, n.e.c.",,"Other hardware, n.e.c."
2,Class,47222,472,Threaded metal fasteners and other turned metal products,,This class comprises threaded metal fasteners and other turned metal products.
3,Subclass,472221,47222,"Threaded metal fasteners, and metal rivets, washers and cotters",,"This subclass comprises threaded metal fasteners, and metal rivets, washers and cotters."
4,Detail,4722211,472221,Metal fasteners for aircraft,,Metal fasteners for aircraft.
4,Detail,4722212,472221,Externally-threaded metal fasteners (except for aircraft),,"Externally-threaded metal fasteners, except for aircraft."
4,Detail,4722213,472221,Internally-threaded metal fasteners (except for aircraft),,"Internally-threaded metal fasteners, except for aircraft."
4,Detail,4722214,472221,"Rivets, washers and other non-threaded metal fasteners (except for aircraft)",,"Rivets, washers and other non-threaded metal fasteners, except for aircraft."
3,Subclass,472222,47222,Turned metal products (except fasteners and automotive products),,"This subclass comprises turned metal products, except fasteners and automotive products."
4,Detail,4722221,472222,Turned metal products (except fasteners and automotive products),,"Turned metal products, except fasteners and automotive products."
2,Class,47232,472,Springs and wire products,,This class comprises springs and wire products.
3,Subclass,472321,47232,"Nails, staples, tacks, spikes, and brads",,"This subclass comprises nails, staples, tacks, spikes, and brads."
4,Detail,4723211,472321,"Nails, staples, tacks, spikes, and brads",,"Nails, staples, tacks, spikes, and brads."
3,Subclass,472322,47232,Wire springs,,This subclass comprises wire springs.
4,Detail,4723221,472322,Precision mechanical wire springs,,Precision mechanical wire springs.
4,Detail,4723222,472322,Other wire springs,,Other wire springs.
3,Subclass,472323,47232,Steel springs (except wire springs),,"This subclass comprises steel springs, except wire springs."
4,Detail,4723231,472323,Steel springs (except wire springs),,"Steel springs, except wire springs."
3,Subclass,472324,47232,Fencing and woven wire products,,This subclass comprises fencing and woven wire products.
4,Detail,4723241,472324,Metal fencing and fence gates,,Metal fencing and fence gates.
4,Detail,4723242,472324,Ferrous wire cloth and other ferrous woven wire products,,Ferrous wire cloth and other ferrous woven wire products.
4,Detail,4723243,472324,Non-ferrous wire cloth and other non-ferrous woven wire products,,Non-ferrous wire cloth and other non-ferrous woven wire products.
3,Subclass,472325,47232,"Fabricated wire products, n.e.c.",,"This subclass comprises fabricated wire products, n.e.c."
4,Detail,4723251,472325,"Non-insulated ferrous wire rope, cable, and strand",,"Non-insulated ferrous wire rope, cable, and strand."
4,Detail,4723252,472325,Other ferrous wire products,,Other ferrous wire products.
4,Detail,4723253,472325,Other non-ferrous wire products,,Other non-ferrous wire products.
2,Class,47233,472,Forged and stamped metal products,,This class comprises forged and stamped metal products.
3,Subclass,472331,47233,Forgings (including powder metallurgy products),,"This subclass comprises forgings, including powder metallurgy products."
4,Detail,4723311,472331,"Hot impression die impact, press, and upset iron and steel forgings",,"Hot impression die impact, press, and upset iron and steel forgings."
4,Detail,4723312,472331,"Cold impression die impact, press, and upset iron and steel forgings",,"Cold impression die impact, press, and upset iron and steel forgings."
4,Detail,4723313,472331,Other iron and steel forgings and powder metallurgy products,,Other iron and steel forgings and powder metallurgy products.
4,Detail,4723314,472331,Non-ferrous forgings and powder metallurgy products,,Non-ferrous forgings and powder metallurgy products.
3,Subclass,472332,47233,Metal stampings (except automotive),,"This subclass comprises metal stampings, except automotive."
4,Detail,4723321,472332,Metal stampings (except automotive),,"Metal stampings, except automotive."
2,Class,47234,472,Non-ferrous metal castings,,This class comprises non-ferrous metal castings.
3,Subclass,472341,47234,Aluminum castings,,This subclass comprises aluminum castings.
4,Detail,4723411,472341,Aluminum and aluminum-alloy die-castings,,Aluminum and aluminum-alloy die-castings.
4,Detail,4723412,472341,Aluminum and aluminum-alloy investment castings,,Aluminum and aluminum-alloy investment castings.
4,Detail,4723413,472341,"Other castings, of aluminum and aluminum-base alloys",,"Other castings, of aluminum and aluminum-base alloys."
3,Subclass,472342,47234,Copper castings,,This subclass comprises copper castings.
4,Detail,4723421,472342,Copper and copper-alloy die-castings,,Copper and copper-alloy die-castings.
4,Detail,4723422,472342,Copper and copper-alloy castings (except die-castings),,"Copper and copper-alloy castings, except die-castings."
3,Subclass,472343,47234,Other non-ferrous metal castings,,This subclass comprises other non-ferrous metal castings.
4,Detail,4723431,472343,Non-ferrous metal die-castings (except aluminum and copper),,"Non-ferrous metal die-castings, except aluminum and copper."
4,Detail,4723432,472343,"Other non-ferrous metal castings (except die-castings, aluminum and copper castings)",,"Other non-ferrous metal castings, except die-castings, aluminum and copper castings."
2,Class,47235,472,Other fabricated metal products,,This class comprises other fabricated metal products.
3,Subclass,472352,47235,Other miscellaneous fabricated metal products,,This subclass comprises other miscellaneous fabricated metal products.
4,Detail,4723521,472352,"Unlaminated converted foil, for non-packaging applications",,"Unlaminated converted foil, for non-packaging applications."
4,Detail,4723522,472352,"Metal products for machinery and transportation, n.e.c.",,"Metal products for machinery and transportation, n.e.c."
4,Detail,4723523,472352,Fabricated metal collapsible tubes,,Fabricated metal collapsible tubes.
4,Detail,4723524,472352,Flexible metal hose and tube,,Flexible metal hose and tube.
4,Detail,4723525,472352,"Personal and household metal articles, n.e.c.",,"Personal and household metal articles, n.e.c."
4,Detail,4723526,472352,"Other fabricated metal products, n.e.c.",,"Other fabricated metal products, n.e.c."
3,Subclass,472353,47235,Converted unmounted aluminum foil for packaging,,This subclass comprises converted unmounted aluminum foil for packaging.
4,Detail,4723531,472353,Converted unmounted aluminum foil for packaging,,Converted unmounted aluminum foil for packaging.
3,Subclass,472354,47235,Metal enclosures,,This subclass comprises metal enclosures.
4,Detail,4723541,472354,Metal enclosures,,Metal enclosures.
1,Group,474,,Packaging materials,,This group comprises packaging materials.
2,Class,47411,474,Wood containers and pallets,,This class comprises wood containers and pallets.
3,Subclass,474111,47411,Wood containers and pallets,,This subclass comprises wood containers and pallets.
4,Detail,4741111,474111,Wood containers and pallets of hardwood,,Wood containers and pallets of hardwood.
4,Detail,4741112,474111,Wood containers and pallets of softwood,,Wood containers and pallets of softwood.
2,Class,47412,474,"Light-gauge metal containers, crowns and closures, and metal strapping and shipping materials",,"This class comprises light-gauge metal containers, crowns and closures, and metal strapping and shipping materials."
3,Subclass,474121,47412,Light-gauge metal containers,,This subclass comprises light-gauge metal containers.
4,Detail,4741211,474121,Steel and tin cans,,Steel and tin cans.
4,Detail,4741212,474121,Aluminum cans,,Aluminum cans.
4,Detail,4741213,474121,Steel pails and fabricated steel boxes,,Steel pails and fabricated steel boxes.
3,Subclass,474122,47412,"Metal caps, crowns and closures",,"This subclass comprises metal caps, crowns and closures."
4,Detail,4741221,474122,"Metal caps, crowns and closures",,"Metal caps, crowns and closures."
3,Subclass,474123,47412,Metal strapping and shipping materials,,This subclass comprises metal strapping and shipping materials.
4,Detail,4741231,474123,Metal strapping and shipping materials,,Metal strapping and shipping materials.
2,Class,47414,474,Plastic bags,,This class comprises plastic bags.
3,Subclass,474141,47414,Plastic bags,,This subclass comprises plastic bags.
4,Detail,4741411,474141,"Bags, pouches and liners, of single-web plastic film",,"Bags, pouches and liners, of single-web plastic film."
4,Detail,4741412,474141,"Bags, pouches and liners, of multi-web film-film laminated plastic",,"Bags, pouches and liners, of multi-web film-film laminated plastic."
2,Class,47415,474,Plastic bottles,,This class comprises plastic bottles.
3,Subclass,474151,47415,Plastic bottles,,This subclass comprises plastic bottles.
4,Detail,4741511,474151,Plastic bottles,,Plastic bottles.
2,Class,47416,474,"Foam products for packaging, of polystyrene or polyurethane",,This class comprises polystyrene or polyurethane foam products for packaging.
3,Subclass,474161,47416,"Foam products for packaging, of polystyrene or polyurethane",,This subclass comprises polystyrene or polyurethane foam products for packaging.
4,Detail,4741611,474161,"Foam products for packaging, of polystyrene or polyurethane",,"Foam products for packaging, of polystyrene or polyurethane."
2,Class,47417,474,Plastic packaging film and non-rigid sheets,,This class comprises plastic packaging film and non-rigid sheets.
3,Subclass,474171,47417,"Plastic film and sheets for packaging, of polyethylene",,This subclass comprises polyethylene plastic film and sheets for packaging.
4,Detail,4741711,474171,"Plastic film and sheets for packaging, of polyethylene",,"Plastic film and sheets for packaging, of polyethylene."
3,Subclass,474172,47417,Plastic film and sheets for packaging (except polyethylene),,"This subclass comprises plastic film and sheets for packaging, except polyethylene."
4,Detail,4741721,474172,Plastic film and sheets for packaging (except polyethylene),,"Plastic film and sheets for packaging, except polyethylene."
2,Class,47418,474,"Plastic packaging materials, n.e.c.",,"This class comprises plastic packaging materials, n.e.c."
3,Subclass,474181,47418,Plastic packaging for food,,This subclass comprises plastic packaging for food.
4,Detail,4741811,474181,Plastic packaging for food,,Plastic packaging for food.
3,Subclass,474182,47418,"Other plastic packaging materials, n.e.c.",,"This subclass comprises other plastic packaging materials, n.e.c."
4,Detail,4741821,474182,"Other plastic packaging materials, n.e.c.",,"Other plastic packaging materials, n.e.c."
2,Class,47421,474,Paperboard containers,,This class comprises paperboard containers.
3,Subclass,474211,47421,Corrugated and solid fibre boxes,,This subclass comprises corrugated and solid fibre boxes.
4,Detail,4742111,474211,Corrugated and solid fibre boxes,,Corrugated and solid fibre boxes.
3,Subclass,474212,47421,Folding and rigid paperboard boxes,,This subclass comprises folding and rigid paperboard boxes.
4,Detail,4742121,474212,Folding paperboard boxes (including packaging components),,"Folding paperboard boxes, including packaging components."
4,Detail,4742122,474212,Rigid paperboard boxes,,Rigid paperboard boxes.
3,Subclass,474213,47421,"Paperboard drums, canisters, tubes, spools and cones",,"This subclass comprises paperboard drums, canisters, tubes, spools and cones."
4,Detail,4742131,474213,Paperboard fibre drums,,Paperboard fibre drums.
4,Detail,4742132,474213,"Paperboard fibre canisters, tubes, spools and cones",,"Paperboard fibre canisters, tubes, spools and cones."
3,Subclass,474214,47421,"Paperboard food containers, cups, plates and trays",,"This subclass comprises paperboard food containers, cups, plates and trays."
4,Detail,4742141,474214,Paperboard cartons for milk and other beverages,,Paperboard cartons for milk and other beverages.
4,Detail,4742142,474214,Cups and liquid-tight paper and paperboard containers (except beverage cartons),,"Cups and liquid-tight paper and paperboard containers, except beverage cartons."
4,Detail,4742143,474214,"Paper and paperboard plates, trays and other food containers (except folding), n.e.c.",,"Paper and paperboard plates, trays and other food containers, except folding, n.e.c."
2,Class,47422,474,Converted paper packaging products,,This class comprises converted paper packaging products.
3,Subclass,474221,47422,Gummed and self-adhesive products,,This subclass comprises gummed and self-adhesive products.
4,Detail,4742211,474221,Gummed products,,Paper or paperboard products coated on one side with adhesive gum.
4,Detail,4742212,474221,Self-adhesive products,,Self-adhesive products.
3,Subclass,474222,47422,Non-textile shipping sacks and multiwall bags,,This subclass comprises non-textile shipping sacks and multiwall bags.
4,Detail,4742221,474222,Non-textile shipping sacks and multiwall bags,,Non-textile shipping sacks and multiwall bags.
3,Subclass,474223,47422,Paper bags and sacks,,This subclass comprises paper bags and sacks.
4,Detail,4742231,474223,Uncoated single-web paper bags and sacks,,Uncoated single-web paper bags and sacks.
4,Detail,4742232,474223,"Specialty bags, pouches and liners, of coated single-web paper",,"Specialty bags, pouches and liners, of coated single-web paper."
4,Detail,4742233,474223,"Specialty bags, pouches and liners, of multi-web laminate and foil (except film-film)",,"Specialty bags, pouches and liners, of multi-web laminate and foil, except film-film."
3,Subclass,474224,47422,Moulded pulp products,,This subclass comprises moulded pulp products.
4,Detail,4742241,474224,Moulded pulp products,,Moulded pulp products.
3,Subclass,474225,47422,Other converted paper and laminated packaging products,,This subclass comprises other converted paper and laminated packaging products.
4,Detail,4742251,474225,"Laminated rolls and sheets of paper, for flexible packaging uses",,"Laminated rolls and sheets of paper, for flexible packaging uses."
4,Detail,4742252,474225,Laminated aluminum foil rolls and sheets for flexible packaging uses,,Laminated aluminum foil rolls and sheets for flexible packaging uses.
4,Detail,4742253,474225,Other coated and treated paper and paperboard for packaging,,Other coated and treated paper and paperboard for packaging.
2,Class,47431,474,Glass containers,,This class comprises glass containers.
3,Subclass,474311,47431,Glass containers,,This subclass comprises glass containers.
4,Detail,4743111,474311,Glass containers,,Glass containers.
1,Group,475,,Miscellaneous goods and supplies,,This group comprises miscellaneous goods and supplies.
2,Class,47511,475,"Medical, dental and personal safety supplies",,"This class comprises medical, dental and personal safety supplies."
3,Subclass,475111,47511,"Wheelchairs, and orthopaedic and prosthetic appliances",,"This subclass comprises wheelchairs, and orthopaedic and prosthetic appliances."
4,Detail,4751111,475111,Wheelchairs,,Wheelchairs.
4,Detail,4751112,475111,Orthopaedic and prosthetic appliances,,Orthopaedic and prosthetic appliances.
3,Subclass,475112,47511,"Medical appliances and supplies, n.e.c.",,"This subclass comprises medical appliances and supplies, n.e.c."
4,Detail,4751121,475112,Surgical and therapeutic appliances,,Surgical and therapeutic appliances.
4,Detail,4751122,475112,Surgical and therapeutic supplies,,Surgical and therapeutic supplies.
3,Subclass,475113,47511,Dental equipment and supplies,,This subclass comprises dental equipment and supplies.
4,Detail,4751131,475113,Dental professional and dental laboratory equipment,,Dental professional and dental laboratory equipment.
4,Detail,4751132,475113,Dental and dental laboratory supplies,,Dental and dental laboratory supplies.
4,Detail,4751133,475113,"Dentures, artificial teeth, and other products of dental laboratories",,"Dentures, artificial teeth, and other products of dental laboratories."
3,Subclass,475114,47511,Ophthalmic products,,This subclass comprises ophthalmic products.
4,Detail,4751141,475114,Ophthalmic fronts and temples,,Fronts and temples of eyeglasses.
4,Detail,4751142,475114,Ophthalmic lenses,,"Ground lenses, of glass or plastic, designed for use in eyeglasses."
4,Detail,4751143,475114,Contact lenses,,"Corrective, therapeutic or cosmetic lenses designed to be worn in direct contact with the eye."
4,Detail,4751144,475114,Other ophthalmic goods,,Other ophthalmic goods.
3,Subclass,475115,47511,Personal safety equipment and clothing,,This subclass comprises personal safety equipment and clothing.
4,Detail,4751151,475115,Household and medical rubber and plastic gloves,,Household and medical rubber and plastic gloves.
4,Detail,4751152,475115,Other personal safety equipment and clothing,,Other personal safety equipment and clothing.
2,Class,47512,475,Signs,,This class comprises billboard and other signs.
3,Subclass,475121,47512,Signs,,This subclass comprises billboard and other signs.
4,Detail,4751211,475121,Billboards,,Billboards.
4,Detail,4751212,475121,Other signs,,Other signs.
2,Class,47513,475,Caskets and other related funeral goods,,"This class comprises caskets or coffins, and other related funeral goods which contain human remains."
3,Subclass,475131,47513,Caskets and other related funeral goods,,"This subclass comprises caskets or coffins, and other related funeral goods which contain human remains."
4,Detail,4751311,475131,Caskets and other related funeral goods,,"Caskets or coffins, and other related funeral goods which contain human remains."
2,Class,47521,475,"Hand tools, kitchen utensils and cutlery (except precious metal)",,"This class comprises hand tools, kitchen utensils and cutlery, except made of precious metal."
3,Subclass,475211,47521,Hand tools,,This subclass comprises hand tools.
4,Detail,4752111,475211,Precision measuring tools,,Precision measuring tools.
4,Detail,4752112,475211,Mechanics' hand service tools,,Mechanics' hand service tools.
4,Detail,4752113,475211,"Handsaws, handsaw blades and accessories",,"Handsaws, handsaw blades and accessories."
4,Detail,4752114,475211,"Hand-operated edge tools, n.e.c.",,"Hand-operated edge tools, n.e.c."
4,Detail,4752115,475211,Other hand tools,,Other hand tools.
3,Subclass,475212,47521,Kitchen utensils and cutlery (except precious metal),,"This subclass comprises kitchen utensils and cutlery, except made of precious metal."
4,Detail,4752121,475212,Aluminum cooking utensils and kitchenware,,Aluminum cooking utensils and kitchenware.
4,Detail,4752122,475212,Metal cooking utensils and kitchenware (except aluminum),,"Cooking utensils and kitchenware of metal, except of aluminum."
4,Detail,4752123,475212,Metal kitchen cutlery and flatware,,Metal kitchen cutlery and flatware.
4,Detail,4752124,475212,"Metal scissors and knives (except kitchen cutlery), non-electric clippers, razors and razor blades",,"Metal scissors and knives, except kitchen cutlery, non-electric clippers, razors and razor blades."
2,Class,47522,475,Office supplies (except paper),,"This class comprises office supplies, except printing paper."
3,Subclass,475221,47522,"Pencils, pens and markers (including parts)",,"This subclass comprises pencils, pens and markers, including parts."
4,Detail,4752211,475221,"Pencils, pens and markers (including parts)",,"Pencils, pens and markers, including parts."
3,Subclass,475222,47522,"Office, school and art supplies, n.e.c.",,"This subclass comprises office, school and art supplies, n.e.c."
4,Detail,4752221,475222,"Office, school and art supplies, n.e.c.",,"Office, school and art supplies, n.e.c."
2,Class,47523,475,Batteries and battery chargers,,This class comprises batteries and battery chargers.
3,Subclass,475231,47523,Batteries and battery chargers,,This subclass comprises batteries and battery chargers.
4,Detail,4752311,475231,Lead acid motor vehicle batteries,,Lead acid motor vehicle batteries.
4,Detail,4752312,475231,Motor vehicle batteries (except lead acid),,"Motor vehicle batteries, except lead acid."
4,Detail,4752313,475231,Industrial storage batteries,,Industrial storage batteries.
4,Detail,4752314,475231,Storage batteries (except motor vehicle and industrial) and parts for storage batteries,,"Storage batteries, except motor vehicle and industrial, and parts for storage batteries."
4,Detail,4752315,475231,Primary batteries,,Primary batteries.
4,Detail,4752316,475231,Battery chargers for electric automobiles,,Battery chargers for electric automobiles.
4,Detail,4752317,475231,Other battery chargers n.e.c.,,Other battery chargers n.e.c.
2,Class,47531,475,Sporting and athletic goods,,This class comprises sporting and athletic goods.
3,Subclass,475311,47531,"Playground, gymnasium and exercise equipment",,"This subclass comprises playground, gymnasium and exercise equipment."
4,Detail,4753111,475311,Playground equipment,,Playground equipment.
4,Detail,4753112,475311,Gymnasium and exercise equipment,,Gymnasium and exercise equipment.
3,Subclass,475312,47531,Other sporting and athletic goods,,This subclass comprises other sporting and athletic goods.
4,Detail,4753121,475312,Golf equipment,,Golf equipment.
4,Detail,4753122,475312,"Sporting and athletic goods, n.e.c.",,"Sporting and athletic goods, n.e.c."
2,Class,47532,475,Toys and games,,"This class comprises toys and games, except game software."
3,Subclass,475321,47532,Infant strollers and children's vehicles,,This subclass comprises infant strollers and children's vehicles.
4,Detail,4753211,475321,Infant strollers and children's vehicles,,Infant strollers and children's vehicles.
3,Subclass,475322,47532,Non-electronic toys and games,,This subclass comprises non-electronic toys and games.
4,Detail,4753221,475322,"Dolls, toy animals, action figures, and stuffed toys",,"Dolls, toy animals, action figures, and stuffed toys."
4,Detail,4753222,475322,"Model aircraft, craft kits, and other collectors' models and miniatures",,"Model aircraft, craft kits, and other collectors' models and miniatures. Model aircraft refers to an aircraft, including an unmanned aircraft commonly known as a drone, weighing 35 kg (77.2 pounds) or less, that is mechanically driven or launched into flight for recreational purposes and that is not designed to carry persons or other living creatures."
4,Detail,4753223,475322,Non-electronic games and puzzles,,Non-electronic games and puzzles.
4,Detail,4753224,475322,"Non-electronic toys, n.e.c.",,"Non-electronic toys, n.e.c."
3,Subclass,475323,47532,Electronic toys and games (except game software),,"This subclass comprises electronic toys and games, except game software."
4,Detail,4753231,475323,Electronic toys and games (except game software),,"Electronic toys and games, except game software."
2,Class,47533,475,"Jewellery, cut gems, jewellery findings, hollowware and flatware, and other articles of precious metal",,"This class comprises jewellery, cut gems, jewellery findings, hollowware and flatware, and other articles of precious metal."
3,Subclass,475331,47533,Precious metal jewellery,,This subclass comprises precious metal jewellery.
4,Detail,4753311,475331,Precious metal jewellery,,Precious metal jewellery.
3,Subclass,475332,47533,Cut diamonds (except industrial),,"This subclass comprises cut diamonds, except industrial."
4,Detail,4753321,475332,Cut diamonds (except industrial),,"Cut diamonds, except industrial."
3,Subclass,475333,47533,"Cut gems (except diamonds), jewellery findings, and metal coins and tokens",,"This subclass comprises cut gems, except diamonds, jewellery findings, and metal coins and tokens."
4,Detail,4753331,475333,Cut precious and semi-precious stones (except diamonds),,"Cut precious and semi-precious stones, except diamonds."
4,Detail,4753332,475333,Jewellery findings and jewellery parts,,"Jewellery findings, jewellery parts and components"
4,Detail,4753333,475333,Metal coins and tokens,,Metal coins and tokens.
3,Subclass,475334,47533,"Hollowware, flatware and other articles of precious metal",,"This subclass comprises hollowware, flatware and other articles of precious metal."
4,Detail,4753341,475334,"Hollowware, flatware and other articles of precious metal",,"Hollowware, flatware and other articles of precious metal."
3,Subclass,475335,47533,Costume jewellery and novelties,,This subclass comprises costume jewellery and novelties.
4,Detail,4753351,475335,Costume jewellery and novelties,,Costume jewellery and novelties.
2,Class,47534,475,Musical instruments,,"This class comprises musical instruments, and parts and accessories."
3,Subclass,475341,47534,Musical instruments,,This subclass comprises musical instruments and parts and accessories.
4,Detail,4753411,475341,Electronic musical instruments (except electric guitars),,"Electronic musical instruments, except electric guitars."
4,Detail,4753412,475341,Non-electronic musical instruments and electric guitars,,Non-electronic musical instruments and electric guitars.
4,Detail,4753413,475341,Parts and accessories of musical instruments,,Parts and accessories of musical instruments.
2,Class,47542,475,Other miscellaneous goods,,This class comprises other miscellaneous goods.
3,Subclass,475421,47542,"Buttons, zippers and other notions",,"This subclass comprises buttons, zippers and other notions."
4,Detail,4754211,475421,"Buttons, zippers and other notions",,"Buttons, zippers and other notions."
3,Subclass,475422,47542,"Brooms, mops, dusters, brushes, and painting pads, rollers and accessories",,"This subclass comprises brooms, mops, dusters, brushes, and painting pads, rollers and accessories."
4,Detail,4754221,475422,"Brooms, mops, dusters, and cleaning brushes",,"Brooms, mops, dusters, and cleaning brushes."
4,Detail,4754222,475422,"Paint and varnish brushes, and painting pads, rollers and accessories",,"Paint and varnish brushes, and painting pads, rollers and accessories."
4,Detail,4754223,475422,"Brushes, n.e.c.",,"Brushes, n.e.c."
3,Subclass,475423,47542,"Other miscellaneous goods, n.e.c.",,"This subclass comprises other miscellaneous goods, n.e.c."
4,Detail,4754231,475423,Candles,,Candles.
4,Detail,4754232,475423,Mirror and picture frames,,Mirror and picture frames.
4,Detail,4754233,475423,Lighters (including barbecue lighters),,"Lighters, including barbecue lighters."
4,Detail,4754234,475423,Smoking accessories (except lighters and matches),,"Smoking accessories, except lighters and matches."
4,Detail,4754235,475423,"Paintings, sculptures, and other art works",,"Paintings, sculptures, and other art works."
4,Detail,4754236,475423,Pet supplies and accessories,,Supplies and accessories for household pets.
4,Detail,4754237,475423,"Fabricated products, n.e.c.",,"Fabricated products, n.e.c."
1,Group,481,,Published products and recorded media (except software),,"This group comprises books; newspapers; periodicals; other published products; recorded music and other sound recordings and recorded movies, television programs and videos. The published products can be acquired or accessed on a physical form or media, or online. They are published on own account for sale by the publishers. Wholesaling and retailing services are excluded from this group."
2,Class,48111,481,Books,,"This class comprises published books, in physical or downloadable formats."
3,Subclass,481111,48111,Children's books,,"This subclass comprises published books for children and young adults (up to age 15), in physical or downloadable formats."
4,Detail,4811111,481111,"Children's books, in physical form",,"Published books for children and young adults (up to age 15), in physical formats."
4,Detail,4811112,481111,"Children's books, online",,"Published books for children and young adults (up to age 15), in downloadable formats."
3,Subclass,481112,48111,Textbooks,,"This subclass comprises published books intended primarily as educational material for students and teachers in formal study programs, in physical or downloadable formats."
4,Detail,4811121,481112,"Textbooks, in physical form",,"Published books intended primarily as educational material for students and teachers in formal study programs, in physical formats."
4,Detail,4811122,481112,"Textbooks, online",,"Published books intended primarily as educational material for students and teachers in formal study programs, in downloadable formats."
3,Subclass,481113,48111,General reference books,,"This subclass comprises published books intended to be used primarily for general reference purposes and aimed at the public at large, in physical or downloadable formats."
4,Detail,4811131,481113,"General reference books, in physical form",,"Published books intended to be used primarily for general reference purposes and aimed at the public at large, in physical formats."
4,Detail,4811132,481113,"General reference books, online",,"Published books intended to be used primarily for general reference purposes and aimed at the public at large, in downloadable formats."
3,Subclass,481114,48111,"Professional, technical and scholarly books",,"This subclass comprises published specialized books containing research, advanced knowledge or information used by individuals in the practice of specific occupations or professions, or aimed at the academic and research community, in physical or downloadable formats."
4,Detail,4811141,481114,"Professional, technical and scholarly books, in physical form",,"Published specialized books containing research, advanced knowledge or information used by individuals in the practice of specific occupations or professions, or aimed at the academic and research community, in physical formats."
4,Detail,4811142,481114,"Professional, technical and scholarly books, online",,"Published specialized books containing research, advanced knowledge or information used by individuals in the practice of specific occupations or professions, or aimed at the academic and research community, in downloadable formats."
3,Subclass,481115,48111,Trade books,,"This subclass comprises published books of general interest intended for the public at large, in physical or downloadable formats."
4,Detail,4811151,481115,"Trade books, in physical form",,"Published books of general interest intended for the public at large, in physical formats."
4,Detail,4811152,481115,"Trade books, online",,"Published books of general interest intended for the public at large, in downloadable formats."
3,Subclass,481116,48111,Sheet music and other musical texts,,"This subclass comprises published musical works, in physical or downloadable formats."
4,Detail,4811161,481116,"Sheet music and other musical texts, in physical form",,"Published musical works, in physical formats."
4,Detail,4811162,481116,"Sheet music and other musical texts, online",,"Published musical works, in downloadable formats."
2,Class,48121,481,Newspapers,,"This class comprises published newspapers, in physical or downloadable formats."
3,Subclass,481211,48121,Daily newspapers,,"This subclass comprises general-interest newspapers, published at least four times a week, in physical or downloadable formats."
4,Detail,4812111,481211,"Daily newspapers, in physical form",,"General-interest newspapers, published at least four times a week, in physical formats."
4,Detail,4812112,481211,"Daily newspapers, online",,"General-interest newspapers, published at least four times a week, in downloadable formats."
3,Subclass,481212,48121,Community newspapers,,"This subclass comprises general-interest newspapers, published fewer than four times a week, in physical or downloadable formats."
4,Detail,4812121,481212,"Community newspapers, in physical form",,"General-interest newspapers, published fewer than four times a week, in physical formats."
4,Detail,4812122,481212,"Community newspapers, online",,"General-interest newspapers, published fewer than four times a week, in downloadable formats."
3,Subclass,481213,48121,Other newspapers,,"This subclass comprises published specialized-interest newspapers, in physical or downloadable formats."
4,Detail,4812131,481213,"Other newspapers, in physical form",,"Published specialized-interest newspapers, in physical formats."
4,Detail,4812132,481213,"Other newspapers, online",,"Published specialized-interest newspapers, in downloadable formats."
2,Class,48122,481,Periodicals,,"This class comprises published periodicals, in physical or downloadable formats."
3,Subclass,481221,48122,General-interest periodicals,,"This subclass comprises published general-interest periodicals and magazines, in physical or downloadable formats."
4,Detail,4812211,481221,"General-interest periodicals, in physical form",,"Published general-interest periodicals and magazines, in physical formats."
4,Detail,4812212,481221,"General-interest periodicals, online",,"Published general-interest periodicals and magazines, in downloadable formats."
3,Subclass,481222,48122,Business (including farming) and trade periodicals,,"This subclass comprises published periodicals aimed at business, professional and academic audiences interested in keeping up-to-date with new research and developments in their professions or fields of interest, in physical or downloadable formats."
4,Detail,4812221,481222,"Business (including farming) and trade periodicals, in physical form",,"Published periodicals aimed at business, professional and academic audiences interested in keeping up-to-date with new research and developments in their professions or fields of interest, in physical formats."
4,Detail,4812222,481222,"Business (including farming) and trade periodicals, online",,"Published periodicals aimed at business, professional and academic audiences interested in keeping up-to-date with new research and developments in their professions or fields of interest, in downloadable formats."
3,Subclass,481223,48122,Other periodicals,,"This subclass comprises published periodicals, except general-interest, and business and trade periodicals, in physical or downloadable formats."
4,Detail,4812231,481223,"Other periodicals, in physical form",,"Published periodicals, except general-interest, and business and trade periodicals, in physical formats."
4,Detail,4812232,481223,"Other periodicals, online",,"Published periodicals, except general-interest, and business and trade periodicals, in downloadable formats."
2,Class,48123,481,Other published products,,"This class comprises published products, except books, newspapers and periodicals, in physical or downloadable formats."
3,Subclass,481231,48123,Mailing lists,,"This subclass comprises lists of names, addresses, and other contact information created to market or promote to a specific group, in physical or downloadable formats."
4,Detail,4812311,481231,"Mailing lists, in physical form",,"Lists of names, addresses, and other contact information created to market or promote to a specific group, in physical formats."
4,Detail,4812312,481231,"Mailing lists, online",,"Lists of names, addresses, and other contact information created to market or promote to a specific group, in downloadable formats."
3,Subclass,481232,48123,Directories,,"This subclass comprises publications consisting of collections of systematically organized contact information, in physical or downloadable formats."
4,Detail,4812321,481232,"Directories, in physical form",,"Publications consisting of collections of systematically organized contact information, in physical formats."
4,Detail,4812322,481232,"Directories, online",,"Publications consisting of collections of systematically organized contact information, in downloadable formats."
3,Subclass,481233,48123,Databases,,"This subclass comprises organized and searchable data sets, except directories and mailing lists, on physical media or in downloadable formats."
4,Detail,4812331,481233,"Databases, on physical media",,"Organized and searchable data sets, except directories and mailing lists, on physical media."
4,Detail,4812332,481233,"Databases, online",,"Organized and searchable data sets, except directories and mailing lists, in downloadable formats."
3,Subclass,481234,48123,"Consumer publications, n.e.c.",,"This subclass comprises publications n.e.c. intended mainly for personal or household use, on physical media, and in physical or downloadable formats."
4,Detail,4812341,481234,"Art prints, and all other consumer publications n.e.c., on physical media or in physical form",,"Art prints, and all other consumer publications n.e.c. intended mainly for personal or household use, on physical media or in physical formats."
4,Detail,4812342,481234,"Online consumer publications, n.e.c.",,"Consumer publications, n.e.c. intended mainly for personal or household use, in downloadable formats."
3,Subclass,481235,48123,"Business, trade and professional publications, n.e.c.",,"This subclass comprises publications n.e.c. intended mainly for business, trade, or professional use, on physical media, and in physical or downloadable formats."
4,Detail,4812351,481235,"Business, trade and professional publications on physical media or in physical form, n.e.c.",,"Publications n.e.c. intended mainly for business, trade, or professional use, on physical media or in physical formats."
4,Detail,4812352,481235,"Online business, trade and professional publications, n.e.c.",,"Publications n.e.c. intended mainly for business, trade, or professional use, in downloadable formats."
2,Class,48131,481,Recorded music and other sound recordings,,"This class comprises published musical and non-musical recordings, on physical media or in downloadable formats."
3,Subclass,481311,48131,Musical recordings,,"This subclass comprises published musical recordings, on physical media or in downloadable formats."
4,Detail,4813111,481311,"Musical recordings, on physical media",,"Published musical recordings, on physical media."
4,Detail,4813112,481311,"Musical recordings, online",,"Published musical recordings, in downloadable formats."
3,Subclass,481312,48131,Non-musical recordings,,"This subclass comprises published non-musical recordings, on physical media or in downloadable formats."
4,Detail,4813121,481312,"Non-musical recordings, on physical media",,"Published non-musical recordings, on physical media."
4,Detail,4813122,481312,"Non-musical recordings, online",,"Published non-musical recordings, in downloadable formats."
2,Class,48132,481,"Recorded movies, television programs and videos",,"This class comprises published recorded movies, television programs and videos, on physical media or in downloadable formats."
3,Subclass,481321,48132,Recorded movies,,"This subclass comprises published recorded movies, on physical media or in downloadable formats."
4,Detail,4813211,481321,"Recorded movies, on physical media",,"Published recorded movies, on physical media."
4,Detail,4813212,481321,"Recorded movies, online",,"Published recorded movies, in downloadable formats."
3,Subclass,481322,48132,Recorded television programs and videos,,"This subclass comprises published recorded television programs and videos, on physical media or in downloadable formats."
4,Detail,4813221,481322,"Recorded television programs and videos, on physical media",,"Published recorded television programs and videos, on physical media."
4,Detail,4813222,481322,"Recorded television programs and videos, online",,"Published recorded television programs and videos, in downloadable formats."
1,Group,482,,Software and software licensing,,"This group comprises published software sold with an end user licence agreement (by the publisher), and licences to use software or software components to generate revenues."
2,Class,48211,482,System and programming software and software licensing,,"This class comprises published system and programming software sold with an end user licence agreement (by the publisher), and licences to use system and programming software or software components to generate revenues. System and programming software are required to manage computer resources and support the production or running of application programs but are not specific to any particular application."
3,Subclass,482111,48211,System and programming software (except commercial use licences),,"This subclass comprises published system and programming software sold with an end user licence agreement (by the publisher), on physical media or in downloadable formats."
4,Detail,4821111,482111,"System and programming software (except commercial use licences), on physical media",,"Published system and programming software sold with an end user licence agreement (by the publisher), on physical media."
4,Detail,4821112,482111,"System and programming software (except commercial use licences), online download",,"Published system and programming software sold with an end user licence agreement (by the publisher), in downloadable formats."
3,Subclass,482112,48211,Licensing of rights for commercial use of system and programming software,,This subclass comprises licences for the use of system and programming software or software components to generate revenues.
4,Detail,4821121,482112,Licensing of rights for commercial use of system and programming software,,Licences for the use of system and programming software or software components to generate revenues.
2,Class,48212,482,Game software and software licensing,,"This class comprises published game software sold with an end user licence agreement (by the publisher), and licences to use game software or software components to generate revenues."
3,Subclass,482121,48212,Game software (except commercial use licences),,"This subclass comprises published game software sold with an end user licence agreement (by the publisher), on physical media or in downloadable formats."
4,Detail,4821211,482121,"Game software (except commercial use licences), on physical media",,"Published game software sold with an end user licence agreement (by the publisher), on physical media."
4,Detail,4821212,482121,"Game software (except commercial use licences), online download",,"Published game software sold with an end user licence agreement (by the publisher), in downloadable formats."
3,Subclass,482122,48212,Licensing of rights for commercial use of game software,,This subclass comprises licences to use game software or software components to generate revenues.
4,Detail,4821221,482122,Licensing of rights for commercial use of game software,,Licences to use game software or software components to generate revenues.
2,Class,48213,482,General application software (except game software) and software licensing,,"This class comprises published general application software sold with an end user licence agreement (by the publisher), and licences to use general application software or software components to generate revenues."
3,Subclass,482131,48213,General application software (except game software and commercial use licences),,"This subclass comprises published general application software sold with an end user licence agreement (by the publisher), on physical media or in downloadable formats."
4,Detail,4821311,482131,"General application software (except game software and commercial use licences), on physical media",,"Published general application software sold with an end user licence agreement (by the publisher), on physical media."
4,Detail,4821312,482131,"General application software (except game software and commercial use licences), online download",,"Published general application software sold with an end user licence agreement (by the publisher), in downloadable formats."
3,Subclass,482132,48213,Licensing of rights for commercial use of general application software (except game software),,This subclass comprises licences to use general application software or software components to generate revenues.
4,Detail,4821321,482132,Licensing of rights for commercial use of general application software (except game software),,Licences to use general application software or software components to generate revenues.
1,Group,511,,Transportation of commodities by pipeline,,"This group comprises transportation of natural gas, crude oil, refined petroleum products and other commodities by pipeline."
2,Class,51111,511,Transportation of natural gas by pipeline,,This class comprises transportation by pipeline of natural gas.
3,Subclass,511111,51111,Transportation of natural gas by pipeline,,This subclass comprises transportation by pipeline of natural gas.
4,Detail,5111111,511111,Transportation of natural gas by pipeline,,Transportation by pipeline of natural gas.
2,Class,51112,511,Transportation of crude oil and other commodities by pipeline,,"This class comprises transportation by pipeline of crude oil, refined petroleum products and other commodities."
3,Subclass,511121,51112,Transportation of crude oil by pipeline,,"This subclass comprises transportation by pipeline of crude oil and pentanes plus, as well as pipeline transportation of crude bitumen."
4,Detail,5111211,511121,Transportation of crude oil by pipeline,,"Transportation by pipeline of crude oil and pentanes plus, as well as pipeline transportation of crude bitumen."
3,Subclass,511122,51112,Transportation of refined petroleum products by pipeline (including liquid petroleum gases),,"This subclass comprises transportation by pipeline of refined petroleum products, including liquid petroleum gases."
4,Detail,5111221,511122,Transportation of refined petroleum products by pipeline (including liquid petroleum gases),,"Transportation by pipeline of refined petroleum products, including liquid petroleum gases."
3,Subclass,511123,51112,Transportation of other commodities by pipeline,,This subclass comprises transportation by pipeline of other commodities.
4,Detail,5111231,511123,Transportation of other commodities by pipeline,,Transportation by pipeline of other commodities.
1,Group,512,,Freight transportation by road,,"This group comprises transportation services by truck and other motorized road vehicles (including rental and leasing with operator or driver), for general and specialized freight."
2,Class,51211,512,Road transportation services for general freight,,"This class comprises transportation services by truck and other motorized road vehicles, for goods not requiring climate control, packed in boxes, crates, sacks, drums, or on hangers, hooks or pallets, and in intermodal containers. Rental of trucks and other motorized road vehicles with operator or driver, for the transportation of general freight, is included."
3,Subclass,512112,51211,Road transportation services for general freight,,"This subclass comprises transportation services by truck and other motorized road vehicles, for goods not requiring climate control, packed in boxes, crates, sacks, drums, or on hangers, hooks or pallets, and in intermodal containers. Rental of trucks and other motorized road vehicles with operator or driver, for the transportation of general freight, is included."
4,Detail,5121121,512112,Road transportation services for general freight (except rental and operating leasing with operator),,"Transportation services by truck and other motorized road vehicles, for goods not requiring climate control, packed in boxes, crates, sacks, drums, or on hangers, hooks or pallets, and in intermodal containers. Rental of trucks with operator is not included."
4,Detail,5121122,512112,"Rental of road transportation vehicles with operator, for general freight",,"Rental of trucks and other motorized road vehicles, with operator or driver, for road transportation of general freight."
2,Class,51212,512,Road transportation services for specialized freight,,"This class comprises transportation services by truck and other motorized road vehicles, for specialized freight such as bulk liquids and gases; climate-controlled boxed, palletized and other packed goods; automobiles and light-duty trucks; live animals; waste without collection; dry bulk; and other goods that are not packed, large items and loose goods that are contained only by the vehicle in which they are carried. Rental of trucks and other motorized road vehicles with operator or driver, for the transportation of specialized freight, is included."
3,Subclass,512121,51212,Transportation of bulk liquids and gases by road,,This subclass comprises transportation of bulk liquids or gases by road. Covers transportation of bulk liquids and gases that must be temperature-controlled or pressurized.
4,Detail,5121211,512121,Transportation of bulk liquids and gases by road,,Transportation of bulk liquids or gases by road. Covers transportation of bulk liquids and gases that must be temperature-controlled or pressurized.
3,Subclass,512122,51212,"Transportation of climate-controlled boxed, palletized and other packed goods by road (including in intermodal containers)",,"This subclass comprises transportation by road of goods that must be kept within given ranges of temperature and humidity, packed in boxes, crates, sacks, drums, or on hangers, hooks or pallets, and in intermodal containers."
4,Detail,5121221,512122,"Transportation of climate-controlled boxed, palletized and other packed goods by road (including in intermodal containers)",,"Transportation by road of goods that must be kept within given ranges of temperature and humidity, packed in boxes, crates, sacks, drums, or on hangers, hooks or pallets, and in intermodal containers."
3,Subclass,512123,51212,Transportation of automobiles and light-duty trucks by road,,This subclass comprises transportation of automobiles and light-duty trucks by road.
4,Detail,5121231,512123,Transportation of automobiles and light-duty trucks by road,,Transportation of automobiles and light-duty trucks by road.
3,Subclass,512124,51212,Transportation of live animals by road,,This subclass comprises transportation of live animals by road.
4,Detail,5121241,512124,Transportation of live animals by road,,Transportation of live animals by road.
3,Subclass,512125,51212,"Transportation of waste, without collection, by road",,"This subclass comprises transportation of waste, without collection, by road."
4,Detail,5121251,512125,"Transportation of waste, without collection, by road",,"Transportation of waste, without collection, by road."
3,Subclass,512126,51212,Transportation of dry bulk by road,,This subclass comprises transportation of dry bulk commodities by road.
4,Detail,5121261,512126,Transportation of dry bulk by road,,Transportation of dry bulk commodities by road.
3,Subclass,512127,51212,Transportation of other goods by road,,"This subclass comprises transportation by road of goods n.e.c. Covers transportation of goods that are not packed, large items, and loose goods that are contained only by the vehicle in which they are carried."
4,Detail,5121271,512127,Transportation of other goods by road,,"Transportation by road of goods n.e.c. Covers transportation of goods that are not packed, large items, and loose goods that are contained only by the vehicle in which they are carried."
3,Subclass,512128,51212,"Rental of road transportation vehicles with operator, for specialized freight",,"This subclass comprises rental or leasing of trucks and other motorized road vehicles, with operator or driver, for road transportation of specialized freight."
4,Detail,5121281,512128,"Rental of road transportation vehicles with operator, for specialized freight",,"Rental or leasing of trucks and other motorized road vehicles, with operator or driver, for road transportation of specialized freight."
1,Group,513,,Other freight transportation services and air specialty services,,"This group comprises transportation services (including rental and leasing with operator or crew) such as rail, water and air freight; moving services; and air specialty services."
2,Class,51311,513,Rail freight transportation services,,"This class comprises transportation by rail of bulk liquids and gases in or not in intermodal tank containers; dry bulk not in intermodal containers; climate-control or not climate-control boxed, palletized and other packed goods; climate-controlled or not climate-controlled intermodal containers; automobiles and light-duty trucks; livestock; waste; truck trailers; and all other goods. Rental and leasing services of rail equipment with operator or crew, for freight transportation, are included."
3,Subclass,513111,51311,Rail freight transportation services,,"This subclass comprises transportation by rail of bulk liquids and gases in or not in intermodal tank containers; dry bulk not in intermodal containers; climate-control or not climate-control boxed, palletized and other packed goods; climate-controlled or not climate-controlled intermodal containers; automobiles and light-duty trucks; livestock; waste; truck trailers; and all other goods. Rental and leasing services of rail equipment with operator or crew, for freight transportation, are included."
4,Detail,5131111,513111,Rail freight transportation services (except rental and leasing with operator or crew),,"Transportation by rail of bulk liquids and gases in or not in intermodal tank containers; dry bulk not in intermodal containers; climate-control or not climate-control boxed, palletized and other packed goods; climate-controlled or not climate-controlled intermodal containers; automobiles and light-duty trucks; livestock; waste; truck trailers; and all other goods."
4,Detail,5131112,513111,"Rental and leasing of locomotives and freight rail cars, with operator or crew",,"Rental or leasing services of locomotives and rail cars, with operator or crew, for transportation of bulk liquids and gases in or not in intermodal tank containers; dry bulk not in intermodal containers; climate-control or not climate-control boxed, palletized and other packed goods; climate-controlled or not climate-controlled intermodal containers; automobiles and light-duty trucks; livestock; waste; truck trailers; and all other goods."
2,Class,51321,513,Water freight transportation services,,"This class comprises transportation by water of bulk liquids and gases in or not in intermodal tank containers; dry bulk not in intermodal containers; climate-control or not climate-control boxed, palletized and other packed goods; climate-controlled or not climate-controlled intermodal containers; automobiles and light-duty trucks; livestock; waste; truck trailers; and all other goods. Rental and leasing services of water vessels with operator or crew, for freight transportation, are included."
3,Subclass,513211,51321,Water freight transportation services,,"This subclass comprises transportation by water of bulk liquids and gases in or not in intermodal tank containers; dry bulk not in intermodal containers; climate-control or not climate-control boxed, palletized and other packed goods; climate-controlled or not climate-controlled intermodal containers; automobiles and light-duty trucks; livestock; waste; truck trailers; and all other goods. Rental and leasing services of water vessels with operator or crew, for freight transportation, are included."
4,Detail,5132111,513211,Water freight transportation services (except rental and leasing with operator or crew),,"Transportation by water of bulk liquids and gases in or not in intermodal tank containers; dry bulk not in intermodal containers; climate-control or not climate-control boxed, palletized and other packed goods; climate-controlled or not climate-controlled intermodal containers; automobiles and light-duty trucks; livestock; waste; truck trailers; and all other goods."
4,Detail,5132112,513211,Rental and leasing of freight vessels with operator or crew,,"Rental or leasing services of all types of self-propelled freight vessels for coastal, transoceanic and inland water transport, with operator or crew, for the transportation of bulk liquids and gases in or not in intermodal tank containers; dry bulk not in intermodal containers; climate-control or not climate-control boxed, palletized and other packed goods; climate-controlled or not climate-controlled intermodal containers; automobiles and light-duty trucks; livestock; waste; truck trailers; and all other goods."
2,Class,51331,513,Air freight transportation services,,"This class comprises transportation by air of bulk liquids; dry bulk not in intermodal containers; climate-control or not climate-control boxed, palletized and other packed goods; automobiles and light-duty trucks; and other goods; and transportation of any good into space. Rental and leasing services of cargo or freight aircraft with operator or crew, are included."
3,Subclass,513311,51331,Air freight transportation services,,"This subclass comprises transportation by air of bulk liquids; dry bulk not in intermodal containers; climate-control or not climate-control boxed, palletized and other packed goods; automobiles and light-duty trucks; and other goods; and transportation of any good into space. Rental and leasing services of cargo or freight aircraft with operator or crew, are included."
4,Detail,5133111,513311,Air freight transportation services (except rental and leasing with operator or crew),,"Transportation by air of bulk liquids; dry bulk not in intermodal containers; climate-control or not climate-control boxed, palletized and other packed goods; automobiles and light-duty trucks; and other goods; and transportation of any good into space."
4,Detail,5133112,513311,"Rental and leasing of freight aircraft, with operator or crew",,"Rental or leasing of dedicated cargo or freight aircraft, with operator or crew (''wet leasing'' and ''damp leasing''), for the transportation of bulk liquids; dry bulk not in intermodal containers; climate-control or not climate-control boxed, palletized and other packed goods; automobiles and light-duty trucks; and other goods; and transportation of any good into space. The service may include providing fuel. Renter or lessee generally has operational control of the flight. The period of the rental or lease can go from one month to usually one to two years. Everything less than one month can be considered as ad-hoc charter services."
2,Class,51341,513,Moving services,,"This class comprises removing from premises, loading, transporting, unloading and moving into new premises of household, office and institutional goods, and goods requiring special handling and protection. Goods are of varying shapes and sizes. May include packing and unpacking. May include declared value coverage."
3,Subclass,513411,51341,Household moving services,,"This subclass comprises removing from premises, loading, transporting, unloading and moving into new premises of personal effects and property to be used in a dwelling. Goods are of varying shapes and sizes. Covers moving by all modes of transportation. May include packing and unpacking. May include declared value coverage."
4,Detail,5134111,513411,Household moving services,,"Removing from premises, loading, transporting, unloading and moving into new premises of personal effects and property to be used in a dwelling. Goods are of varying shapes and sizes. Covers moving by all modes of transportation. May include packing and unpacking. May include declared value coverage."
3,Subclass,513412,51341,Commercial moving services,,"This subclass comprises removing from premises, loading, transporting, unloading and moving into new premises of furniture, fixtures, equipment and other property, but not stock-in-trade, of stores, offices, museums, institutions, hospitals and other establishments. Goods are of varying shapes and sizes. Covers moving by all modes of transportation. May include packing and unpacking. May include declared value coverage."
4,Detail,5134121,513412,Commercial moving services,,"Removing from premises, loading, transporting, unloading and moving into new premises of furniture, fixtures, equipment and other property, but not stock-in-trade, of stores, offices, museums, institutions, hospitals and other establishments. Goods are of varying shapes and sizes. Covers moving by all modes of transportation. May include packing and unpacking. May include declared value coverage."
3,Subclass,513413,51341,Institutional and other moving services,,"This subclass comprises removing from premises, loading, transporting, unloading and moving into new premises of goods requiring special handling and protection, such as objects of art, antiques, pianos, displays and exhibits when not part of a household or commercial move. Goods are of varying shapes and sizes. Covers moving by all modes of transportation. May include packing and unpacking. May include declared value coverage."
4,Detail,5134131,513413,Institutional and other moving services,,"Removing from premises, loading, transporting, unloading and moving into new premises of goods requiring special handling and protection, such as objects of art, antiques, pianos, displays and exhibits when not part of a household or commercial move. Goods are of varying shapes and sizes. Covers moving by all modes of transportation. May include packing and unpacking. May include declared value coverage."
2,Class,51351,513,Air specialty services,,This class comprises the provision of small general-purpose aircraft and helicopters with a crew to perform specialized services.
3,Subclass,513511,51351,Air specialty services,,This subclass comprises the provision of small general-purpose aircraft and helicopters with a crew to perform specialized services.
4,Detail,5135111,513511,Air specialty services,,Provision of small general-purpose aircraft and helicopters with a crew to perform specialized services.
1,Group,514,,Postal and courier services,,"This group comprises postal services; and courier, parcel, and local messenger and delivery services."
2,Class,51411,514,Postal services,,"This class comprises delivery of letters and parcels under the terms of a universal service obligation, such as an obligation governing delivery by post offices. May include collect on delivery (C.O.D.) service. May include declared value coverage."
3,Subclass,514111,51411,Postal services,,"This subclass comprises delivery of letters and parcels under the terms of a universal service obligation, such as an obligation governing delivery by post offices. May include collect on delivery (C.O.D.) service. May include declared value coverage."
4,Detail,5141111,514111,Postal services,,"Delivery of letters and parcels under the terms of a universal service obligation, such as an obligation governing delivery by post offices. May include collect on delivery (C.O.D.) service. May include declared value coverage."
2,Class,51412,514,"Courier, parcel, and local messenger and delivery services",,This class comprises station-to-station transportation of small packages and documents without tracking; courier and messenger services; and neighbourhood delivery of small purchased items.
3,Subclass,514121,51412,Station-to-station transportation of small packages and documents without tracking,,This subclass comprises transportation of small packages and documents without tracking of each package and document. Service is typically station-to-station but may be door-to-door. Transportation is provided on passenger buses and trains according to published schedules but departure and arrival times are not guaranteed. May include collect on delivery (C.O.D.) service. May include declared value coverage.
4,Detail,5141211,514121,Station-to-station transportation of small packages and documents without tracking,,Transportation of small packages and documents without tracking of each package and document. Service is typically station-to-station but may be door-to-door. Transportation is provided on passenger buses and trains according to published schedules but departure and arrival times are not guaranteed. May include collect on delivery (C.O.D.) service. May include declared value coverage.
3,Subclass,514122,51412,Courier and messenger services,,"This subclass comprises transportation and delivery, by a definite day and possibly by a definite time, of small packages and documents, with tracking of each package and document. Delivery by the scheduled day or specified time may be guaranteed. Small packages usually can be handled by one person without using special equipment. Service is typically door-to-door, although there may be options for the shipper to drop a package off and for the receiver to pick it up, and occasional shippers may have to drop off their packages. Pick-up and delivery outside normal service area or outside normal service hours, and pick-up on demand or on a regular schedule, are covered here. Service may include customs clearance. May include collect on delivery (C.O.D.) service. May include declared value coverage."
4,Detail,5141221,514122,Same-day courier and messenger services,,"Transportation and delivery, on the same day as pick-up and possibly by a definite time, of small packages and documents, with tracking of each package and document. Delivery on the day or by the specified time may be guaranteed. Small packages usually can be handled by one person without using special equipment. Service is typically door-to-door, although there may be options for the shipper to drop a package off and for the receiver to pick it up, and occasional shippers may have to drop off their packages. Pick-up and delivery outside normal service area or outside normal service hours, and pick-up on demand or on a regular schedule, are covered here. Service may include customs clearance. May include collect on delivery (C.O.D.) service. May include declared value coverage."
4,Detail,5141222,514122,Next-day courier and messenger services,,"Transportation and delivery, on the first business day or first calendar day following pick-up, and possibly by a definite time, of small packages and documents, with tracking of each package and document. Delivery by the scheduled day or specified time may be guaranteed. Small packages usually can be handled by one person without using special equipment. Service is typically door-to-door, although there may be options for the shipper to drop a package off and for the receiver to pick it up, and occasional shippers may have to drop off their packages. Pick-up and delivery outside normal service area or outside normal service hours, and pick-up on demand or on a regular schedule, are covered here. Service may include customs clearance. May include collect on delivery (C.O.D.) service. May include declared value coverage."
4,Detail,5141223,514122,Second-day or later courier and messenger services,,"Transportation and delivery, on the second business day or second calendar day following pick-up, or on a later specified day, and possibly by a definite time, of small packages and documents, with tracking of each package and document. Delivery by the scheduled day or specified time may be guaranteed. Small packages usually can be handled by one person without using special equipment. Service is typically door-to-door, although there may be options for the shipper to drop a package off and for the receiver to pick it up, and occasional shippers may have to drop off their packages. Pick-up and delivery outside normal service area or outside normal service hours, and pick-up on demand or on a regular schedule, are covered here. Service may include customs clearance. May include collect on delivery (C.O.D.) service. May include declared value coverage."
3,Subclass,514123,51412,Neighbourhood delivery of small purchased items,,"This subclass comprises door-to-door transportation and delivery of small purchased and serviced items such as take-out meals, groceries, prescription drugs and dry-cleaned clothes. Service is limited to a specified neighbourhood. Delivery is made immediately after the item is purchased or ordered, or scheduled within a short time. Expected delivery time is made known to the recipient. May include collect on delivery (C.O.D.) service."
4,Detail,5141231,514123,Neighbourhood delivery of small purchased items,,"Door-to-door transportation and delivery of small purchased and serviced items such as take-out meals, groceries, prescription drugs and dry-cleaned clothes. Service is limited to a specified neighbourhood. Delivery is made immediately after the item is purchased or ordered, or scheduled within a short time. Expected delivery time is made known to the recipient. May include collect on delivery (C.O.D.) service."
1,Group,521,,Passenger transportation services (including sightseeing),,"This group comprises urban transit services; taxi and limousine services; interurban and rural bus passenger transportation services; school bus services; other transit and passenger transportation services by road; rail passenger transportation services; water passenger transportation services; air passenger transportation services; and scenic and sightseeing tour services. Rental and leasing services of passenger vehicles with operator, driver or crew are included."
2,Class,52111,521,Urban transit services,,"This class comprises passenger transportation operated on a network of regular routes and on regular schedules. Service is centred on an urban area and covers urban and suburban areas and areas from which they draw commuters. Commuter services that primarily carry passengers to and from the urban centre are included. Transportation may involve one or more types of vehicles, such as buses, subways, streetcars, commuter trains and ferries. Passengers are permitted to pay on a per-trip basis, and the fare may be calculated on a zone basis. Covers urban transit services whether paid for by passengers or by contracts."
3,Subclass,521111,52111,Urban transit services,,"This subclass comprises passenger transportation operated on a network of regular routes and on regular schedules. Service is centred on an urban area and covers urban and suburban areas and areas from which they draw commuters. Commuter services that primarily carry passengers to and from the urban centre are included. Transportation may involve one or more types of vehicles, such as buses, subways, streetcars, commuter trains and ferries. Passengers are permitted to pay on a per-trip basis, and the fare may be calculated on a zone basis. Covers urban transit services whether paid for by passengers or by contracts."
4,Detail,5211111,521111,Urban transit services,,"Passenger transportation operated on a network of regular routes and on regular schedules. Service is centred on an urban area and covers urban and suburban areas and areas from which they draw commuters. Commuter services that primarily carry passengers to and from the urban centre are included. Transportation may involve one or more types of vehicles, such as buses, subways, streetcars, commuter trains and ferries. Passengers are permitted to pay on a per-trip basis, and the fare may be calculated on a zone basis. Covers urban transit services whether paid for by passengers or by contracts."
2,Class,52121,521,Taxi and limousine services,,This class comprises local limousine services; local taxi services and taxi dispatch services.
3,Subclass,521211,52121,Local limousine services,,"This subclass comprises local passenger transportation by luxury automobile, not operated on regular schedules or routes, and available only by reservation, or without reservation to passengers as they leave an airport or other transportation terminal. In the case of travel from an airport or other transportation terminal, the fee is on the basis of the distance to the destination, calculated on a zone basis; there may be a minimum charge. In other cases, the fee charged is on the basis of the length of time for which the vehicle is reserved; there is normally a minimum length of time and/or a minimum tariff. The vehicle and driver are available to make a series of trips as directed by the customer during the period for which the vehicle has been reserved."
4,Detail,5212111,521211,Local limousine services,,"Local passenger transportation by luxury automobile, not operated on regular schedules or routes, and available only by reservation, or without reservation to passengers as they leave an airport or other transportation terminal. In the case of travel from an airport or other transportation terminal, the fee is on the basis of the distance to the destination, calculated on a zone basis; there may be a minimum charge. In other cases, the fee charged is on the basis of the length of time for which the vehicle is reserved; there is normally a minimum length of time and/or a minimum tariff. The vehicle and driver are available to make a series of trips as directed by the customer during the period for which the vehicle has been reserved."
3,Subclass,521212,52121,Local taxi services and taxi dispatch services,,"This subclass comprises passenger transportation by automobile, not operated on regular schedules or routes, and available on demand. The fee charged to passengers is on the basis of distance travelled. Also comprises taxi dispatch services."
4,Detail,5212121,521212,Local taxi services,,"Passenger transportation by automobile, not operated on regular schedules or routes, and available on demand. The fee charged to passengers is on the basis of distance travelled."
4,Detail,5212122,521212,"Dispatch services for taxi and ridesharing, including online",,"Dispatch services for taxi and ridesharing, including online."
2,Class,52122,521,Interurban and rural bus passenger transportation services,,"This class comprises long distance passenger transportation by road, over fixed routes on a regular schedule. Long distance transportation is generally between metropolitan areas. Service is either part of an interurban network and connecting services to other destinations are available or service is intended to serve a particular destination, and is not designed to connect to a network of interurban service. Covers charges for incidental transportation of passenger baggage."
3,Subclass,521221,52122,Interurban and rural bus passenger transportation services,,"This subclass comprises long distance passenger transportation by road, over fixed routes on a regular schedule. Long distance transportation is generally between metropolitan areas. Service is either part of an interurban network and connecting services to other destinations are available or service is intended to serve a particular destination, and is not designed to connect to a network of interurban service. Covers charges for incidental transportation of passenger baggage."
4,Detail,5212211,521221,Interurban and rural bus passenger transportation services,,"Long distance passenger transportation by road, over fixed routes on a regular schedule. Long distance transportation is generally between metropolitan areas. Service is either part of an interurban network and connecting services to other destinations are available or service is intended to serve a particular destination, and is not designed to connect to a network of interurban service. Covers charges for incidental transportation of passenger baggage."
2,Class,52123,521,School bus services,,"This class comprises transportation of students between home and school on a regular basis. Service is operated on regular routes and schedules that are designed to accommodate the home locations of individual passengers. The vehicles used are typically buses but may include smaller vehicles such as vans and cars, and may include vehicles accessible to people using wheelchairs and other mobility aids. Passengers are not charged a per-trip fee. Covers school bus services whether paid for by passengers or by contracts."
3,Subclass,521231,52123,School bus services,,"This subclass comprises transportation of students between home and school on a regular basis. Service is operated on regular routes and schedules that are designed to accommodate the home locations of individual passengers. The vehicles used are typically buses but may include smaller vehicles such as vans and cars, and may include vehicles accessible to people using wheelchairs and other mobility aids. Passengers are not charged a per-trip fee. Covers school bus services whether paid for by passengers or by contracts."
4,Detail,5212311,521231,School bus services,,"Transportation of students between home and school on a regular basis. Service is operated on regular routes and schedules that are designed to accommodate the home locations of individual passengers. The vehicles used are typically buses but may include smaller vehicles such as vans and cars, and may include vehicles accessible to people using wheelchairs and other mobility aids. Passengers are not charged a per-trip fee. Covers school bus services whether paid for by passengers or by contracts."
2,Class,52124,521,Other transit and passenger transportation services by road,,This class comprises long distance passenger transportation by chartered bus; local passenger transportation by chartered bus; other long distance passenger transportation services by road (except fixed route); shuttle service; other local fixed route passenger transportation service by road; special needs urban transit service; and local shared-ride passenger transportation service. Rental or leasing services of road passenger transportation vehicles with operator or driver are included.
3,Subclass,521241,52124,Long distance passenger transportation by chartered bus,,"This subclass comprises long distance passenger transportation for a specific occasion by road vehicles with sufficient interior height for a person to stand, typically buses but not limousines or taxis, with driver. Service is not operated on regular schedules or routes, and is available only by reservation of the entire vehicle, for which a fee is charged to the party who makes the reservation. The party who makes the reservation may or may not charge the passengers an explicit fee for the transportation. Covers use of vehicles that are accessible to passengers using wheelchairs and other mobility aids."
4,Detail,5212411,521241,Long distance passenger transportation by chartered bus,,"Long distance passenger transportation for a specific occasion by road vehicles with sufficient interior height for a person to stand, typically buses but not limousines or taxis, with driver. Service is not operated on regular schedules or routes, and is available only by reservation of the entire vehicle, for which a fee is charged to the party who makes the reservation. The party who makes the reservation may or may not charge the passengers an explicit fee for the transportation. Covers use of vehicles that are accessible to passengers using wheelchairs and other mobility aids."
3,Subclass,521242,52124,Local passenger transportation by chartered bus,,"This subclass comprises local passenger transportation for a specific occasion by road vehicles with sufficient interior height for a person to stand, typically buses but not limousines or taxis, with driver. Service is not operated on regular schedules or routes, and is available only by reservation of the entire vehicle, for which a fee is charged to the party who makes the reservation. The party who makes the reservation may or may not charge the passengers an explicit fee for the transportation. Covers use of vehicles that are accessible to passengers using wheelchairs and other mobility aids."
4,Detail,5212421,521242,Local passenger transportation by chartered bus,,"Local passenger transportation for a specific occasion by road vehicles with sufficient interior height for a person to stand, typically buses but not limousines or taxis, with driver. Service is not operated on regular schedules or routes, and is available only by reservation of the entire vehicle, for which a fee is charged to the party who makes the reservation. The party who makes the reservation may or may not charge the passengers an explicit fee for the transportation. Covers use of vehicles that are accessible to passengers using wheelchairs and other mobility aids."
3,Subclass,521243,52124,Other long distance passenger transportation services by road (except fixed route),,"This subclass comprises long distance passenger transportation by luxury automobile, not operated on regular schedules or routes, and available only by reservation. The operator carries as many parties having similar origins or destinations as can be accommodated on each trip."
4,Detail,5212431,521243,Other long distance passenger transportation services by road (except fixed route),,"Long distance passenger transportation by luxury automobile, not operated on regular schedules or routes, and available only by reservation. The operator carries as many parties having similar origins or destinations as can be accommodated on each trip."
3,Subclass,521244,52124,Shuttle services,,"This subclass comprises passenger transportation operated on regular routes and on regular schedules or on regular routes on an unscheduled but frequent basis. Service is typically between a limited number of pick-up and drop-off points, with no local service for other points along the route; or on a circular route with frequent stops. The service is not part of a network. As many passengers as can be accommodated are carried on a first-come first-served basis. Passengers may or may not be charged a per-trip fee. Covers shuttle service whether paid for by passengers or by contracts."
4,Detail,5212441,521244,Shuttle services,,"Passenger transportation operated on regular routes and on regular schedules or on regular routes on an unscheduled but frequent basis. Service is typically between a limited number of pick-up and drop-off points, with no local service for other points along the route; or on a circular route with frequent stops. The service is not part of a network. As many passengers as can be accommodated are carried on a first-come first-served basis. Passengers may or may not be charged a per-trip fee. Covers shuttle service whether paid for by passengers or by contracts."
3,Subclass,521245,52124,Other local fixed route passenger transportation services by road,,"This subclass comprises local fixed route passenger transportation service by road except urban transit service, transportation of students between home and school on a regular basis, and shuttle service. Covers employee transportation to work arranged by the employer and operated on regular routes and schedules. Vehicles used are typically buses but may be smaller vehicles such as vans and cars, and may be accessible to people using wheelchairs and other mobility aids. Passengers are not charged a per-trip fee. Covers employee transportation to work whether paid for by passengers or by contracts. Carpool transportation is provided by arranging and administering pools and providing a vehicle to members of each pool in exchange for a monthly fee to cover operating costs. One or more pool members must act as driver."
4,Detail,5212451,521245,Other local fixed route passenger transportation services by road,,"Local fixed route passenger transportation service by road except urban transit service, transportation of students between home and school on a regular basis, and shuttle service. Covers employee transportation to work arranged by the employer and operated on regular routes and schedules. Vehicles used are typically buses but may be smaller vehicles such as vans and cars, and may be accessible to people using wheelchairs and other mobility aids. Passengers are not charged a per-trip fee. Covers employee transportation to work whether paid for by passengers or by contracts. Carpool transportation is provided by arranging and administering pools and providing a vehicle to members of each pool in exchange for a monthly fee to cover operating costs. One or more pool members must act as driver."
3,Subclass,521246,52124,Special needs urban transit services,,"This subclass comprises transportation of passengers who have physical or cognitive impairments that make them unable to use regular urban transit. Transportation is by shared vans, minibuses or automobiles, is not operated on regular schedules or routes, and is available only to registered passengers by reservation. Passengers are transported to and from their individual homes, workplaces and other locations. Passengers are charged a per-trip fee. Covers special needs urban transit service whether paid for by passengers or by contracts."
4,Detail,5212461,521246,Special needs urban transit services,,"Transportation of passengers who have physical or cognitive impairments that make them unable to use regular urban transit. Transportation is by shared vans, minibuses or automobiles, is not operated on regular schedules or routes, and is available only to registered passengers by reservation. Passengers are transported to and from their individual homes, workplaces and other locations. Passengers are charged a per-trip fee. Covers special needs urban transit service whether paid for by passengers or by contracts."
3,Subclass,521247,52124,Local shared-ride passenger transportation services,,"This subclass comprises local shared-ride service, that is, local shared passenger transportation operated on request, typically between an airport and homes, offices or hotels specified by passengers. The operator carries as many parties having similar origins or destinations as can be accommodated on each trip."
4,Detail,5212471,521247,Local shared-ride passenger transportation services,,"Local shared-ride service, that is, local shared passenger transportation operated on request, typically between an airport and homes, offices or hotels specified by passengers. The operator carries as many parties having similar origins or destinations as can be accommodated on each trip."
3,Subclass,521248,52124,"Rental of road passenger transportation vehicles, with operator",,"This subclass comprises rental or operating leasing services of passenger automobiles and light vans with operator or driver, that is, chauffeur-driven car-hire services, wherever delivered, generally supplied on a time basis to a limited number of passengers and frequently involving transportation to more than one destination. Also comprises rental or operating leasing services of buses or coaches with operator or driver for a period of time, not generally dependent on distance. The renter defines how and when the vehicles will be operated, determining schedules, routes, and other operational considerations."
4,Detail,5212481,521248,"Rental of passenger automobiles and light vans, with operator",,"Rental or operating leasing services of passenger automobiles and light vans with operator or driver, that is, chauffeur-driven car-hire services, wherever delivered, generally supplied on a time basis to a limited number of passengers and frequently involving transportation to more than one destination."
4,Detail,5212482,521248,"Rental of buses and coaches, with operator",,"Rental or operating leasing services of buses or coaches with operator or driver for a period of time, not generally dependent on distance. The renter defines how and when the vehicles will be operated, determining schedules, routes, and other operational considerations."
2,Class,52131,521,Rail passenger transportation services,,This class comprises interurban transportation of passengers by rail.
3,Subclass,521311,52131,Rail passenger transportation services,,This subclass comprises interurban transportation of passengers by rail.
4,Detail,5213111,521311,"Passenger rail transportation services, business class",,"Interurban transportation of passengers by rail, with premium-quality amenities, without sleeping facilities. The fare is not subject to advance purchase requirements or restrictions on exchanges or refunds. Covers the transport of accompanying luggage and other items as well as sales to passengers and bulk purchases by tour operators of seats for resale; exclusive and non-exclusive car usage; and scheduled and non-scheduled services. May include a segment where transportation is by bus. Covers service paid for with a ticket or voucher from a book of tickets, or with a train pass."
4,Detail,5213112,521311,"Passenger rail transportation services, economy/discounted economy classes",,"Interurban transportation of passengers by rail, with standard-quality amenities, without sleeping facilities. Food and beverages are available at an extra charge. Covers both economy and discounted economy classes; the latter offers the same amenities as the economy class but contains restrictions such as advance purchase and penalty charges for exchanges and refunds. Covers the transport of accompanying luggage and other items as well as sales to passengers and bulk purchases by tour operators of seats for resale; exclusive and non-exclusive car usage; and scheduled and non-scheduled services. May include a segment where transportation is by bus. Covers service paid for with a ticket or voucher from a book of tickets, or with a train pass."
4,Detail,5213113,521311,"Passenger rail transportation services, sleeper class",,"Interurban transportation of passengers by rail, with accommodation in sleeping cars and premium-quality amenities. Covers the transport of accompanying luggage and other items as well as sales to passengers and bulk purchases by tour operators of seats for resale; exclusive and non-exclusive car usage; and scheduled and non-scheduled services. May include a segment where transportation is by bus. Covers service paid for with a ticket or voucher from a book of tickets, or with a train pass."
4,Detail,5213114,521311,Private rail car hitching,,Hitching of a privately-owned or rented rail car to a train. No services are provided inside the rail car.
2,Class,52141,521,Water passenger transportation services,,This class comprises coastal and Great Lakes fixed route passenger transportation services by water; and other passenger transportation services by water. Rental and leasing services of water passenger transportation vessels with operator or crew are included.
3,Subclass,521411,52141,Water passenger transportation services (except rental with operator),,This subclass comprises coastal and Great Lakes fixed route passenger transportation services by water; and other passenger transportation services by water.
4,Detail,5214111,521411,Coastal and Great Lakes fixed route passenger transportation services by water,,"Transportation of passengers by water on fixed routes on coastal waters, the Great Lakes, the St. Lawrence Seaway or deep seas. Covers transportation of motor vehicles, baggage and sporting equipment accompanying passengers as well as optional accommodation such as cabin, berth or reclining sleeper seat."
4,Detail,5214112,521411,Other passenger transportation services by water,,"Transportation of passengers by water on fixed routes within harbours, transportation of passengers by water on fixed routes on inland waters except the Great Lakes and St. Lawrence Seaway, and transportation of passengers by water, not on fixed routes. Service may operate on a regular schedule or on demand. Service that is not on fixed routes often requires advance reservation."
3,Subclass,521412,52141,Rental of water transportation equipment with operator,,"This subclass comprises rental or leasing services of all types of self-propelled passenger vessels for coastal, transoceanic and inland water transport, with operator or crew."
4,Detail,5214121,521412,Rental of water transportation equipment with operator,,"Rental or leasing services of all types of self-propelled passenger vessels for coastal, transoceanic and inland water transport, with operator or crew."
2,Class,52151,521,Air passenger transportation services,,This class comprises scheduled and chartered air passenger transportation services. Rental and leasing of passenger aircraft with operator or crew (wet and damp leasing) are included.
3,Subclass,521511,52151,Scheduled air passenger transportation services (except wet and damp leasing),,This subclass comprises transportation of passengers by air on a flight operated on a regular basis according to a published timetable.
4,Detail,5215111,521511,"Scheduled air passenger transportation services, domestic",,Transportation of passengers by air on a domestic scheduled flight.
4,Detail,5215112,521511,"Scheduled air passenger transportation services, international",,Transportation of passengers by air on an international scheduled flight.
3,Subclass,521512,52151,Air passenger charter transportation services,,"This subclass comprises rental and leasing of complete aircraft and crew, for the chartered or non-scheduled transportation of passengers and their accompanying baggage, equipment and supplies. Renters or lessees generally do not have operational control of the flights. Air charter services include air taxi, ad hoc air charter, frequent charter membership and full charter services. Full (public) air charter is a long-term renting of an entire aircraft, usually undertaken by tour operators, that require aircraft on a seasonal basis, but do not have the required infrastructure to operate their own aircraft."
4,Detail,5215121,521512,"Air passenger charter transportation services, domestic",,"Rental and leasing of complete aircraft and crew, for the non-scheduled transportation of passengers and their accompanying baggage, equipment and supplies, within Canada. Covers positioning fees, layover fees, and pilot standby fees. Renters or lessees generally do not have operational control of the flights."
4,Detail,5215122,521512,"Air passenger charter transportation services, international",,"Rental and leasing of complete aircraft and crew, for the non-scheduled transportation of passengers and their accompanying baggage, equipment and supplies, between Canada and other countries. Covers positioning fees, layover fees, and pilot standby fees. Renters or lessees generally do not have operational control of the flights."
3,Subclass,521513,52151,Rental and leasing of passenger aircraft with operator or crew (except chartering),,"This subclass comprises rental and leasing services of passenger aircraft or aircraft suitable for passenger and freight (including helicopters) with operator or crew (wet and damp leasing). A ''wet lease'' is a leasing arrangement whereby one ""airline"" or aircraft operator (the lessor) provides an aircraft, complete crew (''damp lease'' is with only cockpit crew), maintenance, and insurance (ACMI). These services are generally supplied on a time basis and several different destinations are frequently involved. The services may include providing fuel. Renters or lessees generally have operational control of the flights. The period of the rental or lease can go from one month to usually one to two years. Everything less than one month can be considered as ad-hoc charter services."
4,Detail,5215131,521513,Rental and leasing of passenger aircraft with operator or crew (except chartering),,"Rental and leasing services of passenger aircraft or aircraft suitable for passenger and freight (including helicopters) with operator or crew (wet and damp leasing). A ''wet lease'' is a leasing arrangement whereby one ""airline"" or aircraft operator (the lessor) provides an aircraft, complete crew (''damp lease'' is with only cockpit crew), maintenance, and insurance (ACMI). These services are generally supplied on a time basis and several different destinations are frequently involved. The services may include providing fuel. Renters or lessees generally have operational control of the flights. The period of the rental or lease can go from one month to usually one to two years. Everything less than one month can be considered as ad-hoc charter services."
2,Class,52161,521,Scenic and sightseeing tour services,,"This class comprises services which take customers to areas of scenic, historical or cultural interest by rail, buses and other ground vehicles, water, and air, and/or use vintage or specialized equipment that is an attraction in itself. May include commentary, admission to sights or guided visits. These services are short-duration, not involving overnight accommodation."
3,Subclass,521611,52161,Sightseeing services by rail,,"This subclass comprises services by rail which take customers to areas of scenic, historical or cultural interest, and/or use vintage or specialized equipment such as steam trains, cog railways and monorails. May include commentary, admission to sights, guided visits, meals or entertainment. Covers dining trips and theatre trips. These services are short-duration, not involving overnight accommodation."
4,Detail,5216111,521611,Sightseeing services by rail,,"Services by rail which take customers to areas of scenic, historical or cultural interest, and/or use vintage or specialized equipment such as steam trains, cog railways and monorails. May include commentary, admission to sights, guided visits, meals or entertainment. Covers dining trips and theatre trips. These services are short-duration, not involving overnight accommodation."
3,Subclass,521612,52161,Sightseeing services by buses and other ground vehicles,,"This subclass comprises services by buses and other ground vehicles which take customers to areas of scenic, historical or cultural interest, and/or use vintage or specialized equipment that is an attraction in itself. Covers tours that permit clients to get off and board again when they wish. May include commentary, admission to sights, guided visits, meals or entertainment. These services are short-duration, not involving overnight accommodation."
4,Detail,5216121,521612,Sightseeing services by buses and other ground vehicles,,"Services by buses and other ground vehicles which take customers to areas of scenic, historical or cultural interest, and/or use vintage or specialized equipment that is an attraction in itself. Covers tours that permit clients to get off and board again when they wish. May include commentary, admission to sights, guided visits, meals or entertainment. These services are short-duration, not involving overnight accommodation."
3,Subclass,521613,52161,Sightseeing services by water,,"This subclass comprises services by water which take customers to areas of scenic, historical or cultural interest, and/or use vintage or specialized equipment that is an attraction in itself. May include commentary, admission to sights, guided visits, meals or entertainment. These services are short-duration, not involving overnight accommodation."
4,Detail,5216131,521613,Sightseeing services by water,,"Services by water which take customers to areas of scenic, historical or cultural interest, and/or use vintage or specialized equipment that is an attraction in itself. May include commentary, admission to sights, guided visits, meals or entertainment. These services are short-duration, not involving overnight accommodation."
3,Subclass,521614,52161,Sightseeing services by air,,"This subclass comprises services by air which take customers to areas of scenic, historical or cultural interest, and/or use vintage or specialized equipment that is an attraction in itself. May include commentary, admission to sights, guided visits, meals or entertainment. These services are short-duration, not involving overnight accommodation."
4,Detail,5216141,521614,Sightseeing services by air,,"Services by air which take customers to areas of scenic, historical or cultural interest, and/or use vintage or specialized equipment that is an attraction in itself. May include commentary, admission to sights, guided visits, meals or entertainment. These services are short-duration, not involving overnight accommodation."
1,Group,531,,Transportation support services,,"This group comprises road transportation support services; motor vehicle maintenance and repair services; rail transportation support, maintenance and repair services; water transportation support, maintenance and repair services; air transportation support services; aircraft maintenance and repair services; freight transportation arrangement and customs brokering services; and other transportation support services."
2,Class,53111,531,Road transportation support services,,"This class comprises services in support of road transportation, such as access to toll roads; towing services; bus terminal services for intercity carriers; drayage services; and snow removal services for roads, highways and bridges."
3,Subclass,531111,53111,Road transportation support services,,"This subclass comprises services in support of road transportation, such as access to toll roads; towing services; bus terminal services for intercity carriers; drayage services; and snow removal services for roads, highways and bridges."
4,Detail,5311111,531111,Road access services,,"Access to bridges, tunnels and highways for which a toll is charged."
4,Detail,5311112,531111,Road vehicle towing services,,Towing of road motor vehicles.
4,Detail,5311113,531111,Bus terminal services,,Access for carriers to intercity bus stations.
4,Detail,5311114,531111,Drayage,,"Short movements of truck trailers or containers, by road, between or within terminals, yards or intermodal facilities, or across a border."
4,Detail,5311115,531111,"Snow removal services for roads, highways and bridges",,"Snow removal services for roads, highways and bridges."
4,Detail,5311116,531111,"Road transportation support services, n.e.c.",,"Support services for road transportation, n.e.c."
2,Class,53112,531,Motor vehicle maintenance and repair services,,"This class comprises maintenance and repair services for automobiles and light trucks; maintenance and repair services for motor homes, travel trailers and campers; and maintenance and repair services for heavy trucks and buses."
3,Subclass,531121,53112,Maintenance and repair services for automobiles and light trucks,,This subclass comprises maintenance and repair services for automobiles and light trucks; washing and cleaning services for automobiles and light trucks; and regulatory safety and emissions inspection services for automobiles and light trucks.
4,Detail,5311211,531121,"Maintenance and repair services for automobiles and light trucks (except washing and cleaning, and regulatory safety and emissions inspections)",,"Maintenance and repair services for automobiles and light trucks, except washing and cleaning, and regulatory safety and emissions inspections."
4,Detail,5311212,531121,Washing and cleaning services for automobiles and light trucks,,Washing and cleaning services for automobiles and light trucks.
4,Detail,5311213,531121,Regulatory safety and emissions inspection services for automobiles and light trucks,,"Safety inspections and emissions tests of automobiles and light trucks, to certify that they meet regulatory requirements."
3,Subclass,531122,53112,"Maintenance and repair services for motor homes, travel trailers and campers",,"This subclass comprises maintenance and repair services for motor homes, travel trailers and campers."
4,Detail,5311221,531122,"Maintenance and repair services for motor homes, travel trailers and campers",,"Maintenance and repair services for motor homes, travel trailers and campers."
3,Subclass,531123,53112,Maintenance and repair services for heavy trucks and buses,,This subclass comprises maintenance and repair services for heavy trucks and buses; washing and cleaning services for heavy trucks and buses; and regulatory safety and emissions inspection services for heavy trucks and buses.
4,Detail,5311231,531123,"Maintenance and repair services for heavy trucks and buses (except washing and cleaning, and regulatory safety and emissions inspections)",,"Maintenance and repair services for heavy trucks and buses, except washing and cleaning, and regulatory safety and emissions inspections."
4,Detail,5311232,531123,Washing and cleaning services for heavy trucks and buses,,Washing and cleaning services for heavy trucks and buses.
4,Detail,5311233,531123,Regulatory safety and emissions inspection services for heavy trucks and buses,,"Safety inspections and emissions tests of heavy trucks and buses, to certify that they meet regulatory requirements."
2,Class,53121,531,"Rail transportation support, maintenance and repair services",,This class comprises rail transportation support services; maintenance and repair of locomotives and rolling stock; and maintenance and repair and related services for railway tracks.
3,Subclass,531211,53121,"Rail transportation support, maintenance and repair services",,This subclass comprises rail transportation support services; maintenance and repair of locomotives and rolling stock; and maintenance and repair and related services for railway tracks.
4,Detail,5312111,531211,Rail transportation support services,,Rail transportation support services.
4,Detail,5312112,531211,Maintenance and repair of locomotives and rolling stock,,Maintenance and repair of locomotives and rolling stock.
4,Detail,5312113,531211,Maintenance and repair and related services for railway tracks,,"Providing maintenance and repair services (including installation of replacement parts) for railway tracks and equipment, except locomotives and rolling stock."
2,Class,53131,531,"Water transportation support, maintenance and repair services",,"This class comprises marine facility services; navigational services for marine vessels; marine salvage services; water transportation support services, n.e.c.; maintenance and repair of marine vessels; and marine vessel traffic reporting."
3,Subclass,531311,53131,"Water transportation support, maintenance and repair services",,"This subclass comprises marine facility services; navigational services for marine vessels; marine salvage services; water transportation support services, n.e.c.; maintenance and repair of marine vessels; and marine vessel traffic reporting."
4,Detail,5313111,531311,Marine facility services,,"Access for marine vessels to ports, harbours, marine terminals, the St Lawrence Seaway and canals."
4,Detail,5313112,531311,Navigational services for marine vessels,,Navigational services for marine vessels.
4,Detail,5313113,531311,Marine salvage services,,Marine salvage services.
4,Detail,5313114,531311,"Water transportation support services, n.e.c.",,"Services in support of water transportation, n.e.c."
4,Detail,5313115,531311,Maintenance and repair of marine vessels,,"Maintenance and repair of marine vessel performed in shipyards, land-based dry docks, floating dry docks, or by divers."
4,Detail,5313116,531311,Marine vessel traffic reporting,,Publication of information about commercial marine vessels and their movements.
2,Class,53141,531,Air transportation support services,,This class comprises air terminal services; and other air transportation support services.
3,Subclass,531411,53141,Air terminal services,,This subclass comprises air traffic control and navigation services; fixed base operation (FBO) services; airport operation and administration; and aircraft parking services.
4,Detail,5314111,531411,Air traffic control and navigation services,,Air traffic control and navigation services.
4,Detail,5314112,531411,Fixed base operation (FBO) services,,Support services to general aviation aircraft and pilots.
4,Detail,5314113,531411,Airport operation and administration services,,"Allowing aircraft to take off and land, and providing aircraft operators with access to airport facilities."
4,Detail,5314114,531411,Aircraft parking services,,Housing of aircraft in hangar or on field.
3,Subclass,531412,53141,Other air transportation support services,,This subclass comprises other air transportation support services.
4,Detail,5314121,531412,Other air transportation support services,,Other air transportation support services.
2,Class,53142,531,Aircraft maintenance and repair services,,This class comprises aircraft maintenance and repair services.
3,Subclass,531421,53142,Aircraft maintenance and repair services,,This subclass comprises aircraft maintenance and repair services.
4,Detail,5314211,531421,Aircraft maintenance and repair services,,Aircraft maintenance and repair services.
2,Class,53151,531,Freight transportation arrangement and customs brokering services,,"This class comprises arranging the international or domestic transportation of goods on a fee for service basis, or facilitating the clearance of goods through customs on behalf of the importer or exporter of the goods. May include advising on regulations and preparing documentation."
3,Subclass,531511,53151,Freight transportation arrangement services,,"This subclass comprises arrangement of the international or domestic transportation of goods on a fee for service basis. May involve consolidating shipments. May include advising on packing, advising on import and other regulations, preparing documentation for customs and other requirements, arranging for customs brokerage, arranging for storage and distribution, and tracking shipments."
4,Detail,5315111,531511,Freight transportation arrangement services,,"Arrangement of the international or domestic transportation of goods on a fee for service basis. May involve consolidating shipments. May include advising on packing, advising on import and other regulations, preparing documentation for customs and other requirements, arranging for customs brokerage, arranging for storage and distribution, and tracking shipments."
3,Subclass,531512,53151,Customs brokering services,,"This subclass comprises facilitating the clearance of goods through customs on behalf of the importer or exporter of the goods. Covers preparing documentation related to a shipment, paying duties and obtaining release of goods."
4,Detail,5315121,531512,Customs brokering services,,"Facilitating the clearance of goods through customs on behalf of the importer or exporter of the goods. Covers preparing documentation related to a shipment, paying duties and obtaining release of goods."
2,Class,53152,531,Other transportation support services,,"This class comprises packing and crating services for transportation or storage; liquefaction and regasification of natural gas; freight loading and unloading services; carpool and vanpool coordination services; and transportation support services, n.e.c."
3,Subclass,531521,53152,Other transportation support services,,"This subclass comprises packing and crating services for transportation or storage; liquefaction and regasification of natural gas; freight loading and unloading services; carpool and vanpool coordination services; and transportation support services, n.e.c."
4,Detail,5315211,531521,Packing and crating services for transportation or storage,,Packing and crating of goods for transportation or storage.
4,Detail,5315212,531521,Liquefaction and regasification of natural gas,,Liquefaction and regasification of natural gas.
4,Detail,5315213,531521,Freight loading and unloading services,,"Loading onto, and unloading freight from, transportation equipment."
4,Detail,5315214,531521,Carpool and vanpool coordination services,,Facilitating contacts among people wishing to organize or join a carpool or vanpool.
4,Detail,5315215,531521,"Transportation support services, n.e.c.",,"Transportation support services, n.e.c."
1,Group,541,,Warehousing and storage services,,This group comprises grain storage services and warehousing and storage services for other goods.
2,Class,54111,541,Grain storage,,This class comprises storage and safekeeping of grain.
3,Subclass,541111,54111,Grain storage,,This subclass comprises storage and safekeeping of grain.
4,Detail,5411111,541111,Grain storage,,Storage and safekeeping of grain.
2,Class,54112,541,Warehousing and storage services (except grain storage),,This class comprises storage and safekeeping of goods other than grain.
3,Subclass,541121,54112,Warehousing and storage services (except grain storage),,This subclass comprises storage and safekeeping of goods other than grain.
4,Detail,5411211,541121,Warehousing and storage services (except grain storage),,Storage and safekeeping of goods other than grain.
1,Group,551,,Wholesale services (except commissions),,"This group comprises the services of buying and selling merchandise on own account at an intermediate step in the distribution chain. Wholesale services bundled with services incidental to the own account sale of merchandise such as logistics, inventory management, marketing services, packaging and labeling, handling of warranty claims, in-store or co-op promotions, and product training are also included."
2,Class,55111,551,Farm products at wholesale,,This class comprises wholesaling services for live animals; oilseeds and grains; nursery stock and live plants; and other farm products. Wholesaling services for cannabis products are excluded from this class.
3,Subclass,551111,55111,Live animals at wholesale,,This subclass comprises wholesaling services for household pets; and livestock.
4,Detail,5511111,551111,Household pets at wholesale,,Wholesaling services for live household pets.
4,Detail,5511112,551111,"Livestock (except pets), at wholesale",,"Wholesaling services for livestock and other live animals, except pets."
3,Subclass,551112,55111,"Oilseeds and grains, at wholesale",,This subclass comprises wholesaling services for oilseeds and grains.
4,Detail,5511121,551112,"Oilseeds and grains, at wholesale",,Wholesaling services for oilseeds and grains.
3,Subclass,551113,55111,"Nursery stock and live plants, at wholesale",,"This subclass comprises wholesaling services for nursery stock and live plants. Nursery stock refers to plants intended for planting, including roots, bulbs and tubers. Live plants comprise flowers, trees and bushes, and may be sold cut or in pot."
4,Detail,5511131,551113,"Nursery stock and live plants, at wholesale",,"Wholesaling services for nursery stock and live plants. Nursery stock refers to plants intended for planting, including roots, bulbs and tubers. Live plants comprise flowers, trees and bushes, and may be sold cut or in pot."
3,Subclass,551114,55111,Other farm products at wholesale,,"This subclass comprises wholesaling services for leaf tobacco, including stemmed and dried; raw wool, animal hair and silk; animal hides, skins and pelts; and raw farm products n.e.c., except oilseeds and grains."
4,Detail,5511141,551114,"Leaf tobacco (including stemmed and dried), at wholesale",,"Wholesaling services for leaf tobacco, including stemmed and dried."
4,Detail,5511142,551114,"Raw wool, animal hair and silk, at wholesale",,"Wholesaling services for raw wool, animal hair and silk."
4,Detail,5511143,551114,"Animal hides, skins and pelts, at wholesale",,"Wholesaling services for animal hides, skins and pelts."
4,Detail,5511144,551114,"Raw farm products n.e.c. (except oilseeds and grains), at wholesale",,"Wholesaling services for raw farm products n.e.c., except oilseeds and grains."
2,Class,55112,551,"Petroleum and petroleum products, at wholesale",,"This class comprises wholesaling services for crude petroleum oil; automotive fuels; other fuels; lubricating oils and greases; and other petroleum products, n.e.c."
3,Subclass,551121,55112,"Petroleum and petroleum products, at wholesale",,"This subclass comprises wholesaling services for crude petroleum oil; automotive fuels; other fuels; lubricating oils and greases; and other petroleum products, n.e.c."
4,Detail,5511211,551121,Crude petroleum oil at wholesale,,Wholesaling services for crude petroleum oil.
4,Detail,5511212,551121,Automotive fuels at wholesale,,Wholesaling services for automotive fuels.
4,Detail,5511213,551121,Other fuels at wholesale,,Wholesaling services for fuels other than for automotive.
4,Detail,5511214,551121,"Lubricating oils and greases, at wholesale",,Wholesaling services for lubricating oils and greases made from petroleum.
4,Detail,5511215,551121,"Other petroleum products, n.e.c., at wholesale",,"Wholesaling services for other petroleum products, n.e.c."
2,Class,55113,551,"Food, beverages, and tobacco products, at wholesale",,"This class comprises wholesaling services for fresh meat and meat products, except canned and frozen; dairy products, except dried, canned, condensed, and evaporated; poultry and eggs; fresh fish and other fresh seafood; fresh fruit and vegetables; other foods; non-alcoholic beverages, except coffee and tea; alcoholic beverages; and tobacco products and accessories, except raw tobacco. Wholesaling services for cannabis-infused edible products are excluded from this class."
3,Subclass,551131,55113,"Fresh meat and meat products (except canned and frozen), at wholesale",,"This subclass comprises wholesaling services for fresh meat and meat products, except canned and frozen."
4,Detail,5511311,551131,"Fresh meat and meat products (except canned and frozen), at wholesale",,"Wholesaling services for fresh meat and meat products, except canned and frozen."
3,Subclass,551132,55113,"Dairy products (except dried, canned, condensed, and evaporated) at wholesale",,"This subclass comprises wholesaling services for dairy products, except dried, canned, condensed, and evaporated."
4,Detail,5511321,551132,"Dairy products (except dried, canned, condensed, and evaporated), at wholesale",,"Wholesaling services for dairy products, except dried, canned, condensed, and evaporated."
3,Subclass,551133,55113,"Poultry and eggs, at wholesale",,"This subclass comprises wholesaling services for eggs in shell; and poultry and poultry products, except canned and frozen poultry products."
4,Detail,5511331,551133,Eggs at wholesale,,Wholesaling services for eggs in shell at wholesale.
4,Detail,5511332,551133,"Poultry and poultry products (except canned and frozen poultry products), at wholesale",,"Wholesaling services for fresh poultry and poultry products, except canned and frozen poultry products."
3,Subclass,551134,55113,"Fresh fish and other fresh seafood, at wholesale",,This subclass comprises wholesaling services for fresh or chilled fish and other fresh or chilled seafood.
4,Detail,5511341,551134,"Fresh fish and other fresh seafood, at wholesale",,Wholesaling services for fresh or chilled fish and other fresh or chilled seafood.
3,Subclass,551135,55113,"Fresh fruit and vegetables, at wholesale",,This subclass comprises wholesaling services for fresh or chilled fruit and vegetables.
4,Detail,5511351,551135,"Fresh fruit and vegetables, at wholesale",,Wholesaling services for fresh or chilled fruit and vegetables.
3,Subclass,551136,55113,Other foods at wholesale,,"This subclass comprises wholesaling services for frozen food; snack foods; confectionery; bread and other baked goods, including cookies; coffee and tea; sugar and sugar preparations; and other foods, including other food dry goods, n.e.c."
4,Detail,5511361,551136,Frozen food at wholesale,,Wholesaling services for frozen food.
4,Detail,5511362,551136,Snack foods at wholesale,,Wholesaling services for snack foods.
4,Detail,5511363,551136,Confectionery at wholesale,,Wholesaling services for confectionery.
4,Detail,5511364,551136,"Bread and other baked goods (including cookies), at wholesale",,"Wholesaling services for bread and other baked goods, including cookies."
4,Detail,5511365,551136,"Coffee and tea, at wholesale",,Wholesaling services for coffee and tea.
4,Detail,5511366,551136,"Sugar and sugar preparations, at wholesale",,Wholesaling services for sugar and sugar preparations.
4,Detail,5511367,551136,"Other foods (including other food dry goods), n.e.c., at wholesale",,"Wholesaling services for other foods, including other food dry goods, n.e.c."
3,Subclass,551137,55113,Non-alcoholic beverages (except coffee and tea) at wholesale,,"This subclass comprises wholesaling services for non-alcoholic beverages, except coffee and tea."
4,Detail,5511371,551137,Non-alcoholic beverages (except coffee and tea) at wholesale,,"Wholesaling services for non-alcoholic beverages, except coffee and tea."
3,Subclass,551138,55113,Alcoholic beverages at wholesale,,This subclass comprises wholesaling services for alcoholic beverages.
4,Detail,5511381,551138,Alcoholic beverages at wholesale,,Wholesaling services for alcoholic beverages.
3,Subclass,551139,55113,"Tobacco products (except raw tobacco) and accessories, and electronic cigarettes, at wholesale",,"This subclass comprises wholesaling services for tobacco products (except raw tobacco) and accessories, and electronic cigarettes."
4,Detail,5511391,551139,"Tobacco products and accessories (except raw tobacco and e-cigarettes), at wholesale",,"Wholesaling services for tobacco products and accessories, except raw tobacco and electronic cigarettes."
4,Detail,5511392,551139,"Electronic cigarettes, e-liquid refills, vaporizers and other e-liquid delivery systems, at wholesale",,"Wholesaling services for electronic cigarettes, e-liquid refills (with or without nicotine), vaporizers and other e-liquid delivery systems, except for electronic cigarettes containing cannabinoids."
2,Class,55114,551,"Personal and household goods, at wholesale",,"This class comprises wholesaling services for clothing and footwear; jewellery and watches; home furniture and furnishings; household appliances; home entertainment equipment; published products and recorded media, except software; sports equipment, toys, hobby goods and photographic equipment; pharmaceutical and medicinal products; and cosmetics and personal care supplies. Wholesaling services for cannabis products are excluded from this class."
3,Subclass,551141,55114,"Clothing and footwear, at wholesale",,"This subclass comprises wholesaling services for men's clothing; women's clothing; children's and infant clothing; vestments, costumes, and non-binary and gender-neutral clothing; clothing accessories; and footwear."
4,Detail,5511411,551141,Men's clothing at wholesale,,Wholesaling services for men's clothing.
4,Detail,5511412,551141,Women's clothing at wholesale,,Wholesaling services for women's clothing.
4,Detail,5511413,551141,"Children's and infant clothing, at wholesale",,"Wholesaling services for children's and infant clothing. Children's clothing includes boy's clothing up to Canadian size 20, and girl's clothing up to Canadian size 16. Infant clothing comprises clothing of Canadian sizes 0 to 24 months."
4,Detail,5511414,551141,"Vestments, costumes, and non-binary and gender-neutral clothing, at wholesale",,"Wholesaling services for vestments, costumes, and non-binary and gender-neutral clothing."
4,Detail,5511415,551141,Clothing accessories at wholesale,,"Wholesaling services for clothing accessories for men, women and children."
4,Detail,5511416,551141,Footwear at wholesale,,"Wholesaling services for footwear for men, women and children. Children's footwear comprises boys' and girls' footwear with an insole length of less than 24.25 cm and more than 16 cm, and infant footwear with an insole length of 16 cm or less."
3,Subclass,551142,55114,"Jewellery and watches, at wholesale",,This subclass comprises wholesaling services for jewellery; silverware; watches and watch parts; and costume jewellery.
4,Detail,5511421,551142,"Jewellery (except costume), at wholesale",,"Wholesaling services for jewellery, except costume."
4,Detail,5511422,551142,Silverware at wholesale,,Wholesaling services for silverware.
4,Detail,5511423,551142,"Watches and watch parts, at wholesale",,Wholesaling services for watches and watch parts.
4,Detail,5511424,551142,Costume jewellery at wholesale,,Wholesaling services for costume jewellery.
3,Subclass,551143,55114,"Home furniture and furnishings, at wholesale",,"This subclass comprises wholesaling services for indoor and outdoor home furniture; window treatments; floor coverings, except ceramic tile and wood flooring; household textile products n.e.c.; tableware, kitchenware, cookware and bakeware; and decorative home furnishings."
4,Detail,5511431,551143,"Indoor and outdoor home furniture, at wholesale",,Wholesaling services for indoor and outdoor home furniture.
4,Detail,5511432,551143,"Window treatments, at wholesale",,Wholesaling services for window treatments.
4,Detail,5511433,551143,"Floor coverings (except ceramic tile and wood flooring), at wholesale",,"Wholesaling services for floor coverings, except ceramic tile and wood flooring."
4,Detail,5511434,551143,"Household textile products n.e.c., at wholesale",,Wholesaling services for household textile products n.e.c.
4,Detail,5511435,551143,"Tableware, kitchenware, cookware and bakeware, at wholesale",,"Wholesaling services for tableware, kitchenware, cookware and bakeware."
4,Detail,5511436,551143,"Decorative home furnishings (except textile products), at wholesale",,"Wholesaling services for decorative home furnishings, except textile products."
3,Subclass,551144,55114,Household appliances at wholesale,,"This subclass comprises wholesaling services for household refrigerators and freezers; household stoves, microwaves, clothes washers, clothes dryers, and dishwashers; and small household appliances."
4,Detail,5511441,551144,"Household refrigerators and freezers, at wholesale",,Wholesaling services for household refrigerators and freezers.
4,Detail,5511442,551144,"Household stoves, microwaves, clothes washers, clothes dryers and dishwashers, at wholesale",,"Wholesaling services for household stoves, microwaves, clothes washers, clothes dryers and dishwashers."
4,Detail,5511443,551144,"Small household appliances, at wholesale",,Wholesaling services for small household appliances.
3,Subclass,551145,55114,Home entertainment equipment at wholesale,,This subclass comprises wholesaling services for televisions and audio and video equipment; and electronic game consoles and game software.
4,Detail,5511451,551145,"Televisions and audio and video equipment, at wholesale",,Wholesaling services for televisions and audio and video equipment.
4,Detail,5511452,551145,"Electronic game consoles (except game software), at wholesale",,"Wholesaling services for electronic game consoles, except game software."
4,Detail,5511453,551145,"Game software, at wholesale",,Wholesaling services for game software.
3,Subclass,551146,55114,"Published products and recorded media (except software), at wholesale",,"This subclass comprises wholesaling services for books, magazines, newspapers and other publications, except software; audio recordings; and video recordings."
4,Detail,5511461,551146,"Books, magazines, newspapers and other publications, at wholesale",,"Wholesaling services for books, magazines, newspapers and other publications."
4,Detail,5511462,551146,Audio recordings at wholesale,,Wholesaling services for audio or sound recordings.
4,Detail,5511463,551146,Video recordings at wholesale,,Wholesaling services for video recordings.
3,Subclass,551147,55114,"Sports equipment, toys, hobby goods and photographic equipment, at wholesale",,"This subclass comprises wholesaling services for bicycles; swimming pools and swimming pool supplies, except chemicals; sporting goods and equipment; digital and film cameras; photographic supplies; toys and games, except game consoles and software; musical instruments and accessories; hobby and craft supplies; and fireworks and firecrackers."
4,Detail,5511471,551147,Bicycles at wholesale,,Wholesaling services for bicycles.
4,Detail,5511472,551147,"Swimming pools and swimming pool supplies (except chemicals), at wholesale",,"Wholesaling services for swimming pools and swimming pool supplies, except chemicals."
4,Detail,5511473,551147,"Sporting goods and equipment (except bicycles and swimming pool equipment), at wholesale",,"Wholesaling services for sporting goods and equipment, except bicycles and swimming pool equipment."
4,Detail,5511474,551147,"Digital and film cameras, at wholesale",,Wholesaling services for digital and film cameras.
4,Detail,5511475,551147,"Photographic supplies (except still cameras), at wholesale",,"Wholesaling services for photographic supplies, except still cameras."
4,Detail,5511476,551147,"Toys and games (except game consoles and software), at wholesale",,"Wholesaling services for toys and games, except game consoles and software."
4,Detail,5511477,551147,"Musical instruments and accessories, at wholesale",,Wholesaling services for musical instruments and accessories.
4,Detail,5511478,551147,"Hobby and craft supplies, at wholesale",,Wholesaling services for hobby and craft supplies.
4,Detail,5511479,551147,"Fireworks and firecrackers, at wholesale",,Wholesaling services for fireworks and firecrackers.
3,Subclass,551148,55114,"Pharmaceutical and medicinal products, at wholesale",,"This subclass comprises wholesaling services for medicines, vitamins, minerals and supplements for human use; veterinary medicines; and biologics, including vaccines and diagnostic substances."
4,Detail,5511481,551148,"Medicines, vitamins, minerals and supplements for human use, at wholesale",,"Wholesaling services for medicines, vitamins, minerals and supplements for human use."
4,Detail,5511482,551148,"Veterinary medicines, at wholesale",,Wholesaling services for veterinary medicines.
4,Detail,5511483,551148,"Biologics (including vaccines and diagnostic substances), at wholesale",,"Wholesaling services for biologics, including vaccines and diagnostic substances."
3,Subclass,551149,55114,"Cosmetics and personal care supplies, at wholesale",,"This subclass comprises wholesaling services for cosmetics and beauty supplies, including perfumes; bath, facial, and hand soaps; disposable diapers, and feminine hygiene products; medical supplies for persons; and other personal care supplies, including non-electric toothbrushes and razors."
4,Detail,5511491,551149,"Cosmetics and beauty supplies (including perfumes), at wholesale",,"Wholesaling services for cosmetics and beauty supplies, including perfumes."
4,Detail,5511492,551149,"Bath, facial, and hand soaps, at wholesale",,"Wholesaling services for bath, facial, and hand soaps."
4,Detail,5511493,551149,"Disposable diapers, and feminine hygiene products, at wholesale",,"Wholesaling services for disposable diapers, and feminine hygiene products."
4,Detail,5511494,551149,"Medical supplies for persons, at wholesale",,Wholesaling services for medical supplies for persons.
4,Detail,5511495,551149,"Other personal care supplies (including non-electric toothbrushes and razors), at wholesale",,"Wholesaling services for other personal care supplies, including non-electric toothbrushes and razors."
2,Class,55115,551,"Motor vehicles and motor vehicle parts and accessories, at wholesale",,"This class comprises wholesaling services for automobiles, light trucks, and vans; buses, medium and heavy-duty trucks, and truck tractors; recreational and other motor vehicles; tires and tubes; and other new and used motor vehicle parts and supplies."
3,Subclass,551151,55115,"Automobiles, light trucks, and vans, at wholesale",,"This subclass comprises wholesaling services for automobiles, light trucks, and vans."
4,Detail,5511511,551151,"Automobiles, light trucks, and vans, at wholesale",,"Wholesaling services for automobiles, light trucks, and vans."
3,Subclass,551152,55115,"Buses, medium and heavy-duty trucks, and truck tractors, at wholesale",,"This subclass comprises wholesaling services for buses, medium and heavy-duty trucks, and truck tractors."
4,Detail,5511521,551152,"Buses, medium and heavy-duty trucks, and truck tractors, at wholesale",,"Wholesaling services for buses, medium and heavy-duty trucks, and truck tractors."
3,Subclass,551153,55115,"Recreational and other motor vehicles, at wholesale",,"This subclass comprises wholesaling services for motor homes, travel trailers, and campers; and motorcycles, snowmobiles and other recreational land vehicles, including trailers."
4,Detail,5511531,551153,"Motor homes, travel trailers, and campers, at wholesale",,"Wholesaling services for motor homes, travel trailers, and campers."
4,Detail,5511532,551153,"Motorcycles, snowmobiles and other recreational land vehicles (including trailers), at wholesale",,"Wholesaling services for motorcycles, snowmobiles and other recreational land vehicles, including trailers."
3,Subclass,551154,55115,"Tires and tubes, at wholesale",,This subclass comprises wholesaling services for tires and tubes.
4,Detail,5511541,551154,"Tires and tubes, at wholesale",,Wholesaling services for tires and tubes.
3,Subclass,551155,55115,"Other new and used motor vehicle parts and supplies, at wholesale",,This subclass comprises wholesaling services for automotive batteries; new motor vehicle parts and accessories; automotive chemicals; and used motor vehicle parts and accessories.
4,Detail,5511551,551155,Automotive batteries at wholesale,,Wholesaling services for automotive batteries.
4,Detail,5511552,551155,"New motor vehicle parts and accessories, at wholesale",,Wholesaling services for new motor vehicle parts and accessories.
4,Detail,5511553,551155,"Automotive chemicals, at wholesale",,Wholesaling services for automotive chemicals.
4,Detail,5511554,551155,"Used motor vehicle parts and accessories, at wholesale",,Wholesaling services for used motor vehicle parts and accessories.
2,Class,55116,551,"Building materials and supplies, at wholesale",,"This class comprises wholesaling services for lumber, plywood and millwork; electrical, lighting and communication supplies; plumbing, heating and air-conditioning equipment and supplies; paint, glass and wallpaper; hand tools and hardware; and other building supplies."
3,Subclass,551161,55116,"Lumber, plywood and millwork, at wholesale",,"This subclass comprises wholesaling services for hardwood lumber; softwood lumber; wood doors and windows, and other millwork; flooring products of wood, including laminate flooring; and other wood products for construction and renovation."
4,Detail,5511611,551161,"Hardwood lumber, at wholesale",,Wholesaling services for treated or untreated hardwood lumber.
4,Detail,5511612,551161,"Softwood lumber, at wholesale",,Wholesaling services for treated or untreated softwood lumber.
4,Detail,5511613,551161,"Wood doors and windows, and other millwork, at wholesale",,"Wholesaling services for wood doors and windows, and other millwork."
4,Detail,5511614,551161,"Flooring products of wood (including laminate flooring), at wholesale",,"Wholesaling services for flooring products of wood, including laminate flooring."
4,Detail,5511615,551161,"Other wood products for construction and renovation, at wholesale",,Wholesaling services for other wood products for construction and renovation.
3,Subclass,551162,55116,"Electrical, lighting and communication supplies, at wholesale",,"This subclass comprises wholesaling services for electrical motors, and generation and distribution equipment; electrical and communication wire and cable, and electrical system products; alarm and signalling systems; and light bulbs, fluorescent tubes, and flashlights."
4,Detail,5511621,551162,"Electrical motors, and generation and distribution equipment, at wholesale",,"Wholesaling services for electrical motors, and generation and distribution equipment."
4,Detail,5511622,551162,"Electrical and communication wire and cable, and electrical system products, at wholesale",,"Wholesaling services for electrical and communication wire and cable, and electrical system products."
4,Detail,5511623,551162,"Alarm and signalling systems, at wholesale",,Wholesaling services for alarm and signalling systems.
4,Detail,5511624,551162,"Light bulbs, fluorescent tubes, and flashlights, at wholesale",,"Wholesaling services for light bulbs, fluorescent tubes, and flashlights."
3,Subclass,551163,55116,"Plumbing, heating and air-conditioning equipment and supplies, at wholesale",,"This subclass comprises wholesaling services for plumbing equipment and supplies, including valves; and heating, ventilation and air-conditioning equipment and supplies."
4,Detail,5511631,551163,"Plumbing equipment and supplies (including valves), at wholesale",,"Wholesaling services for plumbing equipment and supplies, including valves."
4,Detail,5511632,551163,"Heating, ventilation and air-conditioning equipment and supplies, at wholesale",,"Wholesaling services for heating, ventilation and air-conditioning equipment and supplies."
3,Subclass,551164,55116,"Paint, glass and wallpaper, at wholesale",,This subclass comprises wholesaling services for paint and painting supplies; original equipment manufacturers coatings; glass and glass products; and wallpaper.
4,Detail,5511641,551164,"Paint and painting supplies (except original equipment manufacturers), at wholesale",,"Wholesaling services for paint and painting supplies, except coatings for original equipment manufacturers."
4,Detail,5511642,551164,"Original equipment manufacturers coatings, at wholesale",,Wholesaling services for original equipment manufacturers coatings.
4,Detail,5511643,551164,"Glass and glass products, at wholesale",,Wholesaling services for glass and glass products.
4,Detail,5511644,551164,Wallpaper at wholesale,,Wholesaling services for wallpaper and similar wall coverings.
3,Subclass,551165,55116,"Hand tools and hardware, at wholesale",,This subclass comprises wholesaling services for power hand tools; hand tools; fastener hardware; and other hardware.
4,Detail,5511651,551165,"Power hand tools, at wholesale",,Wholesaling services for power hand tools.
4,Detail,5511652,551165,"Hand tools, at wholesale",,Wholesaling services for hand tools.
4,Detail,5511653,551165,"Fastener hardware, at wholesale",,Wholesaling services for fastener hardware.
4,Detail,5511654,551165,"Hardware (except fastener hardware), at wholesale",,"Wholesaling services for hardware, except fastener hardware."
3,Subclass,551166,55116,Other building supplies at wholesale,,"This subclass comprises wholesaling services for concrete, cement, sand, gravel, stone, brick, block and tile; ceramic floor and wall tile; insulation products; non-wood roofing and siding; iron and steel structural materials; wire and cable, except electrical and communication, and wire products; metal doors, windows and trim; metal building materials n.e.c.; and other building materials, n.e.c."
4,Detail,5511661,551166,"Concrete, cement, sand, gravel, stone, brick, block and tile, at wholesale",,"Wholesaling services for concrete, cement, sand, gravel, stone, brick, block and tile."
4,Detail,5511662,551166,"Ceramic floor and wall tile, at wholesale",,Wholesaling services for ceramic floor and wall tile.
4,Detail,5511663,551166,Insulation products at wholesale,,Wholesaling services for insulation products.
4,Detail,5511664,551166,"Non-wood roofing and siding, at wholesale",,Wholesaling services for non-wood roofing and siding.
4,Detail,5511665,551166,"Iron and steel structural materials, at wholesale",,Wholesaling services for iron and steel structural materials.
4,Detail,5511666,551166,"Wire and cable (except electrical and communication), and wire products, at wholesale",,"Wholesaling services for wire and cable, except electrical and communication, and wire products."
4,Detail,5511667,551166,"Metal doors, windows and trim, at wholesale",,"Wholesaling services for metal doors, windows and trim."
4,Detail,5511668,551166,"Metal building materials, n.e.c., at wholesale",,"Wholesaling services for metal building materials, n.e.c."
4,Detail,5511669,551166,"Other building materials, n.e.c., at wholesale",,"Wholesaling services for other building materials, n.e.c."
2,Class,55117,551,"Machinery, equipment and supplies, at wholesale",,"This class comprises wholesaling services for farm and lawn and garden machinery and equipment, and farm supplies; construction and forestry machinery, equipment and supplies; mining and oil and gas well machinery, equipment and supplies; other industrial machinery, equipment and supplies; computer, computer peripherals and packaged software, except game software; electronic components, and navigational and communications equipment and supplies; office, commercial and service industry machinery, equipment and supplies; medical, professional, and industrial safety equipment and supplies; and industrial engines, boats, and other vehicles and transportation equipment, n.e.c."
3,Subclass,551171,55117,"Farm and lawn and garden machinery and equipment, and farm supplies, at wholesale",,"This subclass comprises wholesaling services for farm machinery and equipment; lawn and garden machinery and equipment; parts of agricultural machinery and equipment; animal feed, except pet food; seeds and bulbs; agricultural chemicals; and other agricultural supplies."
4,Detail,5511711,551171,"Farm machinery and equipment, at wholesale",,Wholesaling services for farm machinery and equipment.
4,Detail,5511712,551171,"Lawn and garden machinery and equipment, at wholesale",,Wholesaling services for lawn and garden machinery and equipment.
4,Detail,5511713,551171,"Parts of agricultural machinery and equipment, at wholesale",,Wholesaling services for parts of agricultural machinery and equipment.
4,Detail,5511714,551171,"Animal feed (except pet food), at wholesale",,"Wholesaling services for animal feed, except pet food."
4,Detail,5511715,551171,"Seeds and bulbs, at wholesale",,Wholesaling services for seeds and bulbs.
4,Detail,5511716,551171,"Agricultural chemicals, at wholesale",,Wholesaling services for agricultural chemicals.
4,Detail,5511717,551171,"Other agricultural supplies, at wholesale",,Wholesaling services for other agricultural supplies.
3,Subclass,551172,55117,"Construction and forestry machinery, equipment and supplies, at wholesale",,This subclass comprises wholesaling services for construction machinery and equipment; forestry machinery and equipment; and parts and supplies for construction and forestry machinery and equipment.
4,Detail,5511721,551172,"Construction machinery and equipment, at wholesale",,Wholesaling services for construction machinery and equipment.
4,Detail,5511722,551172,"Forestry machinery and equipment, at wholesale",,Wholesaling services for forestry machinery and equipment.
4,Detail,5511723,551172,"Parts and supplies for construction and forestry machinery and equipment, at wholesale",,Wholesaling services for parts and supplies for construction and forestry machinery and equipment.
3,Subclass,551173,55117,"Mining and oil and gas well machinery, equipment and supplies, at wholesale",,This subclass comprises wholesaling services for mining and oil and gas well machinery and equipment; and parts and supplies for mining and oil well and pipeline machinery and equipment.
4,Detail,5511731,551173,"Mining and oil and gas well machinery and equipment, at wholesale",,Wholesaling services for mining and oil and gas well machinery and equipment.
4,Detail,5511732,551173,"Parts and supplies for mining and oil well and pipeline machinery and equipment, at wholesale",,Wholesaling services for parts and supplies for mining and oil well and pipeline machinery and equipment.
3,Subclass,551174,55117,"Other industrial machinery, equipment and supplies, at wholesale",,"This subclass comprises wholesaling services for metalworking machinery and equipment; materials handling machinery and equipment; other industrial machinery and equipment; industrial storage batteries; soldering and welding supplies; mechanical and fluid power transmission components and supplies; parts and supplies for industrial machinery and equipment n.e.c.; printers' ink; and packaging products, except paper and paperboard."
4,Detail,5511741,551174,"Metalworking machinery and equipment, at wholesale",,Wholesaling services for metalworking machinery and equipment.
4,Detail,5511742,551174,"Materials handling machinery and equipment, at wholesale",,Wholesaling services for materials handling machinery and equipment.
4,Detail,5511743,551174,"Other industrial machinery and equipment, at wholesale",,Wholesaling services for other industrial machinery and equipment.
4,Detail,5511744,551174,"Industrial storage batteries, at wholesale",,Wholesaling services for industrial storage batteries.
4,Detail,5511745,551174,"Soldering and welding supplies, at wholesale",,Wholesaling services for soldering and welding supplies.
4,Detail,5511746,551174,"Mechanical and fluid power transmission components and supplies, at wholesale",,Wholesaling services for mechanical and fluid power transmission components and supplies.
4,Detail,5511747,551174,"Parts and supplies for industrial machinery and equipment, n.e.c., at wholesale",,"Wholesaling services for parts and supplies for industrial machinery and equipment, n.e.c."
4,Detail,5511748,551174,"Printers' ink, at wholesale",,Wholesaling services for printers' ink.
4,Detail,5511749,551174,"Packaging products (except paper and paperboard), at wholesale",,"Wholesaling services for packaging products, except of paper and paperboard."
3,Subclass,551175,55117,"Computer, computer peripherals and packaged software (except game software), at wholesale",,"This subclass comprises wholesaling services for computers, storage devices and peripheral equipment; and software, except game."
4,Detail,5511751,551175,"Computers, storage devices and peripheral equipment, at wholesale",,"Wholesaling services for computers, storage devices and peripheral equipment."
4,Detail,5511752,551175,"Software (except game), at wholesale",,"Wholesaling services for software, except game software."
3,Subclass,551176,55117,"Electronic components, and navigational and communications equipment and supplies, at wholesale",,"This subclass comprises wholesaling services for electronic components; telephones and related equipment, including cellular phones, pagers and answering machines; other communications equipment; and electronic equipment n.e.c."
4,Detail,5511761,551176,"Electronic components, at wholesale",,Wholesaling services for electronic components.
4,Detail,5511762,551176,"Telephones and related equipment (including cellular phones, pagers and answering machines), at wholesale",,"Wholesaling services for telephones and related equipment, including cellular phones, pagers and answering machines."
4,Detail,5511763,551176,"Other communications equipment, at wholesale",,Wholesaling services for other communications equipment.
4,Detail,5511764,551176,"Electronic equipment, n.e.c., at wholesale",,"Wholesaling services for electronic equipment, n.e.c."
3,Subclass,551177,55117,"Office, commercial and service industry machinery, equipment and supplies, at wholesale",,"This subclass comprises wholesaling services for office equipment, except computers, storage devices and peripheral equipment; office furniture; commercial and service industry machinery and equipment; parts and supplies for commercial and service industry machinery and equipment; and caskets and other funeral goods."
4,Detail,5511771,551177,"Office equipment (except computers, storage devices and peripheral equipment), at wholesale",,"Wholesaling services for office equipment, except computers, storage devices and peripheral equipment."
4,Detail,5511772,551177,"Office furniture, at wholesale",,Wholesaling services for office furniture.
4,Detail,5511773,551177,"Commercial and service industry machinery and equipment, at wholesale",,Wholesaling services for commercial and service industry machinery and equipment.
4,Detail,5511774,551177,"Parts and supplies for commercial and service industry machinery and equipment, at wholesale",,Wholesaling services for parts and supplies for commercial and service industry machinery and equipment.
4,Detail,5511775,551177,"Caskets and other funeral goods, at wholesale",,Wholesaling services for caskets and other funeral goods.
3,Subclass,551178,55117,"Medical, professional, and industrial safety equipment and supplies, at wholesale",,"This subclass comprises wholesaling services for medical, scientific, laboratory, measuring, control and other professional equipment; home health care equipment and appliances; medical and dental supplies; eyewear, including frames and lenses; and industrial safety equipment and supplies."
4,Detail,5511781,551178,"Medical, scientific, laboratory, measuring, control and other professional equipment, at wholesale",,"Wholesaling services for medical, scientific, laboratory, measuring, control and other professional equipment, including professional supplies other than medical and dental."
4,Detail,5511782,551178,"Home health care equipment and appliances, at wholesale",,Wholesaling services for home health care equipment and appliances.
4,Detail,5511783,551178,"Medical and dental supplies, at wholesale",,Wholesaling services for medical and dental supplies.
4,Detail,5511784,551178,"Eyewear (including frames and lenses), at wholesale",,"Wholesaling services for eyewear, including frames and lenses."
4,Detail,5511785,551178,"Industrial safety equipment and supplies, at wholesale",,Wholesaling services for industrial safety equipment and supplies.
3,Subclass,551179,55117,"Industrial engines, boats, and other vehicles and transportation equipment, n.e.c., at wholesale",,"This subclass comprises wholesaling services for industrial engines; boats, and recreational vehicles n.e.c.; other vehicles and transportation equipment; and parts of aircraft and other transportation equipment, except automotive."
4,Detail,5511791,551179,"Industrial engines, at wholesale",,Wholesaling services for industrial engines.
4,Detail,5511792,551179,"Boats and other watercraft, at wholesale",,Wholesaling services for boats and other watercraft.
4,Detail,5511793,551179,"Aircraft and other transportation equipment, at wholesale",,Wholesaling services for aircraft and other transportation equipment.
4,Detail,5511794,551179,"Parts of aircraft and other transportation equipment (except automotive), at wholesale",,"Wholesaling services for parts of aircraft and other transportation equipment, except automotive."
2,Class,55118,551,Intermediate products at wholesale,,"This class comprises wholesaling services for crude wood, pulpwood, wood pulp, and wood waste and scrap; recyclable scrap metal; recyclable paper and paperboard; other recyclable materials; fabric dry goods, leather, yarn and thread; non-agricultural chemicals, and plastic and rubber basic products; metal ores and concentrates and non-metallic minerals; unwrought metals, metal basic shapes, and metal in other forms n.e.c.; and solid fuels."
3,Subclass,551181,55118,"Crude wood, pulpwood, wood pulp, and wood waste and scrap, at wholesale",,This subclass comprises wholesaling services for crude wood products; pulpwood and wood pulp; and wood waste and scrap.
4,Detail,5511811,551181,Crude wood products at wholesale,,Wholesaling services for crude wood products.
4,Detail,5511812,551181,"Pulpwood and wood pulp, at wholesale",,Wholesaling services for pulpwood and wood pulp.
4,Detail,5511813,551181,"Wood waste and scrap, at wholesale",,Wholesaling services for wood waste and scrap.
3,Subclass,551182,55118,"Recyclable scrap metal, at wholesale",,This subclass comprises wholesaling services for recyclable scrap metal.
4,Detail,5511821,551182,"Recyclable scrap metal, at wholesale",,Wholesaling services for recyclable scrap metal.
3,Subclass,551183,55118,"Recyclable paper and paperboard, at wholesale",,This subclass comprises wholesaling services for recyclable paper and paperboard.
4,Detail,5511831,551183,"Recyclable paper and paperboard, at wholesale",,Wholesaling services for recyclable paper and paperboard.
3,Subclass,551184,55118,Other recyclable materials at wholesale,,This subclass comprises wholesaling services for recyclable glass; recyclable rubber and plastic; and recyclable textile materials.
4,Detail,5511841,551184,"Recyclable glass, at wholesale",,Wholesaling services for recyclable glass.
4,Detail,5511842,551184,"Recyclable rubber, at wholesale",,Wholesaling services for recyclable rubber.
4,Detail,5511843,551184,"Recyclable textile materials, at wholesale",,Wholesaling services for recyclable textile materials.
4,Detail,5511844,551184,"Recyclable plastic, at wholesale",,Wholesaling services for recyclable plastic.
3,Subclass,551185,55118,"Fabric dry goods, leather, yarn and thread, at wholesale",,"This subclass comprises wholesaling services for fibre, yarn, and thread; fabric dry goods and leather; and notions."
4,Detail,5511851,551185,"Fibre, yarn, and thread, at wholesale",,"Wholesaling services for fibre, yarn, and thread."
4,Detail,5511852,551185,"Fabric dry goods and leather, at wholesale",,Wholesaling services for fabric dry goods and leather.
4,Detail,5511853,551185,Notions at wholesale,,Wholesaling services for notions.
3,Subclass,551186,55118,"Non-agricultural chemicals, and plastic and rubber basic products, at wholesale",,"This subclass comprises wholesaling services for household, industrial and janitorial cleaning chemicals; adhesives, sealants and glues; industrial gases; other industrial chemicals; and plastics resins, plastic basic shapes, and rubber."
4,Detail,5511861,551186,"Household, industrial and janitorial cleaning chemicals, at wholesale",,"Wholesaling services for household, industrial and janitorial cleaning chemicals."
4,Detail,5511862,551186,"Adhesives, sealants and glues, at wholesale",,"Wholesaling services for adhesives, sealants and glues."
4,Detail,5511863,551186,Industrial gases at wholesale,,Wholesaling services for industrial gases.
4,Detail,5511864,551186,"Other industrial chemicals, at wholesale",,Wholesaling services for other industrial chemicals.
4,Detail,5511865,551186,"Plastics resins, at wholesale",,Wholesaling services for plastics resins.
4,Detail,5511866,551186,"Plastic basic shapes, at wholesale",,Wholesaling services for plastic basic shapes.
4,Detail,5511867,551186,"Rubber, at wholesale",,Wholesaling services for rubber.
3,Subclass,551187,55118,"Metal ores and concentrates and non-metallic minerals, at wholesale",,"This subclass comprises wholesaling services for metal ores and concentrates, including precious metal bullion; and clay, refractory minerals, industrial sand, and non-metallic minerals n.e.c."
4,Detail,5511871,551187,"Metal ores and concentrates (including precious metal bullion), at wholesale",,"Wholesaling services for metal ores and concentrates, including precious metal bullion."
4,Detail,5511872,551187,"Clay, refractory minerals, industrial sand, and non-metallic minerals n.e.c., at wholesale",,"Wholesaling services for clay, refractory minerals, industrial sand, and non-metallic minerals n.e.c."
3,Subclass,551188,55118,"Unwrought metals, metal basic shapes, and metal in other forms n.e.c., at wholesale",,This subclass comprises wholesaling services for unwrought metals; metal basic shapes; and metal in other forms n.e.c.
4,Detail,5511881,551188,"Unwrought metals, at wholesale",,Wholesaling services for unwrought metals.
4,Detail,5511882,551188,"Metal basic shapes, at wholesale",,Wholesaling services for metal basic shapes.
4,Detail,5511883,551188,"Metals in other forms n.e.c., at wholesale",,Wholesaling services for metal in other forms n.e.c.
3,Subclass,551189,55118,Solid fuels at wholesale,,This subclass comprises wholesaling services for coal; and other solid fuels.
4,Detail,5511891,551189,Coal at wholesale,,Wholesaling services for coal.
4,Detail,5511892,551189,Solid fuels (except coal) at wholesale,,"Wholesaling services for solid fuels, except coal."
2,Class,55119,551,"Other goods, n.e.c., at wholesale",,"This class comprises wholesaling services for stationery and other office supplies; other paper products, and disposable plastic products; household, industrial and janitorial supplies, except chemicals and paper products; luggage, briefcases, knapsacks, and duffel bags; pet food; miscellaneous personal and household goods, n.e.c; and used products n.e.c. Wholesaling services for cannabis products are excluded from this class."
3,Subclass,551191,55119,"Stationery and other office supplies, at wholesale",,This subclass comprises wholesaling services for stationery and other office supplies.
4,Detail,5511911,551191,"Stationery and other office supplies, at wholesale",,Wholesaling services for stationery and other office supplies.
3,Subclass,551192,55119,"Other paper products, and disposable plastic products, at wholesale",,"This subclass comprises wholesaling services for printing paper, including newsprint; paper and paperboard packaging products; disposable paper and plastic products; and household paper supplies, including aluminum foil and plastic bags."
4,Detail,5511921,551192,"Printing paper (including newsprint), at wholesale",,"Wholesaling services for printing paper, including newsprint."
4,Detail,5511922,551192,"Paper and paperboard packaging products, at wholesale",,Wholesaling services for paper and paperboard packaging products.
4,Detail,5511923,551192,"Disposable paper and plastic products (including aluminum foil), at wholesale",,"Wholesaling services for disposable paper and plastic products, including aluminum foil."
4,Detail,5511924,551192,"Household paper supplies (including plastic bags), at wholesale",,"Wholesaling services for household paper supplies, including plastic bags."
3,Subclass,551193,55119,"Household, industrial and janitorial supplies (except chemicals and paper products), at wholesale",,"This subclass comprises wholesaling services for household, industrial and janitorial supplies, except chemicals and paper products."
4,Detail,5511931,551193,"Household, industrial and janitorial supplies (except chemicals and paper products), at wholesale",,"Wholesaling services for household, industrial and janitorial supplies, except chemicals and paper products."
3,Subclass,551194,55119,"Luggage, briefcases, knapsacks, and duffel bags, at wholesale",,"This subclass comprises wholesaling services for luggage, briefcases, knapsacks, and duffel bags."
4,Detail,5511941,551194,"Luggage, briefcases, knapsacks, and duffel bags, at wholesale",,"Wholesaling services for luggage, briefcases, knapsacks, and duffel bags."
3,Subclass,551195,55119,Pet food at wholesale,,This subclass comprises wholesaling services for pet food.
4,Detail,5511951,551195,Pet food at wholesale,,Wholesaling services for pet food.
3,Subclass,551196,55119,"Miscellaneous personal and household goods, at wholesale",,This subclass comprises wholesaling services for pet supplies; home lawn and garden supplies; household batteries; ice; manufactured mobile homes; and other miscellaneous personal and household goods.
4,Detail,5511961,551196,Pet supplies at wholesale,,Wholesaling services for pet supplies.
4,Detail,5511962,551196,"Home lawn and garden supplies, at wholesale",,Wholesaling services for home lawn and garden supplies.
4,Detail,5511963,551196,"Household batteries, at wholesale",,Wholesaling services for household batteries.
4,Detail,5511964,551196,Ice at wholesale,,Wholesaling services for ice.
4,Detail,5511965,551196,"Manufactured mobile homes, at wholesale",,Wholesaling services for manufactured mobile homes.
4,Detail,5511966,551196,"Other miscellaneous personal and household goods, n.e.c., at wholesale",,"Wholesaling services for other miscellaneous personal and household goods, n.e.c."
3,Subclass,551197,55119,"Used products n.e.c., at wholesale",,This subclass comprises wholesaling services for used products n.e.c.
4,Detail,5511971,551197,"Used products n.e.c., at wholesale",,Wholesaling services for used products n.e.c.
2,Class,55121,551,"Cannabis products, at wholesale",,"This class comprises wholesaling services for cannabis viable seeds; cannabis vegetative plants; fresh and dried cannabis (buds and leaves); cannabis oil; other cannabis extracts and concentrates; cannabis-infused edible products; and other cannabis products n.e.c., for non-medical and medical uses. Cannabis is bred to contain cannabinoids, in particular the tetrahydrocannabinol (THC) - more than 0.3% w/w (weight for weight) - and cannabidiol (CBD)."
3,Subclass,551211,55121,"Cannabis seeds and vegetative plants, at wholesale",,"This subclass comprises wholesaling services for cannabis viable seeds and vegetative or live plants, mainly used for planting or sowing, cultivation and propagation of cannabis bred to contain cannabinoids, in particular THC (more than 0.3% w/w) and CBD, for non-medical and medical uses."
4,Detail,5512111,551211,"Cannabis seeds, at wholesale",,"Wholesaling services for cannabis viable seeds, mainly used for planting or sowing and propagation of cannabis bred to contain cannabinoids, in particular THC (more than 0.3% w/w) and CBD, for non-medical and medical uses."
4,Detail,5512112,551211,"Cannabis vegetative plants, at wholesale",,"Wholesaling services for cannabis vegetative or live plants of various strain types, mainly used for planting or cultivation and propagation of cannabis bred to contain cannabinoids, in particular (more than 0.3% w/w) and CBD, for non-medical and medical uses."
3,Subclass,551212,55121,"Fresh and dried cannabis flowering tops (including leaves), at wholesale",,"This subclass comprises wholesaling services for freshly harvested and dried cannabis flowering tops, including leaves, for non-medical and medical uses. Fresh and dried cannabis contain cannabinoids such as THC (more than 0.3% w/w) and CBD. Fresh cannabis refers to the fresh or water-rich flowering tops (buds) and leaves, of female plants, that have not been subjected to any drying process. Dried cannabis (also called marijuana, pot or weed) refers to harvested cannabis fresh flowering tops and leaves that have been subjected to drying and irradiation processes, but not further processed."
4,Detail,5512121,551212,"Fresh cannabis flowering tops (including leaves), at wholesale",,"Wholesaling services for freshly harvested cannabis flowering tops, including leaves, containing THC (more than 0.3% w/w), CBD and other cannabinoids, for non-medical and medical uses. Fresh cannabis refers to fresh or water-rich flowering tops (buds) and leaves, of female plants, that have not been subjected to any drying process."
4,Detail,5512122,551212,"Dried cannabis flowering tops (including leaves), for non-medical use, at wholesale",,"Wholesaling services for dried cannabis flowering tops, including leaves, containing THC (more than 0.3% w/w), CBD and other cannabinoids, for non-medical use. Dried cannabis (also called marijuana, pot or weed) refers to harvested cannabis fresh flowering tops (buds) and leaves that have been subjected to drying and irradiation processes, but not further processed."
4,Detail,5512123,551212,"Dried cannabis flowering tops (including leaves), for medical use, at wholesale",,"Wholesaling services for dried cannabis flowering tops, including leaves, containing THC (more than 0.3% w/w), CBD and other cannabinoids, for medical use. Dried cannabis (also called marijuana, pot or weed) refers to harvested cannabis fresh flowering tops (buds) and leaves that have been subjected to drying and irradiation processes, but not further processed. To obtain cannabis for medical use, a patient or client generally needs to register with a governmental authority and a holder of a licence for sale of cannabis for medical purposes, and get an authorization (medical document and written order) from an authorized health care practitioner."
3,Subclass,551213,55121,"Cannabis extracts and concentrates, at wholesale",,"This subclass comprises wholesaling services for cannabis extracts and concentrates. Cannabis extracts refers to cannabis substances produced using extraction processing methods or by synthesizing phytocannabinoids. Cannabis concentrates refer to derived extracts containing concentrated amounts of the psychoactive compound tetrahydrocannabinol (THC), cannabidiol (CBD), and a multiplicity of other cannabinoids and terpenes."
4,Detail,5512133,551213,"Cannabis extract inhaled products, for non-medical use, at wholesale",,"Wholesaling services for cannabis extract inhaled products, for non-medical use."
4,Detail,5512134,551213,"Cannabis extract inhaled products, for medical use, at wholesale",,"Wholesaling services for cannabis extract inhaled products, for medical use."
4,Detail,5512135,551213,"Cannabis extracts ingested products, for non-medical use, at wholesale",,"Wholesaling services for cannabis extracts ingested products, for non-medical use."
4,Detail,5512136,551213,"Cannabis extracts ingested products, for medical use, at wholesale",,"Wholesaling services for cannabis extracts ingested products, for medical use."
4,Detail,5512139,551213,"Other cannabis extracts products, at wholesale",,Wholesaling services for other cannabis extracts products.
3,Subclass,551214,55121,"Cannabis pure intermediates, at wholesale",,"This subclass comprises wholesaling services for cannabis pure intermediates, intended for further processing or for production of another cannabis product."
4,Detail,5512141,551214,"Cannabis pure intermediates, at wholesale",,"Wholesaling services for cannabis pure intermediates, intended for further processing or for production of another cannabis product."
3,Subclass,551215,55121,"Cannabis-infused edible products, at wholesale",,"This subclass comprises wholesaling services for cannabis-infused edible products (beverages, food, etc.), containing more than 0.3% w/w of the psychoactive compound tetrahydrocannabinol (THC), cannabidiol (CBD), and other cannabinoids and terpenes. Their use can be non-medical or medical. Generally, there is a limit on the level of THC a product available for sale could contain."
4,Detail,5512151,551215,"Cannabis-infused beverages, at wholesale",,"Wholesaling services for cannabis-infused beverages, containing more than 0.3% w/w of the psychoactive compound tetrahydrocannabinol (THC), cannabidiol (CBD), and other cannabinoids and terpenes. Their use can be non-medical or medical. Generally, there is a limit on the level of THC a product available for sale could contain."
4,Detail,5512152,551215,"Cannabis-infused edible products (except beverages), at wholesale",,"Wholesaling services for cannabis-infused edible products, such as food, except beverages, containing more than 0.3% w/w of the psychoactive compound tetrahydrocannabinol (THC), cannabidiol (CBD), and other cannabinoids and terpenes. Their use can be non-medical or medical. Generally, there is a limit on the level of THC a product available for sale could contain."
3,Subclass,551219,55121,"Other cannabis products, n.e.c. at wholesale",,"This subclass comprises wholesaling services for other cannabis products, n.e.c., containing more than 0.3% w/w of the psychoactive compound tetrahydrocannabinol (THC), cannabidiol (CBD), and other cannabinoids and terpenes, for non-medical and medical uses."
4,Detail,5512191,551219,"Cannabis topical products, at wholesale",,"Wholesaling services for cannabis topical products, which include cannabis as an ingredient and are intended to be used on external body surfaces (e.g., skin, hair, nails)."
4,Detail,5512199,551219,"Other cannabis products, n.e.c. at wholesale",,"Wholesaling services for other cannabis products, n.e.c."
1,Group,552,,Wholesale trade commissions,,This group comprises the services of arranging the buying or selling of merchandise for others on a commission basis at an intermediate step in the distribution chain.
2,Class,55211,552,Wholesale trade commissions,,This class comprises the services of arranging the buying or selling of merchandise for others on a commission basis at an intermediate step in the distribution chain.
3,Subclass,552111,55211,Wholesale trade commissions,,This subclass comprises the services of arranging the buying or selling of merchandise for others on a commission basis at an intermediate step in the distribution chain.
4,Detail,5521111,552111,Wholesale trade commissions (except for cannabis products),,"Services of arranging the buying or selling of merchandise for others on a commission basis at an intermediate step in the distribution chain, except for cannabis products."
4,Detail,5521112,552111,"Wholesale trade commissions, for cannabis products",,"Services of arranging the buying or selling of cannabis products containing THC (more than 0.3% w/w), CBD and other cannabinoids for others, on a commission basis at an intermediate step in the distribution chain."
1,Group,561,,Retail services (except commissions),,"This group comprises the services of buying and selling merchandise on own account at the final step in the distribution chain, and rendering services incidental to the retail sale of merchandise; the services are provided in-store, on-line or in vending machines."
2,Class,56111,561,Food and beverages at retail,,This class comprises retailing services for fresh food; frozen food; packaged food dry goods; and soft drinks and beverages. Retailing services for cannabis-infused edible products are excluded from this class.
3,Subclass,561111,56111,Fresh food at retail,,"This subclass comprises retailing services for fresh meat and poultry; fresh fish and other fresh seafood; fresh fruit and vegetables; eggs and dairy products and dairy product substitutes, except frozen desserts; baked goods, except frozen products, cookies and crackers; and perishable prepared foods, including fresh sliced deli meats, prepared entrees and fresh pasta."
4,Detail,5611111,561111,"Fresh meat and poultry, at retail",,Retailing services for fresh meat and poultry.
4,Detail,5611112,561111,"Fresh fish and other fresh seafood, at retail",,Retailing services for fresh fish and other fresh seafood.
4,Detail,5611113,561111,"Fresh fruit and vegetables, at retail",,Retailing services for fresh fruit and vegetables.
4,Detail,5611114,561111,"Eggs and dairy products (except frozen desserts), at retail",,"Retailing services for eggs and dairy products and dairy product substitutes, except frozen desserts."
4,Detail,5611115,561111,"Baked goods (except frozen products, cookies and crackers), at retail",,"Retailing services for baked goods, except frozen products, cookies and crackers."
4,Detail,5611116,561111,"Perishable prepared foods (including fresh sliced deli meats, prepared entrees and fresh pasta), at retail",,"Retailing services for perishable prepared foods, including fresh sliced deli meats, prepared entrees and fresh pasta."
3,Subclass,561112,56111,"Frozen food, packaged food dry goods, and other foods n.e.c. at retail",,"This subclass comprises retailing services for frozen food, packaged food dry goods, and other foods n.e.c."
4,Detail,5611121,561112,Frozen food at retail,,Retailing services for frozen food.
4,Detail,5611122,561112,"Cookies, confectionery, and snack foods, at retail",,"Retailing services for cookies, confectionery, and snack foods."
4,Detail,5611123,561112,"Packaged food dry goods, at retail",,Retailing services for packaged food dry goods.
4,Detail,5611129,561112,"Other foods, including in bundle, n.e.c. at retail",,"Retailing services for other foods, including in bundle, n.e.c."
3,Subclass,561114,56111,"Soft drinks, other beverages, and ice, at retail",,"This subclass comprises soft drinks, other beverages, and ice, at retail."
4,Detail,5611141,561114,"Soft drinks (except bottled water), at retail",,"Retailing services for soft drinks, except bottled water."
4,Detail,5611142,561114,"Non-alcoholic beverages (except soft drinks, milk, hot beverages and frozen drinks), at retail",,"Retailing services for non-alcoholic beverages, except soft drinks, milk, hot beverages and frozen drinks."
4,Detail,5611143,561114,"Hot prepared beverages (including hot coffee), at retail",,"Retailing services for hot prepared beverages, including hot coffee."
4,Detail,5611144,561114,"Alcoholic beverages, at retail",,Retailing services for alcoholic beverages.
4,Detail,5611145,561114,Ice at retail,,Retailing services for ice.
2,Class,56113,561,"Cannabis products, at retail",,"This class comprises retailing services for cannabis viable seeds; cannabis vegetative plants; fresh and dried cannabis (buds and leaves); cannabis oil; other cannabis extracts and concentrates; cannabis-infused edible products; and other cannabis products n.e.c., for non-medical and medical uses. Cannabis is bred to contain cannabinoids, in particular the tetrahydrocannabinol (THC) - more than 0.3% w/w (weight for weight) - and cannabidiol (CBD)."
3,Subclass,561131,56113,"Cannabis seeds and vegetative plants, at retail",,"This subclass comprises retailing services for cannabis viable seeds and vegetative or live plants, mainly used for planting or sowing, cultivation and propagation of cannabis bred to contain cannabinoids, in particular THC (more than 0.3% w/w) and CBD, non-medical and medical uses."
4,Detail,5611311,561131,"Cannabis seeds, at retail",,"Retailing services for cannabis viable seeds, mainly used for planting or sowing and propagation of cannabis bred to contain cannabinoids, in particular THC (more than 0.3% w/w) and CBD, for non-medical and medical uses."
4,Detail,5611312,561131,"Cannabis vegetative plants, at retail",,"Retailing services for cannabis vegetative or live plants of various strain types, mainly used for planting or cultivation and propagation of cannabis bred to contain cannabinoids, in particular THC (more than 0.3% w/w) and CBD, for non-medical and medical uses."
3,Subclass,561132,56113,"Fresh cannabis flowering tops (including leaves), at retail",,"This subclass comprises retailing services for freshly harvested cannabis flowering tops, including leaves, containing THC (more than 0.3% w/w), CBD and other cannabinoids, for non-medical and medical uses. Fresh cannabis refers to fresh or water-rich flowering tops (buds) and leaves, of female plants, that have not been subjected to any drying process."
4,Detail,5611321,561132,"Fresh cannabis flowering tops (including leaves), for non-medical use, at retail",,"Retailing services for freshly harvested cannabis flowering tops, including leaves, containing THC (more than 0.3% w/w), CBD and other cannabinoids, for non-medical use. Fresh cannabis refers to fresh or water-rich flowering tops (buds) and leaves, of female plants, that have not been subjected to any drying process."
4,Detail,5611322,561132,"Fresh cannabis flowering tops (including leaves), for medical use, at retail",,"Retailing services for freshly harvested cannabis flowering tops, including leaves, containing THC (more than 0.3% w/w), CBD and other cannabinoids, for non-medical use. Fresh cannabis refers to fresh or water-rich flowering tops (buds) and leaves, of female plants, that have not been subjected to any drying process. To obtain cannabis for medical use, a patient or client generally needs to register with a governmental authority and a holder of a licence for sale of cannabis for medical purposes, and get an authorization (medical document and written order) from an authorized health care practitioner."
3,Subclass,561133,56113,"Dried cannabis flowering tops (including leaves), at retail",,"This subclass comprises retailing services for dried cannabis flowering tops, including leaves, containing THC (more than 0.3% w/w), CBD and other cannabinoids, for non-medical and medical uses. Dried cannabis (also called marijuana, pot or weed) refers to harvested cannabis fresh flowering tops (buds) and leaves that have been subjected to drying and irradiation processes, but not further processed."
4,Detail,5611331,561133,"Dried cannabis flowering tops (including leaves), for non-medical use, at retail",,"Retailing services for dried cannabis flowering tops, including leaves, containing THC (more than 0.3% w/w), CBD and other cannabinoids, for non-medical use. Dried cannabis (also called marijuana, pot or weed) refers to harvested cannabis fresh flowering tops (buds) and leaves that have been subjected to drying and irradiation processes, but not further processed."
4,Detail,5611332,561133,"Dried cannabis flowering tops (including leaves), for medical use, at retail",,"Retailing services for dried cannabis flowering tops, including leaves, containing THC (more than 0.3% w/w), CBD and other cannabinoids, for medical use. Dried cannabis (also called marijuana, pot or weed) refers to harvested cannabis fresh flowering tops (buds) and leaves that have been subjected to drying and irradiation processes, but not further processed. To obtain cannabis for medical use, a patient or client generally needs to register with a governmental authority and a holder of a licence for sale of cannabis for medical purposes, and get an authorization (medical document and written order) from an authorized health care practitioner."
3,Subclass,561134,56113,"Cannabis extracts and concentrates, at retail",,"This subclass comprises retailing services for cannabis extracts and concentrates. Cannabis extracts refers to cannabis substances produced using extraction processing methods or by synthesizing phytocannabinoids. Cannabis concentrates refer to derived extracts containing concentrated amounts of the psychoactive compound tetrahydrocannabinol (THC), cannabidiol (CBD), and a multiplicity of other cannabinoids and terpenes."
4,Detail,5611343,561134,"Cannabis extract inhaled products, for non-medical use, at retail",,"Retailing services for cannabis extract inhaled products, for non-medical use."
4,Detail,5611344,561134,"Cannabis extract inhaled products, for medical use, at retail",,"Retailing services for cannabis extract inhaled products, for medical use."
4,Detail,5611345,561134,"Cannabis extracts ingested products, for non-medical use, at retail",,"Retailing services for cannabis extracts ingested products, for non-medical use."
4,Detail,5611346,561134,"Cannabis extracts ingested products, for medical use, at retail",,"Retailing services for cannabis extracts ingested products, for medical use."
4,Detail,5611349,561134,"Other cannabis extracts products, at retail",,Retailing services for other cannabis extracts products.
3,Subclass,561136,56113,"Cannabis-infused edible products, at retail",,"This subclass comprises retailing services for cannabis-infused edible products (beverages, food, etc.) containing more than 0.3% w/w of the psychoactive compound tetrahydrocannabinol (THC), cannabidiol (CBD), and other cannabinoids and terpenes. Their use can be non-medical or medical. Generally, there is a limit on the level of THC a product available for sale could contain."
4,Detail,5611361,561136,"Cannabis-infused beverages, at retail",,"Retailing services for cannabis-infused beverages containing more than 0.3% w/w of the psychoactive compound tetrahydrocannabinol (THC), cannabidiol (CBD), and other cannabinoids and terpenes. Their use can be non-medical or medical. Generally, there is a limit on the level of THC a product available for sale could contain."
4,Detail,5611362,561136,"Cannabis-infused edible products (except beverages), at retail",,"Retailing services for cannabis-infused edible products, such as food, except beverages, containing more than 0.3% w/w of the psychoactive compound tetrahydrocannabinol (THC), cannabidiol (CBD), and other cannabinoids and terpenes. Their use can be non-medical or medical. Generally, there is a limit on the level of THC a product available for sale could contain."
3,Subclass,561139,56113,"Other cannabis products, n.e.c., at retail",,"This subclass comprises retailing services for other cannabis products, n.e.c., containing more than 0.3% w/w of the psychoactive compound tetrahydrocannabinol (THC), cannabidiol (CBD), and other cannabinoids and terpenes, for non-medical and medical uses."
4,Detail,5611391,561139,"Cannabis topical products, at retail",,"Retailing services for cannabis topical products, which include cannabis as an ingredient and are intended to be used on external body surfaces (e.g., skin, hair, nails)."
4,Detail,5611399,561139,"Other cannabis products, n.e.c. at retail",,"Retailing services for other cannabis products, n.e.c."
2,Class,56121,561,Clothing at retail,,"This class comprises retailing services for men's clothing; women's clothing; children's and infant clothing; vestments, costumes, and non-binary and gender-neutral clothing."
3,Subclass,561211,56121,Men's clothing at retail,,"This subclass comprises retailing services for men's outerwear coats and jackets; men's suits, sport jackets and blazers; men's pants, shirts, sweaters and other bottoms and tops; men's sleepwear, underwear and hosiery; men's hats, gloves, belts, and other accessories; and men's clothing n.e.c."
4,Detail,5612111,561211,"Men's outerwear coats and jackets, at retail",,Retailing services for men's outerwear coats and jackets.
4,Detail,5612112,561211,"Men's suits, sport jackets and blazers, at retail",,"Retailing services for men's suits, sport jackets and blazers."
4,Detail,5612113,561211,"Men's pants, shirts, sweaters and other bottoms and tops, at retail",,"Retailing services for men's pants, shirts, sweaters and other bottoms and tops."
4,Detail,5612114,561211,"Men's sleepwear, underwear and hosiery, at retail",,"Retailing services for men's sleepwear, underwear and hosiery."
4,Detail,5612115,561211,"Men's hats, gloves, belts, and other accessories, at retail",,"Retailing services for men's hats, gloves, belts, and other accessories."
4,Detail,5612116,561211,Men's clothing n.e.c. at retail,,Retailing services for men's clothing n.e.c.
3,Subclass,561212,56121,Women's clothing at retail,,"This subclass comprises retailing services for women's outerwear coats and jackets; women's dresses and suits; women's skirts, pants, blouses, sweaters and other bottoms and tops; women's lingerie, sleepwear and underwear; women's hosiery; women's handbags, purses and accessories; and women's clothing n.e.c."
4,Detail,5612121,561212,"Women's outerwear coats and jackets, at retail",,Retailing services for women's outerwear coats and jackets.
4,Detail,5612122,561212,"Women's dresses and suits, at retail",,Retailing services for women's dresses and suits.
4,Detail,5612123,561212,"Women's skirts, pants, blouses, sweaters and other bottoms and tops, at retail",,"Retailing services for women's skirts, pants, blouses, sweaters and other bottoms and tops."
4,Detail,5612124,561212,"Women's lingerie, sleepwear and underwear, at retail",,"Retailing services for women's lingerie, sleepwear and underwear."
4,Detail,5612125,561212,Women's hosiery at retail,,Retailing services for women's hosiery.
4,Detail,5612126,561212,"Women's handbags, purses and accessories, at retail",,"Retailing services for women's handbags, purses and accessories."
4,Detail,5612127,561212,Women's clothing n.e.c. at retail,,Retailing services for women's clothing n.e.c.
3,Subclass,561213,56121,"Children's and infant clothing, at retail",,This subclass comprises retailing services for boys' clothing and accessories; girls' clothing and accessories; and infant clothing and fabric accessories.
4,Detail,5612131,561213,"Boys' clothing and accessories, at retail",,"Retailing services for boys' clothing and accessories. Comprises clothing, designed for boys, of Canadian sizes 2 to 20."
4,Detail,5612132,561213,"Girls' clothing and accessories, at retail",,"Retailing services for girls' clothing and accessories. Comprises clothing, designed for girls, of Canadian sizes 2 to 16."
4,Detail,5612133,561213,"Infant clothing, fabric (except cloth diapers) and accessories, at retail",,"Retailing services for infant clothing, fabric (except cloth diapers) and accessories. Comprises clothing, designed for infants, of Canadian sizes 0 to 24 months."
4,Detail,5612134,561213,"Infant cloth diapers, at retail",,Retailing services for infant cloth diapers.
3,Subclass,561214,56121,"Vestments, costumes, and non-binary and gender-neutral clothing, at retail",,"This subclass comprises retailing services for vestments, costumes, and non-binary and gender-neutral clothing."
4,Detail,5612141,561214,"Vestments, costumes, and non-binary and gender-neutral clothing for adults, at retail",,"Retailing services for vestments, costumes, and non-binary and gender-neutral clothing for adults."
4,Detail,5612142,561214,"Vestments, costumes, and gender-neutral clothing for infants and children, at retail",,"Retailing services for vestments, costumes, and gender-neutral clothing for infants and children. Comprises vestments, costumes, and gender-neutral clothing for infants and children, of Canadian sizes up to 20."
2,Class,56123,561,"Jewellery and watches, luggage and briefcases, at retail",,"This class comprises retailing services for jewellery and watches; luggage, briefcases, knapsacks, and duffel bags."
3,Subclass,561231,56123,"Jewellery and watches, at retail",,"This subclass comprises retailing services for fine jewellery, including precious metal, diamonds, gemstones, and pearls; costume jewellery, including base metal, glass, plastic, and synthetic stones; and watches."
4,Detail,5612311,561231,"Fine jewellery (including precious metal, diamonds, gemstones, and pearls), at retail",,"Retailing services for fine jewellery, including precious metals, diamonds, gemstones, and pearls."
4,Detail,5612312,561231,"Costume jewellery (including base metal, glass, plastic, and synthetic stones), at retail",,"Retailing services for costume jewellery, including base metal, glass, plastic, and synthetic stones."
4,Detail,5612313,561231,Watches at retail,,Retailing services for watches.
3,Subclass,561232,56123,"Luggage, briefcases, knapsacks, and duffel bags, at retail",,"This subclass comprises retailing services for luggage, briefcases, knapsacks, and duffel bags."
4,Detail,5612321,561232,"Luggage, briefcases, knapsacks, and duffel bags, at retail",,"Retailing services for luggage, briefcases, knapsacks, and duffel bags."
2,Class,56124,561,Footwear at retail,,"This class comprises retailing services for men's footwear; women's footwear; gender neutral and non-binary's footwear; infant's and children's footwear, and accessories."
3,Subclass,561241,56124,"Athletic footwear (except for children), at retail",,"This subclass comprises retailing services for athletic footwear for all genders, except for children."
4,Detail,5612411,561241,"Men's athletic footwear, at retail",,"Retailing services for men's athletic footwear, including men's-sized equivalent athletic footwear for non-binary persons."
4,Detail,5612412,561241,"Women's athletic footwear, at retail",,"Retailing services for women's athletic footwear, including women's-sized equivalent athletic footwear for non-binary persons."
3,Subclass,561242,56124,"Non-athletic footwear and accessories (except for infants and children), at retail",,"This subclass comprises retailing services for non-athletic footwear and accessories, for all genders, except for infants and children."
4,Detail,5612421,561242,"Men's non-athletic footwear and accessories, at retail",,"Retailing services for men's non-athletic footwear and accessories, including men's-sized equivalent non-athletic footwear for non-binary persons."
4,Detail,5612422,561242,"Women's non-athletic footwear and accessories, at retail",,"Retailing services for women's non-athletic footwear and accessories, including women's-sized equivalent non-athletic footwear for non-binary persons."
3,Subclass,561243,56124,"Footwear and accessories for infants and children, at retail",,This subclass comprises retailing services for infant and children's footwear (other than athletic) and accessories.
4,Detail,5612431,561243,"Infant footwear and accessories, at retail",,Retailing services for footwear and accessories designed for infants (with an insole length of 16 cm or less).
4,Detail,5612432,561243,"Children's athletic footwear and accessories, at retail",,Retailing services for athletic footwear designed for children (with an insole length of less than 24.25 cm and more than 16 cm) and accessories.
4,Detail,5612439,561243,"Children's non-athletic footwear n.e.c., at retail",,Retailing services for non-athletic footwear designed for children (with an insole length of less than 24.25 cm and more than 16 cm) and accessories.
2,Class,56131,561,"Home furniture, furnishings, housewares, appliances and electronics, at retail",,This class comprises retailing services for indoor home furniture; outdoor home furniture; home furnishings; housewares; home appliances; and home electronics.
3,Subclass,561311,56131,Indoor home furniture at retail,,This subclass comprises retailing services for mattresses and foundations; infant furniture; and indoor home furniture n.e.c.
4,Detail,5613111,561311,"Mattresses and foundations, at retail",,Retailing services for mattresses and foundations.
4,Detail,5613112,561311,Infant furniture at retail,,Retailing services for infant furniture.
4,Detail,5613113,561311,Indoor home furniture n.e.c. at retail,,Retailing services for new indoor home furniture n.e.c.
3,Subclass,561312,56131,Outdoor home furniture at retail,,This subclass comprises retailing services for outdoor home furniture.
4,Detail,5613121,561312,Outdoor home furniture at retail,,Retailing services for outdoor home furniture.
3,Subclass,561313,56131,Home furnishings at retail,,This subclass comprises retailing services for window treatments; household textile products n.e.c.; and decorative home furnishings.
4,Detail,5613131,561313,Window treatments at retail,,Retailing services for window treatments.
4,Detail,5613132,561313,"Household textile products n.e.c., at retail",,Retailing services for household textile products n.e.c.
4,Detail,5613133,561313,"Decorative home furnishings (except textile products), at retail",,"Retailing services for decorative home furnishings, except textile products."
3,Subclass,561314,56131,Housewares at retail,,"This subclass comprises retailing services for tableware, kitchenware, cookware and bakeware; household cleaning supplies; and miscellaneous household supplies, n.e.c."
4,Detail,5613141,561314,"Tableware, kitchenware, cookware and bakeware, at retail",,"Retailing services for tableware, kitchenware, cookware and bakeware."
4,Detail,5613142,561314,"Household cleaning supplies, at retail",,Retailing services for household cleaning supplies.
4,Detail,5613143,561314,"Miscellaneous household supplies, n.e.c., at retail",,"Retailing services for miscellaneous household supplies, n.e.c."
3,Subclass,561315,56131,Home appliances at retail,,This subclass comprises retailing services for small home appliances; and major home appliances.
4,Detail,5613151,561315,Small home appliances at retail,,Retailing services for small home appliances.
4,Detail,5613152,561315,Major home appliances at retail,,Retailing services for major home appliances.
3,Subclass,561316,56131,Home electronics at retail,,"This subclass comprises retailing services for computers, peripherals, and networking equipment; computer software, except game; telephones and related products; televisions and home audiovisual equipment; and still cameras and other photographic equipment and supplies."
4,Detail,5613161,561316,"Computers, peripherals, and networking equipment, at retail",,"Retailing services for computers, peripherals, and networking equipment."
4,Detail,5613162,561316,"Computer software (except game), at retail",,"Retailing services for computer software, except game."
4,Detail,5613163,561316,"Telephones, communication equipment and related products, at retail",,"Retailing services for telephones, communication equipment and related products."
4,Detail,5613164,561316,"Televisions and home audiovisual equipment, at retail",,Retailing services for televisions and home audiovisual equipment.
4,Detail,5613165,561316,"Still cameras and other photographic equipment and supplies, at retail",,Retailing services for still cameras and other photographic equipment and supplies.
2,Class,56141,561,"Sporting and leisure products (except publications, audio and video recordings, and game software), at retail",,"This class comprises retailing services for sporting equipment, including bicycles; toys and games; and arts and leisure equipment and supplies, n.e.c."
3,Subclass,561411,56141,Sporting equipment (including bicycles) at retail,,"This subclass comprises retailing services for bicycles and biking equipment and accessories; exercise equipment; golf equipment; skiing and snowboarding equipment; hunting, fishing and camping equipment; team sporting equipment; and sporting equipment n.e.c."
4,Detail,5614111,561411,"Bicycles and biking equipment and accessories, at retail",,Retailing services for bicycles and biking equipment and accessories.
4,Detail,5614112,561411,Exercise equipment at retail,,Retailing services for exercise equipment.
4,Detail,5614113,561411,Golf equipment at retail,,Retailing services for golf equipment.
4,Detail,5614114,561411,"Skiing and snowboarding equipment, at retail",,Retailing services for skiing and snowboarding equipment.
4,Detail,5614115,561411,"Hunting, fishing and camping equipment, at retail",,"Retailing services for hunting, fishing and camping equipment."
4,Detail,5614116,561411,Team sporting equipment at retail,,Retailing services for team sporting equipment.
4,Detail,5614117,561411,"Sporting equipment n.e.c., at retail",,Retailing services for sporting equipment n.e.c.
3,Subclass,561412,56141,"Toys and games (except game software), at retail",,"This subclass comprises retailing services for electronic game consoles (except game software), toys and other games."
4,Detail,5614121,561412,"Electronic game consoles (except game software), at retail",,"Retailing services for electronic game consoles, except game software."
4,Detail,5614122,561412,"Toys and games (except game consoles and software), at retail",,"Retailing services for toys and games, except game consoles and software."
3,Subclass,561415,56141,"Arts and leisure equipment and supplies, n.e.c., at retail",,"This subclass comprises retailing services for artists' equipment and supplies; musical instruments and printed music; sewing and knitting supplies; and craft and hobby kits, and leisure supplies n.e.c."
4,Detail,5614151,561415,"Artists' equipment and supplies, at retail",,Retailing services for artists' equipment and supplies.
4,Detail,5614152,561415,"Musical instruments and printed music, at retail",,Retailing services for musical instruments and printed music.
4,Detail,5614153,561415,"Sewing and knitting supplies, at retail",,Retailing services for sewing and knitting supplies.
4,Detail,5614154,561415,"Craft and hobby kits, and leisure supplies n.e.c., at retail",,"Retailing services for craft and hobby kits, and leisure supplies n.e.c."
2,Class,56142,561,Publications at retail,,"This class comprises retailing services for published books, newspapers, magazines, periodicals and other publications."
3,Subclass,561421,56142,Books at retail,,This subclass comprises retailing services for printed books and e-books.
4,Detail,5614211,561421,Printed books at retail,,Retailing services for printed books.
4,Detail,5614212,561421,E-books at retail,,Retailing services for e-books.
3,Subclass,561422,56142,"Newspapers, magazines, and other periodicals, at retail",,"This subclass comprises retailing services for printed and online newspapers, magazines, and other periodicals."
4,Detail,5614221,561422,"Newspapers, magazines and other periodicals, printed, at retail",,"Retailing services for printed newspapers, magazines, and other periodicals."
4,Detail,5614222,561422,"Newspapers, magazines and other periodicals, online, at retail",,"Retailing services for online newspapers, magazines, and other periodicals."
3,Subclass,561423,56142,"Other publications n.e.c. (including posters, art prints, maps and greeting cards), at retail",,"This subclass comprises retailing services for other printed and online publications n.e.c., including posters, art prints, maps, and greeting cards."
4,Detail,5614231,561423,"Other publications n.e.c. (including posters, art prints, maps and greeting cards), printed, at retail",,"Retailing services for other printed publications n.e.c., including posters, art prints, maps, and greeting cards."
4,Detail,5614232,561423,"Other publications n.e.c. (including maps and greeting cards), online, at retail",,"Retailing services for other online publications n.e.c., including maps, and greeting cards."
2,Class,56143,561,"Audio and video recordings, and game software, at retail",,"This class comprises retailing services for audio recordings, movies, television programs and other video recordings, and game software."
3,Subclass,561431,56143,Audio recordings at retail,,This subclass comprises retailing services for audio recordings on physical media and downloads.
4,Detail,5614311,561431,"Audio recordings, on physical media, at retail",,Retailing services for audio recordings on physical media.
4,Detail,5614312,561431,"Audio recordings, downloadable, at retail",,Retailing services for audio recording downloads.
3,Subclass,561432,56143,"Movies, television programs and other video recordings, at retail",,"This subclass comprises retailing services for movies, television programs and other video recordings on physical media and downloads."
4,Detail,5614321,561432,"Movies, on physical media, at retail",,Retailing services for movies on physical media.
4,Detail,5614322,561432,"Movies, downloadable, at retail",,Retailing services for movies downloads.
4,Detail,5614323,561432,"Television programs and other video recordings, on physical media, at retail",,Retailing services for television programs and other video recordings on physical media.
4,Detail,5614324,561432,"Television programs and other video recordings, downloadable, at retail",,Retailing services for television programs and other video recordings downloads.
3,Subclass,561433,56143,Game software at retail,,This subclass comprises retailing services for game software on physical media and downloads.
4,Detail,5614331,561433,"Game software on physical media, at retail",,Retailing services for game software on physical media.
4,Detail,5614332,561433,"Game software, downloadable, at retail",,Retailing services for game software downloads.
2,Class,56151,561,Motor vehicles at retail,,This class comprises retailing services for new motor vehicles; and used motor vehicles.
3,Subclass,561511,56151,New motor vehicles at retail,,"This subclass comprises retailing services for new passenger automobiles; new minivans, sport utility vehicles and light trucks; and new medium and heavy trucks."
4,Detail,5615111,561511,"New passenger automobiles, at retail",,Retailing services for new passenger automobiles.
4,Detail,5615112,561511,"New minivans, sport utility vehicles and light trucks, at retail",,"Retailing services for new minivans, sport utility vehicles and light trucks."
4,Detail,5615113,561511,"New medium and heavy trucks, at retail",,Retailing services for new medium and heavy trucks.
3,Subclass,561512,56151,Used motor vehicles at retail,,"This subclass comprises retailing services for used passenger automobiles; used minivans, sport utility vehicles and light trucks; and used medium and heavy trucks."
4,Detail,5615121,561512,"Used passenger automobiles, at retail",,Retailing services for used passenger automobiles.
4,Detail,5615122,561512,"Used minivans, sport utility vehicles and light trucks, at retail",,"Retailing services for used minivans, sport utility vehicles and light trucks."
4,Detail,5615123,561512,"Used medium and heavy trucks, at retail",,Retailing services for used medium and heavy trucks.
2,Class,56152,561,Recreational vehicles at retail,,This class comprises retailing services for new recreational vehicles; and used recreational vehicles.
3,Subclass,561521,56152,New recreational vehicles at retail,,"This subclass comprises retailing services for new motorcycles and scooters; new motor homes, travel trailers and truck campers; new snowmobiles and personal off-road vehicles; new recreational boats, and other new recreational vehicles n.e.c."
4,Detail,5615211,561521,"New motorcycles and scooters, at retail",,Retailing services for new motorcycles and scooters.
4,Detail,5615212,561521,"New motor homes, travel trailers and truck campers, at retail",,"Retailing services for new motor homes, travel trailers and truck campers."
4,Detail,5615213,561521,"New snowmobiles and personal off-road vehicles, at retail",,Retailing services for new snowmobiles and personal off-road vehicles.
4,Detail,5615214,561521,New recreational boats at retail,,Retailing services for new recreational boats.
4,Detail,5615215,561521,"New unmanned aircraft, and other new recreational vehicles n.e.c., at retail",,"Retailing services for new power-driven unmanned aircraft (except toy drones), and other new recreational vehicles n.e.c."
3,Subclass,561522,56152,Used recreational vehicles at retail,,"This subclass comprises retailing services for used motorcycles and scooters; used motor homes, travel trailers and truck campers; used snowmobiles and personal off-road vehicles; used recreational boats, and other used recreational vehicles n.e.c."
4,Detail,5615221,561522,"Used motorcycles and scooters, at retail",,Retailing services for used motorcycles and scooters.
4,Detail,5615222,561522,"Used motor homes, travel trailers and truck campers, at retail",,"Retailing services for used motor homes, travel trailers and truck campers."
4,Detail,5615223,561522,"Used snowmobiles and personal off-road vehicles, at retail",,Retailing services for used snowmobiles and personal off-road vehicles.
4,Detail,5615224,561522,Used recreational boats at retail,,Retailing services for used recreational boats.
4,Detail,5615225,561522,"Used unmanned aircraft, and other used recreational vehicles n.e.c., at retail",,"Retailing services for used power driven unmanned aircraft (except toy drones), and other used recreational vehicles n.e.c."
2,Class,56153,561,"Motor vehicle parts, accessories and supplies, at retail",,This class comprises retailing services for new motor vehicle tires; new and used motor vehicle parts and accessories; and automotive chemicals.
3,Subclass,561531,56153,"Motor vehicle parts, accessories and supplies, at retail",,This subclass comprises retailing services for new motor vehicle tires; new and used motor vehicle parts and accessories; and automotive chemicals.
4,Detail,5615311,561531,New motor vehicle tires at retail,,Retailing services for new motor vehicle tires and tubes.
4,Detail,5615312,561531,"Motor vehicle parts and accessories (except tires), new and used, at retail",,"Retailing services for motor vehicle parts and accessories, except tires, new and used."
4,Detail,5615313,561531,Automotive chemicals at retail,,Retailing services for automotive chemicals.
2,Class,56161,561,"Automotive and household fuels, at retail",,This class comprises retailing services for automotive fuels; and household fuels.
3,Subclass,561611,56161,"Automotive fuels, at retail",,This subclass comprises retailing services for automotive fuels.
4,Detail,5616111,561611,"Automotive fuels, at retail",,Retailing services for automotive fuels.
4,Detail,5616112,561611,"Automotive alternative fuels, at retail",,"Retailing services for automotive alternative fuels comprising electricity dispensed through EV charging station, liquid hydrogen for hydrogen fueled electric vehicles, and other fuels n.e.c."
3,Subclass,561612,56161,"Household fuels, at retail",,This subclass comprises retailing services for household fuels.
4,Detail,5616121,561612,"Household heating oils, at retail",,Retailing services for household heating oils.
4,Detail,5616122,561612,"Household fuels (except heating oils), at retail",,"Retailing services for household fuels, except home heating oils."
2,Class,56171,561,Home health products at retail,,"This class comprises retailing services for pharmaceuticals; eyewear; and home health products, n.e.c. Retailing services for cannabis products are excluded from this class."
3,Subclass,561711,56171,Pharmaceuticals at retail,,"This subclass comprises retailing services for prescription pharmaceuticals; non-prescription pharmaceuticals; and vitamin, mineral, and other health supplements. Retailing services for cannabis products are excluded from this subclass."
4,Detail,5617111,561711,"Prescription pharmaceuticals, at retail",,Retailing services for prescription pharmaceuticals.
4,Detail,5617112,561711,"Non-prescription pharmaceuticals, at retail",,Retailing services for non-prescription pharmaceuticals.
4,Detail,5617113,561711,"Vitamins, minerals, and other health supplements, at retail",,"Retailing services for vitamins, minerals, and other health supplements."
3,Subclass,561712,56171,Eyewear at retail,,This subclass comprises retailing services for prescription eyewear; and non-prescription eyewear.
4,Detail,5617121,561712,Prescription eyewear at retail,,Retailing services for prescription eyewear.
4,Detail,5617122,561712,Non-prescription eyewear at retail,,Retailing services for non-prescription eyewear.
3,Subclass,561713,56171,"Home health products, n.e.c., at retail",,"This subclass comprises retailing services for home health products, n.e.c."
4,Detail,5617131,561713,"Home health products, n.e.c., at retail",,"Retailing services for home health products, n.e.c."
2,Class,56172,561,"Infant care, personal and beauty products, at retail",,This class comprises retailing services for infant care products; and personal and beauty products.
3,Subclass,561721,56172,Infant care products at retail,,"This subclass comprises retailing services for disposable diapers; infant and children's car seats; strollers, and infant care products n.e.c."
4,Detail,5617211,561721,"Infant disposable diapers, at retail",,Retailing services for infant disposable diapers.
4,Detail,5617212,561721,"Infant and children's car seats, at retail",,Retailing services for infant and children's car seats.
4,Detail,5617213,561721,"Strollers, and infant care products n.e.c., at retail",,"Retailing services for strollers, and infant care products n.e.c."
3,Subclass,561722,56172,"Personal and beauty products, at retail",,This subclass comprises retailing services for cosmetics and fragrances; toiletries; feminine hygiene products; and personal care supplies and equipment n.e.c.
4,Detail,5617221,561722,"Cosmetics and fragrances, at retail",,Retailing services for cosmetics and fragrances.
4,Detail,5617222,561722,Toiletries at retail,,Retailing services for toiletries.
4,Detail,5617223,561722,Feminine hygiene products at retail,,Retailing services for feminine hygiene products.
4,Detail,5617224,561722,"Incontinence products, at retail",,Retailing services for adult diapers and other adult incontinence products.
4,Detail,5617225,561722,"Personal care supplies and equipment, n.e.c., at retail",,"Retailing services for personal care supplies and equipment, n.e.c."
2,Class,56181,561,"Hardware, tools, and renovation and lawn and garden products, at retail",,This class comprises retailing services for hardware and tools; renovation materials and supplies; and home lawn and garden equipment and supplies. Retailing services for cannabis products are excluded from this class.
3,Subclass,561811,56181,"Hardware and tools, at retail",,This subclass comprises retailing services for hardware; hand tools; and power tools.
4,Detail,5618111,561811,Hardware at retail,,Retailing services for hardware.
4,Detail,5618112,561811,Hand tools at retail,,Retailing services for hand tools.
4,Detail,5618113,561811,Power tools at retail,,Retailing services for power tools.
3,Subclass,561812,56181,"Renovation materials and supplies, at retail",,"This subclass comprises retailing services for major air-conditioning, air or surface heating, and water heating equipment; plumbing and electrical supplies, including fixtures; paint, painting supplies and wallpaper; floor coverings, including wood flooring, and tiles; lumber and other renovation materials and supplies; and hardware and renovation related products n.e.c."
4,Detail,5618121,561812,"Air-conditioning and heating equipment, at retail",,"Retailing services for major air-conditioning, air or surface heating, and water heating equipment, mainly for renovation."
4,Detail,5618122,561812,"Plumbing and electrical supplies (including fixtures), at retail",,"Retailing services for plumbing and electrical supplies, including fixtures."
4,Detail,5618123,561812,"Paint, painting supplies and wallpaper, at retail",,"Retailing services for paint, painting supplies and wallpaper."
4,Detail,5618124,561812,"Floor coverings (including wood flooring) and tiles, at retail",,"Retailing services for floor coverings, including wood flooring, and floor and wall tiles."
4,Detail,5618125,561812,"Lumber and other renovation materials and supplies, at retail",,Retailing services for lumber and other renovation materials and supplies.
4,Detail,5618126,561812,"Hardware and renovation related products n.e.c., at retail",,Retailing services for hardware and renovation related products n.e.c.
3,Subclass,561813,56181,"Home lawn and garden equipment and supplies, at retail",,"This subclass comprises retailing services for lawnmowers, snowblowers and gardening tools; and live plants, seeds, and other home and garden supplies, except agricultural fertilizers and pesticides."
4,Detail,5618131,561813,"Lawnmowers, snowblowers and gardening tools, at retail",,"Retailing services for lawnmowers, snowblowers and gardening tools."
4,Detail,5618132,561813,"Live plants, seeds, and other home and garden supplies (except agricultural fertilizers and pesticides), at retail",,"Retailing services for live plants, seeds, and other home and garden supplies, except agricultural fertilizers and pesticides."
2,Class,56191,561,Miscellaneous products at retail,,"This class comprises retailing services for pets, pet food and pet supplies; tobacco products and accessories; home office equipment and supplies, n.e.c.; farm equipment and supplies; equipment and supplies, n.e.c.; and artwork, collectibles, antiques, and used or second-hand merchandise, except motor vehicles and mobile homes. Cannabis products are excluded from this class."
3,Subclass,561911,56191,"Pets, pet food and pet supplies, at retail",,"This subclass comprises retailing services for pets; pet food, supplies and accessories."
4,Detail,5619111,561911,Pets at retail,,Retailing services for pets.
4,Detail,5619112,561911,"Pet food, supplies and accessories, at retail",,"Retailing services for pet food, supplies and accessories."
3,Subclass,561912,56191,"Tobacco products and accessories, and electronic cigarettes, at retail",,"This subclass comprises retailing services for tobacco products and accessories, and electronic cigarettes."
4,Detail,5619121,561912,"Tobacco products and accessories (except e-cigarettes), at retail",,"Retailing services for tobacco products and accessories, except electronic cigarettes."
4,Detail,5619122,561912,"Electronic cigarettes, e-liquid refills, vaporizers and other e-liquid delivery systems, at retail",,"Retailing services for electronic cigarettes, e-liquid refills (with or without nicotine), vaporizers and other e-liquid delivery systems, except containing cannabis."
3,Subclass,561913,56191,"Home office equipment and supplies, n.e.c., at retail",,This subclass comprises retailing services for home office equipment n.e.c.; and home office supplies n.e.c.
4,Detail,5619131,561913,"Home office equipment n.e.c., at retail",,Retailing services for home office equipment n.e.c.
4,Detail,5619132,561913,"Home office supplies n.e.c., at retail",,Retailing services for home office supplies n.e.c.
3,Subclass,561914,56191,"Farm equipment and supplies, at retail",,This subclass comprises retailing services for farm equipment; and farm supplies.
4,Detail,5619141,561914,Farm equipment at retail,,Retailing services for new and used farm equipment.
4,Detail,5619142,561914,Farm supplies at retail,,Retailing services for farm supplies.
3,Subclass,561915,56191,"Equipment and supplies, n.e.c., at retail",,"This subclass comprises retailing services for supplies for beer- and wine-making; cut flowers, indoor potted plants and floral supplies; monuments and tombstones; manufactured mobile homes; professional and scientific instruments; equipment and supplies for non-farm activities, n.e.c.; and other miscellaneous equipment and supplies, n.e.c."
4,Detail,5619151,561915,"Supplies for beer- and wine-making, at retail",,Retailing services for supplies for beer- and wine-making.
4,Detail,5619152,561915,"Cut flowers, indoor potted plants and floral supplies, at retail",,"Retailing services for cut flowers, indoor potted plants and floral supplies."
4,Detail,5619153,561915,"Monuments and tombstones, at retail",,Retailing services for monuments and tombstones.
4,Detail,5619154,561915,"Manufactured mobile homes, at retail",,Retailing services for new and used manufactured mobile homes.
4,Detail,5619155,561915,"Professional and scientific instruments, at retail",,Retailing services for professional and scientific instruments.
4,Detail,5619156,561915,"Equipment and supplies for non-farm activities, n.e.c., at retail",,"Retailing services for equipment and supplies for non-farm activities, n.e.c."
4,Detail,5619157,561915,"Other miscellaneous equipment and supplies, n.e.c., at retail",,"Retailing services for other miscellaneous equipment and supplies, n.e.c."
3,Subclass,561916,56191,"Artwork, collectibles, antiques, and used or second-hand merchandise (except motor vehicles and mobile homes), at retail",,"This subclass comprises retailing services for artwork; collectors' items; and antiques, and used or second-hand merchandise, except motor vehicles and mobile homes."
4,Detail,5619161,561916,Artwork at retail,,Retailing services for artwork.
4,Detail,5619162,561916,Collectors' items at retail,,Retailing services for collectors' items.
4,Detail,5619163,561916,"Antiques, and used or second-hand merchandise (except motor vehicles and mobile homes), at retail",,"Retailing services for antiques, and used or second-hand merchandise, except motor vehicles and mobile homes."
1,Group,562,,Retail trade commissions,,This group comprises the service of selling and renting merchandise for others on a commission basis at the final step in the distribution process.
2,Class,56211,562,Retail trade commissions,,This class comprises the service of selling and renting merchandise for others on a commission basis at the final step in the distribution process.
3,Subclass,562111,56211,Retail trade commissions,,This subclass comprises the service of selling and renting merchandise for others on a commission basis at the final step in the distribution process.
4,Detail,5621112,562111,"Retail trade commissions, for cannabis products",,"Service of selling and renting cannabis products containing THC (more than 0.3% w/w), CBD, and other cannabinoids for others, on a commission basis at the final step in the distribution process."
4,Detail,5621113,562111,Retail commissions based on selling repair and maintenance services,,Retail commissions based on selling repair and maintenance services.
4,Detail,5621114,562111,Retail commissions based on rental and leasing services,,Retail commissions based on rental and leasing services.
4,Detail,5621115,562111,Retail commissions based on non medical care services for pets,,Retail commissions based on non medical care services for pets.
4,Detail,5621116,562111,"Retail commissions based on postal, courier, parcel and delivery services",,"Retail commissions based on postal, courier, parcel and delivery services."
4,Detail,5621117,562111,Retail commissions based on restaurants and prepared meals and beverages,,Retail commissions based on restaurants and prepared meals and beverages.
4,Detail,5621118,562111,"Retail commissions based on selling lottery tickets, gift certificates and cards",,"Retail commissions based on selling lottery tickets, gift certificates and cards."
4,Detail,5621119,562111,"Other retail trade commissions, n.e.c.",,"Other retail trade commissions, n.e.c."
1,Group,571,,Repair and maintenance services (except for buildings and transportation equipment),,"This group comprises repair and maintenance services, except for buildings and transportation equipment. Covers maintenance and repair services for commercial and industrial machinery and equipment; maintenance and repair services for electronic and precision equipment; and maintenance and repair services for personal and household goods."
2,Class,57111,571,Repair and maintenance services (except for buildings and transportation equipment),,"This class comprises repair and maintenance services, except for buildings and transportation equipment. Covers maintenance and repair services for commercial and industrial machinery and equipment; maintenance and repair services for electronic and precision equipment; and maintenance and repair services for personal and household goods."
3,Subclass,571111,57111,Maintenance and repair services for commercial and industrial machinery and equipment,,"This subclass comprises maintenance and repair services, except cleaning, for agricultural, construction, mining and forestry machinery and equipment; maintenance and repair services, except cleaning, for commercial refrigeration equipment; maintenance and repair services, except cleaning, for service industry and other commercial machinery and equipment; maintenance and repair services, except cleaning, for industrial machinery and equipment; and industrial and commercial machinery and equipment cleaning services."
4,Detail,5711111,571111,"Maintenance and repair services (except cleaning) for agricultural, construction, mining and forestry machinery and equipment",,"Maintenance and repair services, except cleaning, for agricultural, construction, mining and forestry machinery and equipment."
4,Detail,5711112,571111,Maintenance and repair services (except cleaning) for commercial refrigeration equipment,,"Maintenance and repair services, except cleaning, for commercial refrigeration equipment."
4,Detail,5711113,571111,Maintenance and repair services (except cleaning) for service industry and other commercial machinery and equipment,,"Maintenance and repair services, except cleaning, for machinery and equipment designed for use in service industry and other commercial operations."
4,Detail,5711114,571111,Maintenance and repair services (except cleaning) for industrial machinery and equipment,,"Maintenance and repair services, except cleaning, for machinery and equipment designed for use in industries."
4,Detail,5711115,571111,Industrial and commercial machinery and equipment cleaning services,,"Cleaning industrial and commercial machinery and equipment using methods such as high-pressure water, chemicals, or vacuuming. May include removal of waste water, cleaning chemicals, or other materials from the site."
3,Subclass,571112,57111,Maintenance and repair services for electronic and precision equipment,,This subclass comprises maintenance and repair services for computer hardware and software; maintenance and repair services for communication and navigation equipment; maintenance and repair services for other office equipment; maintenance and repair services for consumer electronics; maintenance and repair services for electronic medical equipment; and maintenance and repair services for other electronic and precision equipment.
4,Detail,5711121,571112,Maintenance and repair services for computer hardware and software,,"Maintenance and repair services for computers, computer peripherals and other data processing equipment, and technical support services for hardware and software problems."
4,Detail,5711122,571112,Maintenance and repair services for communication and navigation equipment,,Maintenance and repair services for communication and navigation equipment.
4,Detail,5711123,571112,Maintenance and repair services for office equipment (except computer hardware and peripherals),,"Maintenance and repair services for office equipment, except computer hardware and peripherals."
4,Detail,5711124,571112,Maintenance and repair services for consumer electronics,,Maintenance and repair services for consumer electronics.
4,Detail,5711125,571112,Maintenance and repair services for electronic medical equipment,,Maintenance and repair services for electronic medical equipment.
4,Detail,5711126,571112,Maintenance and repair services for other electronic and precision equipment,,Maintenance and repair services for other electronic and precision equipment.
3,Subclass,571113,57111,Maintenance and repair services for personal and household goods,,"This subclass comprises maintenance and repair services for household-type appliances and equipment; maintenance and repair services, including reupholstery, for home furniture; maintenance, repair and alteration services for apparel, footwear, watches and jewellery; maintenance and repair services for sporting, fitness and recreational vehicles and equipment; and maintenance and repair services for other personal and household goods."
4,Detail,5711131,571113,Maintenance and repair services for household-type appliances and equipment,,Maintenance and repair services for household-type appliances and equipment.
4,Detail,5711132,571113,Maintenance and repair services (including reupholstery) for home furniture,,"Maintenance and repair services, including reupholstery, for home furniture."
4,Detail,5711133,571113,"Maintenance, repair and alteration services for apparel, footwear, watches and jewellery",,"Maintenance, repair and alteration services for apparel, footwear, watches and jewellery."
4,Detail,5711134,571113,"Maintenance and repair services for sporting, fitness and recreational vehicles and equipment",,"Maintenance and repair services for sporting, fitness and recreational vehicles and equipment."
4,Detail,5711135,571113,Maintenance and repair services for other personal and household goods,,Maintenance and repair services for other personal and household goods.
1,Group,581,,Rental and leasing (except rental of real estate),,"This group comprises rentals and operating leases of motor vehicles (except with operator or driver); computer equipment; office furniture and equipment; communication equipment, commercial and industrial machinery and equipment (except with operator); and other goods."
2,Class,58111,581,Rental and operating leasing services of motor vehicles,,"This class comprises motor vehicle rental and operating leasing services, without operator or driver."
3,Subclass,581111,58111,"Rental and operating leasing services of automobiles and light trucks, without operator",,"This subclass comprises rentals and operating leases of automobiles and light trucks, without operator or driver."
4,Detail,5811111,581111,Rental services of automobiles and light trucks,,"Rentals of automobiles and light trucks, without operator, for specific periods of time. Maintenance and repair, insurance, and damage waivers may be included."
4,Detail,5811112,581111,Operating leasing services of automobiles and light trucks,,"Operating leases of automobiles and light trucks, without operator or driver, for specific periods of time. Maintenance and repair, insurance, and damage waivers may be included."
3,Subclass,581112,58111,"Rental and operating leasing services of motor homes, travel trailers and campers",,"This subclass comprises rentals and operating leases of road recreational vehicles containing sleeping space, without operator or driver."
4,Detail,5811121,581112,"Rental and operating leasing services of motor homes, travel trailers and campers",,"Rentals and operating leases of road recreational vehicles containing sleeping space, without operator or driver."
3,Subclass,581113,58111,"Rental and operating leasing services of heavy trucks, truck trailers and buses, without operator",,"This subclass comprises rentals and operating leases of heavy trucks, truck trailers and buses, without operator or driver."
4,Detail,5811131,581113,"Rental and operating leasing services of buses, without operator or driver",,"Rentals and operating leases of buses, without operator or driver."
4,Detail,5811132,581113,"Rental and operating leasing services of heavy trucks and truck trailers, without operator or driver",,"Rentals and operating leases of heavy trucks, truck trailers and similar motor vehicles, without operator or driver, principally designed for the transport of goods."
2,Class,58121,581,Rental and operating leasing services of computer equipment,,This class comprises rentals and operating leases of computers and peripheral equipment. May include the licensing of software as part of the rental agreement.
3,Subclass,581211,58121,Rental and operating leasing services of computer equipment,,This subclass comprises rentals and operating leases of computers and peripheral equipment. May include the licensing of software as part of the rental agreement.
4,Detail,5812111,581211,Rental and operating leasing services of computer equipment,,Rentals and operating leases of computers and peripheral equipment. May include the licensing of software as part of the rental agreement.
2,Class,58122,581,Rental and operating leasing services of office furniture and equipment (except computer equipment),,"This class comprises rentals and operating leases of office furniture and equipment, except computer equipment."
3,Subclass,581221,58122,Rental and operating leasing services of office furniture and equipment (except computer equipment),,"This subclass comprises rentals and operating leases of office furniture and equipment, except computer equipment."
4,Detail,5812211,581221,Rental and operating leasing services of office furniture,,Rentals and operating leases of office furniture.
4,Detail,5812212,581221,Rental and operating leasing services of other office equipment,,"Rentals and operating leases of office equipment, except computer equipment and furniture."
2,Class,58131,581,Rental and operating leasing services of commercial and industrial machinery and equipment (except office equipment),,"This class comprises rentals and operating leases of commercial and industrial machinery and equipment (except office equipment), without operator, driver or crew."
3,Subclass,581311,58131,"Rental and operating leasing services of air, rail, and water transportation equipment, without operator",,"This subclass comprises rentals and operating leases of air, rail, and water transportation equipment, without operator or crew."
4,Detail,5813111,581311,"Rental and operating leasing services of air transportation equipment, without operator",,"Rentals and operating leases of air transportation equipment, without operator or crew (''dry lease''). Generally, rental and lease terms are short compared to the economic life of the aircraft being rented or leased. A rental is commonly used to acquire aircraft for a term of a year or less. An operating lease is commonly used to acquire aircraft for a term of 2 to 7 years. With an operating lease, the aircraft does not appear on the lessee's balance sheet."
4,Detail,5813112,581311,"Rental and operating leasing services of rail transportation equipment, without operator",,"Rentals and operating leases of commercial rail transportation equipment, without operator. May include maintenance and repair services, insurance, damage waivers, and warranties."
4,Detail,5813113,581311,"Rental and operating leasing services of water transportation equipment, without operator",,"Rentals and operating leases of commercial water transportation equipment, without operator. May include maintenance and repair services, insurance, damage waivers, and warranties."
3,Subclass,581312,58131,"Rental and operating leasing services of other commercial and industrial machinery and equipment, without operator",,"This subclass comprises rentals and operating leases of other commercial and industrial machinery and equipment, without operator."
4,Detail,5813121,581312,"Rental and operating leasing services of heavy machinery and equipment, without operator",,"Rentals and operating leases of heavy machinery and equipment, without operator."
4,Detail,5813122,581312,"Rental and operating leasing services of communication equipment, without operator",,"Rental and operating leases of communication equipment, without operator."
4,Detail,5813123,581312,"Rental and operating leasing services of other commercial and industrial machinery and equipment n.e.c., without operator",,"Rentals and operating leases of other commercial and industrial machinery and equipment, n.e.c., without operator."
2,Class,58141,581,Rental and operating leasing services of other goods,,This class comprises rentals and operating leases of other goods.
3,Subclass,581411,58141,Rental services of home audiovisual equipment and appliances,,This subclass comprises rentals and operating leases of home audiovisual equipment and appliances.
4,Detail,5814111,581411,"Rental services of home audiovisual equipment, components and accessories",,Rentals and operating leases of home audiovisual equipment and related components and accessories.
4,Detail,5814112,581411,Rental services of household appliances,,Rentals and operating leases of household appliances.
3,Subclass,581412,58141,Rental services of home improvement and do-it-yourself tools and equipment,,"This subclass comprises rentals of home improvement, do-it-yourself, and garden tools and equipment."
4,Detail,5814121,581412,Rental services of home improvement and do-it-yourself tools and equipment,,"Rentals of home improvement, do-it-yourself, and garden tools and equipment."
3,Subclass,581413,58141,"Rental services of formal wear, costumes and accessories",,"This subclass comprises rentals of formal wear, costumes, other clothing, and related accessories. May include alterations."
4,Detail,5814131,581413,"Rental services of formal wear, costumes and accessories",,"Rentals of formal wear, costumes, other clothing, and related accessories. May include alterations."
3,Subclass,581414,58141,"Rental services of movies and games on digital videodisc (DVD), magnetic tape and cassette",,"This subclass comprises rentals of movies, games, and other recorded entertainment on digital videodisc (DVD), magnetic tape and cassette."
4,Detail,5814141,581414,"Rental services of movies and games on digital videodisc (DVD), magnetic tape and cassette",,"Rentals of movies, games, and other recorded entertainment on digital videodisc (DVD), magnetic tape and cassette."
3,Subclass,581415,58141,Rental services of home health care equipment,,This subclass comprises rentals and operating leases of home health care equipment.
4,Detail,5814151,581415,Rental services of home health care equipment,,Rentals and operating leases of home health care equipment.
3,Subclass,581416,58141,Rental services of recreational goods and equipment,,This subclass comprises rentals and operating leases of recreational goods and equipment.
4,Detail,5814161,581416,Rental services of recreational goods and equipment,,Rentals and operating leases of recreational goods and equipment.
3,Subclass,581417,58141,Rental services of equipment for parties and other social events,,"This subclass comprises rentals of equipment for parties and other social events, such as weddings."
4,Detail,5814171,581417,Rental services of equipment for parties and other social events,,"Rentals of equipment for parties and other social events, such as weddings."
3,Subclass,581418,58141,Rental and operating leasing services of household furniture and furnishings,,This subclass comprises rentals and operating leases of household furniture and furnishings.
4,Detail,5814181,581418,Rental and operating leasing services of household furniture and furnishings,,Rentals and operating leases of household furniture and furnishings.
3,Subclass,581419,58141,"Rental and operating leasing services of consumer goods, n.e.c.",,"This subclass comprises rentals and operating leases of consumer goods, n.e.c."
4,Detail,5814191,581419,Rental and operating leasing services of consumer goods n.e.c.,,"Rentals and operating leases of consumer goods, n.e.c."
1,Group,621,,Residential buildings,,"This group comprises residential buildings.

A residential building refers to a construction in which at least half of the overall useful floor area is used or intended for residential or private dwelling purposes, whether on a permanent basis or not. Residential buildings normally provide accommodation units or residential building units with self-contained and exclusive use of bathroom and kitchen facilities to the occupants of each unit. At least half of the useful floor area must be used or intended for dwelling units, in the case of apartment buildings. A residential building unit is a structurally separated and independent place.
A group of three row houses that are attached is considered to be three separate buildings if their external walls or dividing walls extend from the foundations to the roof.

Residential buildings constructed entirely at the building site, as well as on-site fully assembled precast, panelized, modular and other prefabricated residential buildings are included in this group. Unassembled prefabricated residential buildings built in a factory, and manufactured or fully assembled residential buildings built in a factory and delivered ready for move-in, are excluded from this group.

A building for which the majority of the overall useful floor area is used or intended for dwelling units with shared bathroom and kitchen, or that area is used primarily to offer care and other assisted living services, is classified as a ""collective dwelling-type building"" under the non-residential buildings group.

A building refers to any independent free-standing permanent structure comprising one or more residential dwelling units, business units or other spaces. A building can be entered by persons or animals and is suitable or intended for protecting them and objects. A building is covered by a roof and is usually enclosed within external walls or dividing walls that extend from the foundations to the roof. In the case of interconnected structures (e.g., semi-detached or terraced houses), any unit separated from other units by a fire wall extending from roof to cellar is considered an individual building. If there is no fire wall, the interconnected building units are regarded as individual buildings if they have their own access (own entrance) as well as their own utility system and are separately usable."
2,Class,62111,621,Residential buildings,,"This class comprises residential buildings.

A residential building refers to a construction in which at least half of the overall useful floor area is used or intended for residential or private dwelling purposes, whether on a permanent basis or not. Residential buildings normally provide accommodation units or residential building units with self-contained and exclusive use of bathroom and kitchen facilities to the occupants of each unit. At least half of the useful floor area must be used or intended for dwelling units, in the case of apartment buildings. A residential building unit is a structurally separated and independent place.
A group of three row houses that are attached is considered to be three separate buildings if their external walls or dividing walls extend from the foundations to the roof.

Residential buildings constructed entirely at the building site, as well as on-site fully assembled precast, panelized, modular and other prefabricated residential buildings are included in this group. Unassembled prefabricated residential buildings built in a factory, and manufactured or fully assembled residential buildings built in a factory and delivered ready for move-in, are excluded from this group.

A building for which the majority of the overall useful floor area is used or intended for dwelling units with shared bathroom and kitchen, or that area is used primarily to offer care and other assisted living services, is classified as a ""collective dwelling-type building"" under the non-residential buildings group.

A building refers to any independent free-standing permanent structure comprising one or more residential dwelling units, business units or other spaces. A building can be entered by persons or animals and is suitable or intended for protecting them and objects. A building is covered by a roof and is usually enclosed within external walls or dividing walls that extend from the foundations to the roof. In the case of interconnected structures (e.g., semi-detached or terraced houses), any unit separated from other units by a fire wall extending from roof to cellar is considered an individual building. If there is no fire wall, the interconnected building units are regarded as individual buildings if they have their own access (own entrance) as well as their own utility system and are separately usable."
3,Subclass,621111,62111,Residential buildings of five or more storeys,,"This subclass comprises residential buildings of five or more storeys. A residential building of five or more storeys refers to such a building of which at least half of the overall useful floor area is used or intended for residential or dwelling purposes. A residential building also generally provides accommodation units with self-contained and exclusive use of bathroom and kitchen facilities to the occupants of the apartments, condominiums or other types of dwellings in the building. These types of buildings do not provide care or other assisted daily living services; they provide private dwellings for at least half of the overall useful floor area of the building."
4,Detail,6211111,621111,Residential buildings of five or more storeys,,Residential buildings of five or more storeys.
3,Subclass,621112,62111,Residential buildings of fewer than five storeys,,"This subclass comprises residential buildings of fewer than five storeys. A residential building of five or more storeys refers to such a building of which at least half of the overall useful floor area is used or intended for residential or dwelling purposes. A residential building also generally provides accommodation units with self-contained and exclusive use of bathroom and kitchen facilities to the occupants of the apartments, condominiums or other types of dwellings in the building. These types of buildings do not provide care or other assisted daily living services; they provide private dwellings for at least half of the overall useful floor area of the building."
4,Detail,6211121,621112,Single-detached houses,,Single dwellings not attached to any other dwelling or structure (except their own garage or shed) that have open space on all sides and have no dwellings either above them or below them.
4,Detail,6211122,621112,Semi-detached houses,,"Two dwellings attached side by side (or back to back) to each other, but not attached to any other dwelling or structure (except their own garage or shed), that have no dwellings either above them or below them. The two units together have open space on all sides."
4,Detail,6211123,621112,Row houses,,"Row houses refer to row of three or more attached, one-family dwellings, each built with similar architectural treatment, separated by vertical divisions termed ""party"" or ""lot-line"" walls, and each having private entrances (usually both front and rear). Also a group of apartments, usually row-oriented, where each one is like a separate ""house"" and is usually two storeys. It generally refers to such units in an urban area and they are often condominiums. Often referred to as ""townhouses""."
4,Detail,6211124,621112,"Duplexes, triplexes and quadruplexes",,"Duplexes, triplexes and quadruplexes."
4,Detail,6211125,621112,"Residential buildings of fewer than five storeys, n.e.c.",,"Residential buildings of fewer than five storeys, n.e.c."
1,Group,622,,Non-residential buildings,,"This group comprises non-residential buildings.

A non-residential building refers to a construction in which more than half of the overall useful floor area is used or intended for non-residential purposes, namely for industrial, commercial or institutional purposes, including for the provision of services. A non-residential building unit is a structurally separated and independent place.

Non-residential buildings constructed entirely at the building site, as well as on-site fully assembled precast, panelized, modular and other prefabricated non-residential buildings are included in this group. Unassembled prefabricated non-residential buildings built in a factory, and manufactured or fully assembled non-residential buildings built in a factory and delivered ready for move-in, are excluded from this group.

A building for which more than half of the useful floor area is used or intended for dwelling units or accommodation units with shared bathroom and kitchen, or that area is used primarily to offer care and other assisted living services, is classified as a ""collective dwelling-type building"" in this group.

A building refers to any roofed independent free-standing permanent construction or structure usually enclosed within external walls or dividing walls that extend from the foundations to the roof and comprises one or more rooms or other space. A building can be entered or accessed by persons or animals and is suitable or intended for protecting them and objects. A building can also include a separately usable underground construction. In the case of interconnected structures, any unit separated from other units by a fire wall extending from roof to cellar is considered an individual building. If there is no fire wall, the interconnected building units are regarded as individual buildings if they have their own access or entrance, as well as their own utility system and are separately usable."
2,Class,62211,622,Industrial buildings,,"This class comprises industrial buildings. An industrial building refers to a construction in which more than half of the overall useful floor area is used or intended for industrial purposes, including mining buildings."
3,Subclass,622111,62211,Farm buildings,,This subclass comprises farm buildings.
4,Detail,6221111,622111,Farm buildings,,Farm buildings.
3,Subclass,622112,62211,Manufacturing plants,,This subclass comprises manufacturing plants.
4,Detail,6221121,622112,Manufacturing plants,,Manufacturing plants.
3,Subclass,622113,62211,Industrial depots and service buildings,,This subclass comprises industrial depots and service buildings.
4,Detail,6221132,622113,Airport hangars,,Airport hangars.
4,Detail,6221133,622113,Data centres,,Data centres.
4,Detail,6221139,622113,Other industrial depots and service buildings,,Other industrial depots and service buildings.
3,Subclass,622114,62211,Mining buildings,,This subclass comprises mine buildings.
4,Detail,6221141,622114,Mine buildings for ore beneficiation,,Mine buildings for beneficiation treatment of minerals.
4,Detail,6221142,622114,Mine surface buildings (except for ore beneficiation),,"Mine surface buildings, except for ore beneficiation."
3,Subclass,622115,62211,"Other industrial sites and buildings, n.e.c.",,"This subclass comprises other industrial sites and buildings, n.e.c."
4,Detail,6221152,622115,Commercial or institutional food preparation buildings,,Commercial or institutional food preparation buildings.
4,Detail,6221159,622115,"Other industrial sites and buildings, n.e.c.",,"Other industrial sites and buildings, n.e.c."
2,Class,62212,622,Commercial buildings,,"This class comprises commercial buildings. A commercial building refers to a construction in which more than half of the overall useful floor area is used or intended for commercial purposes, including office buildings."
3,Subclass,622121,62212,Office buildings,,This subclass comprises office buildings.
4,Detail,6221212,622121,High rise office buildings (non-medical),,High rise office buildings greater than 12 stories or 35m in height.
4,Detail,6221213,622121,Low rise office buildings (non-medical),,"Low rise office buildings, 12 stories or 35m high or lower."
4,Detail,6221214,622121,"Government administrative buildings, stand-alone",,"Government administrative buildings, stand-alone."
4,Detail,6221215,622121,"Consulate and embassy buildings, stand-alone",,"Consulate and embassy buildings, stand-alone."
4,Detail,6221216,622121,"Bank buildings, stand-alone",,"Bank buildings, stand-alone."
3,Subclass,622122,62212,"Shopping centres, plazas, malls and stores",,"This subclass comprises shopping centres, plazas, malls and stores."
4,Detail,6221222,622122,Enclosed shopping malls and centres,,Enclosed shopping malls and centres.
4,Detail,6221223,622122,Strip malls,,Strip malls.
4,Detail,6221224,622122,Stand-alone retail buildings (non-food),,Stand-alone retail buildings (non-food).
4,Detail,6221225,622122,Stand-alone food and beverage stores (except restaurants and bars),,Stand-alone food and beverage stores (except restaurants and bars).
4,Detail,6221226,622122,Anchor stores attached to mall or shopping centre,,Anchor stores attached to mall or shopping centre.
4,Detail,6221227,622122,Commercial bays,,Commercial bays.
4,Detail,6221228,622122,Shopping complexes (multi structure outlet malls),,Shopping complexes (multi structure outlet malls).
4,Detail,6221229,622122,"Other shopping centres, plazas, malls and stores, n.e.c.",,"Other shopping centres, plazas, malls and stores, n.e.c."
3,Subclass,622123,62212,Warehouses,,This subclass comprises warehouses.
4,Detail,6221231,622123,Non-refrigerated warehouses,,Non-refrigerated warehouses.
4,Detail,6221232,622123,Refrigerated warehouses and cold storage buildings,,Refrigerated warehouses and cold storage buildings.
4,Detail,6221233,622123,Cross docking facilities,,Cross docking facilities.
4,Detail,6221234,622123,Distribution and shipping centres,,Distribution and shipping centres.
4,Detail,6221235,622123,Hazardous material (hazmat) warehouses,,Hazardous material (hazmat) warehouses.
4,Detail,6221236,622123,Public rental storage buildings,,Public rental storage buildings.
4,Detail,6221237,622123,Internet fulfillment warehouses,,Internet fulfillment warehouses.
4,Detail,6221238,622123,Vehicle storage warehouses,,Vehicle storage warehouses.
4,Detail,6221239,622123,"Other warehouses, n.e.c.",,"Other warehouses, n.e.c."
3,Subclass,622124,62212,Restaurants,,This subclass comprises restaurants.
4,Detail,6221241,622124,Full-service restaurants,,Full-service restaurants.
4,Detail,6221242,622124,Drive through and fast food restaurants,,Drive through and fast food restaurants.
4,Detail,6221243,622124,Bakeries,,Bakeries.
4,Detail,6221244,622124,Bars or nightclubs,,Bars or nightclubs.
4,Detail,6221245,622124,Coffee shops (cafés),,Coffee shops (cafés).
4,Detail,6221246,622124,Food courts,,Food courts.
4,Detail,6221247,622124,Concession stands,,Concession stands.
4,Detail,6221249,622124,"Other restaurants, n.e.c.",,"Other restaurants, n.e.c."
3,Subclass,622125,62212,Hotels and motels,,This subclass comprises hotels and motels.
4,Detail,6221252,622125,Hotels,,Hotels.
4,Detail,6221253,622125,Motels,,Motels.
4,Detail,6221254,622125,Lodges,,Lodges.
4,Detail,6221255,622125,Hostels,,Hostels.
4,Detail,6221256,622125,Beds and breakfasts (by owner),,Beds and breakfasts (by owner).
4,Detail,6221257,622125,Short-term overnight stays facilities (except by owner),,Short-term overnight stays facilities (except by owner).
4,Detail,6221259,622125,"Other short-term overnight stays facilities, n.e.c.",,"Other short-term overnight stays facilities, n.e.c."
3,Subclass,622126,62212,Airports and other passenger terminals,,This subclass comprises airports and other passenger terminals.
4,Detail,6221262,622126,Commercial airports,,Commercial airports
4,Detail,6221263,622126,Private airports,,Private airports
4,Detail,6221264,622126,Cargo airports,,Cargo airports
4,Detail,6221265,622126,Bus stations,,Bus stations
4,Detail,6221266,622126,Railway stations,,Railway stations
4,Detail,6221267,622126,Metro (subway) stations,,Metro (subway) stations.
4,Detail,6221268,622126,Ferry or cruise terminals,,Ferry or cruise terminals.
4,Detail,6221269,622126,"Other terminals, n.e.c.",,"Other terminals, n.e.c."
3,Subclass,622127,62212,"Theatres, and sports and recreational facilities",,This subclass comprises theatres and halls; sports facilities with spectator capacity; and indoor recreational facilities.
4,Detail,6221271,622127,Cinemas and performing art theatres,,Cinemas and performing art theatres.
4,Detail,6221272,622127,Convention centres and halls,,Convention centres and halls.
4,Detail,6221273,622127,"Other theatres and halls, n.e.c.",,"Other theatres and halls, n.e.c."
4,Detail,6221274,622127,Stadiums,,Stadiums.
4,Detail,6221275,622127,Arenas,,Arenas.
4,Detail,6221276,622127,Other sports and recreational facilities with spectator capacity,,Other sports and recreational facilities with spectator capacity.
4,Detail,6221277,622127,"Fitness centres, gyms, gymnasiums",,"Fitness centres, gyms, gymnasiums."
4,Detail,6221278,622127,Indoor pools,,Indoor pools.
4,Detail,6221279,622127,"Indoor multisport complexes and other indoor recreational facilities, n.e.c.",,"Indoor multisport complexes and other indoor recreational facilities, n.e.c."
3,Subclass,622128,62212,Student residences and other collective dwellings n.e.c.,,"This subclass comprises student residences and other collective dwellings n.e.c. A collective dwelling-type building refers to a building for which the majority of the overall useful floor area is used or intended for commercial communal dwelling units offered to students and other types of persons, while this building has shared or communal bathrooms and kitchens."
4,Detail,6221281,622128,Student residences,,"Student residences refer to buildings for which the majority of the overall useful floor area is used or intended for commercial communal dwelling units offered to students, while these buildings has shared or communal bathrooms and kitchens."
4,Detail,6221283,622128,Religious residences,,Religious residences.
4,Detail,6221284,622128,Shelters,,Shelters.
4,Detail,6221285,622128,Halfway houses,,Halfway houses.
4,Detail,6221286,622128,Orphanages or group homes,,Orphanages or group homes.
4,Detail,6221289,622128,"Other collective dwellings, n.e.c.",,"Other collective dwellings, n.e.c."
3,Subclass,622129,62212,Other commercial buildings,,This subclass comprises other commercial buildings.
4,Detail,6221291,622129,Industrial laboratories and research and development centres,,Industrial laboratories and research and development centres.
4,Detail,6221292,622129,Post offices,,Post offices.
4,Detail,6221293,622129,Communications buildings,,Communications buildings.
4,Detail,6221294,622129,Gas stations and electric charging stations,,Gas stations and electric charging stations.
4,Detail,6221295,622129,Vehicle repair workshops and garages,,Vehicle repair workshops and garages.
4,Detail,6221296,622129,Vehicle dealership buildings,,Vehicle dealership buildings.
4,Detail,6221297,622129,Carwash buildings,,Carwash buildings.
4,Detail,6221298,622129,"Other service stations, n.e.c.",,"Other service stations, n.e.c."
4,Detail,6221299,622129,"Other commercial buildings, n.e.c.",,"Other commercial buildings, n.e.c."
2,Class,62213,622,Institutional buildings,,This class comprises institutional buildings. An institutional building refers to a construction in which more than half of the overall useful floor area is used or intended for institutional purposes.
3,Subclass,622131,62213,"Schools, colleges, universities and other educational buildings",,"This subclass comprises schools, colleges, universities and other educational buildings."
4,Detail,6221312,622131,Schools,,Schools.
4,Detail,6221313,622131,Preschool centres,,Preschool centres.
4,Detail,6221314,622131,Universities,,Universities.
4,Detail,6221315,622131,Community colleges,,Community colleges.
4,Detail,6221316,622131,Vocational schools,,Vocational schools.
4,Detail,6221317,622131,Laboratories and research centres (non-industrial),,Laboratories and research centres (non-industrial).
4,Detail,6221318,622131,Institutional development and training centre,,Institutional development and training centre.
4,Detail,6221319,622131,Other educational buildings,,Other educational buildings.
3,Subclass,622132,62213,Hospitals (except veterinary hospitals),,"This subclass comprises hospitals, except veterinary hospitals."
4,Detail,6221321,622132,General medical and surgical hospitals,,General medical and surgical hospitals.
4,Detail,6221322,622132,Long term acute care hospitals,,Long term acute care hospitals.
4,Detail,6221323,622132,Critical access hospitals,,Critical access hospitals.
4,Detail,6221324,622132,Cancer centres,,Cancer centres.
4,Detail,6221325,622132,Behaviour care facilities,,Behaviour care facilities.
4,Detail,6221326,622132,Rehabilitation centres or hospitals,,Rehabilitation centres or hospitals.
4,Detail,6221327,622132,Psychiatric hospitals,,Psychiatric hospitals.
4,Detail,6221328,622132,Post-acute care hospitals and killed nursing facilities,,Post-acute care hospitals and killed nursing facilities.
4,Detail,6221329,622132,"Other hospitals, n.e.c.",,"Other hospitals, n.e.c."
3,Subclass,622133,62213,"Health centres, clinics and other health care buildings n.e.c.",,"This subclass comprises health centres, clinics and other health care buildings n.e.c."
4,Detail,6221331,622133,Community health care centres and clinics,,Community health care centres and clinics.
4,Detail,6221332,622133,Medical daycare centres (outpatient),,Medical daycare (outpatient).
4,Detail,6221333,622133,Clinical treatment centres,,Clinical treatment centres
4,Detail,6221334,622133,Radiology centres,,Radiology centres.
4,Detail,6221335,622133,Pathology and laboratory medicine centres,,Pathology and laboratory medicine centres.
4,Detail,6221336,622133,Specimen collection centres,,Specimen collection centres.
4,Detail,6221337,622133,Eye care centres,,Eye care centres.
4,Detail,6221338,622133,Veterinary hospitals,,Veterinary hospitals.
4,Detail,6221339,622133,"Other health care buildings, n.e.c.",,"Other health care buildings, n.e.c."
3,Subclass,622134,62213,"Nursing homes, assisted daily care, and adult care facilities",,"This subclass comprises nursing homes, assisted daily care, and adult care facilities."
4,Detail,6221341,622134,Nursing homes and senior citizen homes,,Nursing homes and senior citizen homes.
4,Detail,6221342,622134,Assisted daily care facilities,,Assisted daily care facilities.
4,Detail,6221343,622134,Adult daycare respites,,Adult daycare respites.
4,Detail,6221349,622134,"Other adult care centres, n.e.c.",,"Other adult care centres, n.e.c."
3,Subclass,622135,62213,Museums and libraries,,This subclass comprises museums and libraries.
4,Detail,6221351,622135,Museums,,Museums.
4,Detail,6221352,622135,Art galleries,,Art galleries.
4,Detail,6221353,622135,Public archives,,Public archives.
4,Detail,6221354,622135,Libraries,,Libraries.
3,Subclass,622136,62213,Public safety facilities,,This subclass comprises public safety facilities.
4,Detail,6221361,622136,"Armouries, military drill halls and fortifications",,"Armouries, military drill halls and fortifications."
4,Detail,6221362,622136,"Barracks and other military housing, and military bases",,"Barracks and other military housing, and military bases."
4,Detail,6221363,622136,Border stations,,Border stations.
4,Detail,6221364,622136,Court houses and probation offices,,Court houses and probation offices.
4,Detail,6221365,622136,Youth and municipal detention centres,,Youth and municipal detention centres.
4,Detail,6221366,622136,Prisons and penitentiaries,,Prisons and penitentiary.
4,Detail,6221367,622136,Fire stations,,Fire stations and fire halls.
4,Detail,6221368,622136,Police stations,,Police stations.
4,Detail,6221369,622136,Other public safety facilities,,Other public safety facilities.
3,Subclass,622137,62213,Religious centres and memorial sites (except residences),,This subclass comprises religious centres and memorial sites (except residences).
4,Detail,6221371,622137,Religious centres,,Religious centres.
4,Detail,6221372,622137,Mausoleums,,Mausoleums.
4,Detail,6221373,622137,Funeral homes,,Funeral homes.
4,Detail,6221374,622137,Cremation facilities,,Cremation facilities.
4,Detail,6221375,622137,Memorial sites,,Memorial sites.
3,Subclass,622138,62213,Childcare centres,,This subclass comprises childcare centres.
4,Detail,6221382,622138,Childcare centres,,Childcare centres.
4,Detail,6221389,622138,"Other childcare centres, n.e.c.",,"Other childcare centres, n.e.c."
3,Subclass,622139,62213,"Other institutional buildings, n.e.c.",,"This subclass comprises other institutional buildings, n.e.c."
4,Detail,6221391,622139,Historical sites (except buildings),,Historical sites (except buildings).
4,Detail,6221392,622139,Historical buildings,,Historical buildings.
4,Detail,6221399,622139,"Other institutional buildings, n.e.c.",,"Other institutional buildings, n.e.c."
1,Group,623,,Civil engineering works,,"This group comprises civil engineering works (infrastructures) or construction works other than buildings and their associated site works, comprising a structure, such as highways, bridges, pipelines, nuclear power plants, water filtration plants and mine structures (except buildings). Construction works are also the results of operations such as dredging, dewatering or soil stabilization."
2,Class,62311,623,"Highways, roads, streets, bridges and tunnels",,"This class comprises highways, roads, streets, bridges, and tunnels."
3,Subclass,623111,62311,"Highways, roads and streets",,"This subclass comprises highways, roads and streets."
4,Detail,6231111,623111,"Highways, roads and streets",,"Highways, roads and streets."
3,Subclass,623112,62311,Bridges,,This subclass comprises bridges.
4,Detail,6231121,623112,Bridges,,Bridges.
3,Subclass,623113,62311,Tunnels,,This subclass comprises tunnels.
4,Detail,6231131,623113,Tunnels,,Tunnels.
2,Class,62312,623,Other land transportation civil engineering works,,This class comprises other land transportation civil engineering works or infrastructures.
3,Subclass,623121,62312,Parking lots and garages,,This subclass comprises parking lots and garages.
4,Detail,6231212,623121,Enclosed parkades and parking garages,,Enclosed parkades and parking garages.
4,Detail,6231213,623121,Parking lots,,Parking lots.
3,Subclass,623122,62312,Railway tracks,,This subclass comprises railway tracks.
4,Detail,6231221,623122,Railway tracks,,Railway tracks.
3,Subclass,623123,62312,Runways,,This subclass comprises runways.
4,Detail,6231231,623123,Runways,,Runways.
3,Subclass,623124,62312,"Other land transportation civil engineering works, n.e.c.",,"This subclass comprises other land transportation civil engineering works, n.e.c."
4,Detail,6231241,623124,"Other land transportation civil engineering works, n.e.c.",,"Other land transportation civil engineering works, n.e.c."
2,Class,62313,623,Marine engineering works,,This class comprises marine engineering works.
3,Subclass,623131,62313,Seaports and harbours,,This subclass comprises seaports and harbours.
4,Detail,6231311,623131,Seaports and harbours,,Seaports and harbours.
3,Subclass,623132,62313,Marinas,,This subclass comprises marinas.
4,Detail,6231321,623132,Marinas,,Marinas.
3,Subclass,623133,62313,Canals and waterways,,This subclass comprises canals and waterways.
4,Detail,6231331,623133,Canals and waterways,,Canals and waterways.
3,Subclass,623134,62313,Other marine engineering works,,This subclass comprises other marine engineering works.
4,Detail,6231341,623134,Other marine engineering works,,Other marine engineering works.
2,Class,62321,623,Oil and gas extraction sites and structures,,This class comprises oil and gas extraction sites and structures.
3,Subclass,623211,62321,Production facilities in oil and gas extraction,,This subclass comprises production facilities in oil and gas extraction.
4,Detail,6232111,623211,Production facilities in oil and gas extraction,,Production facilities in oil and gas extraction.
3,Subclass,623212,62321,Oil refineries and natural gas processing plants,,This subclass comprises oil refineries and natural gas processing plants.
4,Detail,6232121,623212,Oil refineries,,Oil refineries.
4,Detail,6232122,623212,Natural gas processing plants,,Natural gas processing plants.
2,Class,62322,623,Pipelines,,This class comprises pipelines.
3,Subclass,623221,62322,Pipelines,,This subclass comprises pipelines.
4,Detail,6232211,623221,Pipelines,,Pipelines.
2,Class,62323,623,Other oil and gas engineering works,,This class comprises other oil and gas engineering works.
3,Subclass,623231,62323,Other oil and gas engineering works,,This subclass comprises other oil and gas engineering works.
4,Detail,6232311,623231,Other oil and gas engineering works,,Other oil and gas engineering works.
2,Class,62331,623,Electric power engineering works,,This class comprises electric power engineering works.
3,Subclass,623311,62331,Electric power generating plants,,"This subclass comprises steam power plants, nuclear power plants, hydro-electric power plants and other electric power generating plants."
4,Detail,6233111,623311,"Natural gas, coal and oil power plants",,"Natural gas, coal and oil power plants."
4,Detail,6233112,623311,Nuclear power plants,,Nuclear power plants.
4,Detail,6233113,623311,Hydro-electric power plants,,Hydro-electric power plants.
4,Detail,6233114,623311,Wind and solar power plants,,Wind and solar power plants.
4,Detail,6233115,623311,Other electric power generating plants,,Other electric power generating plants.
3,Subclass,623312,62331,Power transmission networks,,This subclass comprises power transmission networks.
4,Detail,6233121,623312,Power transmission networks,,Power transmission networks.
3,Subclass,623313,62331,Power distribution networks,,This subclass comprises power distribution networks.
4,Detail,6233131,623313,Power distribution networks,,Power distribution networks.
3,Subclass,623314,62331,Energy storage systems,,"This subclass comprises energy storage systems, which refer to storage systems for storing energy resulted from electricity generated or produced at one time for use at a later time."
4,Detail,6233141,623314,Energy storage systems,,Energy storage systems.
2,Class,62341,623,Communications networks,,This class comprises communications networks.
3,Subclass,623411,62341,Communications networks,,"This subclass comprises cables, lines and support structures for telecommunications transmission, as well as other communications networks."
4,Detail,6234111,623411,Telecommunications transmission cables and lines (except optical fibre),,"Telecommunications transmission cables and lines, except optical fibre."
4,Detail,6234112,623411,Telecommunications transmission optical fibre cables,,Telecommunications transmission optical fibre cables.
4,Detail,6234113,623411,Telecommunications transmission support structures,,Telecommunications transmission support structures.
4,Detail,6234114,623411,Other communications networks,,Other communications networks.
2,Class,62351,623,Waterworks engineering works,,This class comprises waterworks engineering works.
3,Subclass,623511,62351,Water filtration plants and pumping stations,,This subclass comprises water filtration plants and pumping stations.
4,Detail,6235112,623511,Water towers and pumping stations,,Water towers and pumping stations.
4,Detail,6235113,623511,Water filtration and treatment plants,,Water filtration and treatment plants.
3,Subclass,623512,62351,Water supply engineering works,,This subclass comprises water supply engineering works.
4,Detail,6235121,623512,Water supply engineering works,,Water supply engineering works.
2,Class,62352,623,Sewage engineering works,,This class comprises sewage engineering works.
3,Subclass,623521,62352,Sewage treatment plants,,This subclass comprises sewage treatment plants.
4,Detail,6235211,623521,Sewage and wastewater treatment plants,,Sewage and wastewater treatment plants.
3,Subclass,623522,62352,Sewage collection and disposal engineering works,,This subclass comprises sewage collection and disposal engineering works.
4,Detail,6235221,623522,Sewage collection and disposal engineering works,,Sewage collection and disposal engineering works.
2,Class,62361,623,Mining engineering works,,"This class comprises mining engineering works such as structures (except buildings), tailing disposal systems and settling ponds."
3,Subclass,623611,62361,Mining engineering works,,"This subclass comprises mine engineering works such as structures (except buildings), tailing disposal systems and settling ponds."
4,Detail,6236111,623611,Mine structures (except buildings),,Mine structures except buildings.
4,Detail,6236112,623611,Tailing disposal systems and settling ponds,,Tailing disposal systems and settling ponds.
2,Class,62362,623,Other civil engineering works,,This class comprises other civil engineering works.
3,Subclass,623621,62362,Reclaimed land,,This subclass comprises reclaimed land.
4,Detail,6236211,623621,Reclaimed land,,Reclaimed land.
3,Subclass,623622,62362,Flood protection engineering works,,This subclass comprises flood protection engineering works.
4,Detail,6236221,623622,Flood protection engineering works,,Flood protection engineering works.
3,Subclass,623623,62362,Waste disposal facilities,,This subclass comprises waste disposal facilities.
4,Detail,6236231,623623,Waste disposal facilities,,Waste disposal facilities.
3,Subclass,623624,62362,Irrigation networks,,This subclass comprises irrigation networks.
4,Detail,6236241,623624,Irrigation networks,,Irrigation networks.
3,Subclass,623625,62362,Outdoor recreational facilities,,This subclass comprises outdoor recreational facilities.
4,Detail,6236251,623625,Outdoor recreational facilities,,Outdoor recreational facilities.
3,Subclass,623626,62362,"Other civil engineering works, n.e.c.",,"This subclass comprises pollution abatement and control engineering works, and all other civil engineering works n.e.c."
4,Detail,6236261,623626,Pollution abatement and control engineering works,,Pollution abatement and control engineering works.
4,Detail,6236262,623626,"All other civil engineering works, n.e.c.",,"All other civil engineering works, n.e.c."
1,Group,631,,Industrial intellectual property,,"This group comprises industrial intellectual property, such as patents and industrial designs, produced on own account for sale with all-attendant rights."
2,Class,63111,631,Industrial intellectual property,,"This class comprises industrial intellectual property, such as patents and industrial designs, produced on own account for sale with all-attendant rights."
3,Subclass,631111,63111,Patents,,This subclass comprises patented inventions produced on own account for sale with all-attendant rights.
4,Detail,6311111,631111,Patents,,Patented inventions produced on own account for sale with all-attendant rights.
3,Subclass,631112,63111,Industrial designs,,This subclass comprises industrial designs produced on own account for sale with all-attendant rights.
4,Detail,6311121,631112,Industrial designs,,Industrial designs produced on own account for sale with all-attendant rights.
3,Subclass,631113,63111,Integrated circuit topographies,,This subclass comprises integrated circuit topographies produced on own account for sale with all-attendant rights.
4,Detail,6311131,631113,Integrated circuit topographies,,Integrated circuit topographies produced on own account for sale with all-attendant rights.
3,Subclass,631114,63111,Trademarks,,This subclass comprises trademarks produced on own account for sale with all-attendant rights.
4,Detail,6311141,631114,Trademarks,,Trademarks produced on own account for sale with all-attendant rights.
3,Subclass,631115,63111,Other industrial intellectual property,,This subclass comprises other industrial intellectual property produced on own account for sale with all-attendant rights.
4,Detail,6311151,631115,Other industrial intellectual property,,Other industrial intellectual property produced on own account for sale with all-attendant rights.
1,Group,632,,Originals protected by copyright,,This group comprises originals protected by copyrights produced on own account for sale with all-attendant rights.
2,Class,63211,632,Software originals,,This class comprises software originals produced on own account for sale with all-attendant rights.
3,Subclass,632111,63211,Software originals,,This subclass comprises software originals produced on own account for sale with all-attendant rights.
4,Detail,6321111,632111,Software originals,,Software originals produced on own account for sale with all-attendant rights.
2,Class,63221,632,Originals protected by copyright (except software),,"This class comprises originals protected by copyrights, except software, produced on own account for sale with all-attendant rights."
3,Subclass,632211,63221,Literary works originals (except software),,"This subclass comprises literary works originals, except software, produced on own account for sale with all-attendant rights."
4,Detail,6322111,632211,Literary works originals (except software),,"Literary works originals, except software, produced on own account for sale with all-attendant rights."
3,Subclass,632212,63221,Artistic works originals,,This subclass comprises artistic works originals produced on own account for sale with all-attendant rights.
4,Detail,6322121,632212,Artistic works originals,,Artistic works originals produced on own account for sale with all-attendant rights.
3,Subclass,632213,63221,Dramatic works originals,,This subclass comprises dramatic works originals produced on own account for sale with all-attendant rights.
4,Detail,6322131,632213,Dramatic works originals,,Dramatic works originals produced on own account for sale with all-attendant rights.
3,Subclass,632214,63221,Musical works originals,,This subclass comprises musical works originals produced on own account for sale with all-attendant rights.
4,Detail,6322141,632214,Musical works originals,,Musical works originals produced on own account for sale with all-attendant rights.
1,Group,641,,Oil and gas and mineral exploration,,"This group comprises certain services used in the search for, discovery and initial delimitation of previously unknown pools of oil or gas, unproven areas or deeper zones of known pools, previously unknown mineral deposits, or the re-evaluation of sub-marginal or neglected mineral deposits."
2,Class,64111,641,Oil and gas exploration,,"This class comprises certain services used in the search for, discovery and initial delimitation of previously unknown pools of oil or gas, or of unproven areas or deeper zones of known pools."
3,Subclass,641111,64111,Oil and gas exploration,,"This subclass comprises certain services used in the search for, discovery and initial delimitation of previously unknown pools of oil or gas, or of unproven areas or deeper zones of known pools."
4,Detail,6411111,641111,Exploration drilling for oil and gas,,"Drilling exploratory wells to search for previously unknown pools of oil or gas, or of unproven areas or deeper zones of known pools."
4,Detail,6411112,641111,Other oil and gas exploration,,"Certain services (except drilling) used in the search for, discovery and initial delimitation of previously unknown pools of oil or gas, or of unproven areas or deeper zones of known pools."
2,Class,64121,641,Mineral exploration,,"This class comprises certain services used in the search for, discovery and initial delimitation of previously unknown mineral deposits or the re-evaluation of sub-marginal or neglected mineral deposits."
3,Subclass,641211,64121,Mineral exploration,,"This subclass comprises certain services used in the search for, discovery and initial delimitation of previously unknown mineral deposits or the re-evaluation of sub-marginal or neglected mineral deposits."
4,Detail,6412111,641211,Mineral exploration,,"Certain services used in the search for, discovery and initial delimitation of previously unknown mineral deposits or the re-evaluation of sub-marginal or neglected mineral deposits."
1,Group,642,,Research and experimental development services,,"This group comprises research and experimental development services in natural sciences, engineering and technology, medical and health sciences, agricultural and veterinary sciences, social sciences, and humanities and the arts. Research and experimental development (R&D) comprise creative and systemic work undertaken in order to increase the stock of knowledge - including knowledge of humankind, culture and society - and to devise new applications of available knowledge. The term R&D refers to three types of activity: basic research, applied research and experimental development. Basic research refers to experimental or theoretical work undertaken primarily to acquire new knowledge of the underlying foundations of phenomena and observable facts, without any particular application or use in view. Applied research refers to original investigation undertaken in order to acquire new knowledge. It is, however, directed primarily towards a specific, practical aim or objective. Experimental development is systematic work, drawing on knowledge gained from research and practical experience and producing additional knowledge, which is directed to producing new products or processes or to improving existing products or processes."
2,Class,64231,642,Research and experimental developmental services in natural sciences,,"This class comprises research and experimental development services in natural sciences. Natural sciences refers to scientific disciplines concerned with understanding, exploring or developing the natural world. Research services consist of systematic investigation carried by means of experiment or analysis to achieve a scientific or technological advance such as acquiring new knowledge of the underlying foundation of phenomena and observable facts. Experimental development services consist of new or substantially improved goods, services, systems, methods or processes."
3,Subclass,642311,64231,Research and experimental developmental services in mathematical sciences,,"This subclass comprises research and experimental development services in disciplines concerned with understanding, exploring or developing the natural world such as mathematical sciences, including statistics. Research services consist of systematic investigation carried by means of experiment or analysis to achieve a scientific or technological advance such as acquiring new knowledge of the underlying foundation of phenomena and observable facts. Experimental development services consist of new or substantially improved goods, services, systems, methods or processes."
4,Detail,6423111,642311,Research and experimental developmental services in mathematical sciences,,"Research and experimental developmental services in disciplines concerned with understanding, exploring or developing the natural world such as mathematical sciences, including statistics. Research services consist of systematic investigation carried by means of experiment or analysis to achieve a scientific or technological advance such as acquiring new knowledge of the underlying foundation of phenomena and observable facts. Experimental development services consist of new or substantially improved goods, services, systems, methods or processes."
3,Subclass,642312,64231,Research and experimental developmental services in computer and information sciences,,"This subclass comprises research and experimental development services in disciplines concerned with understanding, exploring or developing the natural world such as computer and information sciences. Research services consist of systematic investigation carried by means of experiment or analysis to achieve a scientific or technological advance such as acquiring new knowledge of the underlying foundation of phenomena and observable facts. Experimental development services consist of new or substantially improved goods, services, systems, methods or processes."
4,Detail,6423121,642312,Research and experimental developmental services in computer and information sciences,,"Research and experimental developmental services in disciplines concerned with understanding, exploring or developing the natural world such as computer and information sciences. Research services consist of systematic investigation carried by means of experiment or analysis to achieve a scientific or technological advance such as acquiring new knowledge of the underlying foundation of phenomena and observable facts. Experimental development services consist of new or substantially improved goods, services, systems, methods or processes."
3,Subclass,642313,64231,Research and experimental developmental services in physical sciences,,"This subclass comprises research and experimental development in disciplines concerned with understanding, exploring or developing the natural world such as physical sciences. Research services consist of systematic investigation carried by means of experiment or analysis to achieve a scientific or technological advance such as acquiring new knowledge of the underlying foundation of phenomena and observable facts. Experimental development services consist of new or substantially improved goods, services, systems, methods or processes."
4,Detail,6423131,642313,Research and experimental developmental services in physical sciences,,"Research and experimental developmental services in disciplines concerned with understanding, exploring or developing the natural world such as physical sciences. Research services consist of systematic investigation carried by means of experiment or analysis to achieve a scientific or technological advance such as acquiring new knowledge of the underlying foundation of phenomena and observable facts. Experimental development services consist of new or substantially improved goods, services, systems, methods or processes."
3,Subclass,642314,64231,Research and experimental developmental services in chemical sciences,,"This subclass comprises research and experimental development services in disciplines concerned with understanding, exploring or developing the natural world such as chemical sciences. Research services consist of systematic investigation carried by means of experiment or analysis to achieve a scientific or technological advance such as acquiring new knowledge of the underlying foundation of phenomena and observable facts. Experimental development services consist of new or substantially improved goods, services, systems, methods or processes."
4,Detail,6423141,642314,Research and experimental developmental services in chemical sciences,,"Research and experimental developmental services in disciplines concerned with understanding, exploring or developing the natural world such as chemical sciences. Research services consist of systematic investigation carried by means of experiment or analysis to achieve a scientific or technological advance such as acquiring new knowledge of the underlying foundation of phenomena and observable facts. Experimental development services consist of new or substantially improved goods, services, systems, methods or processes."
3,Subclass,642315,64231,Research and experimental developmental services in earth and related environmental sciences,,"This subclass comprises research and experimental development services in disciplines concerned with understanding, exploring or developing the natural world such as earth and related environmental sciences. Research services consist of systematic investigation carried by means of experiment or analysis to achieve a scientific or technological advance such as acquiring new knowledge of the underlying foundation of phenomena and observable facts. Experimental development services consist of new or substantially improved goods, services, systems, methods or processes."
4,Detail,6423151,642315,Research and experimental developmental services in earth and related environmental sciences,,"Research and experimental developmental services in disciplines concerned with understanding, exploring or developing the natural world such as earth and related environmental sciences. Research services consist of systematic investigation carried by means of experiment or analysis to achieve a scientific or technological advance such as acquiring new knowledge of the underlying foundation of phenomena and observable facts. Experimental development services consist of new or substantially improved goods, services, systems, methods or processes."
3,Subclass,642316,64231,Research and experimental developmental services in biological sciences,,"This subclass comprises research services in disciplines concerned with understanding, exploring or developing the natural world such as biological sciences. Research services consist of systematic investigation carried by means of experiment or analysis to achieve a scientific or technological advance such as acquiring new knowledge of the underlying foundation of phenomena and observable facts. Experimental development services consist of new or substantially improved goods, services, systems, methods or processes."
4,Detail,6423161,642316,Research and experimental developmental services in biological sciences,,"Research and experimental developmental services in disciplines concerned with understanding, exploring or developing the natural world such as biological sciences. Research services consist of systematic investigation carried by means of experiment or analysis to achieve a scientific or technological advance such as acquiring new knowledge of the underlying foundation of phenomena and observable facts. Experimental development services consist of new or substantially improved goods, services, systems, methods or processes."
3,Subclass,642317,64231,Research and experimental developmental services in other natural sciences,,"This subclass comprises research and experimental development services in disciplines concerned with understanding, exploring or developing the natural world such as other natural sciences. Research services consist of systematic investigation carried by means of experiment or analysis to achieve a scientific or technological advance such as acquiring new knowledge of the underlying foundation of phenomena and observable facts. Experimental development services consist of new or substantially improved goods, services, systems, methods or processes."
4,Detail,6423171,642317,Research and experimental developmental services in other natural sciences,,"Research and experimental developmental services in disciplines concerned with understanding, exploring or developing the natural world such as other natural sciences. Research services consist of systematic investigation carried by means of experiment or analysis to achieve a scientific or technological advance such as acquiring new knowledge of the underlying foundation of phenomena and observable facts. Experimental development services consist of new or substantially improved goods, services, systems, methods or processes."
2,Class,64232,642,Research and experimental developmental services in engineering and technology,,"This class comprises research and experimental development services in engineering and technology. Engineering and technology refers to scientific disciplines concerned with understanding, exploring or developing the natural world. Research services consist of systematic investigation carried by means of experiment or analysis to achieve a scientific or technological advance such as acquiring new knowledge of the underlying foundation of phenomena and observable facts. Experimental development services consist of new or substantially improved goods, services, systems, methods or processes."
3,Subclass,642321,64232,Research and experimental developmental services in civil engineering,,"This subclass comprises research services in disciplines concerned with understanding, exploring or developing the natural world such as civil engineering. Research services consist of systematic investigation carried by means of experiment or analysis to achieve a scientific or technological advance such as acquiring new knowledge of the underlying foundation of phenomena and observable facts. Experimental development services consist of new or substantially improved goods, services, systems, methods or processes."
4,Detail,6423211,642321,Research and experimental developmental services in civil engineering,,"Research and experimental developmental services in disciplines concerned with understanding, exploring or developing the natural world such as civil engineering. Research services consist of systematic investigation carried by means of experiment or analysis to achieve a scientific or technological advance such as acquiring new knowledge of the underlying foundation of phenomena and observable facts. Experimental development services consist of new or substantially improved goods, services, systems, methods or processes."
3,Subclass,642322,64232,"Research and experimental developmental services in electrical engineering, electronic engineering and information engineering",,"This subclass comprises research services in disciplines concerned with understanding, exploring or developing the natural world such as electrical engineering, electronic engineering and information engineering. Research services consist of systematic investigation carried by means of experiment or analysis to achieve a scientific or technological advance such as acquiring new knowledge of the underlying foundation of phenomena and observable facts. Experimental development services consist of new or substantially improved goods, services, systems, methods or processes."
4,Detail,6423221,642322,"Research and experimental developmental services in electrical engineering, electronic engineering and information engineering",,"Research and experimental developmental services in disciplines concerned with understanding, exploring or developing the natural world such as electrical engineering, electronic engineering and information engineering. Research services consist of systematic investigation carried by means of experiment or analysis to achieve a scientific or technological advance such as acquiring new knowledge of the underlying foundation of phenomena and observable facts. Experimental development services consist of new or substantially improved goods, services, systems, methods or processes."
3,Subclass,642323,64232,Research and experimental developmental services in mechanical engineering,,"This subclass comprises research services in disciplines concerned with understanding, exploring or developing the natural world such as mechanical engineering. Research services consist of systematic investigation carried by means of experiment or analysis to achieve a scientific or technological advance such as acquiring new knowledge of the underlying foundation of phenomena and observable facts. Experimental development services consist of new or substantially improved goods, services, systems, methods or processes."
4,Detail,6423231,642323,Research and experimental developmental services in mechanical engineering,,"Research and experimental developmental services in disciplines concerned with understanding, exploring or developing the natural world such as mechanical engineering. Research services consist of systematic investigation carried by means of experiment or analysis to achieve a scientific or technological advance such as acquiring new knowledge of the underlying foundation of phenomena and observable facts. Experimental development services consist of new or substantially improved goods, services, systems, methods or processes."
3,Subclass,642324,64232,Research and experimental developmental services in chemical engineering,,"This subclass comprises research services in disciplines concerned with understanding, exploring or developing the natural world such as chemical engineering. Research services consist of systematic investigation carried by means of experiment or analysis to achieve a scientific or technological advance such as acquiring new knowledge of the underlying foundation of phenomena and observable facts. Experimental development services consist of new or substantially improved goods, services, systems, methods or processes."
4,Detail,6423241,642324,Research and experimental developmental services in chemical engineering,,"Research services in disciplines concerned with understanding, exploring or developing the natural world such as chemical engineering. Research services consist of systematic investigation carried by means of experiment or analysis to achieve a scientific or technological advance such as acquiring new knowledge of the underlying foundation of phenomena and observable facts. Experimental development services consist of new or substantially improved goods, services, systems, methods or processes."
3,Subclass,642325,64232,Research and experimental developmental services in materials engineering,,"This subclass comprises research services in disciplines concerned with understanding, exploring or developing the natural world such as materials engineering. Research services consist of systematic investigation carried by means of experiment or analysis to achieve a scientific or technological advance such as acquiring new knowledge of the underlying foundation of phenomena and observable facts. Experimental development services consist of new or substantially improved goods, services, systems, methods or processes."
4,Detail,6423251,642325,Research and experimental developmental services in materials engineering,,"Research and experimental developmental services in disciplines concerned with understanding, exploring or developing the natural world such as materials engineering. Research services consist of systematic investigation carried by means of experiment or analysis to achieve a scientific or technological advance such as acquiring new knowledge of the underlying foundation of phenomena and observable facts. Experimental development services consist of new or substantially improved goods, services, systems, methods or processes."
3,Subclass,642326,64232,Research and experimental developmental services in medical engineering,,"This subclass comprises research services in disciplines concerned with understanding, exploring or developing the natural world such as medical engineering. Research services consist of systematic investigation carried by means of experiment or analysis to achieve a scientific or technological advance such as acquiring new knowledge of the underlying foundation of phenomena and observable facts. Experimental development services consist of new or substantially improved goods, services, systems, methods or processes."
4,Detail,6423261,642326,Research and experimental developmental services in medical engineering,,"Research and experimental developmental services in disciplines concerned with understanding, exploring or developing the natural world such as medical engineering. Research services consist of systematic investigation carried by means of experiment or analysis to achieve a scientific or technological advance such as acquiring new knowledge of the underlying foundation of phenomena and observable facts. Experimental development services consist of new or substantially improved goods, services, systems, methods or processes."
3,Subclass,642327,64232,Research and experimental developmental services in environmental engineering and biotechnology,,"This subclass comprises research services in disciplines concerned with understanding, exploring or developing the natural world such as environmental engineering and biotechnology. Research services consist of systematic investigation carried by means of experiment or analysis to achieve a scientific or technological advance such as acquiring new knowledge of the underlying foundation of phenomena and observable facts. Experimental development services consist of new or substantially improved goods, services, systems, methods or processes."
4,Detail,6423271,642327,Research and experimental developmental services in environmental engineering,,"Research and experimental developmental services in disciplines concerned with understanding, exploring or developing the natural world such as environmental engineering. Research services consist of systematic investigation carried by means of experiment or analysis to achieve a scientific or technological advance such as acquiring new knowledge of the underlying foundation of phenomena and observable facts. Experimental development services consist of new or substantially improved goods, services, systems, methods or processes."
4,Detail,6423272,642327,Research and experimental developmental services in environmental biotechnology,,"Research and experimental developmental services in disciplines concerned with understanding, exploring or developing the natural world such as environmental biotechnology. Research services consist of systematic investigation carried by means of experiment or analysis to achieve a scientific or technological advance such as acquiring new knowledge of the underlying foundation of phenomena and observable facts. Experimental development services consist of new or substantially improved goods, services, systems, methods or processes."
3,Subclass,642328,64232,Research and experimental developmental services in industrial biotechnology,,"This subclass comprises research services in disciplines concerned with understanding, exploring or developing the natural world such as industrial biotechnology. Research services consist of systematic investigation carried by means of experiment or analysis to achieve a scientific or technological advance such as acquiring new knowledge of the underlying foundation of phenomena and observable facts. Experimental development services consist of new or substantially improved goods, services, systems, methods or processes."
4,Detail,6423281,642328,Research and experimental developmental services in industrial biotechnology,,"Research and experimental developmental services in disciplines concerned with understanding, exploring or developing the natural world such as industrial biotechnology. Research services consist of systematic investigation carried by means of experiment or analysis to achieve a scientific or technological advance such as acquiring new knowledge of the underlying foundation of phenomena and observable facts. Experimental development services consist of new or substantially improved goods, services, systems, methods or processes."
3,Subclass,642329,64232,Research and experimental developmental services in nanotechnology and other engineering and technologies,,"This subclass comprises research services in disciplines concerned with understanding, exploring or developing the natural world such as nanotechnology and other engineering and technologies. Research services consist of systematic investigation carried by means of experiment or analysis to achieve a scientific or technological advance such as acquiring new knowledge of the underlying foundation of phenomena and observable facts. Experimental development services consist of new or substantially improved goods, services, systems, methods or processes."
4,Detail,6423291,642329,Research and experimental developmental services in nanotechnology,,"Research and experimental developmental services in disciplines concerned with understanding, exploring or developing the natural world such as nanotechnology. Research services consist of systematic investigation carried by means of experiment or analysis to achieve a scientific or technological advance such as acquiring new knowledge of the underlying foundation of phenomena and observable facts. Experimental development services consist of new or substantially improved goods, services, systems, methods or processes."
4,Detail,6423292,642329,Research and experimental developmental services in other engineering and technologies,,"Research and experimental developmental services in disciplines concerned with understanding, exploring or developing the natural world such as other engineering and technologies. Research services consist of systematic investigation carried by means of experiment or analysis to achieve a scientific or technological advance such as acquiring new knowledge of the underlying foundation of phenomena and observable facts. Experimental development services consist of new or substantially improved goods, services, systems, methods or processes."
2,Class,64233,642,Research and experimental developmental services in medical and health sciences,,"This class comprises research and experimental development services in medical and health sciences. Medical and health sciences refers to scientific disciplines concerned with understanding, exploring or developing the natural world. Research services consist of systematic investigation carried by means of experiment or analysis to achieve a scientific or technological advance such as acquiring new knowledge of the underlying foundation of phenomena and observable facts. Experimental development services consist of new or substantially improved goods, services, systems, methods or processes."
3,Subclass,642331,64233,Research and experimental developmental services in basic medicine,,"This subclass comprises research services in disciplines concerned with understanding, exploring or developing the natural world such as basic medicine and life sciences. Research services consist of systematic investigation carried by means of experiment or analysis to achieve a scientific or technological advance such as acquiring new knowledge of the underlying foundation of phenomena and observable facts. Experimental development services consist of new or substantially improved goods, services, systems, methods or processes."
4,Detail,6423311,642331,Research and experimental developmental services in basic medicine,,"Research and experimental developmental services in disciplines concerned with understanding, exploring or developing the natural world such as basic medicine. Research services consist of systematic investigation carried by means of experiment or analysis to achieve a scientific or technological advance such as acquiring new knowledge of the underlying foundation of phenomena and observable facts. Experimental development services consist of new or substantially improved goods, services, systems, methods or processes."
3,Subclass,642332,64233,Research and experimental developmental services in clinical medicine,,"This subclass comprises research services in disciplines concerned with understanding, exploring or developing the natural world such as clinical medicine. Research services consist of systematic investigation carried by means of experiment or analysis to achieve a scientific or technological advance such as acquiring new knowledge of the underlying foundation of phenomena and observable facts. Experimental development services consist of new or substantially improved goods, services, systems, methods or processes."
4,Detail,6423321,642332,Research and experimental developmental services in clinical medicine,,"Research and experimental developmental services in disciplines concerned with understanding, exploring or developing the natural world such as clinical medicine. Research services consist of systematic investigation carried by means of experiment or analysis to achieve a scientific or technological advance such as acquiring new knowledge of the underlying foundation of phenomena and observable facts. Experimental development services consist of new or substantially improved goods, services, systems, methods or processes."
3,Subclass,642333,64233,Research and experimental developmental services in health sciences,,"This subclass comprises research services in disciplines concerned with understanding, exploring or developing the natural world such as health sciences. Research services consist of systematic investigation carried by means of experiment or analysis to achieve a scientific or technological advance such as acquiring new knowledge of the underlying foundation of phenomena and observable facts. Experimental development services consist of new or substantially improved goods, services, systems, methods or processes."
4,Detail,6423331,642333,Research and experimental developmental services in health sciences,,"Research and experimental developmental services in disciplines concerned with understanding, exploring or developing the natural world such as health sciences. Research services consist of systematic investigation carried by means of experiment or analysis to achieve a scientific or technological advance such as acquiring new knowledge of the underlying foundation of phenomena and observable facts. Experimental development services consist of new or substantially improved goods, services, systems, methods or processes."
3,Subclass,642334,64233,Research and experimental developmental services in medical biotechnology,,"This subclass comprises research and experimental developmental services in disciplines concerned with understanding, exploring or developing the natural world such as medical biotechnology. Research services consist of systematic investigation carried by means of experiment or analysis to achieve a scientific or technological advance such as acquiring new knowledge of the underlying foundation of phenomena and observable facts. Experimental development services consist of new or substantially improved goods, services, systems, methods or processes."
4,Detail,6423341,642334,Research and experimental developmental services in medical biotechnology,,"Research and experimental developmental services in disciplines concerned with understanding, exploring or developing the natural world such as medical biotechnology. Research services consist of systematic investigation carried by means of experiment or analysis to achieve a scientific or technological advance such as acquiring new knowledge of the underlying foundation of phenomena and observable facts. Experimental development services consist of new or substantially improved goods, services, systems, methods or processes."
3,Subclass,642335,64233,Research and experimental developmental services in other medical sciences,,"This subclass comprises research and experimental development services in disciplines concerned with understanding, exploring or developing the natural world such as other medical sciences. Research services consist of systematic investigation carried by means of experiment or analysis to achieve a scientific or technological advance such as acquiring new knowledge of the underlying foundation of phenomena and observable facts. Experimental development services consist of new or substantially improved goods, services, systems, methods or processes."
4,Detail,6423351,642335,Research and experimental developmental services in other medical sciences,,"Research and experimental developmental services in disciplines concerned with understanding, exploring or developing the natural world such as other medical sciences. Research services consist of systematic investigation carried by means of experiment or analysis to achieve a scientific or technological advance such as acquiring new knowledge of the underlying foundation of phenomena and observable facts. Experimental development services consist of new or substantially improved goods, services, systems, methods or processes."
2,Class,64234,642,Research and experimental developmental services in agricultural and veterinary sciences,,"This class comprises research and experimental development services in agricultural and veterinary sciences. Agricultural and veterinary sciences refers to scientific disciplines concerned with understanding, exploring or developing the natural world. Research services consist of systematic investigation carried by means of experiment or analysis to achieve a scientific or technological advance such as acquiring new knowledge of the underlying foundation of phenomena and observable facts. Experimental development services consist of new or substantially improved goods, services, systems, methods or processes."
3,Subclass,642341,64234,"Research and experimental developmental services in agriculture, forestry and fisheries",,"This subclass comprises research services in disciplines concerned with understanding, exploring or developing the natural world such as agricultural, forestry and fisheries. Research services consist of systematic investigation carried by means of experiment or analysis to achieve a scientific or technological advance such as acquiring new knowledge of the underlying foundation of phenomena and observable facts. Experimental development services consist of new or substantially improved goods, services, systems, methods or processes."
4,Detail,6423411,642341,"Research and experimental developmental services in agriculture, forestry and fisheries",,"Research and experimental developmental services in disciplines concerned with understanding, exploring or developing the natural world such as agriculture, forestry and fisheries. Research services consist of systematic investigation carried by means of experiment or analysis to achieve a scientific or technological advance such as acquiring new knowledge of the underlying foundation of phenomena and observable facts. Experimental development services consist of new or substantially improved goods, services, systems, methods or processes."
3,Subclass,642342,64234,Research and experimental developmental services in animal and dairy science,,"This subclass comprises research and experimental development services in disciplines concerned with understanding, exploring or developing the natural world such as animal and dairy science. Research services consist of systematic investigation carried by means of experiment or analysis to achieve a scientific or technological advance such as acquiring new knowledge of the underlying foundation of phenomena and observable facts. Experimental development services consist of new or substantially improved goods, services, systems, methods or processes."
4,Detail,6423421,642342,Research and experimental developmental services in animal and dairy science,,"Research and experimental developmental services in disciplines concerned with understanding, exploring or developing the natural world such as animal and dairy science. Research services consist of systematic investigation carried by means of experiment or analysis to achieve a scientific or technological advance such as acquiring new knowledge of the underlying foundation of phenomena and observable facts. Experimental development services consist of new or substantially improved goods, services, systems, methods or processes."
3,Subclass,642343,64234,Research and experimental developmental services in veterinary science,,"This subclass comprises research and experimental development services in disciplines concerned with understanding, exploring or developing the natural world such as veterinary science. Research services consist of systematic investigation carried by means of experiment or analysis to achieve a scientific or technological advance such as acquiring new knowledge of the underlying foundation of phenomena and observable facts. Experimental development services consist of new or substantially improved goods, services, systems, methods or processes."
4,Detail,6423431,642343,Research and experimental developmental services in veterinary science,,"Research and experimental developmental services in disciplines concerned with understanding, exploring or developing the natural world such as veterinary science. Research services consist of systematic investigation carried by means of experiment or analysis to achieve a scientific or technological advance such as acquiring new knowledge of the underlying foundation of phenomena and observable facts. Experimental development services consist of new or substantially improved goods, services, systems, methods or processes."
3,Subclass,642344,64234,Research and experimental developmental services in agricultural biotechnology (including food sciences),,"This subclass comprises research and experimental development services in disciplines concerned with understanding, exploring or developing the natural world such as agricultural biotechnology, including food sciences. Research services consist of systematic investigation carried by means of experiment or analysis to achieve a scientific or technological advance such as acquiring new knowledge of the underlying foundation of phenomena and observable facts. Experimental development services consist of new or substantially improved goods, services, systems, methods or processes."
4,Detail,6423441,642344,Research and experimental developmental services in agricultural biotechnology (including food sciences),,"Research and experimental developmental services in disciplines concerned with understanding, exploring or developing the natural world such as agricultural biotechnology, including food sciences. Research services consist of systematic investigation carried by means of experiment or analysis to achieve a scientific or technological advance such as acquiring new knowledge of the underlying foundation of phenomena and observable facts. Experimental development services consist of new or substantially improved goods, services, systems, methods or processes."
3,Subclass,642345,64234,Research and experimental developmental services in other agricultural sciences,,"This subclass comprises research and experimental development services in disciplines concerned with understanding, exploring or developing the natural world such as other agricultural sciences. Research services consist of systematic investigation carried by means of experiment or analysis to achieve a scientific or technological advance such as acquiring new knowledge of the underlying foundation of phenomena and observable facts. Experimental development services consist of new or substantially improved goods, services, systems, methods or processes."
4,Detail,6423451,642345,Research and experimental developmental services in other agricultural sciences,,"Research and experimental developmental services in disciplines concerned with understanding, exploring or developing the natural world such as other agricultural sciences. Research services consist of systematic investigation carried by means of experiment or analysis to achieve a scientific or technological advance such as acquiring new knowledge of the underlying foundation of phenomena and observable facts. Experimental development services consist of new or substantially improved goods, services, systems, methods or processes."
2,Class,64241,642,Research and experimental developmental services in social sciences,,"This class comprises research and experimental development services in social sciences. Social sciences refers to disciplines concerned with the study of human actions and conditions and the social, economic and institutional mechanisms affecting humans. Research services consist of systematic investigation carried by means of experiment or analysis to achieve a scientific or technological advance such as acquiring new knowledge of the underlying foundation of phenomena and observable facts. Experimental development services consist of new or substantially improved goods, services, systems, methods or processes."
3,Subclass,642411,64241,Research and experimental developmental services in psychology and cognitive sciences,,"This subclass comprises research and experimental services in disciplines concerned with the study of human actions and conditions and the social, economic and institutional mechanisms affecting humans such as psychology and cognitive sciences. Research services consist of systematic investigation carried by means of experiment or analysis to achieve a scientific or technological advance such as acquiring new knowledge of the underlying foundation of phenomena and observable facts. Experimental development services consist of new or substantially improved goods, services, systems, methods or processes."
4,Detail,6424111,642411,Research and experimental developmental services in psychology and cognitive sciences,,"Research and experimental developmental services in disciplines concerned with the study of human actions and conditions and the social, economic and institutional mechanisms affecting humans such as psychology and cognitive sciences. Research services consist of systematic investigation carried by means of experiment or analysis to achieve a scientific or technological advance such as acquiring new knowledge of the underlying foundation of phenomena and observable facts. Experimental development services consist of new or substantially improved goods, services, systems, methods or processes."
3,Subclass,642412,64241,Research and experimental developmental services in economics and business,,"This subclass comprises research and experimental services in disciplines concerned with the study of human actions and conditions and the social, economic and institutional mechanisms affecting humans such as economics and business. Research services consist of systematic investigation carried by means of experiment or analysis to achieve a scientific or technological advance such as acquiring new knowledge of the underlying foundation of phenomena and observable facts. Experimental development services consist of new or substantially improved goods, services, systems, methods or processes."
4,Detail,6424121,642412,Research and experimental developmental services in economics and business,,"Research and experimental developmental services in disciplines concerned with the study of human actions and conditions and the social, economic and institutional mechanisms affecting humans such as economics and business or administration. Research services consist of systematic investigation carried by means of experiment or analysis to achieve a scientific or technological advance such as acquiring new knowledge of the underlying foundation of phenomena and observable facts. Experimental development services consist of new or substantially improved goods, services, systems, methods or processes."
3,Subclass,642413,64241,Research and experimental developmental services in education,,"This subclass comprises research services in disciplines concerned with the study of human actions and conditions and the social, economic and institutional mechanisms affecting humans such as education. Research services consist of systematic investigation carried by means of experiment or analysis to achieve a scientific or technological advance such as acquiring new knowledge of the underlying foundation of phenomena and observable facts. Experimental development services consist of new or substantially improved goods, services, systems, methods or processes."
4,Detail,6424131,642413,Research and experimental developmental services in education,,"Research and experimental developmental services in disciplines concerned with the study of human actions and conditions and the social, economic and institutional mechanisms affecting humans such as education. Research services consist of systematic investigation carried by means of experiment or analysis to achieve a scientific or technological advance such as acquiring new knowledge of the underlying foundation of phenomena and observable facts. Experimental development services consist of new or substantially improved goods, services, systems, methods or processes."
3,Subclass,642414,64241,Research and experimental developmental services in sociology,,"This subclass comprises research services in disciplines concerned with the study of human actions and conditions and the social, economic and institutional mechanisms affecting humans such as sociology. Research services consist of systematic investigation carried by means of experiment or analysis to achieve a scientific or technological advance such as acquiring new knowledge of the underlying foundation of phenomena and observable facts. Experimental development services consist of new or substantially improved goods, services, systems, methods or processes."
4,Detail,6424141,642414,Research and experimental developmental services in sociology,,"Research and experimental developmental services in disciplines concerned with the study of human actions and conditions and the social, economic and institutional mechanisms affecting humans such as sociology. Research services consist of systematic investigation carried by means of experiment or analysis to achieve a scientific or technological advance such as acquiring new knowledge of the underlying foundation of phenomena and observable facts. Experimental development services consist of new or substantially improved goods, services, systems, methods or processes."
3,Subclass,642415,64241,Research and experimental developmental services in law,,"This subclass comprises research and experimental services in disciplines concerned with the study of human actions and conditions and the social, economic and institutional mechanisms affecting humans such as law. Research services consist of systematic investigation carried by means of experiment or analysis to achieve a scientific or technological advance such as acquiring new knowledge of the underlying foundation of phenomena and observable facts. Experimental development services consist of new or substantially improved goods, services, systems, methods or processes."
4,Detail,6424151,642415,Research and experimental developmental services in law,,"Research and experimental developmental services in disciplines concerned with the study of human actions and conditions and the social, economic and institutional mechanisms affecting humans such as law. Research services consist of systematic investigation carried by means of experiment or analysis to achieve a scientific or technological advance such as acquiring new knowledge of the underlying foundation of phenomena and observable facts. Experimental development services consist of new or substantially improved goods, services, systems, methods or processes."
3,Subclass,642416,64241,Research and experimental developmental services in political science,,"This subclass comprises research and experimental services in disciplines concerned with the study of human actions and conditions and the social, economic and institutional mechanisms affecting humans such as political science. Research services consist of systematic investigation carried by means of experiment or analysis to achieve a scientific or technological advance such as acquiring new knowledge of the underlying foundation of phenomena and observable facts. Experimental development services consist of new or substantially improved goods, services, systems, methods or processes."
4,Detail,6424161,642416,Research and experimental developmental services in political science,,"Research and experimental developmental services in disciplines concerned with the study of human actions and conditions and the social, economic and institutional mechanisms affecting humans such as political science. Research services consist of systematic investigation carried by means of experiment or analysis to achieve a scientific or technological advance such as acquiring new knowledge of the underlying foundation of phenomena and observable facts. Experimental development services consist of new or substantially improved goods, services, systems, methods or processes."
3,Subclass,642417,64241,Research and experimental developmental services in social and economic geography,,"This subclass comprises research and experimental services in disciplines concerned with the study of human actions and conditions and the social, economic and institutional mechanisms affecting humans such as social and economic geography. Research services consist of systematic investigation carried by means of experiment or analysis to achieve a scientific or technological advance such as acquiring new knowledge of the underlying foundation of phenomena and observable facts. Experimental development services consist of new or substantially improved goods, services, systems, methods or processes."
4,Detail,6424171,642417,Research and experimental developmental services in social and economic geography,,"Research and experimental developmental services in disciplines concerned with the study of human actions and conditions and the social, economic and institutional mechanisms affecting humans such as social and economic geography. Research services consist of systematic investigation carried by means of experiment or analysis to achieve a scientific or technological advance such as acquiring new knowledge of the underlying foundation of phenomena and observable facts. Experimental development services consist of new or substantially improved goods, services, systems, methods or processes."
3,Subclass,642418,64241,Research and experimental developmental services in media and communications,,"This subclass comprises research services in disciplines concerned with the study of human actions and conditions and the social, economic and institutional mechanisms affecting humans such as media and communications. Research services consist of systematic investigation carried by means of experiment or analysis to achieve a scientific or technological advance such as acquiring new knowledge of the underlying foundation of phenomena and observable facts. Experimental development services consist of new or substantially improved goods, services, systems, methods or processes."
4,Detail,6424181,642418,Research and experimental developmental services in media and communications,,"Research and experimental developmental services in disciplines concerned with the study of human actions and conditions and the social, economic and institutional mechanisms affecting humans such as media and communications. Research services consist of systematic investigation carried by means of experiment or analysis to achieve a scientific or technological advance such as acquiring new knowledge of the underlying foundation of phenomena and observable facts. Experimental development services consist of new or substantially improved goods, services, systems, methods or processes."
3,Subclass,642419,64241,Research and experimental developmental services in other social sciences,,"This subclass comprises research and experimental developmental in disciplines concerned with the study of human actions and conditions and the social, economic and institutional mechanisms affecting humans such as other social sciences. Research services consist of systematic investigation carried by means of experiment or analysis to achieve a scientific or technological advance such as acquiring new knowledge of the underlying foundation of phenomena and observable facts. Experimental development services consist of new or substantially improved goods, services, systems, methods or processes."
4,Detail,6424191,642419,Research and experimental developmental services in other social sciences,,"Research and experimental developmental services in disciplines concerned with the study of human actions and conditions and the social, economic and institutional mechanisms affecting humans such as other social sciences. Research services consist of systematic investigation carried by means of experiment or analysis to achieve a scientific or technological advance such as acquiring new knowledge of the underlying foundation of phenomena and observable facts. Experimental development services consist of new or substantially improved goods, services, systems, methods or processes."
2,Class,64242,642,Research and experimental developmental services in humanities and the arts,,"This class comprises research and experimental development services in humanities and the arts. Humanities and the arts refers to disciplines concerned with the study of human actions and conditions and the social, economic and institutional mechanisms affecting humans. Research services consist of systematic investigation carried by means of experiment or analysis to achieve a scientific or technological advance such as acquiring new knowledge of the underlying foundation of phenomena and observable facts. Experimental development services consist of new or substantially improved goods, services, systems, methods or processes."
3,Subclass,642421,64242,Research and experimental developmental services in history and archaeology,,"This subclass comprises research and experimental developmental services in disciplines concerned with the study of human actions and conditions and the social, economic and institutional mechanisms affecting humans such as history and archaeology. Research services consist of systematic investigation carried by means of experiment or analysis to achieve a scientific or technological advance such as acquiring new knowledge of the underlying foundation of phenomena and observable facts. Experimental development services consist of new or substantially improved goods, services, systems, methods or processes."
4,Detail,6424211,642421,Research and experimental developmental services in history and archaeology,,"Research and experimental developmental services in disciplines concerned with the study of human actions and conditions and the social, economic and institutional mechanisms affecting humans such as history and archaeology. Research services consist of systematic investigation carried by means of experiment or analysis to achieve a scientific or technological advance such as acquiring new knowledge of the underlying foundation of phenomena and observable facts. Experimental development services consist of new or substantially improved goods, services, systems, methods or processes."
3,Subclass,642422,64242,Research and experimental developmental services in languages and literature,,"This subclass comprises research and experimental development services in disciplines concerned with the study of human actions and conditions and the social, economic and institutional mechanisms affecting humans such as languages and literature. Research services consist of systematic investigation carried by means of experiment or analysis to achieve a scientific or technological advance such as acquiring new knowledge of the underlying foundation of phenomena and observable facts. Experimental development services consist of new or substantially improved goods, services, systems, methods or processes."
4,Detail,6424221,642422,Research and experimental developmental services in languages and literature,,"Research and experimental developmental services in disciplines concerned with the study of human actions and conditions and the social, economic and institutional mechanisms affecting humans such as languages and literature. Research services consist of systematic investigation carried by means of experiment or analysis to achieve a scientific or technological advance such as acquiring new knowledge of the underlying foundation of phenomena and observable facts. Experimental development services consist of new or substantially improved goods, services, systems, methods or processes."
3,Subclass,642423,64242,"Research and experimental developmental services in philosophy, ethics and religion",,"This subclass comprises research experimental developmental services in disciplines concerned with the study of human actions and conditions and the social, economic and institutional mechanisms affecting humans such as philosophy, ethics and religion. Research services consist of systematic investigation carried by means of experiment or analysis to achieve a scientific or technological advance such as acquiring new knowledge of the underlying foundation of phenomena and observable facts. Experimental development services consist of new or substantially improved goods, services, systems, methods or processes."
4,Detail,6424231,642423,"Research and experimental developmental services in philosophy, ethics and religion",,"Research and experimental developmental services in disciplines concerned with the study of human actions and conditions and the social, economic and institutional mechanisms affecting humans such as philosophy, ethics and religion. Research services consist of systematic investigation carried by means of experiment or analysis to achieve a scientific or technological advance such as acquiring new knowledge of the underlying foundation of phenomena and observable facts. Experimental development services consist of new or substantially improved goods, services, systems, methods or processes."
3,Subclass,642424,64242,"Research and experimental developmental services in arts (arts, history of arts, performing arts, music)",,"This subclass comprises research services in disciplines concerned with the study of human actions and conditions and the social, economic and institutional mechanisms affecting humans such as arts (arts, history of arts, performing arts, music). Research services consist of systematic investigation carried by means of experiment or analysis to achieve a scientific or technological advance such as acquiring new knowledge of the underlying foundation of phenomena and observable facts. Experimental development services consist of new or substantially improved goods, services, systems, methods or processes."
4,Detail,6424241,642424,"Research and experimental developmental services in arts (arts, history of arts, performing arts, music)",,"Research and experimental developmental services in disciplines concerned with the study of human actions and conditions and the social, economic and institutional mechanisms affecting humans such as arts (arts, history of arts, performing arts, music). Research services consist of systematic investigation carried by means of experiment or analysis to achieve a scientific or technological advance such as acquiring new knowledge of the underlying foundation of phenomena and observable facts. Experimental development services consist of new or substantially improved goods, services, systems, methods or processes."
3,Subclass,642425,64242,Research and experimental developmental services in other humanities,,"This subclass comprises research and experimental development services in disciplines concerned with the study of human actions and conditions and the social, economic and institutional mechanisms affecting humans such as other humanities. Research services consist of systematic investigation carried by means of experiment or analysis to achieve a scientific or technological advance such as acquiring new knowledge of the underlying foundation of phenomena and observable facts. Experimental development services consist of new or substantially improved goods, services, systems, methods or processes."
4,Detail,6424251,642425,Research and experimental developmental services in other humanities,,"Research and experimental developmental services in disciplines concerned with the study of human actions and conditions and the social, economic and institutional mechanisms affecting humans such as other humanities. Research services consist of systematic investigation carried by means of experiment or analysis to achieve a scientific or technological advance such as acquiring new knowledge of the underlying foundation of phenomena and observable facts. Experimental development services consist of new or substantially improved goods, services, systems, methods or processes."
1,Group,643,,Custom software design and development services,,"This group comprises software specifically designed and developed for an individual customer, and customization of existing software to meet the specific needs of the customer."
2,Class,64311,643,Custom software design and development services,,"This class comprises software specifically designed and developed for an individual customer, and customization of existing software to meet the specific needs of the customer."
3,Subclass,643111,64311,Custom software design and development services,,"This subclass comprises software specifically designed and developed for an individual customer, and customization of existing software to meet the specific needs of the customer."
4,Detail,6431111,643111,Website design and development services,,"Websites specifically designed and developed for an individual customer. Website design includes webpage layout, content production, and graphic design. Website development includes building, creating and maintaining websites."
4,Detail,6431112,643111,Database design and development services,,Databases specifically designed and developed for an individual customer. The design and development consists of the planning and creation of an infrastructure that stores information so that it can be easily accessed and managed in a computerized environment.
4,Detail,6431113,643111,Game software design and development services,,"Game software specifically designed and developed for an individual customer. Game software is interactive software used for entertainment, role playing and simulation."
4,Detail,6431114,643111,Other custom software design and development services,,"Software other than websites, databases and games specifically designed and developed for an individual customer."
4,Detail,6431115,643111,Customization and integration services of packaged software,,Adapting and installing an existing software application so that it is functional within the clients' information system environment.
1,Group,651,,Licensing of rights for commercial use of non-financial intangible assets (except products protected by copyright),,"This group comprises licences for the use of non-financial intangible assets, except assets protected by copyrights, to generate revenues."
2,Class,65111,651,Licensing of rights for commercial use of non-financial intangible assets (except products protected by copyright),,"This class comprises licences for the use of non-financial intangible assets, except assets protected by copyrights, to generate revenues."
3,Subclass,651111,65111,Licensing of rights for commercial use of industrial intellectual property and franchising agreements,,This subclass comprises licences for the use of industrial intellectual property and franchises to generate revenues.
4,Detail,6511111,651111,Licensing of rights for commercial use of patented inventions,,Licences for the use of patented inventions to generate revenues.
4,Detail,6511112,651111,Licensing of rights for commercial use of trademarks,,Licences for the use of trademarks to generate revenues.
4,Detail,6511113,651111,Licensing of rights for commercial use of industrial intellectual property (except patents and trademarks),,"Licences for the use of industrial intellectual property, except patents and trademarks, to generate revenues."
4,Detail,6511114,651111,Franchising agreements,,"Licences to exploit a franchise to generate revenues. The franchise agreement is an exclusive dealing contract which allows for the use of a business concept, know-how and related intellectual property and can also include on-going commercial and technical support from the franchisor and a product supply agreement."
3,Subclass,651112,65111,Licensing of rights to explore for or exploit renewable and non-renewable resources,,This subclass comprises the rights to explore for or exploit renewable and non-renewable natural resources.
4,Detail,6511121,651112,Licensing of rights to explore for or exploit renewable and non-renewable resources,,Rights to explore for or exploit renewable and non-renewable natural resources.
3,Subclass,651113,65111,Licensing of rights to other non-financial intangible assets,,This subclass comprises licences for the use of non-financial intangible assets n.e.c. to generate revenues.
4,Detail,6511131,651113,Taxi licence rental services,,Taxi licence rental services.
4,Detail,6511132,651113,Licensing of rights to other non-financial intangible assets n.e.c.,,Licences for the use of other non-financial intangible assets n.e.c. to generate revenues.
1,Group,661,,"Support and custom work services for agriculture, forestry, hunting and fishing",,"This group comprises support services for crop production; support services for animal production, hunting and fishing; support services for forestry; and custom work services for forestry."
2,Class,66111,661,Support services for crop production,,"This class comprises support services for crop production, for field crop farms, orchards, groves, greenhouses and nurseries."
3,Subclass,661111,66111,Support services for crop production,,"This subclass comprises support services for crop production, for field crop farms, orchards, groves, greenhouses and nurseries."
4,Detail,6611111,661111,Support services for crop production,,"Support services for crop production, for field crop farms, orchards, groves, greenhouses and nurseries."
2,Class,66112,661,"Support services for animal production, hunting and fishing",,"This class comprises support services for animal production, hunting and fishing."
3,Subclass,661121,66112,"Support services for animal production, hunting and fishing",,"This subclass comprises support services for animal production, hunting and fishing."
4,Detail,6611211,661121,"Support services for animal production, hunting and fishing",,"Support services for animal production, hunting and fishing."
2,Class,66113,661,Support services for forestry,,This class comprises support services related to forestry.
3,Subclass,661131,66113,Support services for forestry,,This subclass comprises support services related to forestry.
4,Detail,6611311,661131,Support services for forestry,,Support services related to forestry.
2,Class,66114,661,Custom work services for forestry,,This class comprises felling timber for a fee or commission.
3,Subclass,661141,66114,Custom work services for forestry,,This subclass comprises felling timber for a fee or commission.
4,Detail,6611411,661141,Custom work services for forestry,,Felling timber for a fee or commission.
1,Group,671,,Mining and oil and gas support services,,"This group comprises support services for mining, quarrying, and oil and gas extraction, except exploration."
2,Class,67111,671,Support services for oil and gas extraction (except oil and gas exploration),,"This class comprises support services for oil and gas extraction, except oil and gas exploration."
3,Subclass,671111,67111,Support services for oil and gas extraction (except oil and gas exploration),,"This subclass comprises support services for oil and gas extraction, except oil and gas exploration."
4,Detail,6711111,671111,Development drilling for oil and gas,,"Drilling delineation, development and production wells in oil or gas fields."
4,Detail,6711112,671111,Site development and maintenance services for oil and gas fields,,"Developing the facilities and infrastructure needed to bring an oil or gas field into production, except drilling services; maintaining these fields during production; and shutting in wells."
4,Detail,6711113,671111,Enhanced recovery techniques for oil and gas,,"Enhanced recovery techniques to increase oil and gas recovery rates, such as thermal recovery, chemical injection and gas injection."
2,Class,67112,671,Support services for mining and quarrying (except mineral exploration),,"This class comprises the construction and set-up of facilities and infrastructure to develop a mine site from the exploration phase to production, and to support the operation of mines and quarries."
3,Subclass,671121,67112,Support services for mining and quarrying (except mineral exploration),,"This subclass comprises the construction and set-up of facilities and infrastructure to develop a mine site from the exploration phase to production, and to support the operation of mines and quarries."
4,Detail,6711211,671121,Site development for mining,,The construction and set-up of facilities and infrastructure to develop a mine site from the exploration phase to production.
4,Detail,6711212,671121,Other support services for mining and quarrying (except mineral exploration),,Support services for operating mines and quarries.
1,Group,672,,Construction services,,This group comprises construction services for buildings and engineering works.
2,Class,67211,672,Construction services,,This class comprises construction services for buildings and engineering works.
3,Subclass,672111,67211,Construction services,,This subclass comprises construction services for buildings and engineering works.
4,Detail,6721111,672111,Construction services,,Construction services for buildings and engineering works.
1,Group,681,,Manufacturing services,,"This group comprises fabric weaving and finishing services; printing support services; contract printing services; coating, engraving, heat treating and similar metal processing services; and custom manufacturing services, except printing, and finishing of textiles and metals."
2,Class,68111,681,Fabric weaving and finishing services,,"This class comprises fabric weaving and finishing services on a fee or commission basis, using raw materials owned by the client."
3,Subclass,681111,68111,Fabric weaving services,,"This subclass comprises fabric weaving services on a fee or commission basis, using raw materials owned by the client."
4,Detail,6811111,681111,Fabric weaving services,,"Fabric weaving services on a fee or commission basis, using raw materials owned by the client."
3,Subclass,681112,68111,Fabric finishing services,,"This subclass comprises fabric finishing services on a fee or commission basis, using raw materials owned by the client."
4,Detail,6811121,681112,Fabric finishing services,,"Fabric finishing services on a fee or commission basis, using raw materials owned by the client."
2,Class,68121,681,Printing support services,,"This class comprises support services to commercial printers such as binding, and pre-press and post-press printing, on a fee or commission basis, using raw materials owned by the client; and engraving (printing) and platemaking on a fee or commission basis."
3,Subclass,681211,68121,Engraving (printing),,This subclass comprises engraving (printing) services on a fee or commission basis.
4,Detail,6812111,681211,Engraving (printing),,Engraving (printing) services on a fee or commission basis.
3,Subclass,681212,68121,Binding services,,"This subclass comprises binding services on a fee or commission basis, using raw materials owned by the client."
4,Detail,6812121,681212,Binding services,,"Binding services on a fee or commission basis, using raw materials owned by the client."
3,Subclass,681213,68121,Pre-press services and post-press work,,"This subclass comprises pre-press and post-press printing services on a fee or commission basis, using raw materials owned by the client."
4,Detail,6812131,681213,Pre-press services and post-press work,,"Pre-press and post-press printing services on a fee or commission basis, using raw materials owned by the client."
3,Subclass,681214,68121,Platemaking,,This subclass comprises platemaking services on a fee or commission basis.
4,Detail,6812141,681214,Platemaking,,Platemaking services on a fee or commission basis.
2,Class,68122,681,Contract printing services,,This class comprises printing services on a fee or commission basis.
3,Subclass,681221,68122,Newspaper printing,,This subclass comprises newspaper printing on a fee or commission basis.
4,Detail,6812211,681221,Newspaper printing,,Newspaper printing on a fee or commission basis.
3,Subclass,681222,68122,Printing of magazines and other periodicals,,This subclass comprises printing of magazines and other periodicals on a fee or commission basis.
4,Detail,6812221,681222,Printing of magazines and other periodicals,,Printing of magazines and other periodicals on a fee or commission basis.
3,Subclass,681223,68122,Book printing and binding,,This subclass comprises book printing and binding on a fee or commission basis.
4,Detail,6812231,681223,Book printing and binding,,Book printing and binding on a fee or commission basis.
3,Subclass,681224,68122,Label printing,,This subclass comprises label printing on a fee or commission basis.
4,Detail,6812241,681224,Label printing,,Label printing on a fee or commission basis.
3,Subclass,681225,68122,Commercial and general job printing,,This subclass comprises commercial and general job printing on a fee or commission basis.
4,Detail,6812251,681225,Catalogue and directory printing,,Catalogue and directory printing on a fee or commission basis.
4,Detail,6812252,681225,Financial and legal printing,,Financial and legal printing on a fee or commission basis.
4,Detail,6812253,681225,Advertising printing,,Advertising printing on a fee or commission basis.
4,Detail,6812254,681225,Business forms printing,,Business forms printing on a fee or commission basis.
4,Detail,6812255,681225,Other commercial and general job printing,,Other commercial and general job printing on a fee or commission basis.
3,Subclass,681226,68122,Screen printing,,This subclass comprises screen printing on a fee or commission basis.
4,Detail,6812261,681226,Screen printing,,Screen printing on a fee or commission basis.
3,Subclass,681227,68122,Quick and digital printing,,This subclass comprises quick and digital printing on a fee or commission basis.
4,Detail,6812271,681227,Quick and digital printing,,Quick and digital printing on a fee or commission basis.
3,Subclass,681228,68122,Other contract printing and related support services,,This subclass comprises other contract printing and related support services on a fee or commission basis.
4,Detail,6812281,681228,Other contract printing and related support services,,Other contract printing and related support services on a fee or commission basis.
2,Class,68131,681,"Coating, engraving, heat treating and similar metal processing services",,"This class comprises coating, engraving, heat treating and similar metal processing services on a fee or commission basis, using raw materials owned by the client."
3,Subclass,681311,68131,Metal heat treating services,,"This subclass comprises metal heat treating services on a fee or commission basis, using raw materials owned by the client."
4,Detail,6813111,681311,Metal heat treating services,,"Metal heat treating services on a fee or commission basis, using raw materials owned by the client."
3,Subclass,681312,68131,"Metal coating, engraving (except jewellery and silverware), and allied services",,"This subclass comprises metal coating, engraving, except jewellery and silverware, and allied services on a fee or commission basis, using raw materials owned by the client."
4,Detail,6813121,681312,"Metal coating, engraving (except jewellery and silverware), and allied services",,"Metal coating, engraving, except jewellery and silverware, and allied services on a fee or commission basis, using raw materials owned by the client."
3,Subclass,681313,68131,"Electroplating, plating, polishing, anodizing, and coloring",,"This subclass comprises electroplating, plating, polishing, anodizing, and coloring metal on a fee or commission basis, using raw materials owned by the client."
4,Detail,6813131,681313,"Electroplating, plating, polishing, anodizing, and coloring",,"Electroplating, plating, polishing, anodizing, and coloring metal on a fee or commission basis, using raw materials owned by the client."
2,Class,68141,681,"Custom manufacturing services (except printing, finishing of textiles and metals)",,"This class comprises custom manufacturing services, except printing and finishing of textiles and metals, on a fee or commission basis, using raw materials owned by the client."
3,Subclass,681411,68141,Food and beverage manufacturing services,,"This subclass comprises manufacturing food and beverages on a fee or commission basis, using raw materials owned by the client."
4,Detail,6814111,681411,Custom slaughtering of animals,,"Custom slaughtering of animals on a fee or commission basis, using raw materials owned by the client."
4,Detail,6814112,681411,Blast-freezing services,,"Blast-freezing services on a fee or commission basis, using raw materials owned by the client."
4,Detail,6814113,681411,Other food and beverage manufacturing services,,"Manufacturing other food and beverages on a fee or commission basis, using raw materials owned by the client."
3,Subclass,681412,68141,Textile and clothing manufacturing services (except fabric weaving and finishing services),,"This subclass comprises manufacturing textile and clothing, except fabric weaving and finishing services, on a fee or commission basis, using raw materials owned by the client."
4,Detail,6814121,681412,Yarn and filament manufacturing services,,"Manufacturing yarn and filament on a fee or commission basis, using raw materials owned by the client."
4,Detail,6814122,681412,Fabric knitting services,,"Fabric knitting services on a fee or commission basis, using raw materials owned by the client."
4,Detail,6814123,681412,Embroidery services,,"Embroidery services on a fee or commission basis, using raw materials owned by the client."
4,Detail,6814124,681412,Textile manufacturing services n.e.c.,,"Manufacturing textiles n.e.c. on a fee or commission basis, using raw materials owned by the client."
4,Detail,6814125,681412,Men's clothing manufacturing services,,"Manufacturing men's clothing on a fee or commission basis, using raw materials owned by the client."
4,Detail,6814126,681412,Women's clothing manufacturing services,,"Manufacturing women's clothing on a fee or commission basis, using raw materials owned by the client."
4,Detail,6814127,681412,Children's clothing manufacturing services,,"Manufacturing children's clothing on a fee or commission basis, using raw materials owned by the client."
4,Detail,6814128,681412,Tanning and leather finishing services,,"Tanning and leather finishing services on a fee or commission basis, using raw materials owned by the client."
4,Detail,6814129,681412,"Other textile and clothing manufacturing services, n.e.c.",,"Manufacturing other textile and clothing, n.e.c. on a fee or commission basis, using raw materials owned by the client."
3,Subclass,681413,68141,Wood and paper product manufacturing services,,"This subclass comprises manufacturing wood and paper products on a fee or commission basis, using raw materials owned by the client."
4,Detail,6814131,681413,Sawing and planing of wood,,"Sawing and planing of wood on a fee or commission basis, using raw materials owned by the client."
4,Detail,6814132,681413,Wood treatment services,,"Wood treatment services on a fee or commission basis, using raw materials owned by the client."
4,Detail,6814133,681413,Kiln drying services,,"Kiln drying services on a fee or commission basis, using raw materials owned by the client."
4,Detail,6814134,681413,Other wood product manufacturing services,,"Manufacturing other wood products on a fee or commission basis, using raw materials owned by the client."
4,Detail,6814135,681413,Paper and paper product manufacturing services,,"Manufacturing paper and paper products on a fee or commission basis, using raw materials owned by the client."
3,Subclass,681414,68141,"Petroleum, chemical, plastics and rubber manufacturing services",,"This subclass comprises manufacturing petroleum, chemical, plastics and rubber on a fee or commission basis, using raw materials owned by the client."
4,Detail,6814141,681414,Petroleum product manufacturing services,,"Manufacturing petroleum products on a fee or commission basis, using raw materials owned by the client."
4,Detail,6814142,681414,Chemical and chemical products manufacturing services,,"Manufacturing chemical and chemical products on a fee or commission basis, using raw materials owned by the client."
4,Detail,6814143,681414,Rubber manufacturing services,,"Manufacturing rubber on a fee or commission basis, using raw materials owned by the client."
4,Detail,6814144,681414,Plastics manufacturing services,,"Manufacturing plastics on a fee or commission basis, using raw materials owned by the client."
3,Subclass,681415,68141,"Metal processing and metalworking services (except heat treating, coating, plating, and similar processing)",,"This subclass comprises metal processing and metalworking services, except heat treating, coating, plating, and similar processing, on a fee or commission basis, using raw materials owned by the client."
4,Detail,6814151,681415,Smelting and refining services,,"Smelting and refining services on a fee or commission basis, using raw materials owned by the client."
4,Detail,6814152,681415,Steel conversion services,,"Steel conversion services on a fee or commission basis, using raw materials owned by the client."
4,Detail,6814153,681415,"Drawing, redrawing, and insulating wire",,"Drawing, redrawing, and insulating wire on a fee or commission basis, using raw materials owned by the client."
4,Detail,6814154,681415,Other metal processing services,,"Other metal processing services on a fee or commission basis, using raw materials owned by the client."
4,Detail,6814155,681415,Machine shop services,,Machine shop services on a fee or commission basis.
4,Detail,6814156,681415,Other metalworking services,,"Other metalworking services on a fee or commission basis, using raw materials owned by the client."
3,Subclass,681416,68141,Transportation and other equipment manufacturing services,,"This subclass comprises manufacturing transportation and other equipment on a fee or commission basis, using raw materials owned by the client."
4,Detail,6814161,681416,Motor vehicle manufacturing services,,"Manufacturing motor vehicles on a fee or commission basis, using raw materials owned by the client."
4,Detail,6814162,681416,"Civilian air, rail, and water transport equipment manufacturing services",,"Manufacturing civilian air, rail, and water transport equipment on a fee or commission basis, using raw materials owned by the client."
4,Detail,6814163,681416,Military air and water transport equipment manufacturing services,,"Manufacturing military air and water transport equipment on a fee or commission basis, using raw materials owned by the client."
4,Detail,6814164,681416,"Machinery and equipment manufacturing services, n.e.c.",,"Manufacturing machinery and equipment, n.e.c., on a fee or commission basis, using raw materials owned by the client."
3,Subclass,681417,68141,Electronic and electrical component manufacturing and media reproduction services,,"This subclass comprises manufacturing electronic and electrical components, and media reproduction services on a fee or commission basis, using raw materials owned by the client."
4,Detail,6814171,681417,Computer and electronic component manufacturing services,,"Manufacturing computers and electronic components on a fee or commission basis, using raw materials owned by the client."
4,Detail,6814172,681417,Electrical component manufacturing services,,"Manufacturing electrical components on a fee or commission basis, using raw materials owned by the client."
4,Detail,6814173,681417,Reproduction of content on optical media,,Reproduction of content on optical media on a fee or commission basis.
4,Detail,6814174,681417,Reproduction of content on non-optical media,,Reproduction of content on non-optical media on a fee or commission basis.
3,Subclass,681418,68141,Furniture manufacturing services,,"This subclass comprises manufacturing furniture on a fee or commission basis, using raw materials owned by the client."
4,Detail,6814181,681418,Furniture manufacturing services,,"Manufacturing furniture on a fee or commission basis, using raw materials owned by the client."
3,Subclass,681419,68141,Other manufacturing services,,"This subclass comprises other manufacturing services on a fee or commission basis, using raw materials owned by the client."
4,Detail,6814191,681419,Cannabis products manufacturing services,,"Cannabis products containing THC (more than 0.3% w/w), CBD and other cannabinoids manufacturing services, on a fee or commission basis, using raw materials owned by the client."
4,Detail,6814192,681419,"Other manufacturing services, n.e.c.",,"Other manufacturing services, n.e.c., on a fee or commission basis, using raw materials owned by the client."
1,Group,711,,Advertising space and time,,"This group comprises provision of advertising space in newspapers, periodicals and other printed publications, provision of advertising air time on radio and television, and Internet advertising."
2,Class,71111,711,Advertising space in printed newspapers,,This class comprises provision of advertising space in printed newspapers.
3,Subclass,711111,71111,Advertising space in printed daily newspapers,,"This subclass comprises provision of advertising space in printed daily newspapers (published at least four times a week), serving a general interest."
4,Detail,7111111,711111,Advertising space in printed daily newspapers,,"Provision of advertising space in printed daily newspapers (published at least four times a week), serving a general interest."
3,Subclass,711112,71111,Advertising space in printed community newspapers,,"This subclass comprises provision of advertising space in printed community newspapers (general-interest newspapers, published fewer than four times a week)."
4,Detail,7111121,711112,Advertising space in printed community newspapers,,"Provision of advertising space in printed community newspapers (general-interest newspapers, published fewer than four times a week)."
3,Subclass,711113,71111,Advertising space in other printed newspapers,,This subclass comprises provision of advertising space in printed specialized-interest newspapers.
4,Detail,7111131,711113,Advertising space in other printed newspapers,,Provision of advertising space in printed specialized-interest newspapers.
2,Class,71112,711,Advertising space in printed periodicals and in other printed publications,,This class comprises provision of advertising space in printed periodicals and in other printed publications.
3,Subclass,711121,71112,Advertising space in printed general interest periodicals,,This subclass comprises provision of advertising space in printed general-interest periodicals and magazines.
4,Detail,7111211,711121,Advertising space in printed general interest periodicals,,Provision of advertising space in printed general-interest periodicals and magazines.
3,Subclass,711122,71112,Advertising space in printed business (including farming) and trade periodicals,,"This subclass comprises provision of advertising space in printed business (including farming), professional and academic periodicals."
4,Detail,7111221,711122,Advertising space in printed business (including farming) and trade periodicals,,"Provision of advertising space in printed business (including farming), professional and academic periodicals."
3,Subclass,711123,71112,Advertising space in other printed periodicals,,"This subclass comprises provision of advertising space in printed periodicals except general-interest, business and trade periodicals."
4,Detail,7111231,711123,Advertising space in other printed periodicals,,"Provision of advertising space in printed periodicals except general-interest, business and trade periodicals."
3,Subclass,711124,71112,Advertising space in other printed publications,,"This subclass comprises provision of advertising space in directories, in databases and in printed publications other than newspapers and periodicals."
4,Detail,7111241,711124,Advertising space in printed directories,,Provision of advertising space in printed directories.
4,Detail,7111242,711124,Advertising space in databases (except online),,Provision of space for the purposes of advertisements in printed database publications.
4,Detail,7111243,711124,"Advertising space in other printed publications, n.e.c.",,"Provision of advertising space in printed publications, except newspapers, periodicals, directories, and databases."
2,Class,71121,711,Advertising air time on radio,,"This class comprises provision of air time on conventional radio stations, as well as on satellite, cable and other pay radio stations, to advertisers for the placement of advertising messages."
3,Subclass,711211,71121,Advertising air time on radio,,"This subclass comprises provision of air time on conventional radio stations, as well as on satellite, cable and other pay radio stations, to advertisers for the placement of advertising messages."
4,Detail,7112111,711211,Advertising air time on conventional radio,,Provision of air time on conventional radio stations (generally free to access) to advertisers for the placement of advertising messages.
4,Detail,7112112,711211,Satellite and other pay radio advertising air time,,"Provision of air time on satellite, cable and other pay radio stations to advertisers for the placement of advertising messages."
2,Class,71122,711,Advertising air time on television,,"This class comprises provision of air time on conventional television channels, as well as on specialty and pay television channels, to advertisers for the placement of advertising messages."
3,Subclass,711221,71122,Advertising air time on television,,"This subclass comprises provision of air time on conventional television channels, as well as on specialty and pay television channels, to advertisers for the placement of advertising messages."
4,Detail,7112211,711221,Advertising air time on conventional television,,Provision of air time on conventional television channels to advertisers for the placement of advertising messages.
4,Detail,7112212,711221,Specialty and pay television air time,,Provision of air time on specialty and pay television channels to advertisers for the placement of advertising messages.
2,Class,71131,711,Internet advertising,,"This class comprises provision of space for advertising messages distributed over the Internet. Covers the provision of space for banner ads, buttons, text links, interstitials, rich media previews, streaming audio and video ads."
3,Subclass,711311,71131,Internet advertising,,"This subclass comprises provision of space for advertising messages distributed over the Internet. Covers the provision of space for banner ads, buttons, text links, interstitials, rich media previews, streaming audio and video ads."
4,Detail,7113111,711311,Internet advertising,,"Provision of space for advertising messages distributed over the Internet. Covers the provision of space for banner ads, buttons, text links, interstitials, rich media previews, streaming audio and video ads."
1,Group,712,,"Advertising, public relations, and related services",,"This group comprises exclusive advertising rights, endorsements, and display advertising; advertising intermediary services; direct advertising services; full-service advertising campaigns; advertising creative services; advertising services n.e.c.; and public relations services."
2,Class,71211,712,"Exclusive advertising rights, endorsements, and display advertising",,"This class comprises exclusive advertising rights and endorsement services; and advertising space on billboards, transit and other displays."
3,Subclass,712111,71211,Exclusive advertising rights and endorsement services,,This subclass comprises venue naming rights; sponsorship rights; endorsement services; exclusivity rights; and product placement.
4,Detail,7121111,712111,Venue naming rights,,Granting the right to name a performing arts or spectator sports venue.
4,Detail,7121112,712111,Sponsorship rights,,"Granting the right to associate specific goods or services, or a corporation or other entity, with an activity, product or project carried out by another party. Sponsorships usually include the provision of advertising display space and may include exclusivity rights."
4,Detail,7121113,712111,Endorsement services,,Providing product endorsements by individuals or organizations.
4,Detail,7121114,712111,Exclusivity rights,,Rights acquired by an individual or organization to be the sole representative or seller of a specified good or service.
4,Detail,7121115,712111,Product placement,,"Financial arrangements and agreements made with a company representing a marketable good, service or trademark to use and show its product in a prominent position in entertainment products. Product placements can be visual, auditory or audiovisual."
3,Subclass,712112,71211,"Advertising space on billboards, transit and other displays",,"This subclass comprises leasing display advertising media space on billboards, on other large advertising display units, in or on transit vehicles and in transit stations, on street furniture and other urban fixtures, and on other outdoor places."
4,Detail,7121121,712112,"Advertising space on billboards, transit and other displays",,"Leasing display advertising media space on billboards, on other large advertising display units, in or on transit vehicles and in transit stations, on street furniture and other urban fixtures, and on other outdoor places."
2,Class,71221,712,Advertising intermediary services,,"This class comprises services of intermediaries in the buying and selling of advertising space and time, more specifically the services of acquiring advertising space or time from media owners, for sale to advertisers or advertising agencies; and services of intermediaries in selling advertising space or time in various media for a fee or commission paid by the media outlet."
3,Subclass,712211,71221,Advertising intermediary services,,"This subclass comprises services of intermediaries in the buying and selling of advertising space and time, more specifically the services of acquiring advertising space or time from media owners, for sale to advertisers or advertising agencies; and services of intermediaries in selling advertising space or time in various media for a fee or commission paid by the media outlet."
4,Detail,7122111,712211,Advertising intermediary services,,"Services of intermediaries in the buying and selling of advertising space and time, more specifically the services of acquiring advertising space or time from media owners, for sale to advertisers or advertising agencies; and services of intermediaries in selling advertising space or time in various media for a fee or commission paid by the media outlet."
2,Class,71231,712,Direct advertising services,,"This class comprises advertising and marketing services that communicate directly with the consumers, without using time or space in media outlets such as newspaper or television. It covers advertising and marketing campaigns communicated by direct mail, door-to-door delivery, distribution of samples in public places, use of advertising specialties, product demonstrations and display lettering. This class also covers full service direct mail advertisement and full service direct advertising."
3,Subclass,712311,71231,"Direct advertising services, sold separately",,"This subclass comprises advertising and marketing services, sold separately, that communicate directly with the consumers, without using time or space in media outlets such as newspaper or television. It covers advertising and marketing campaigns communicated by direct mail, door-to-door delivery, distribution of samples in public places, use of advertising specialties, product demonstrations and display lettering."
4,Detail,7123111,712311,"Advertising specialty services, sold separately",,"Services of intermediaries between purchasers and producers of advertising specialties (key chains, magnets, mouse pads, mugs, etc.) bearing promotional material of the purchasing businesses. Services included here are not bundled with other advertising services."
4,Detail,7123112,712311,"Direct mail advertising services, sold separately",,"Direct advertising services sold separately where the advertiser communicates directly with consumers by mail (including email). Such services include concept development services for direct mail advertising campaign, letter shop services, selling custom mailing lists and databases for direct mail use, proofreading direct mailout package materials, editing and formatting client-supplied mailing lists and databases for direct mail use, receiving and making telephone calls related to direct mail campaign."
4,Detail,7123113,712311,"Distribution of advertising materials, other than by mail, provided separately",,Services of distributing advertising materials by methods other than mail (except when bundled with other advertising services).
4,Detail,7123114,712311,"Product or merchandise demonstrations, provided separately",,Services of demonstrating the uses or benefits of a product or merchandise in a public place (except when bundled with other advertising services).
4,Detail,7123115,712311,"Display lettering services, sold separately",,Display lettering services (except when bundled with other advertising services).
3,Subclass,712312,71231,Full service direct mail advertising,,"This subclass comprises all the services required for a direct mail advertising campaign, from the concept development through the actual mailout (including emailing). Services include implementing a bundle of direct mail advertising methods, such as concept development services for direct mail advertising campaign, letter shop services, selling custom mailing lists and databases for direct mail use, proofreading direct mailout package materials, editing and formatting client-supplied mailing lists and databases for direct mail use, receiving and making telephone calls related to direct mail campaign. Generally, the direct mail advertising service bundle is sold as a package and provides financial gain for the client."
4,Detail,7123121,712312,Full service direct mail advertising,,"Provision of all the services required for a direct mail advertising campaign, from the concept development through the actual mailout (including emailing). Services include implementing a bundle of direct mail advertising methods, such as concept development services for direct mail advertising campaign, letter shop services, selling custom mailing lists and databases for direct mail use, proofreading direct mailout package materials, editing and formatting client-supplied mailing lists and databases for direct mail use, receiving and making telephone calls related to direct mail campaign. Generally, the direct mail advertising service bundle is sold as a package and provides financial gain for the client."
3,Subclass,712313,71231,Full service direct advertising,,"This subclass comprises all services required for developing a comprehensive strategy to send promotional messages directly to consumers, except via mass media. Services include implementing a bundle of marketing or advertising methods, such as telemarketing, distribution of advertising materials and advertising specialties, other than by mail, direct mail, product demonstrations and display lettering. Generally, the direct advertising service bundle is sold as a package and provides financial gain for the client."
4,Detail,7123131,712313,Full service direct advertising,,"Provision of all services required for developing a comprehensive strategy to send promotional messages directly to consumers, except via mass media. Services include implementing a bundle of marketing or advertising methods, such as telemarketing, distribution of advertising materials and advertising specialties, other than by mail, direct mail, product demonstrations and display lettering. Generally, the direct advertising service bundle is sold as a package and provides financial gain for the client."
2,Class,71241,712,"Full advertising campaigns, advertising creative and public relations services",,This class comprises full-service advertising campaigns; advertising creative services; public relations services; and advertising services n.e.c.
3,Subclass,712411,71241,Full service advertising campaigns,,"This subclass comprises all services required to create a comprehensive advertising campaign and place the resulting advertisements in media. Services include a bundle of advertising services with some or all creative and productive services for advertisements; and planning, buying of time and space and research media services. Generally, the advertising campaign service bundle is sold as a package and provides financial gain for the client."
4,Detail,7124111,712411,Full service advertising campaigns,,"Provision of all services required to create a comprehensive advertising campaign and place the resulting advertisements in media. Services include a bundle of advertising services with some or all creative and productive services for advertisements; and planning, buying of time and space and research media services. Generally, the advertising campaign service bundle is sold as a package and provides financial gain for the client."
3,Subclass,712412,71241,Advertising creative services,,This subclass comprises designing an advertisement.
4,Detail,7124121,712412,Advertising creative services,,Designing an advertisement.
3,Subclass,712413,71241,Public relations services,,This subclass comprises the development and implementation of methods to influence the image of clients with the general public or with specific interest groups.
4,Detail,7124131,712413,Public relations services,,Developing and implementing methods to influence the image of clients with the general public or with specific interest groups.
3,Subclass,712414,71241,"Advertising services, n.e.c.",,"This subclass comprises other services related to advertising, n.e.c."
4,Detail,7124141,712414,"Advertising services, n.e.c.",,"Other services related to advertising, n.e.c."
1,Group,721,,Audio and video production services,,"This group comprises audio recording services, copyright administration services, and audiovisual production, post-production and editing services."
2,Class,72111,721,Audio recording services and copyright administration,,"This class comprises studio and live sound recording services, support services for sound recording, and copyright administration services."
3,Subclass,721111,72111,"Studio and live recording services, and support services for sound recording",,This subclass comprises studio and live sound recording services and support services for sound recording.
4,Detail,7211111,721111,Studio recording services,,Analog and digital studio sound recording and post-production services.
4,Detail,7211112,721111,Live sound recording services,,Sound recording of live events.
4,Detail,7211113,721111,Support services for sound recording,,Support services used in the production of sound recordings.
3,Subclass,721112,72111,Administration of copyrights for others,,"This subclass comprises the administration related to the registration of copyrights, granting permission to use copyrights, and payments for the use of copyrights."
4,Detail,7211121,721112,Administration of copyrights for others,,"Administration related to the registration of copyrights, granting permission to use copyrights, and payments for the use of copyrights."
2,Class,72121,721,"Movie, television program and video production, post-production and editing services",,"This class comprises contract production of audiovisual works; pre-production, production and post-production services for audiovisual works; motion picture film laboratory services; duplication and copying services for audiovisual works. Covers support services for the live production of audiovisual works."
3,Subclass,721211,72121,Contract production of audiovisual works,,"This subclass comprises the production, on contract, of scripted audiovisual works."
4,Detail,7212111,721211,Contract production of feature films,,"Production, on contract, of feature films."
4,Detail,7212112,721211,Contract production of television programs,,"Production, on contract, of television programs."
4,Detail,7212113,721211,Contract production of commercials,,"Production, on contract, of commercials."
4,Detail,7212114,721211,Contract production of corporate/industry videos,,"Production, on contract, of scripted videos for companies, corporations and similar organizations."
4,Detail,7212115,721211,Contract production of music videos,,"Production, on contract, of music videos."
4,Detail,7212116,721211,Contract production of educational videos,,"Production, on contract, of scripted educational videos."
4,Detail,7212117,721211,Contract production of videos for government,,"Production, on contract, of scripted videos for government boards, agencies, departments or crown corporations."
4,Detail,7212118,721211,"Contract production of other videos and audiovisual works, n.e.c.",,"Production, on contract, of other scripted audiovisual works."
3,Subclass,721212,72121,"Pre-production, production and post-production services for audiovisual works",,"This subclass comprises pre-production, production and post-production services for audiovisual works. Covers support services for the live production of audiovisual works."
4,Detail,7212121,721212,Pre-production services for audiovisual works,,Preparatory services for the production of audiovisual works.
4,Detail,7212122,721212,Support services for audiovisual works during production,,"Technical and artistic support services during the production of an audiovisual work, including for live events."
4,Detail,7212123,721212,Editing services for audiovisual works,,Organizing and arranging the visual and audio aspects of an audiovisual work after the principal photography or main shooting has occurred.
4,Detail,7212124,721212,Transfer services for audiovisual works,,Transferring of an audiovisual work from one format to another.
4,Detail,7212125,721212,Colour correction services and digital restoration services for audiovisual works,,"Adding, modifying, or excluding colour from an audiovisual work and restoring audiovisual works by using digital techniques."
4,Detail,7212126,721212,Visual effects and animation services for audiovisual works,,Adding visual effects to audiovisual works and creating animations for audiovisual works.
4,Detail,7212127,721212,"Captioning, titling and subtitling services for audiovisual works",,"Adding open and close captions, titles and subtitles to an audiovisual work."
4,Detail,7212128,721212,DVD authoring services,,"Creating user menus, chapter points and other functionalities to enable a DVD video to play on a DVD player."
4,Detail,7212129,721212,Other post-production services for audiovisual works,,Other post-production services for audiovisual works.
3,Subclass,721213,72121,Motion picture film laboratory services,,This subclass comprises motion picture film laboratory services.
4,Detail,7212131,721213,Motion picture film laboratory services,,Motion picture film laboratory services.
3,Subclass,721214,72121,"Duplication and copying (except large-run) services for audiovisual works, digital and video",,This subclass comprises creating limited high-quality reproductions of the master of an audiovisual work and small-run reproductions of audiovisual works in a variety of formats.
4,Detail,7212141,721214,"Duplication and copying (except large-run) services for audiovisual works, digital and video",,Creating limited high-quality reproductions of the master of an audiovisual work and small-run reproductions of audiovisual works in a variety of formats.
1,Group,722,,Licensing of rights for commercial use of products protected by copyright (except software),,"This group comprises licences for the use of intellectual property protected by copyrights, except software, to generate revenues."
2,Class,72211,722,Licensing of rights for commercial use of literary works (except software) and artistic works,,"This class comprises licences for the use of literary works, except software, and artistic works to generate revenues."
3,Subclass,722111,72211,"Licensing of rights for commercial use of copyrighted intellectual property from newspapers, periodicals and books",,"This subclass comprises licences for the use of intellectual property from newspapers, periodicals and books to generate revenues."
4,Detail,7221111,722111,"Licensing of rights for commercial use of copyrighted intellectual property from newspapers, periodicals and books",,"Licences for the use of intellectual property from newspapers, periodicals and books to generate revenues."
3,Subclass,722112,72211,"Licensing of rights for commercial use of databases, directories and mailing lists",,"This subclass comprises licences for the use of intellectual property from databases, directories and mailing lists to generate revenues."
4,Detail,7221121,722112,"Licensing of rights for commercial use of databases, directories and mailing lists",,"Licences for the use of intellectual property from databases, directories and mailing lists to generate revenues."
3,Subclass,722113,72211,Licensing of rights for commercial use of stock photos and other literary and artistic works (except software),,"This subclass comprises licences for the use of intellectual property from stock photos and literary and artistic works, except software, newspapers, periodicals, books, databases, directories and mailing lists, to generate revenues."
4,Detail,7221131,722113,Licensing of rights for commercial use of stock photos and other literary and artistic works (except software),,"Licences for the use of intellectual property from stock photos and literary and artistic works, except software, newspapers, periodicals, books, databases, directories and mailing lists, to generate revenues."
2,Class,72212,722,Licensing of rights for commercial use of musical works and sound recordings,,This class comprises licences for the use of musical works and sound recordings to generate revenues.
3,Subclass,722121,72212,Licensing of rights for commercial use of musical works,,This subclass comprises licences for the use of musical works to generate revenues.
4,Detail,7221211,722121,Licensing of rights for commercial use of musical works,,Licences for the use of musical works to generate revenues.
3,Subclass,722122,72212,Licensing of rights for commercial use of sound recordings,,This subclass comprises licences for the use of sound recordings to generate revenues.
4,Detail,7221221,722122,Licensing of rights for commercial use of sound recordings,,Licences for the use of sound recordings to generate revenues.
2,Class,72213,722,"Licensing of rights for commercial use of dramatic works, and other copyrighted property n.e.c.",,"This class comprises licences for the use of dramatic works, and other copyrighted property n.e.c. to generate revenues."
3,Subclass,722131,72213,Licensing of rights for commercial use of audiovisual works,,This subclass comprises licences for the use of audiovisual works to generate revenues.
4,Detail,7221311,722131,Licensing of rights for commercial use of audiovisual works,,Licences for the use of audiovisual works to generate revenues.
3,Subclass,722132,72213,"Licensing of rights for commercial use of other dramatic works, and copyrighted property n.e.c.",,"This subclass comprises licences for the use of dramatic works, except audiovisual works, and of copyrighted property n.e.c. to generate revenues."
4,Detail,7221321,722132,"Licensing of rights for commercial use of other dramatic works, and copyrighted property n.e.c.",,"Licences for the use of dramatic works, except audiovisual works, and of copyrighted property n.e.c. to generate revenues."
2,Class,72221,722,Sporting event media rights,,This class comprises the right to broadcast a sporting event on traditional electronic media and other media rights related to sporting events.
3,Subclass,722211,72221,Sporting event media rights,,This subclass comprises the right to broadcast a sporting event on traditional electronic media and other media rights related to sporting events.
4,Detail,7222111,722211,Sporting event broadcast rights,,Rights to broadcast a sporting event on radio or television.
4,Detail,7222112,722211,Other sporting event media rights,,"Media rights for sporting events, except broadcasting rights for radio and television."
2,Class,72231,722,Fees for the distribution of television and radio program channels (affiliation payments),,This class comprises the right (affiliation payments) for the distribution of a television or audio channel to end users.
3,Subclass,722311,72231,Fees for the distribution of television and radio program channels (affiliation payments),,This subclass comprises the right (affiliation payments) for the distribution of a television or audio channel to end users.
4,Detail,7223111,722311,Affiliation payments for the distribution of television channels,,Rights (affiliation payments) for the distribution of a television channel to end users.
4,Detail,7223112,722311,Affiliation payments for the distribution of audio channels,,Rights (affiliation payments) for the distribution of an audio channel to end users.
1,Group,723,,"Telecommunications, broadcasting distribution and related services",,"This group comprises fixed wholesale and retail telecommunications services; fixed wholesale and retail Internet access services; mobile wholesale and retail telecommunications services; cable, satellite, Internet and other fixed or mobile broadcasting distribution services of audiovisual and audio works; and online games, except gambling."
2,Class,72331,723,Wholesale telecommunications services (carrier services),,"This class comprises fixed wholesale telecommunications and Internet access services, and mobile wholesale telecommunications."
3,Subclass,723311,72331,Fixed wholesale telecommunications services (except Internet access),,"This subclass comprises the provision of a fixed telecommunications service or facility by a telecommunications service provider to a provider of retail fixed telecommunications services. The purchaser may resell the service or facility to another entity, or use the service or facility to support the services it bills."
4,Detail,7233111,723311,Fixed wholesale telecommunications services (except Internet access),,"Provision of a fixed telecommunications service or facility by a telecommunications service provider to a provider of retail fixed telecommunications services. The purchaser may resell the service or facility to another entity, or use the service or facility to support the services it bills."
3,Subclass,723312,72331,Fixed wholesale Internet access services,,This subclass comprises the provision of fixed Internet access and transport services by a telecommunications service provider to a provider of fixed retail Internet access services.
4,Detail,7233121,723312,Fixed wholesale Internet access services,,Provision of fixed Internet access and transport services by a telecommunications service provider to a provider of fixed retail Internet access services.
3,Subclass,723313,72331,Mobile wholesale telecommunications services,,This subclass comprises the provision of a mobile telecommunications service or facility by a wireless telecommunications service provider to another to exchange traffic and extend service coverage area.
4,Detail,7233131,723313,Mobile wholesale telecommunications services,,Provision of a mobile telecommunications service or facility by a wireless telecommunications service provider to another to exchange traffic and extend service coverage area.
2,Class,72332,723,Retail telecommunication services,,"This class comprises fixed retail telecommunications and Internet access services, and mobile retail telecommunications."
3,Subclass,723321,72332,Fixed retail telecommunications services (except Internet access),,This subclass comprises telephone services to end users where calls originate from a device connected to a landline.
4,Detail,7233211,723321,"Fixed local and access telecommunications services (except Internet access), at retail",,A landline-based telephone service that allows end users to make calls within a defined local area and provides access to a long distance network of the customer's choice.
4,Detail,7233212,723321,"Fixed long distance telecommunications services (except Internet access), at retail",,A landline-based telephone service allowing end users to make calls outside a local calling area.
4,Detail,7233213,723321,Data transmission services,,Telecommunications services making use of data protocols to transmit data over a public network.
4,Detail,7233214,723321,Private network services,,Telecommunications network segments for the exclusive use of the client on which no control or signalling is performed by the telecommunications service provider.
3,Subclass,723322,72332,Fixed retail Internet access services,,This subclass comprises the provision of fixed connections (including fixed wireline and wireless) to the Internet to end users.
4,Detail,7233221,723322,Dial-up Internet access services,,Provision of fixed connections to the Internet to end users at download speeds not exceeding 64 Kbps. Dial-up Internet access is one of the oldest forms of Internet access technology. It is also referred to as low or narrowband speed Internet access. Narrowband is generally regarded as a category including any connection with a transmission or download speed of up to 1.5 Mbps.
4,Detail,7233222,723322,"Fixed high-speed Internet access services, residential",,"Provision of fixed connections to the Internet to residential end users at download speeds generally greater than 256 Kbps. High-speed Internet is also referred to as broadband Internet, with fixed line types such as cable, digital subscriber line (DSL), terrestrial wireless access, direct-to-home satellite access, and fibre optic services. Even though the lowest speed limit for high-speed Internet is set to 256 Kbps in several countries, broadband is generally regarded as a category including any connection with a transmission or download speed of 1.5 Mbps or greater. Connection with download speed from 256 Kbps up to 1.5 Mbps is sometimes referred to as ""wideband"" or ""lite broadband""."
4,Detail,7233223,723322,"Fixed high-speed Internet access services, non-residential",,"Provision of fixed connections to the Internet to non-residential or business end users at download speeds greater than 256 Kbps. High-speed Internet is also referred to as broadband Internet, with fixed line types such as cable, digital subscriber line (DSL), terrestrial wireless access, direct-to-home satellite access, and fibre optic services. Even though the lowest speed limit for high-speed Internet is set to 256 Kbps in several countries, broadband is generally regarded as a category including any connection with a transmission or download speed of 1.5 Mbps or greater. Connection with download speed from 256 Kbps up to 1.5 Mbps is sometimes referred to as ""wideband"" or ""lite broadband""."
3,Subclass,723323,72332,Mobile retail telecommunications services,,"This subclass comprises telecommunication services to end users where voice or data communications originate from, or terminate into, a mobile device connected to a wireless network."
4,Detail,7233231,723323,"Mobile local and access telecommunications services, at retail",,A wireless-based telecommunications service that allows end users to make and receive calls within a defined local area and provides access to a long distance network of the customer's choice. Mobile cell phone plans typically bundle voice and text messaging.
4,Detail,7233232,723323,"Mobile long distance telecommunications services, at retail",,Wireless based telecommunications service allowing end users to make calls outside a local calling area.
4,Detail,7233233,723323,Mobile data services,,"A service plan providing end users mobile access to text and multimedia messaging, along with access to the Internet through the cellular network. This service is also referred as ""wireless mobile Internet access"", at retail."
4,Detail,7233234,723323,Roaming services,,A service that allows a cell phone subscriber to use his or her mobile device while in the service area of another service provider.
2,Class,72341,723,Broadcasting and online games distribution services,,"This class comprises broadcast distribution services of audiovisual and audio works such as television programs, films, videos, sound recordings, via cable, satellite, Internet and other fixed and mobile distribution streams. Also covers distribution services for online games, except gambling, and installation services for connections to broadcasting distribution networks."
3,Subclass,723411,72341,Basic television programming packages,,"This subclass comprises basic television programming packages distribution services, via fixed or mobile devices."
4,Detail,7234111,723411,Basic television programming packages (except online streaming),,"Providing a basic package of movie and television programming services, basically to a fixed device, except using online streaming, for a monthly subscription fee. Basic packages are any first level programming package that must be purchased before being able to purchase additional programming packages. The basic programming packages are delivered using traditional over-the-air (OTA), cable and satellite television."
4,Detail,7234112,723411,Online streaming of basic programming packages,,"Providing a basic package of movie and television programming services over the Internet, to a fixed or mobile device, using online streaming, for a monthly subscription fee. Basic packages are any first level programming package that must be purchased before being able to purchase additional programming packages."
3,Subclass,723412,72341,Discretionary television programming packages,,"This subclass comprises discretionary television programming packages distribution services, via fixed or mobile devices."
4,Detail,7234121,723412,Discretionary programming packages (except online streaming),,"Providing movie and television programming services, in addition to those included in a basic package, for an additional monthly subscription fee, generally to a fixed device, except using online streaming. This programming service comprises bundles of channels or à la carte channels. The discretionary television programming packages are delivered using traditional cable and satellite television."
4,Detail,7234122,723412,Online streaming of discretionary programming packages,,"Providing movie and television programming services over the Internet, in addition to those included in a basic package, for an additional monthly subscription fee, to a fixed or mobile device, using online streaming. This programming service comprises bundles of channels or à la carte channels."
3,Subclass,723413,72341,Pay-per-view services,,"This subclass comprises pay-per-view services, via fixed or mobile devices. The broadcaster shows a pay-per-view program at the same broadcast time to everyone ordering it."
4,Detail,7234131,723413,Pay-per-view services (except online streaming),,"Providing services which enable subscribers to television programming packages, to watch a specific program (movie or event) at the same broadcast time, generally at a fixed device, for an additional fee, except using online streaming. The pay-per-view services are delivered using traditional cable and satellite television."
4,Detail,7234132,723413,Online streaming of pay-per-view programs,,"Providing services over the Internet which enable subscribers to television programming packages, to watch a specific program (movie or event) at the same broadcast time, on a fixed or mobile device, using online streaming, for an additional fee."
3,Subclass,723414,72341,"Television, movie and video on demand services",,"This subclass comprises pay television, movie and other video on demand services (except pay-per-view), via fixed or mobile devices. Subscribers or viewers of video on demand are allowed to choose and watch broadcasts at any time, for a one time fee paid for each individual video that is on demand (transactional video on demand), or for a monthly or annual subscription fee (subscription video on demand) to have unlimited access to television programs, movies and any other types of videos during the time covered by the subscription."
4,Detail,7234141,723414,"Television, movie and video on demand (except online streaming)",,"Providing pay television, movie and other video on demand services (except per-pay-view), generally via fixed devices, except using online streaming. Subscribers or viewers to/of video on demand are allowed to choose and watch broadcasts at any time, usually for a one time fee paid for each individual video that is on demand (transactional video on demand). Video on demand services are delivered using traditional cable and satellite television."
4,Detail,7234142,723414,"Online on demand streaming of television, movie and video",,"Providing pay television, movie and other video on demand services (except pay-per-view) over the Internet, via fixed or mobile devices, using online streaming. Subscribers or viewers to/of video on demand are allowed to choose and watch broadcasts at any time, usually for a monthly or annual subscription fee (subscription video on demand) to have unlimited access to television programs, movies and any other types of videos during the time covered by the subscription."
3,Subclass,723415,72341,Satellite radio and online audio streaming services,,This subclass comprises pay satellite radio and online audio (such as music) streaming services.
4,Detail,7234151,723415,Satellite radio services,,Pay satellite radio services.
4,Detail,7234152,723415,Online audio streaming services,,"Providing programming services (including self-programming), over the Internet, that comprise a single payment (fee) or a subscription, to a selection of radio shows, music and other audio recordings, streamed to fixed and mobile devices (Internet audio services). Subscribers are allowed to choose and stream contents at any time during the time covered by the payment or subscription."
3,Subclass,723416,72341,Online gaming services (except gambling),,"This subclass comprises provision of various games to be played online, on a subscription or single payment (fee) basis, except gambling. The games are streamed over the Internet to fixed and mobile devices."
4,Detail,7234161,723416,Online gaming services (except gambling),,"Providing various games to be played online, on a subscription or single payment (fee) basis, except gambling. The games are streamed over the Internet to fixed and mobile devices."
3,Subclass,723417,72341,Installation services for connections to broadcasting distribution networks,,This subclass comprises services of installing cables on the customer premises and/or installing outlets to connect to the program or broadcasting distribution networks.
4,Detail,7234171,723417,Installation services for connections to broadcasting distribution networks,,Providing installation of cables on the customer premises and/or installing outlets to connect to the program or broadcasting distribution networks.
1,Group,751,,Other information technology (IT) and information services,,"This group comprises data processing, hosting and related services, and other information technology (IT) and information services."
2,Class,75111,751,"Data processing, hosting, and related services",,"This class comprises services such as website hosting, application provisioning, business process management, infrastructure provisioning, network management, and information and document transformation."
3,Subclass,751111,75111,Website hosting and domain name registration services,,"This subclass comprises the services of providing the infrastructure to host a customer's website and related files in a location that provides connection to the Internet or make their website accessible via the World Wide Web, and domain name registration services."
4,Detail,7511111,751111,Website hosting services,,Services of providing the infrastructure to host a customer's website and related files in a location that provides connection to the Internet or make their website accessible via the World Wide Web.
4,Detail,7511112,751111,Domain names registration services,,"Services of providing the registration of a domain name for a customer, by certified registrars and authorized resellers or affiliates."
3,Subclass,751112,75111,Application service provisioning,,"This subclass comprises the provision of leased software applications from a centralized, hosted, and managed computing environment (including cloud), customized to the needs of individual clients or for multi tenant access."
4,Detail,7511121,751112,"Application service provisioning (except software as a service, on cloud)",,"Provision of leased software applications from a centralized, hosted, and managed computing environment, customized to the needs of each clients, except software as a service (SaaS), cloud-based or on demand."
4,Detail,7511122,751112,"Software as a service, on cloud",,"Provision of rented or leased software applications over the Internet, from a centralized, Internet-hosted, and managed cloud computing multi tenant environment, where all clients can use the same application, on demand, commonly (not exclusively) on a monthly or an annual fee basis. No installation of the application software is needed for the client."
3,Subclass,751113,75111,Business process management services,,"This subclass comprises a service that analyzes the way a business process is conducted, and identifies improvements that can be made by integrating existing and new software services, in order to improve information flows and increase automation of the process."
4,Detail,7511131,751113,Business process management services,,"Services that analyze the way a business process is conducted, and identifies improvements that can be made by integrating existing and new software services, in order to improve information flows and increase automation of the process."
3,Subclass,751114,75111,Other information technology (IT) infrastructure provisioning services,,"This subclass comprises other information technology (IT) hosting or infrastructure provisioning services such as hosting client's application, processing client's data and computer time share."
4,Detail,7511141,751114,Information technology (IT) infrastructure co-location services (except telecommunications facilities),,"Information technology (IT) infrastructure co-location services, except telecommunications facilities, which provide storage capacity and Internet connections for rental to multiple retail clients."
4,Detail,7511142,751114,Data storage infrastructure provisioning services,,Services of providing the infrastructure and the management or administration of the storage and back-up of data.
4,Detail,7511143,751114,Data management infrastructure provisioning services,,Services of providing the infrastructure and on-going management and administration of data as an organizational resource.
4,Detail,7511144,751114,Video and audio streaming infrastructure provisioning services,,Services of providing the infrastructure for sending audio and video data over the Internet or providing services to support video and audio streaming over the Internet.
4,Detail,7511146,751114,Infrastructure as a service (except data storage infrastructure provisioning),,Infrastructure as a service (except data storage infrastructure provisioning).
4,Detail,7511147,751114,Platform as a service,,"Platform as a service (PaaS), or application platform as a service (aPaaS), refers to a category of cloud computing services that allows customers to provision, run, and manage a modular bundle of one or more applications and based on IT infrastructure as a service."
4,Detail,7511149,751114,"Other information technology (IT) infrastructure provisioning services, n.e.c.",,"Other information technology (IT) infrastructure provisioning services, n.e.c."
3,Subclass,751115,75111,Information technology (IT) infrastructure and network management services,,"This subclass comprises the service of managing and monitoring a client's information technology (IT) infrastructure including hardware, software and networks."
4,Detail,7511151,751115,Network management services,,Services of managing and monitoring communication networks and connected hardware to diagnose networking problems and gather capacity and usage statistics for the administration and fine-tuning of network traffic.
4,Detail,7511152,751115,Computer systems management services,,Providing day-to-day management and operation of a client's computer system.
3,Subclass,751116,75111,Information and document transformation services,,This subclass comprises the provision of technical expertise and equipment to transform information and documents from one format or media to another.
4,Detail,7511161,751116,Imaging and other data capture services,,"Services of converting paper documents into digital or other machine-readable formats. These services generally involve the following components: document preparation; scanning, optical character recognition, and other data capture activities; and the delivery or output of the information captured into a database or a physical medium."
4,Detail,7511162,751116,Data conversion and migration services,,Services of moving data from one storage device to another or from one file format to another.
2,Class,75121,751,Other information services,,This class comprises other information services.
3,Subclass,751211,75121,Other information services,,This subclass comprises other information services.
4,Detail,7512111,751211,Lending library services,,Providing access to library resources.
4,Detail,7512112,751211,Archival institution services,,"Providing access to archives, and other archive-related services."
4,Detail,7512114,751211,"Information services, n.e.c.",,"Collecting, disseminating or providing access to information, n.e.c."
1,Group,761,,Financial services (except insurance),,"This group comprises financial system regulatory services; account and cash management products; loans and other credit financing products; investment products; financial planning services and trust products for individuals, businesses, institutions (except unincorporated) and governments; and products supporting financial services."
2,Class,76111,761,Financial system regulatory services,,"This class comprises services provided by central banks, other government agencies, and self-regulatory bodies (such as stock exchanges) to regulate financial systems and markets, and the participants in those systems and markets."
3,Subclass,761111,76111,Regulation of securities markets,,"This subclass comprises services provided by central banks, other government agencies, and self-regulatory bodies (such as stock exchanges) to regulate securities markets and the participants in securities markets."
4,Detail,7611111,761111,Regulation of securities markets,,"Services provided by central banks, other government agencies, and self-regulatory bodies (such as stock exchanges) to regulate securities markets and the participants in securities markets."
3,Subclass,761112,76111,Regulation of credit markets,,"This subclass comprises services provided by central banks, other government agencies, and self-regulatory bodies to regulate credit markets and the participants in credit markets."
4,Detail,7611121,761112,Regulation of credit markets,,"Services provided by central banks, other government agencies, and self-regulatory bodies to regulate credit markets and the participants in credit markets."
3,Subclass,761113,76111,Regulation of insurance markets,,"This subclass comprises services provided by central banks, other government agencies, and self-regulatory bodies to regulate insurance markets and the participants in insurance markets."
4,Detail,7611131,761113,Regulation of insurance markets,,"Services provided by central banks, other government agencies, and self-regulatory bodies to regulate insurance markets and the participants in insurance markets."
2,Class,76121,761,Account and cash management products,,"This class comprises money management services, provided to customers by means of deposit accounts, such as chequing, savings and time accounts, and specialized cash management services that enable businesses to handle cash, transfer monies, and in general make and receive payments."
3,Subclass,761211,76121,Deposit account service packages,,"This subclass comprises bundled services related to deposit accounts (cheques, account statements, automated banking machine (ABM) transactions, etc.) provided for a flat fee, usually paid monthly. Non-deposit services, such as traveller's cheques, may be included in deposit account service packages."
4,Detail,7612111,761211,Deposit account service packages,,"Bundled services related to deposit accounts (cheques, account statements, automated banking machine (ATM) transactions, etc.) provided for a flat fee, usually paid monthly. Non-deposit services, such as traveller's cheques, may be included in deposit account service packages."
3,Subclass,761212,76121,Separately-priced deposit account products,,"This subclass comprises services related to deposit accounts, sold on an individual basis."
4,Detail,7612121,761212,Separately-priced deposit account products,,"Services related to deposit accounts, sold on an individual basis."
3,Subclass,761213,76121,Cash handling and management products,,This subclass comprises specialized deposit account and cash management services provided to businesses and government.
4,Detail,7612131,761213,Cash handling and management products,,Specialized deposit account and cash management services provided to businesses and government.
3,Subclass,761214,76121,Payment document products,,This subclass comprises issuing documents that can be used as payment instruments.
4,Detail,7612141,761214,Payment document products,,Issuing documents that can be used as payment instruments.
3,Subclass,761215,76121,Foreign currency exchange at retail,,"This subclass comprises exchanging the currency of one country for that of another in small amounts, for a fee or commission."
4,Detail,7612151,761215,Foreign currency exchange at retail,,"Exchanging the currency of one country for that of another in small amounts, for a fee or commission."
2,Class,76131,761,Loans,,"This class comprises loans that represent the direct lending of funds under legal contract, either unsecured or secured by the assets being financed or by other assets, but without the exchange or the use of securities as collateral."
3,Subclass,761311,76131,Loans to businesses,,"This subclass comprises loans to businesses. Loans represent the direct lending of funds under legal contract, either unsecured or secured by the assets being financed or by other assets, but without the exchange or the use of securities as collateral."
4,Detail,7613111,761311,Loans to businesses,,"Loans to businesses. Loans represent the direct lending of funds under legal contract, either unsecured or secured by the assets being financed or by other assets, but without the exchange or the use of securities as collateral."
3,Subclass,761312,76131,Loans to government,,This subclass comprises loans to government.
4,Detail,7613121,761312,Loans to government,,Loans to government.
3,Subclass,761313,76131,Loans to households,,This subclass comprises loans to households.
4,Detail,7613131,761313,Residential mortgage loans,,"Mortgage loans provided to owner-occupiers, secured by residential real property."
4,Detail,7613132,761313,Home equity loans,,Loans and lines of credit secured by the equity of a borrower's residence.
4,Detail,7613133,761313,Secured home loans (except residential mortgage and home equity loans) to households,,"Secured or guaranteed home loans to households, except residential mortgage and home equity loans."
4,Detail,7613134,761313,Vehicle loans to households,,"Loans to households for purchasing automobiles and other vehicles, secured by the vehicle."
4,Detail,7613135,761313,"Other secured consumer loans to households, n.e.c.",,"Other secured loans to households, n.e.c."
4,Detail,7613136,761313,Unsecured loans to households,,"Loans and lines of credit, not secured by collateral, for personal uses."
2,Class,76141,761,Credit financing (except loans),,This class comprises credit card services; factoring; financial leasing; and sales financing.
3,Subclass,761411,76141,Credit card products,,"This subclass comprises the provision of lines of credit to credit card holders, and credit card processing services to merchants, that together enable credit cards to be accepted as a means of payment."
4,Detail,7614111,761411,Credit card cardholder products for businesses and government,,"Provision of a revolving line of credit to business and government holders of credit cards, allowing them to purchase goods and services from merchants who accept their card. Credit granted through credit cards may be unsecured, or secured by a deposit held by the card issuer."
4,Detail,7614112,761411,Credit card cardholder products to consumers,,"Provision of a revolving line of credit to consumer holders of credit cards, allowing them to purchase goods and services from merchants who accept their card. Credit granted through credit cards may be unsecured, or secured by a deposit held by the card issuer."
4,Detail,7614113,761411,Credit card merchant products,,Credit card transaction processing services provided by processors and banks to merchant account holders.
4,Detail,7614114,761411,Credit card association products,,Services provided by credit card associations to issuing banks.
3,Subclass,761412,76141,Factoring,,"This subclass comprises the provision of financing to a business from the sale of its accounts receivable to a third party, known as a factor. Normally, the factor assumes the full risk of collection, including credit losses."
4,Detail,7614121,761412,Factoring,,"Financing provided to a business from the sale of its accounts receivable to a third party, known as a factor. Normally, the factor assumes the full risk of collection, including credit losses."
3,Subclass,761413,76141,Financial leasing,,"This subclass comprises leases in which the lessor is providing a financial service to enable the lessee to enjoy the benefits of ownership of the leased asset. A lessee has the option of purchasing the machinery and equipment after the lease term has been completed, at an agreed price. With a finance lease the equipment appears on the lessee's balance sheet, as it is viewed as a purchase. Also known as capital lease."
4,Detail,7614131,761413,"Financial leasing, motor vehicles",,"Motor vehicle leases in which the lessor is providing a financial service to enable the lessee to enjoy the benefits of ownership of the leased asset. A lessee has the option of purchasing the motor vehicle after the lease term has been completed, at an agreed price. With a finance lease the motor vehicle appears on the lessee's balance sheet, as it is viewed as a purchase."
4,Detail,7614132,761413,Financial leasing (except motor vehicles),,"Leases (except for motor vehicles) in which the lessor is providing a financial service to enable the lessee to enjoy the benefits of ownership of the leased asset. A lessee has the option of purchasing the machinery and equipment after the lease term has been completed, at an agreed price. With a finance lease the equipment appears on the lessee's balance sheet, as it is viewed as a purchase."
3,Subclass,761414,76141,Sales financing,,This subclass comprises the provision of credit by means of conditional sales contracts.
4,Detail,7614141,761414,Sales financing to businesses,,Providing credit by means of conditional sales contracts for purchases by businesses.
4,Detail,7614142,761414,Sales financing to consumers,,Providing credit by means of conditional sales contracts for purchases by consumers.
2,Class,76151,761,Other credit financing products,,"This class comprises financing services related to trading and dealing in securities which generally involve the use of securities as collateral or as the lent instrument, as well as other credit financing products, n.e.c."
3,Subclass,761511,76151,Other credit financing products,,"This subclass comprises financing services related to trading and dealing in securities which generally involve the use of securities as collateral or as the lent instrument, as well as other credit financing products, n.e.c."
4,Detail,7615111,761511,Securities lending,,"Collateralized lending of securities, to be returned on a specific date or on demand, paid for by fees based on the value of the loaned securities."
4,Detail,7615112,761511,Repurchase agreements,,The sale of a security (often Treasury Bills) to a counterparty for cash with an agreement to repurchase it at a fixed price on a specified future date.
4,Detail,7615114,761511,"Other credit financing products, n.e.c.",,"Provision of credit by means other than loans, credit cards, factoring, leasing, instalment credit products, and financing related to securities lending and repurchase agreements."
2,Class,76161,761,Investment products,,This class comprises securities origination products; brokering and dealing of financial instruments; and brokerage correspondent products.
3,Subclass,761611,76161,Securities origination products,,This subclass comprises assisting the issuers of securities (businesses and government) in creating their securities and in having them distributed to the investing public. The service may involve advising the issuer; purchasing securities from the issuer and selling them (underwriting); or acting as an agent in marketing the securities.
4,Detail,7616111,761611,Securities origination products,,Assisting the issuers of securities (businesses and government) in creating their securities and in having them distributed to the investing public. The service may involve advising the issuer; purchasing securities from the issuer and selling them (underwriting); or acting as an agent in marketing the securities.
3,Subclass,761612,76161,Brokering and dealing of money market instruments,,"This subclass comprises brokering and dealing money market instruments, which are fixed-rate of return debt instruments that mature within one year or less."
4,Detail,7616121,761612,"Brokering and dealing products, negotiable certificates of deposit",,"Brokering and dealing negotiable certificates of deposit, with a term of one year or less."
4,Detail,7616122,761612,"Brokering and dealing products, commercial paper issued by financial institutions",,"Brokering and dealing commercial paper issued by financial institutions, with a term of one year or less."
4,Detail,7616123,761612,"Brokering and dealing products, commercial paper issued by non-financial institutions",,"Brokering and dealing commercial paper issued by non-financial institutions, with a term of one year or less."
4,Detail,7616124,761612,"Brokering and dealing products, bankers' acceptances",,"Brokering and dealing bankers' acceptances, with a term of one year or less."
4,Detail,7616125,761612,"Brokering and dealing products, Treasury bills",,"Brokering and dealing Treasury bills, with a term of one year or less."
4,Detail,7616126,761612,"Brokering and dealing products, other money market instruments",,"Brokering and dealing money market instruments other than commercial paper, bankers' acceptances, negotiable certificates of deposit, or Treasury bills."
3,Subclass,761613,76161,Brokering and dealing of other debt instruments,,This subclass comprises brokering and dealing debt instruments other than money market instruments.
4,Detail,7616131,761613,"Brokering and dealing products, corporate bonds and asset-backed securities",,"Brokering and dealing medium- and long-term corporate notes and bonds, and asset-backed securities."
4,Detail,7616132,761613,"Brokering and dealing products, national government notes and bonds",,Brokering and dealing medium- and long-term bonds issued by the Government of Canada.
4,Detail,7616133,761613,"Brokering and dealing products, provincial and local government notes and bonds",,Brokering and dealing medium- and long-term bonds issued by provincial and local governments.
4,Detail,7616134,761613,"Brokering and dealing products, foreign government notes and bonds",,Brokering and dealing notes and bonds issued by foreign governments.
3,Subclass,761614,76161,Brokering and dealing of equities,,This subclass comprises brokering and dealing equity securities.
4,Detail,7616141,761614,Brokering and dealing of equities,,Brokering and dealing equity securities.
3,Subclass,761615,76161,Brokering and dealing of derivatives,,"This subclass comprises brokering and dealing in derivative instruments, which are contracts whose value is based on the value of an underlying entity."
4,Detail,7616151,761615,"Brokering and dealing products, futures contracts, exchange-traded",,Brokering and dealing futures contracts on exchanges.
4,Detail,7616152,761615,"Brokering and dealing products, option contracts, exchange-traded",,Brokering and dealing option contracts on exchanges.
4,Detail,7616153,761615,"Brokering and dealing products, forward contracts, traded over-the-counter",,Brokering and dealing forward contracts over-the-counter.
4,Detail,7616154,761615,"Brokering and dealing products, swaps, traded over-the-counter",,Brokering and dealing swap contracts over-the-counter.
4,Detail,7616155,761615,"Brokering and dealing products, option contracts, traded over-the-counter",,Brokering and dealing option contracts over-the-counter.
4,Detail,7616156,761615,"Brokering and dealing products, other derivatives contracts, traded over-the-counter",,"Brokering and dealing derivative contracts, other than forward, swap or option contracts, over-the-counter."
3,Subclass,761616,76161,Foreign currency wholesale brokering and dealing,,"This subclass comprises brokering and dealing foreign currencies, on a wholesale basis."
4,Detail,7616161,761616,Foreign currency wholesale brokering and dealing,,"Brokering and dealing foreign currencies, on a wholesale basis."
3,Subclass,761617,76161,Brokering and dealing of investment company securities,,This subclass comprises brokering and dealing investment company securities.
4,Detail,7616171,761617,Brokering and dealing of investment company securities,,Brokering and dealing investment company securities.
3,Subclass,761618,76161,Brokering and dealing of other financial instruments,,This subclass comprises brokering and dealing other financial instruments.
4,Detail,7616182,761618,Brokerage or dealing services of cryptocurrency (virtual currency),,Brokerage or dealing services of cryptocurrency (virtual currency).
4,Detail,7616189,761618,Brokering and dealing of other financial instruments,,Brokering and dealing of other financial instruments.
3,Subclass,761619,76161,Brokerage correspondent products,,"This subclass comprises the service consisting of one broker-dealer carrying out trades on behalf of another, where the first broker-dealer has access to a particular securities exchange and the other does not."
4,Detail,7616191,761619,Brokerage correspondent products,,"Service consisting of one broker-dealer carrying out trades on behalf of another, where the first broker-dealer has access to a particular securities exchange and the other does not."
2,Class,76171,761,Personal trust and financial planning services,,This class comprises trust services and financial planning and investment management services intended for private individuals.
3,Subclass,761711,76171,Personal trust and financial planning services,,This subclass comprises trust services and financial planning and investment management services intended for private individuals.
4,Detail,7617111,761711,Personal trust services,,"Services to establish and administer trusts, under which a trustee holds legal title to property belonging to another, for the benefit of a beneficiary. Trusts are defined by an agreement, contract, declaration in a will, or order of a court."
4,Detail,7617112,761711,Personal financial planning and investment management services,,Financial planning and investment management services for individuals.
2,Class,76172,761,"Trust and financial planning services for businesses, institutions, and government",,"This class comprises trust services and financial planning and investment management services for businesses, institutions (except unincorporated), and governments."
3,Subclass,761721,76172,"Trust and financial planning services for businesses, institutions, and government",,"This subclass comprises trust services and financial planning and investment management services for businesses, institutions (except unincorporated), and governments."
4,Detail,7617211,761721,"Trust services for businesses, institutions (except unincorporated), and governments",,"Services to establish and administer trusts for businesses, institutions (except unincorporated), and governments."
4,Detail,7617212,761721,"Financial planning and investment management services for businesses, institutions (except unincorporated), and governments",,"Financial planning and investment management services for businesses, institutions (except unincorporated), and governments."
4,Detail,7617213,761721,Tax planning and consulting services for businesses (except unincorporated) and governments,,Tax planning and consulting services for businesses (except unincorporated) and governments.
2,Class,76181,761,Products supporting financial services,,This class comprises management of financial market and clearing products; automated clearing house products; and other products supporting financial services.
3,Subclass,761811,76181,Management of financial market and clearing services,,"This subclass comprises the provision of an infrastructure for trading securities and commodity contracts; and clearing and settlement services for securities, commodities contracts, and payments. Covers trades executed on exchanges or over-the-counter, and clearing and settlement services for those trades."
4,Detail,7618111,761811,Payment clearing and settlement services,,Clearing and settling payments for financial transactions other than trades of securities and commodity contracts.
4,Detail,7618112,761811,"Security and commodity contract trade execution, clearing and settlement services",,"Executing, clearing and settling trades of securities and commodity contracts and other financial instruments."
4,Detail,7618113,761811,Services of access to security and commodity contract trade execution and clearing systems,,"Providing broker-dealers with access to securities or commodity contract trading systems, whether live floor exchanges or electronic systems."
4,Detail,7618114,761811,Security and commodity contract exchange and clearing house listing services,,"Listing securities and other financial instruments on trading, clearing and settlement systems."
4,Detail,7618115,761811,Other management of financial market and clearing services,,"Providing support services for trading, clearing and settling securities and commodities contracts and financial payments, n.e.c."
3,Subclass,761812,76181,Automated clearing house services,,This subclass comprises automated funds credit and debit clearing and settlement services.
4,Detail,7618121,761812,Automated clearing house services,,Automated funds credit and debit clearing and settlement services.
3,Subclass,761813,76181,Other products supporting financial services,,This subclass comprises loan servicing; automated banking machine (ABM) operation products; and other miscellaneous products supporting financial services.
4,Detail,7618131,761813,Loan servicing,,"Loan servicing entails the processing of payments of principal and interest, the maintenance of associated accounts such as escrow accounts for the payment of taxes and insurance, and the provision of loan information."
4,Detail,7618132,761813,Automated banking machine (ABM) operation products,,Use of automated banking machines (ABMs) not associated with the user's financial institution.
4,Detail,7618133,761813,Other miscellaneous products supporting financial services,,"Products supporting financial services, n.e.c."
1,Group,762,,Pension and life insurance products,,This group comprises pension and annuity products; and life insurance products.
2,Class,76211,762,Pension and annuity products,,"This class comprises underwriting services of plans which provide income payments at regular intervals to individuals or members of groups. Plans may require a single contribution or a series of contributions; may be compulsory or optional; may have nominal benefits determined in advance or dependent on the market value of aspects supporting the plan; and, if related to employment, may or may not be portable with a change in employment. The duration of the period during which benefits are paid may be fixed in terms of a minimum or maximum; there may or may not be survivors' benefits."
3,Subclass,762111,76211,Pension and annuity products,,"This subclass comprises underwriting services of plans which provide income payments at regular intervals to individuals or members of groups. Plans may require a single contribution or a series of contributions; may be compulsory or optional; may have nominal benefits determined in advance or dependent on the market value of aspects supporting the plan; and, if related to employment, may or may not be portable with a change in employment. The duration of the period during which benefits are paid may be fixed in terms of a minimum or maximum; there may or may not be survivors' benefits."
4,Detail,7621111,762111,Pension and annuity products,,"Underwriting services of plans which provide income payments at regular intervals to individuals or members of groups. Plans may require a single contribution or a series of contributions; may be compulsory or optional; may have nominal benefits determined in advance or dependent on the market value of aspects supporting the plan; and, if related to employment, may or may not be portable with a change in employment. The duration of the period during which benefits are paid may be fixed in terms of a minimum or maximum; there may or may not be survivors' benefits."
2,Class,76212,762,Life insurance products,,This class comprises underwriting services of insurance policies which provide for the payment of claims to beneficiaries contingent upon the death of the insured individual or upon the maturation of the policy. Policies may provide pure protection or may also contain a savings component. Policies may cover individuals or members of groups.
3,Subclass,762121,76212,Life insurance products,,This subclass comprises underwriting services of insurance policies which provide for the payment of claims to beneficiaries contingent upon the death of the insured individual or upon the maturation of the policy. Policies may provide pure protection or may also contain a savings component. Policies may cover individuals or members of groups.
4,Detail,7621211,762121,Life insurance products,,Underwriting services of insurance policies which provide for the payment of claims to beneficiaries contingent upon the death of the insured individual or upon the maturation of the policy. Policies may provide pure protection or may also contain a savings component. Policies may cover individuals or members of groups.
1,Group,763,,Other insurance services,,This group comprises health and accident insurance products; vehicle and property insurance products; other non-life insurance products; reinsurance products; and insurance brokerage and other services related to insurance.
2,Class,76311,763,Health and accident insurance products,,This class comprises underwriting services for health and accident insurance policies.
3,Subclass,763111,76311,Health insurance products,,"This subclass comprises underwriting services of insurance policies which provide protection for specified expenses not covered by government health insurance programs, as well as underwriting services of insurance policies which provide periodic payments when the insured is unable to work as a result of a disability due to illness or injury."
4,Detail,7631111,763111,Health insurance products,,"Underwriting services of insurance policies which provide protection for specified expenses not covered by government health insurance programs, as well as underwriting services of insurance policies which provide periodic payments when the insured is unable to work as a result of a disability due to illness or injury."
3,Subclass,763112,76311,Accident insurance products,,"This subclass comprises underwriting services of insurance policies which provide accidental death and dismemberment insurance, that is, payment in the event that an accident results in death or specified injuries."
4,Detail,7631121,763112,Accident insurance products,,"Underwriting services of insurance policies which provide accidental death and dismemberment insurance, that is, payment in the event that an accident results in death or specified injuries."
2,Class,76312,763,Vehicle insurance products,,"This class comprises underwriting property and casualty insurance policies related to the operation of personal or commercial vehicles. These policies provide financial protection against the loss or damage to property, or personal injury."
3,Subclass,763121,76312,Vehicle insurance products,,"This subclass comprises underwriting property and casualty insurance policies related to the operation of personal or commercial vehicles. These policies provide financial protection against the loss or damage to property, or personal injury."
4,Detail,7631211,763121,Vehicle insurance products,,"Underwriting property and casualty insurance policies related to the operation of personal or commercial vehicles. These policies provide financial protection against the loss or damage to property, or personal injury."
2,Class,76313,763,Property insurance products (except vehicle),,"This class comprises underwriting property insurance policies, except those related to the operation of vehicles. These policies provide financial protection against the loss or damage to property."
3,Subclass,763131,76313,Property insurance products (except vehicle),,"This subclass comprises underwriting property insurance policies, except those related to the operation of vehicles. These policies provide financial protection against the loss or damage to property."
4,Detail,7631311,763131,Homeowners multi-peril property insurance products,,Underwriting homeowners multi-peril property insurance policies. These policies provide financial protection against the loss or damage to property.
4,Detail,7631312,763131,Commercial and industrial multi-peril property insurance products,,Underwriting commercial and industrial multi-peril property insurance policies. These policies provide financial protection against the loss or damage to property.
4,Detail,7631313,763131,Other property insurance products (except multi-peril and vehicle),,"Underwriting property insurance policies, except multi-peril and those related to the operation of vehicles. These policies provide financial protection against the loss or damage to property."
2,Class,76314,763,Other non-life insurance products,,This class comprises surety bonds and related products; other liability insurance products; and other direct insurance products.
3,Subclass,763141,76314,Surety bonds and related products,,"This subclass comprises the sale of surety and related products, in which one party guarantees the performance of a second party vis-à-vis another, thereby establishing a three-party relationship. The three parties are the principal (the party that undertakes the obligation), the surety (the party that guarantees that the obligation will be performed), and the obligee (the party that receives the benefit of the bond if the principal fails to meet the obligation)."
4,Detail,7631411,763141,Surety bonds and related products,,"Sale of surety and related products, in which one party guarantees the performance of a second party vis-à-vis another, thereby establishing a three-party relationship. The three parties are the principal (the party that undertakes the obligation), the surety (the party that guarantees that the obligation will be performed), and the obligee (the party that receives the benefit of the bond if the principal fails to meet the obligation)."
3,Subclass,763142,76314,Other liability insurance products,,This subclass comprises underwriting insurance policies that insure against financial loss arising from legal liability.
4,Detail,7631421,763142,Product liability insurance products,,Underwriting insurance policies that insure against financial loss arising from legal liability for harm caused by a product sold by the policyholder.
4,Detail,7631422,763142,Other general liability insurance products,,"Underwriting insurance policies that insure against financial loss arising from legal liability, except product liability."
3,Subclass,763143,76314,Other direct insurance products,,"This subclass comprises travel insurance products, and other miscellaneous direct insurance products."
4,Detail,7631431,763143,Travel insurance products,,Underwriting insurance policies that protect travellers against travel-related expenses.
4,Detail,7631432,763143,Other miscellaneous direct insurance products,,"Underwriting insurance policies that protect the insured from risks, n.e.c."
2,Class,76321,763,Reinsurance products,,This class comprises providing reinsurance services to spread the risk of direct underwriting services and retrocession contracts (the reinsurance of reinsurance).
3,Subclass,763211,76321,"Life, health and annuity reinsurance products",,"This subclass comprises reinsurance services for life and health insurance, and for annuities."
4,Detail,7632111,763211,"Life, health and annuity reinsurance products",,"Reinsurance services for life and health insurance, and for annuities."
3,Subclass,763212,76321,Surety bonds and related reinsurance products,,This subclass comprises reinsurance services for surety bonds.
4,Detail,7632121,763212,Surety bonds and related reinsurance products,,Reinsurance services for surety bonds.
3,Subclass,763213,76321,Property and casualty reinsurance products,,This subclass comprises reinsurance services for property and casualty insurance policies.
4,Detail,7632131,763213,Property and casualty reinsurance products,,Reinsurance services for property and casualty insurance policies.
3,Subclass,763214,76321,Other reinsurance products,,"This subclass comprises reinsurance services, n.e.c."
4,Detail,7632141,763214,Other reinsurance products,,"Reinsurance services, n.e.c."
2,Class,76331,763,Insurance brokerage and other services related to insurance,,This class comprises insurance brokerage and agency services; claims adjustment services; insurance consulting services; and other services related to insurance.
3,Subclass,763311,76331,Insurance brokerage and agency services,,This subclass comprises serving as an agent or broker in selling insurance policies or reinsurance contracts.
4,Detail,7633111,763311,Insurance brokerage and agency services,,Serving as an agent or broker in selling insurance policies or reinsurance contracts.
3,Subclass,763312,76331,Claims adjustment services,,"This subclass comprises determining the amount, if any, to be paid to an insurance policyholder making a claim under the policy."
4,Detail,7633121,763312,Claims adjustment services,,"Determining the amount, if any, to be paid to an insurance policyholder making a claim under the policy."
3,Subclass,763313,76331,Insurance consulting services,,This subclass comprises insurance and actuarial consulting services.
4,Detail,7633131,763313,Insurance consulting services,,Insurance and actuarial consulting services.
3,Subclass,763314,76331,Other services related to insurance,,"This subclass comprises services that support the underwriting and reinsuring of insurance policies, n.e.c."
4,Detail,7633141,763314,Other services related to insurance,,"Services that support the underwriting and reinsuring of insurance policies, n.e.c."
1,Group,764,,Real estate services,,This group comprises residential rents; rooming and boarding services; non-residential rents; and real estate brokerage and other services related to real estate.
2,Class,76411,764,Residential rents,,"This class comprises rental of land for residential use; and rental of residential space in buildings or other facilities, for use as principal residence."
3,Subclass,764111,76411,Rental of land for residential use,,This subclass comprises rental or leasing of land for residential use.
4,Detail,7641111,764111,Rental of land for residential use,,Rental or leasing of land for residential use.
3,Subclass,764112,76411,"Rental of residential space in buildings or other facilities, for use as principal residence",,"This subclass comprises rental or leasing of space in buildings or other facilities, for use as the principal residence of a household. May include additional facilities, such as parking and recreational amenities."
4,Detail,7641121,764112,"Rental of residential space in houses, for use as principal residence",,"Rental or leasing of space in houses, for use as the principal residence of a household. Houses are accommodation units in which each housing unit is separated from its neighbours by a ground-to-roof wall, with no units either above or below. May include additional facilities, such as parking and recreational amenities."
4,Detail,7641122,764112,"Rental of residential space in apartment buildings, for use as principal residence",,"Rental or leasing of space or units in apartment buildings and similar housing units, for use as the principal residence of a household. These are units in which each housing unit is not separated from its neighbours by a ground-to-roof wall, and/or adjoins units constructed above or below. May include additional facilities, such as parking and recreational amenities."
4,Detail,7641123,764112,"Rental of residential space, for use as principal residence, n.e.c.",,"Rental or leasing of space for use as the principal residence of a household, except in houses, apartments buildings and similar housing units."
2,Class,76412,764,Rooming and boarding services,,"This class comprises rental or leasing of space for use as the principal residence of a tenant in rooming and boarding houses. May include additional services, such as housekeeping, meal and laundry services."
3,Subclass,764121,76412,Rooming and boarding services,,"This subclass comprises rental or leasing of space for use as the principal residence of a tenant in rooming and boarding houses. May include additional services, such as housekeeping, meal and laundry services."
4,Detail,7641211,764121,Rooming and boarding services,,"Rental or leasing of space for use as the principal residence of a tenant in rooming and boarding houses. May include additional services, such as housekeeping, meal and laundry services."
2,Class,76421,764,Non-residential rents,,"This class comprises rental of land, of buildings or other structures, and of space within buildings and other facilities, for non-residential uses."
3,Subclass,764211,76421,Rental of land for non-residential use,,This subclass comprises rental or leasing of land for non-residential use.
4,Detail,7642111,764211,Rental of land for non-residential use,,Rental or leasing of land for non-residential use.
3,Subclass,764212,76421,Rental of office and professional space,,This subclass comprises rental or leasing of buildings or other space for office and professional use.
4,Detail,7642121,764212,Rental of office and professional space,,Rental or leasing of buildings or other space for office and professional use.
3,Subclass,764213,76421,Rental of commercial space,,This subclass comprises rental or leasing of buildings or other space for commercial use.
4,Detail,7642131,764213,Rental of commercial space,,Rental or leasing of buildings or other space for commercial use.
3,Subclass,764214,76421,Rental of industrial space,,"This subclass comprises rental or leasing of buildings or other space for use in manufacturing, research, storage, distribution and similar industrial activities."
4,Detail,7642141,764214,Rental of industrial space,,"Rental or leasing of buildings or other space for use in manufacturing, research, storage, distribution and similar industrial activities."
3,Subclass,764215,76421,Rental of space in mini-warehouses and self-storage units,,This subclass comprises rental of storage space which can be accessed directly by the renter.
4,Detail,7642151,764215,Rental of space in mini-warehouses and self-storage units,,Rental of storage space which can be accessed directly by the renter.
3,Subclass,764216,76421,Rental of other non-residential space,,"This subclass comprises rental of space for meetings, conventions, and similar short-term business use; rental of space for weddings, banquets, parties, and similar short-term social use; rental of theatres, auditoriums, stadiums, arenas, and similar facilities; hosting of coin-operated or card-operating machines; and rental of other non-residential space, n.e.c."
4,Detail,7642161,764216,"Rental of space for meetings, conventions, and similar short-term business use",,"Rental of space for meetings, conventions, and similar short-term business use."
4,Detail,7642162,764216,"Rental of space for weddings, banquets, parties, and similar short-term social use",,"Rental of space for weddings, banquets, parties, and similar short-term social use."
4,Detail,7642163,764216,"Rental of theatres, auditoriums, stadiums, arenas, and similar facilities",,"Rental or leasing of space in theatres, auditoriums, stadiums, arenas, and similar facilities for use in presenting live entertainment or sporting events."
4,Detail,7642164,764216,Hosting of coin-operated or card-operating machines,,"Providing a location for the placement of coin-operated or card-operating machines, for a fee or commission paid by the owners or lessors of the machines. Payment may be made using coins, bills, tokens, cards or other means."
4,Detail,7642165,764216,"Rental of other non-residential space, n.e.c.",,"Rental or leasing of buildings or other space for non-residential use, n.e.c."
2,Class,76432,764,Real estate brokerage and other services related to real estate,,"This class comprises brokerage services for the sale or rental of real estate; real estate consulting, appraisal and listing services; property management services; and services provided by real estate agencies to their real estate associates."
3,Subclass,764321,76432,Brokerage services for the sale and rental of residential real estate,,"This subclass comprises assisting buyers and sellers of individual residential dwellings and associated land, and owners in renting residential buildings or units and associated land, acting in an agency capacity, for a fee or commission."
4,Detail,7643211,764321,Brokerage services for the sale and rental of residential real estate,,"Assisting buyers and sellers of individual residential dwellings and associated land, and owners in renting residential buildings or units and associated land, acting in an agency capacity, for a fee or commission."
3,Subclass,764322,76432,Brokerage services for the sale and rental of non-residential real estate,,"This subclass comprises assisting buyers and sellers of non-residential buildings or other non-residential facilities and associated land, and owners in renting non-residential buildings or other non-residential facilities and associated land, acting in an agency capacity, for a fee or commission."
4,Detail,7643221,764322,Brokerage services for the sale and rental of non-residential real estate,,"Assisting buyers and sellers of non-residential buildings or other non-residential facilities and associated land, and owners in renting non-residential buildings or other non-residential facilities and associated land, acting in an agency capacity, for a fee or commission."
3,Subclass,764323,76432,Brokerage services for the sale and rental of vacant land,,This subclass comprises brokerage services for the sale and rental of vacant land.
4,Detail,7643231,764323,Brokerage services for the sale and rental of vacant land,,Brokerage services for the sale and rental of vacant land.
3,Subclass,764324,76432,Real estate consulting services,,"This subclass comprises providing advice and guidance to clients regarding real estate, including advice on accountancy, financing and similar matters. These real estate consulting services are provided to clients independently of general accountancy, financial and similar services."
4,Detail,7643241,764324,Real estate consulting services,,"Providing advice and guidance to clients regarding real estate, including advice on accountancy, financing and similar matters. These real estate consulting services are provided to clients independently of general accountancy, financial and similar services."
3,Subclass,764325,76432,Property management services,,This subclass comprises management of real estate properties on behalf of property owners.
4,Detail,7643251,764325,Property management services,,Management of real estate properties on behalf of property owners.
3,Subclass,764326,76432,Real estate appraisal services,,"This subclass comprises providing assessments of the value of urban and rural real estate, in order to assist clients in buying, selling, or financing the purchase of real estate, or in dealing with tax matters."
4,Detail,7643261,764326,Urban real estate appraisal services,,"Providing assessments of the value of real estate in urban areas, in order to assist clients in buying, selling, or financing the purchase of real estate, or in dealing with tax matters."
4,Detail,7643262,764326,Rural real estate appraisal services,,"Providing assessments of the value of real estate in rural areas, in order to assist clients in buying, selling, or financing the purchase of real estate, or in dealing with tax matters."
3,Subclass,764327,76432,Real estate listing services,,"This subclass comprises providing a register of real estate offered for sale in an area, in a printed directory, electronic database or other format."
4,Detail,7643271,764327,Real estate listing services,,"Providing a register of real estate offered for sale in an area, in a printed directory, electronic database or other format."
3,Subclass,764328,76432,Services provided by real estate agencies to their real estate associates,,This subclass comprises the services provided by real estate agencies to their real estate associates.
4,Detail,7643281,764328,Services provided by real estate agencies to their real estate associates,,Services provided by real estate agencies to their real estate associates.
1,Group,771,,Legal and accounting services,,"This group comprises legal services; and accounting, tax preparation, bookkeeping and payroll services."
2,Class,77111,771,Legal services,,This class comprises legal services concerning criminal and non-criminal law as well as legal support services.
3,Subclass,771111,77111,Legal services concerning criminal law,,"This subclass comprises providing legal advice concerning the application or interpretation of criminal law; representing clients before courts, administrative agencies, and other official tribunals in such matters; and participating with or on behalf of clients in negotiations and other dealings with third parties concerning the application or interpretation of criminal law."
4,Detail,7711111,771111,Legal services concerning criminal law,,"Providing legal advice concerning the application or interpretation of criminal law; representing clients before courts, administrative agencies, and other official tribunals in such matters; and participating with or on behalf of clients in negotiations and other dealings with third parties concerning the application or interpretation of criminal law."
3,Subclass,771112,77111,Legal services concerning non-criminal law,,"This subclass comprises providing legal advice concerning the application or interpretation of the law in non-criminal (civil) matters; representing clients before courts, administrative agencies, and other official tribunals in non-criminal law matters; and participating with or on behalf of clients in negotiations and other dealings with third parties concerning the application or interpretation of non-criminal law."
4,Detail,7711121,771112,Legal services concerning non-criminal law,,"Providing legal advice concerning the application or interpretation of the law in non-criminal (civil) matters; representing clients before courts, administrative agencies, and other official tribunals in non-criminal law matters; and participating with or on behalf of clients in negotiations and other dealings with third parties concerning the application or interpretation of non-criminal law."
3,Subclass,771113,77111,Legal support services,,"This subclass comprises patent and trademark office representation services; and legal document filing and search services, process serving services, and notarization and certification services, not bundled with legal services, arbitration or mediation services, or with patent and trademark prosecution services."
4,Detail,7711131,771113,Legal support services,,"Patent and trademark office representation services; and legal document filing and search services, process serving services, and notarization and certification services, not bundled with legal services, arbitration or mediation services, or with patent and trademark prosecution services."
2,Class,77121,771,"Accounting, tax preparation, bookkeeping and payroll services",,"This class comprises auditing and other assurance services; tax preparation and representation services; and bookkeeping, financial statement compilation, and payroll services."
3,Subclass,771211,77121,Auditing and other assurance services,,This subclass comprises financial auditing services; financial statement review engagements and agreed-upon procedures for financial information; other financial assurance services; and non-financial assurance services.
4,Detail,7712111,771211,Financial auditing services,,"Auditing of financial statements and examination of accounting records and other supporting evidence for the purpose of expressing an opinion as to whether financial statements are presented fairly in accordance with an appropriate, disclosed basis of accounting."
4,Detail,7712113,771211,Financial statement review engagements and agreed-upon procedures for financial information,,"Review engagements, with or without compilation services, to assess whether the financial statements being reported on are plausible within the framework of the appropriate criteria; agreed-upon procedures engagements to provide reports on the results of applying client-specified procedures to financial information."
4,Detail,7712114,771211,Other financial assurance services,,Other financial assurance and related services.
4,Detail,7712115,771211,Non-financial assurance services,,"Audits, reviews and agreed-upon procedures performed in relation to non-financial matters. Findings are typically conveyed in a written report."
3,Subclass,771212,77121,Tax preparation and representation services,,This subclass comprises services related to tax preparation and representation at audits and appeals for individuals and unincorporated businesses as well as for corporate and other clients.
4,Detail,7712121,771212,Tax preparation and representation services for individuals and unincorporated businesses,,Services related to tax preparation and representation at audits and appeals for individuals and unincorporated businesses.
4,Detail,7712122,771212,Tax preparation and representation services for corporate and other clients,,Services related to tax preparation and representation at audits and appeals for corporate and other clients.
3,Subclass,771213,77121,"Bookkeeping, financial statement compilation, and payroll services",,This subclass comprises financial statement compilation services; bookkeeping services; and payroll services.
4,Detail,7712131,771213,Accounting services (except bookkeeping and payroll services),,"Financial statement compilation services whereby an accountant receives information from a client and arranges it into the form of a financial statement. The accountant assures that the assembly of information is arithmetically correct. However, the accountant does not attempt to verify the accuracy or completeness of the information provided, and no endorsement or expression of assurance is provided."
4,Detail,7712132,771213,Bookkeeping services,,"A service consisting of general transaction entry with respect to purchases, sales, receipts, payments, and various account items. May include payroll calculation services."
4,Detail,7712133,771213,Payroll services,,"Administration of financial records of employees' salaries, wages, bonuses, net pay, and deductions."
1,Group,772,,"Architectural, engineering and related services",,This group comprises architectural services; engineering services; surveying and mapping services; and other services related to architecture and engineering.
2,Class,77211,772,Architectural services,,"This class comprises architectural services, including the provision of architectural designs, plans and studies; advisory services; construction documents; construction contract administration; landscape architecture services; and urban planning services."
3,Subclass,772111,77211,Architectural services for residential building projects,,"This subclass comprises architectural services for residential building projects, including the provision of architectural designs, plans and studies; advisory services; construction documents; and construction contract administration."
4,Detail,7721111,772111,Architectural services for single-family residential projects,,Architectural services provided for single-family residential building projects.
4,Detail,7721112,772111,Architectural services for multi-family residential projects,,Architectural services provided for multi-family residential building projects.
3,Subclass,772112,77211,Architectural services for non-residential building projects,,"This subclass comprises architectural services for non-residential building projects, including the provision of architectural designs, plans and studies; advisory services; construction documents; and construction contract administration."
4,Detail,7721121,772112,Architectural services for office building projects,,Architectural services for all types of office buildings.
4,Detail,7721122,772112,Architectural services for retail and restaurant projects,,Architectural services for retail and restaurant building projects.
4,Detail,7721123,772112,Architectural services for hotel and convention centre projects,,"Architectural services for buildings providing temporary overnight accommodations, and for convention centres."
4,Detail,7721124,772112,Architectural services for health care building projects,,Architectural services for buildings used in providing health care.
4,Detail,7721125,772112,"Architectural services for entertainment, recreational and cultural building projects",,"Architectural services for entertainment, recreational and cultural building projects."
4,Detail,7721126,772112,Architectural services for educational building projects,,Architectural services for educational building projects.
4,Detail,7721127,772112,Architectural services for industrial building projects,,Architectural services for industrial building projects.
4,Detail,7721128,772112,Architectural services for transportation and distribution facility projects,,Architectural services for transportation and distribution facility projects. These buildings include those involved in the movement of goods and people and the storage of goods.
4,Detail,7721129,772112,Architectural services for other non-residential building projects,,Architectural services provided for other non-residential building projects.
3,Subclass,772113,77211,Historical restoration architectural services,,This subclass comprises architectural services that incorporate legal requirements to preserve or restore the historic character of a building.
4,Detail,7721131,772113,Historical restoration architectural services,,Architectural services that incorporate legal requirements to preserve or restore the historic character of a building.
3,Subclass,772114,77211,Architectural advisory services,,"This subclass comprises expert-witness services, and provision of advice, studies and reports, on architectural matters."
4,Detail,7721141,772114,Architectural advisory services,,"Expert-witness services, and provision of advice, studies and reports, on architectural matters."
3,Subclass,772115,77211,Landscape architectural services,,"This subclass comprises landscape architectural services for the design of the built landscape, including designs, plans and studies; advisory services; construction documents; and construction contract administration."
4,Detail,7721151,772115,Landscape architectural services for residential building projects,,"Landscape architectural services for residential building projects, complete projects or phases of a project."
4,Detail,7721152,772115,Landscape architectural services for non-residential building projects,,"Landscape architectural services for non-residential building projects, complete projects or phases of a project."
4,Detail,7721153,772115,Landscape architectural services for recreational and open-space projects,,"Landscape architectural services for recreational and open-space projects, complete projects or phases of a project."
4,Detail,7721154,772115,"Landscape architectural services, specific elements",,"Landscape architectural services for specific features of a project, such as preparing and modifying the terrain, facilitating access to a site, or building small structures that provide amenities or increase interest in the site. These designs are provided as a stand-alone service, although they may be incorporated into a larger project."
4,Detail,7721155,772115,Landscape architectural advisory services,,"Expert-witness services, and provision of advice, studies and reports, on landscape architectural matters."
3,Subclass,772116,77211,Urban planning services,,"This subclass comprises the provision of urban planning services that articulate public policies related to land use and development; design the urban environment of buildings, parks and infrastructure networks; create plans for land use; and provide a zoning framework within which plans for specific sites can be developed."
4,Detail,7721161,772116,Urban planning services,,"Provision of urban planning services that articulate public policies related to land use and development; design the urban environment of buildings, parks and infrastructure networks; create plans for land use; and provide a zoning framework within which plans for specific sites can be developed."
3,Subclass,772117,77211,Project site master planning services,,"This subclass comprises services consisting in developing plans for a construction site showing the proposed location of buildings, roads, parking lots and other features."
4,Detail,7721171,772117,Project site master planning services,,"Services consisting in developing plans for a construction site showing the proposed location of buildings, roads, parking lots and other features."
2,Class,77221,772,Engineering services,,"This class comprises the design of buildings, industrial structures, civil works, transportation works, power generation and transmission works, machinery, and other works, in order that they implement scientific principles efficiently and safely. The product is presented in the form of designs, plans, studies and advisory services."
3,Subclass,772211,77221,Residential building engineering projects,,This subclass comprises engineering design services related to residential buildings.
4,Detail,7722111,772211,Residential building engineering projects,,Engineering design services related to residential buildings.
3,Subclass,772212,77221,"Commercial, public and institutional building engineering projects",,"This subclass comprises engineering design services related to commercial, public and institutional buildings."
4,Detail,7722121,772212,"Commercial, public and institutional building engineering projects",,"Engineering design services related to commercial, public and institutional buildings."
3,Subclass,772213,77221,Industrial and manufacturing engineering projects,,"This subclass comprises engineering design services related to industrial and manufacturing facilities, processes, and products."
4,Detail,7722131,772213,Mining and metallurgical plant and process engineering projects,,Engineering design services related to mining and metallurgical facilities and processes.
4,Detail,7722132,772213,Petroleum and petrochemical plant and process engineering projects,,Engineering design services related to petroleum and petrochemical facilities and processes.
4,Detail,7722133,772213,Pulp and paper plant and process engineering projects,,Engineering design services related to pulp and paper facilities and processes.
4,Detail,7722134,772213,Industrial machinery engineering design projects,,Engineering design services related to industrial machinery.
4,Detail,7722135,772213,Transportation equipment engineering design projects,,Engineering design services related to transportation equipment.
4,Detail,7722136,772213,Electronic and electrical equipment engineering design projects,,Engineering design services related to electronic and electrical equipment.
4,Detail,7722137,772213,Other industrial and manufacturing engineering projects,,"Engineering design services related to industrial and manufactured products, n.e.c."
3,Subclass,772214,77221,Transportation engineering projects,,This subclass comprises engineering design services related to transportation infrastructure.
4,Detail,7722141,772214,Transportation engineering projects,,Engineering design services related to transportation infrastructure.
3,Subclass,772215,77221,Municipal utility engineering projects,,This subclass comprises engineering design services related to municipal utilities.
4,Detail,7722151,772215,Municipal utility engineering projects,,Engineering design services related to municipal utilities.
3,Subclass,772216,77221,Power engineering projects,,"This subclass comprises engineering design services related to power generating units, power transmission and distribution lines, and related infrastructure."
4,Detail,7722161,772216,Power engineering projects,,"Engineering design services related to power generating units, power transmission and distribution lines, and related infrastructure."
3,Subclass,772217,77221,Telecommunications and broadcasting engineering projects,,"This subclass comprises engineering design services related to systems for the transmission or distribution of voice, data and programming."
4,Detail,7722171,772217,Telecommunications and broadcasting engineering projects,,"Engineering design services related to systems for the transmission or distribution of voice, data and programming."
3,Subclass,772218,77221,Hazardous and industrial waste engineering projects,,"This subclass comprises engineering design services related to systems for the collection, treatment and disposal of hazardous and industrial waste and to systems for the control of pollution."
4,Detail,7722181,772218,Hazardous and industrial waste engineering projects,,"Engineering design services related to systems for the collection, treatment and disposal of hazardous and industrial waste and to systems for the control of pollution."
3,Subclass,772219,77221,Other engineering projects and engineering advisory services,,"This subclass comprises engineering design services, n.e.c., and engineering advisory services."
4,Detail,7722191,772219,Other engineering projects,,"Engineering design services related to systems, processes, facilities, and products, n.e.c."
4,Detail,7722192,772219,Engineering advisory services,,"Provision of advice, studies, and reports on engineering matters, when not part of the design of a specific project."
2,Class,77231,772,Services related to architecture and engineering (except surveying and mapping),,This class comprises drafting services; building inspection services; testing laboratory services; and project management services.
3,Subclass,772311,77231,Drafting services,,"This subclass comprises producing detailed layouts, plans, drawings, illustrations, graphics and models based on engineering or architectural specifications, for use in the design, manufacture, installation, construction, repair or maintenance of buildings, structures, systems or components."
4,Detail,7723111,772311,Drafting services,,"Producing detailed layouts, plans, drawings, illustrations, graphics and models based on engineering or architectural specifications, for use in the design, manufacture, installation, construction, repair or maintenance of buildings, structures, systems or components."
3,Subclass,772312,77231,Building inspection services,,"This subclass comprises making a visual examination of the components forming a residential or commercial property, making a visual examination of a home during construction, detecting the presence of environmental hazards, making a visual examination of a specific element of a property, and related services, such as making a visual examination of a building for wood-destroying pests or providing expert-witness services."
4,Detail,7723121,772312,Building inspection services,,"Making a visual examination of the components forming a residential or commercial property, making a visual examination of a home during construction, detecting the presence of environmental hazards, making a visual examination of a specific element of a property, and related services, such as making a visual examination of a building for wood-destroying pests or providing expert-witness services."
3,Subclass,772313,77231,Testing laboratory services,,This subclass comprises providing conformity assessment services.
4,Detail,7723131,772313,Testing laboratory services,,Providing conformity assessment services.
3,Subclass,772314,77231,Project management services,,"This subclass comprises planning, supervising and coordinating the activities involved in carrying out a project, with regard to time, cost, performance requirements, and other constraints."
4,Detail,7723141,772314,Project management services,,"Planning, supervising and coordinating the activities involved in carrying out a project, with regard to time, cost, performance requirements, and other constraints."
2,Class,77241,772,Surveying and mapping services,,"This class comprises the acquisition, processing and interpretation of information about the earth's subsurface, surface and water bodies, presented in the form of data, maps, orthophotos and charts."
3,Subclass,772411,77241,Geophysical data acquisition,,"This subclass comprises the collection of geophysical data (seismic, gravity, magnetic, etc.) for the purpose of characterizing subsurface conditions."
4,Detail,7724111,772411,Geophysical data acquisition by seismic methods,,The collection of geophysical data by seismic methods.
4,Detail,7724112,772411,Geophysical data acquisition by non-seismic methods,,The collection of geophysical data by non-seismic methods.
3,Subclass,772412,77241,Geophysical data processing and interpretation,,This subclass comprises geophysical data processing and interpretation.
4,Detail,7724121,772412,Geophysical data processing,,The processing of geophysical data in order to facilitate interpretation. Services may include reprocessing data or the integration of other sets of data collected by the same method.
4,Detail,7724122,772412,Geophysical data interpretation services,,"Analysis of processed geophysical data to generate models and predictions about the properties and structures of the subsurface. May include integration of geophysical data collected by other methods, or of additional data, including non-geophysical data."
3,Subclass,772413,77241,Integrated geophysical services,,This subclass comprises services which cover two or more phases of the process used to carry out geophysical surveys.
4,Detail,7724131,772413,Integrated geophysical services (except borehole geophysical surveys),,"Services which cover two or more phases of the process used to carry out geophysical surveys, except borehole geophysical surveys."
4,Detail,7724132,772413,Borehole geophysical surveys,,"The collection, processing and analysis of data collected by borehole logging surveys."
3,Subclass,772414,77241,Other geological and geophysical services,,"This subclass comprises geological and geophysical consulting services; geophysical data sales; and other geological and geophysical services, n.e.c."
4,Detail,7724141,772414,Geological and geophysical consulting services,,"Providing advice regarding geophysical survey design as well as the geology of mineral, oil and natural gas resource exploration and development."
4,Detail,7724142,772414,Geophysical data sales,,Geophysical data sales.
4,Detail,7724143,772414,"Other geological and geophysical services, n.e.c.",,"Other geological and geophysical services, n.e.c."
3,Subclass,772415,77241,"Geospatial photo and image acquisition, processing and interpretation services",,"This subclass comprises geospatial photo and image acquisition, processing and data interpretation services."
4,Detail,7724151,772415,Geospatial photo and image acquisition,,Information about the earth's surface acquired from aircraft and satellites. Products may be geospatially referenced or otherwise processed.
4,Detail,7724152,772415,Geospatial photo and image processing,,Processing of photos and images acquired from aircraft or satellites.
4,Detail,7724153,772415,Geospatial data interpretation,,Analysis of geospatial photographs and images.
3,Subclass,772416,77241,"Thematic mapping, orthophoto mapping, and charting",,"This subclass comprises preparation and revision of thematic maps, orthophoto maps, and nautical and aeronautical charts."
4,Detail,7724161,772416,"Thematic mapping, orthophoto mapping, and charting",,"Preparation and revision of thematic maps, orthophoto maps, and nautical and aeronautical charts."
3,Subclass,772417,77241,Integrated surveying and mapping services,,"This subclass comprises acquisition of data and information about real property and/or the earth's surface, and the subsequent portrayal of this information in report, map or plan format."
4,Detail,7724171,772417,Topographic and planimetric surveying and mapping services,,Surveying for the purpose of determining the shape (relief) of the surface of the land and/or the location of natural and man-made features on the surface; and the preparation or revision of a map indicating the elevation of the surface (relative to a datum point) and slope.
4,Detail,7724172,772417,Hydrographic and bathymetric surveying and mapping services,,"Surveying for the purpose of determining the geometric and dynamic characteristics of bodies of water (including the depth, temperature, or salinity of water), the configuration of the bottom, velocities of currents, heights and times of tides and water stages, and the location of fixed objects used in navigation; and the preparation or revision of maps showing this information."
4,Detail,7724173,772417,"Boundary, property line, and cadastral surveying and mapping",,"Surveying for the purpose of establishing or re-establishing a boundary or property line on the ground, and/or for preparation of a map or plan showing a boundary or property line(s), including surveying for legal and/or cadastral purposes."
4,Detail,7724174,772417,Subdivision layout and design,,"Dividing a piece of land into smaller pieces, such as lots, streets, and rights of way; marking or monumenting all necessary corners or dividing lines; and/or preparing maps or plans for record showing all information regarding adjoining land affecting the boundaries."
4,Detail,7724175,772417,Construction surveying,,"Surveying prior to and during construction for the purpose of controlling elevation, horizontal location and dimensions, and configuration, determining whether the construction was adequately completed, and obtaining dimensions essential for calculating quantities used in paying for construction."
4,Detail,7724176,772417,Geodetic surveying and ground control support,,Surveying for the purpose of determining the precise horizontal and/or vertical position of points or monumented locations to provide a reference framework for further surveys.
3,Subclass,772418,77241,Consulting and expert-witness services for geospatial surveying and mapping,,This subclass comprises consulting and expert-witness services concerning geospatial surveying and mapping.
4,Detail,7724181,772418,Geospatial consulting services,,Provision of consulting services concerning geospatial surveying and mapping.
4,Detail,7724182,772418,Expert-witness services for geospatial surveying and mapping,,"Provision of testimony by a witness who, by virtue of experience, training, skill or knowledge of geospatial surveying and mapping, is recognized as being qualified to render an informed opinion on matters relating to that subject."
1,Group,773,,Specialized design services,,"This group comprises interior design services; interior decorating services; industrial design services; graphic design services; and fashion, jewellery and footwear design services, and other design services n.e.c."
2,Class,77311,773,Specialized design services,,"This class comprises interior design services; interior decorating services; industrial design services; graphic design services; and fashion, jewellery and footwear design services, and other design services n.e.c."
3,Subclass,773111,77311,Interior design services,,"This subclass comprises design of interior spaces, in order to meet the physical and aesthetic needs of people, taking into consideration building codes, health and safety regulations, traffic patterns and floor planning, mechanical and electrical needs, and interior fittings and furniture."
4,Detail,7731111,773111,Residential interior design services,,"Interior design services for residential buildings, including construction management of the project."
4,Detail,7731112,773111,Non-residential interior design services,,"Interior design services for non-residential buildings, including construction management of the project."
4,Detail,7731113,773111,Historic building interior design services,,"Interior design services for buildings in which the historic character of the building must be taken into account. Covers services related to restorations, and to changes in use."
4,Detail,7731114,773111,"Other interior design services, n.e.c.",,"Other interior design services, except those involving historic buildings or construction management."
3,Subclass,773112,77311,Interior decorating services,,This subclass comprises providing aesthetic services associated with interior spaces.
4,Detail,7731121,773112,Interior decorating services,,Providing aesthetic services associated with interior spaces.
3,Subclass,773113,77311,Industrial design services,,"This subclass comprises design services that optimize the manufacturing efficiency, functionality and appearance of manufactured goods; and services for the design and fabrication of models of new product concepts. Industrial designs specify such things as the materials, shape and appearance of a good, in order to optimize its ergonomics and aesthetics, and efficiency in the production, use and maintenance of the good. The service is presented in the form of designs, plans, and models."
4,Detail,7731131,773113,Product industrial design services,,"Design services that optimize the manufacturing efficiency, functionality and appearance of manufactured goods. Industrial designs specify such things as the materials, shape and appearance of a good, in order to optimize its ergonomics and aesthetics, and efficiency in the production, use and maintenance of the good. The service is presented in the form of designs, plans, and models."
4,Detail,7731132,773113,Model design and fabrication services,,Design and fabrication services for models of new product concepts. Models can be full- or reduced-scale.
3,Subclass,773114,77311,Graphic design services,,"This subclass comprises designing visual communications of businesses and other entities, in order to convey specific messages or concepts, clarify complex information, or project visual identities."
4,Detail,7731141,773114,Corporate identity and communications graphic design services,,Designing the corporate identity and image as well as internal and external communications products.
4,Detail,7731142,773114,Advertising graphic design services,,Designing the visual appearance of an advertisement or advertising campaign.
4,Detail,7731143,773114,Commercial illustration services,,Provision of illustrations for use in graphic design projects.
4,Detail,7731144,773114,Graphic interface and interaction design services,,The design of software and video game interfaces.
4,Detail,7731145,773114,Broadcast and motion graphic design services,,"Design of graphics for motion picture and television use, such as titles, opening and closing montages, bumpers, transitions and interstitials, blue/green screen removal, and animations."
4,Detail,7731146,773114,"Book, magazine and newspaper graphic design services",,"Graphic design of books, magazines, and newspapers, also their covers and interior layout, and selection of typefaces."
4,Detail,7731147,773114,Other graphic design services,,"Graphic design services of signage and way finding, graphic elements for packaging, and typefaces, and other graphic design services n.e.c."
3,Subclass,773115,77311,"Fashion, jewellery and footwear design services, and other design services n.e.c.",,"This subclass comprises design services for fashion, jewellery and footwear, and other design services n.e.c."
4,Detail,7731151,773115,"Fashion, jewellery and footwear design services, and other design services n.e.c.",,"Design services for fashion, jewellery and footwear, and other design services n.e.c."
1,Group,774,,Computer systems design and related services (except software development),,"This group comprises computer network design and development services; computer systems design, development and integration services; information technology (IT) technical consulting services; and information technology (IT) technical support services."
2,Class,77411,774,Computer systems design and related services (except software development),,"This class comprises computer network design and development services; computer systems design, development and integration services; information technology (IT) technical consulting services; and information technology (IT) technical support services."
3,Subclass,774111,77411,Network design and development services,,"This subclass comprises designing, developing and implementing customers' computer networks."
4,Detail,7741111,774111,Network design and development services,,"Designing, developing and implementing customers' computer networks."
3,Subclass,774112,77411,"Computer systems design, development and integration services",,"This subclass comprises assessing an organization's informatics requirements, providing advice on hardware and software acquisitions, developing system specifications, and either putting the new system in place or providing the client with the specifications necessary to put the new system in place."
4,Detail,7741121,774112,"Computer systems design, development and integration services",,"Assessing an organization's informatics requirements, providing advice on hardware and software acquisitions, developing system specifications, and either putting the new system in place or providing the client with the specifications necessary to put the new system in place."
3,Subclass,774113,77411,Information technology (IT) technical consulting services,,This subclass comprises the provision of advice or expert opinion on technical matters related to the use of information technology (IT).
4,Detail,7741131,774113,Information technology (IT) technical consulting services,,Provision of advice or expert opinion on technical matters related to the use of information technology (IT).
3,Subclass,774114,77411,Information technology (IT) technical support services,,"This subclass comprises the provision of technical expertise to solve problems for the client in using software, hardware, or the entire computer system."
4,Detail,7741141,774114,Information technology (IT) technical support services,,"Provision of technical expertise to solve problems for the client in using software, hardware, or the entire computer system."
1,Group,775,,"Management, scientific and technical consulting services",,"This group comprises management consulting services; environmental consulting services; and other economic, scientific and technical consulting services."
2,Class,77511,775,Management consulting services,,"This class comprises providing advice and guidance on management issues, such as strategic and organizational planning, finance, human resources, marketing and production."
3,Subclass,775111,77511,Management consulting services,,"This subclass comprises providing advice and guidance on management issues, such as strategic and organizational planning, finance, human resources, marketing and production."
4,Detail,7751111,775111,Strategic management consulting services,,"Providing advice and guidance concerning the overall strategic direction, planning, structuring, and control of an organization."
4,Detail,7751112,775111,Financial management consulting services,,"Providing advice and guidance concerning financial strategies, planning and control."
4,Detail,7751113,775111,Marketing management consulting services,,"Providing advice and guidance on projects related to marketing strategy, market development, and sales management and development."
4,Detail,7751114,775111,Compensation and benefits consulting services,,Providing advice and guidance related to compensation and benefits.
4,Detail,7751115,775111,Other human resources management consulting services,,"Providing advice and guidance concerning the development or modification of human resources strategies, policies, practices and procedures, n.e.c."
4,Detail,7751116,775111,Operations and supply chain management consulting services,,Providing advice and guidance concerning operations and supply chain management.
4,Detail,7751117,775111,Other management consulting services,,Other management consulting services.
2,Class,77512,775,Environmental consulting services,,"This class comprises the provision of information, advice, and guidance to clients concerning the preservation of air, water and soil quality; natural resource development; waste management; pollution control; and other environmental issues."
3,Subclass,775121,77512,Environmental consulting services,,"This subclass comprises the provision of information, advice, and guidance to clients concerning the preservation of air, water and soil quality; natural resource development; waste management; pollution control; and other environmental issues."
4,Detail,7751211,775121,Environmental assessments,,"Studies undertaken for any one or more of the following purposes: identify whether or not environmental contamination exists at a particular site, and if so, determine the source, nature, and extent of the contamination; assess the risk to public health and safety from environmental contamination associated with a project that is proposed or in place; evaluate the impact on the ecology, society, or economy of environmental contamination resulting from human or natural activity."
4,Detail,7751212,775121,Environmental audits,,"An independent assessment of the current status of a party's compliance with applicable environmental requirements or of a party's environmental compliance policies, practices, and controls."
4,Detail,7751213,775121,Site remediation planning services,,Preparation of a plan for the abatement of environmental contamination at a given site.
4,Detail,7751214,775121,Evaluation of environmental studies,,Provision of an analysis evaluating an environmental study.
4,Detail,7751215,775121,Natural resource management consulting services,,"Provision of information, advice, and guidance concerning the ecologically sustainable development and use of natural resources."
4,Detail,7751216,775121,Waste management consulting services,,"Provision of information, advice, and guidance concerning the minimization, transport, handling, disposal, and recycling of waste."
4,Detail,7751217,775121,Environmental policy development consulting services,,"Provision of information, advice, and guidance concerning the design, development, and implementation of environmental statutes, regulations, standards, or practices."
4,Detail,7751218,775121,Other environmental consulting services,,All other advisory services provided by environmental consultants.
2,Class,77513,775,"Other economic, scientific and technical consulting services",,"This class comprises economic consulting services; soil management, crop and animal production consulting services; occupational health and safety consulting services; heritage consulting services; and other scientific and technical consulting services, n.e.c."
3,Subclass,775131,77513,Economic consulting services,,"This subclass comprises providing advice related to the description and analysis of the production, distribution and consumption of goods and services."
4,Detail,7751311,775131,Economic consulting services,,"Providing advice related to the description and analysis of the production, distribution and consumption of goods and services."
3,Subclass,775132,77513,Other scientific and technical consulting services,,"This subclass comprises providing advice on soil management, crop and animal production; occupational health and safety; heritage; and other scientific and technical matters n.e.c."
4,Detail,7751321,775132,"Soil management, crop and animal production consulting services",,Providing advice in relation to the scientific management of agricultural land as well as crop or animal production.
4,Detail,7751322,775132,Occupational health and safety consulting services,,"Providing advice concerning health and related safety standards in commercial, industrial, and government workplaces and facilities."
4,Detail,7751323,775132,Heritage consulting services,,"Providing advice concerning the identification, investigation, preservation and interpretation of historical or heritage resources."
4,Detail,7751324,775132,"Other scientific and technical consulting services, n.e.c.",,"Providing advice on scientific and technical matters, n.e.c."
1,Group,776,,Other professional services,,"This group comprises photographic services; veterinary services; and other professional, scientific and technical services."
2,Class,77611,776,Photographic services,,"This class comprises the provision of photography services, being the taking and production of still photographs and video recordings of individuals, groups, scenes or objects. May take place in a studio or in locations such as school auditoriums. Covers still photographs and video recordings, both chemistry-based and digital."
3,Subclass,776111,77611,Portrait photography services,,"This subclass comprises the provision of photographic portraits of individuals or groups. Portrait photography may be carried out in a studio or in locations such as school auditoriums. Covers still photographs and video recordings, both chemistry-based and digital."
4,Detail,7761111,776111,Portrait photography services,,"Provision of photographic portraits of individuals or groups. Portrait photography may be carried out in a studio or in locations such as school auditoriums. Covers still photographs and video recordings, both chemistry-based and digital."
3,Subclass,776112,77611,Wedding photography services,,"This subclass comprises provision of photography services for weddings and related events such as rehearsal dinners and engagement parties. The services may include the provision of pre-event photographs, such as studio portraits of the bride and groom or the wedding party, in addition to images of the event."
4,Detail,7761121,776112,Wedding photography services,,"Provision of photography services for weddings and related events such as rehearsal dinners and engagement parties. The services may include the provision of pre-event photographs, such as studio portraits of the bride and groom or the wedding party, in addition to images of the event."
3,Subclass,776113,77611,Other private special event photography services,,"This subclass comprises provision of photography services for private special events, except weddings."
4,Detail,7761131,776113,Other private special event photography services,,"Provision of photography services for private special events, except weddings."
3,Subclass,776114,77611,Convention and meeting photography services,,This subclass comprises provision of photography services for corporate or public special events.
4,Detail,7761141,776114,Convention and meeting photography services,,Provision of photography services for corporate or public special events.
3,Subclass,776115,77611,Commercial and industrial photography services,,This subclass comprises provision of photography services for commercial and industrial uses.
4,Detail,7761151,776115,Commercial and industrial photography services,,Provision of photography services for commercial and industrial uses.
2,Class,77612,776,Veterinary services,,"This class comprises prevention, diagnosis, treatment, and health care management services for animals."
3,Subclass,776121,77612,Veterinary services,,"This subclass comprises prevention, diagnosis, treatment, and health care management services for animals."
4,Detail,7761211,776121,Veterinary services,,"Prevention, diagnosis, treatment, and health care management services for animals."
2,Class,77613,776,"Other professional, scientific and technical services",,"This class comprises professional, scientific and technical services, n.e.c."
3,Subclass,776131,77613,Alternative dispute resolution services,,This subclass comprises the provision of alternative dispute resolution services.
4,Detail,7761311,776131,Alternative dispute resolution services,,Provision of alternative dispute resolution services.
3,Subclass,776132,77613,Marketing research and public opinion polling services,,"This subclass comprises services that provide information about markets for goods and services, and about public opinion."
4,Detail,7761321,776132,Marketing research services,,"Provision of information about markets for goods and services. May be based on the collection and analysis of original data, or on the analysis of existing data."
4,Detail,7761322,776132,Public opinion research and polling services,,"Provision of information about public opinion. May be based on the collection and analysis of original data, or on the analysis of existing data."
4,Detail,7761323,776132,Statistical sampling and survey design services,,Services for statistical sampling and survey design.
3,Subclass,776133,77613,"Translation, interpretation and stenographic services, and related services",,"This subclass comprises services for the translation of written material, the interpretation of speech, from one language into another, and the transcription of oral proceedings, in either paper or electronic form, as well as providing captions that can be superimposed on a video showing of a meeting or other event, as the event is taking place. This service is also used to provide a sign language interpretation service to deaf people or to provide a real-time translation."
4,Detail,7761331,776133,"Translation, interpretation and stenographic services, and related services",,"Services for the translation of written material, the interpretation of speech, from one language into another, and the transcription of oral proceedings, in either paper or electronic form, as well as providing captions that can be superimposed on a video showing of a meeting or other event, as the event is taking place. This service is also used to provide a sign language interpretation service to deaf people or to provide a real-time translation."
3,Subclass,776134,77613,Animal training services for sports and entertainment,,This subclass comprises animal training or breaking services for sports and entertainment.
4,Detail,7761341,776134,Racehorse training services,,Providing expertise in the training of racing horses.
4,Detail,7761342,776134,Other animal training services for sports and entertainment,,"Providing expertise in animal training or breaking services for sports and entertainment, except racehorses and horses for entertainment."
3,Subclass,776135,77613,"Other professional, scientific and technical services, n.e.c.",,"This subclass comprises other professional, scientific and technical services, n.e.c."
4,Detail,7761351,776135,Weather forecasting services,,Providing meteorological analysis of the atmosphere and forecasting weather processes and weather conditions.
4,Detail,7761352,776135,Appraisal services (except for real estate),,"Providing expert appraisals of the value of goods, except real estate."
4,Detail,7761353,776135,Commodity inspection services,,Providing services to verify and certify that the quantities and other characteristics of a shipment are as invoiced.
4,Detail,7761354,776135,Forensic document analysis services,,Providing services for the forensic analysis of documents.
4,Detail,7761355,776135,Patent brokering services,,Providing services to a patent owner to locate buyers or licensees for the patent. May include assistance with filing patents.
4,Detail,7761356,776135,Insolvency and receivership services,,"Administering bankruptcies and managing assets held in trust, while ensuring that the rights of both debtors and creditors are respected."
4,Detail,7761357,776135,"Other environmental services, n.e.c. (except engineering)",,"Other environmental services, n.e.c., except engineering."
4,Detail,7761358,776135,"Miscellaneous professional, scientific and technical services",,"Miscellaneous professional, scientific and technical services."
1,Group,781,,Administrative and support services,,This group comprises office administrative services; employment services; business support services; security and investigation services; services for buildings and dwellings; and facilities and other support services.
2,Class,78111,781,Office administrative services,,"This class comprises providing a range of office administrative services to another establishment. At least some of the services are provided on the premises of that establishment. The services that may be provided include billing, record keeping, personnel, secretarial, mail room, and other administrative activities."
3,Subclass,781111,78111,Office administrative services,,"This subclass comprises providing a range of office administrative services to another establishment. At least some of the services are provided on the premises of that establishment. The services that may be provided include billing, record keeping, personnel, secretarial, mail room, and other administrative activities."
4,Detail,7811111,781111,Office administrative services,,"Providing a range of office administrative services to another establishment. At least some of the services are provided on the premises of that establishment. The services that may be provided include billing, record keeping, personnel, secretarial, mail room, and other administrative activities."
2,Class,78112,781,Employment services,,This class comprises permanent placement; contract staffing; temporary staffing; temporary staffing to permanent placement; long-term staffing (payrolling) and co-employment services; onsite management of temporary help; online job listing services; executive/retained search; and other employment services.
3,Subclass,781121,78112,Permanent placement,,"This subclass comprises recruiting and referring candidates for permanent (indeterminate) positions for a client, who pays a fee upon successful placement of the employee. The candidate is selected and hired by the client."
4,Detail,7811211,781121,Permanent placement,,"Recruiting and referring candidates for permanent (indeterminate) positions for a client, who pays a fee upon successful placement of the employee. The candidate is selected and hired by the client."
3,Subclass,781122,78112,Contract staffing,,This subclass comprises finding people to fill positions as independent (self-employed) contractors.
4,Detail,7811221,781122,Contract staffing,,Finding people to fill positions as independent (self-employed) contractors.
3,Subclass,781123,78112,Temporary staffing,,"This subclass comprises supplying personnel for temporary work assignments to clients for the purpose of supporting or supplementing the client's workforce in work situations such as employee absences, temporary skill shortages, seasonal workloads, and special assignments and projects. The personnel are employees of the staffing agency but when working are supervised by the client."
4,Detail,7811231,781123,Temporary staffing,,"Supplying personnel for temporary work assignments to clients for the purpose of supporting or supplementing the client's workforce in work situations such as employee absences, temporary skill shortages, seasonal workloads, and special assignments and projects. The personnel are employees of the staffing agency but when working are supervised by the client."
3,Subclass,781124,78112,Temporary staffing to permanent placement,,"This subclass comprises supplying personnel for temporary employment with the expectation of permanent work at the end of a trial period with the client. The employee remains on the payroll of the temporary help staffing firm until the hiring decision is made, at which time he or she becomes an employee of the client or, if not, returns to the temporary help staffing firm."
4,Detail,7811241,781124,Temporary staffing to permanent placement,,"Supplying personnel for temporary employment with the expectation of permanent work at the end of a trial period with the client. The employee remains on the payroll of the temporary help staffing firm until the hiring decision is made, at which time he or she becomes an employee of the client or, if not, returns to the temporary help staffing firm."
3,Subclass,781125,78112,Long-term staffing (payrolling) and co-employment services,,"This subclass comprises supplying personnel for extended work assignments. Under the terms of this arrangement, the client may recruit the person or persons hired by the staffing firm and assigned to the client's place of work, or transfer a portion of the client's existing workforce to the staffing firm. Long-term employees are placed on the payroll of the staffing firm, which is legally responsible for their actions, but when working they are supervised by the client. This service also covers a staffing arrangement in which an organization (i.e., a professional employer organization (PEO)) co-employs a client's workforce. The PEO and the client enter into a contractual agreement whereby the rights and responsibilities in respect of co-employees are shared or allocated, with the service provider assuming responsibility for certain activities as agreed with the client. The services range from basic to full-service packages."
4,Detail,7811251,781125,Long-term staffing (payrolling) and co-employment services,,"Supplying personnel for extended work assignments. Under the terms of this arrangement, the client may recruit the person or persons hired by the staffing firm and assigned to the client's place of work, or transfer a portion of the client's existing workforce to the staffing firm. Long-term employees are placed on the payroll of the staffing firm, which is legally responsible for their actions, but when working they are supervised by the client. This service also covers a staffing arrangement in which an organization (i.e., a professional employer organization (PEO)) co-employs a client's workforce. The PEO and the client enter into a contractual agreement whereby the rights and responsibilities in respect of co-employees are shared or allocated, with the service provider assuming responsibility for certain activities as agreed with the client. The services range from basic to full-service packages."
3,Subclass,781126,78112,Onsite management of temporary help,,"This subclass comprises supplying personnel who, in the work area of the client, assign, co-ordinate, and monitor employees provided by the temporary help staffing firm. This service ensures a single point of contact for the client. Activities include recruitment, testing, selection, training, reporting, and quality monitoring. Assignment of an onsite manager requires a request from the client."
4,Detail,7811261,781126,Onsite management of temporary help,,"Supplying personnel who, in the work area of the client, assign, co-ordinate, and monitor employees provided by the temporary help staffing firm. This service ensures a single point of contact for the client. Activities include recruitment, testing, selection, training, reporting, and quality monitoring. Assignment of an onsite manager requires a request from the client."
3,Subclass,781127,78112,Online job listing services,,"This subclass comprises soliciting and posting job openings to a website which may be known as a job board, job bank, recruiting site, directory, labour exchange or employment registry. Organizations that post job listings to these sites are usually charged a fee, whereas job seekers usually have free access."
4,Detail,7811271,781127,Online job listing services,,"Soliciting and posting job openings to a website which may be known as a job board, job bank, recruiting site, directory, labour exchange or employment registry. Organizations that post job listings to these sites are usually charged a fee, whereas job seekers usually have free access."
3,Subclass,781128,78112,Executive/retained search,,"This subclass comprises recruiting and referring candidates for permanent senior-level positions for a client, who pays a fee that is not contingent upon a successful hiring. The candidate is selected and hired by the client."
4,Detail,7811281,781128,Executive/retained search,,"Recruiting and referring candidates for permanent senior-level positions for a client, who pays a fee that is not contingent upon a successful hiring. The candidate is selected and hired by the client."
3,Subclass,781129,78112,Other employment services,,This subclass comprises other employment services.
4,Detail,7811291,781129,Other employment services,,Other employment services.
2,Class,78113,781,Business support services,,"This class comprises document processing services, and contract publishing services for others; mailroom services, mailbox rentals and mail-presorting services; telemarketing and call support services; debt collection and recovery services; seizure and civil execution services; credit rating services; fundraising organization services; and other business support services."
3,Subclass,781131,78113,"Document processing services, and contract publishing services for others",,This subclass comprises document preparation services; reprography services; document finishing services; and contract publishing services for others.
4,Detail,7811311,781131,Document preparation services,,"Providing document editing (including technical editing), proofreading, layout, desktop publishing, and typing services."
4,Detail,7811312,781131,Reprography services,,Providing copies from a paper original or an electronic copy.
4,Detail,7811313,781131,Document finishing services,,"Providing document finishing services, such as binding, mounting, folding, and wrapping, and making use of cut-outs and visual aids in the layout of documents and reports."
4,Detail,7811314,781131,Contract publishing services for others,,"Contract publishing of books, periodicals, journals, etc., for others (including self-publishing authors) who maintain copyright and editorial control. Technical services related to publishing such as editing, proofreading, content development, research and writing, and word processing are included. The services may be bundled or separate. Printing and distribution may be included if these activities are provided in combination with activities listed above."
4,Detail,7811315,781131,Consulting services for book publishing,,"Providing guidance and advice in relation to publishing books to other companies, entities, or persons. May include guidance and advice on a broad range of subjects such as publication planning, manuscript preparation and editing, documentation of historical fact or information, presentation and layout, and authorship and intellectual property rights."
3,Subclass,781132,78113,"Mailroom services, mailbox rentals, and mail-presorting services",,"This subclass comprises providing mailbox rental services, mailroom services, such as mail assembly, sorting (including sorting mail by postal code), and delivery to post office, and other processing of mail prior to mailing, such as putting the sorted mail into mail trays."
4,Detail,7811321,781132,"Mailroom services, mailbox rentals, and mail-presorting services",,"Providing mailbox rental services, mailroom services, such as mail assembly, sorting (including sorting mail by postal code), and delivery to post office, and other processing of mail prior to mailing, such as putting the sorted mail into mail trays."
3,Subclass,781133,78113,Telemarketing and call support services,,"This subclass comprises making or receiving telephone calls on behalf of others, for such purposes as marketing clients' goods or services, providing customer assistance, and providing answering services."
4,Detail,7811331,781133,Telemarketing and call support services,,"Making or receiving telephone calls on behalf of others, for such purposes as marketing clients' goods or services, providing customer assistance, and providing answering services."
3,Subclass,781134,78113,"Debt collection, and recovery services",,"This subclass comprises initiating and securing the receipt of payment from delinquent debtors, and retrieving goods put up as collateral for a loan."
4,Detail,7811341,781134,"Debt collection, and recovery services",,"Initiating and securing the receipt of payment from delinquent debtors, and retrieving goods put up as collateral for a loan."
3,Subclass,781135,78113,Seizure and civil execution services,,This subclass comprises providing services for the seizure of real or personal property in response to or in settlement of a court order or judgment.
4,Detail,7811351,781135,Seizure and civil execution services,,Providing services for the seizure of real or personal property in response to or in settlement of a court order or judgment.
3,Subclass,781136,78113,Credit rating services,,"This subclass comprises providing reports on individuals, businesses or governments containing information on their credit status."
4,Detail,7811361,781136,Credit rating services,,"Providing reports on individuals, businesses or governments containing information on their credit status."
3,Subclass,781137,78113,Fundraising organization services,,"This subclass comprises preparing and carrying out fundraising campaigns, for others. This also covers support services for live events for fundraising."
4,Detail,7811371,781137,Fundraising organization services,,"Preparing and carrying out fundraising campaigns, for others. This also covers support services for live events for fundraising."
3,Subclass,781138,78113,Other business support services,,"This subclass comprises facsimile transmission services, distance conferencing services, short-term computer rental services, and other business support services n.e.c."
4,Detail,7811381,781138,Other business support services,,"Facsimile transmission services, distance conferencing services, short-term computer rental services, and other business support services n.e.c."
2,Class,78121,781,Security and investigation services,,"This class comprises investigation services to provide information about people, events or documents for use in legal proceedings, pre-employment verification, or domestic matters, or for other uses, as well as services to protect people and property provided by the private sector."
3,Subclass,781211,78121,Investigation services,,"This subclass comprises conducting investigations to provide information about people, events or documents for use in legal proceedings, pre-employment verification, or domestic matters, or for other uses, about such things as insurance claims and missing persons."
4,Detail,7812111,781211,Investigation services,,"Conducting investigations to provide information about people, events or documents for use in legal proceedings, pre-employment verification, or domestic matters, or for other uses, about such things as insurance claims and missing persons."
3,Subclass,781212,78121,Security guard and patrol services,,"This subclass comprises providing protection of people and property using guards and patrols. May include the use of dogs. Patrol officers provide protection to an establishment by patrolling in clearly marked vehicles or on foot, for the purpose of preventing and detecting criminal activity or safety problems such as fires."
4,Detail,7812121,781212,Security guard and patrol services,,"Providing protection of people and property using guards and patrols. May include the use of dogs. Patrol officers provide protection to an establishment by patrolling in clearly marked vehicles or on foot, for the purpose of preventing and detecting criminal activity or safety problems such as fires."
3,Subclass,781213,78121,Bodyguard services,,"This subclass comprises providing personal protection by deterring and preventing hazards to people's security, using specialized personnel (escorts and bodyguards)."
4,Detail,7812131,781213,Bodyguard services,,"Providing personal protection by deterring and preventing hazards to people's security, using specialized personnel (escorts and bodyguards)."
3,Subclass,781214,78121,Armoured car services,,"This subclass comprises providing armoured car transportation of cash and valuables, servicing automatic teller machines, and providing other armoured car services."
4,Detail,7812141,781214,Armoured car services,,"Providing armoured car transportation of cash and valuables, servicing automatic teller machines, and providing other armoured car services."
3,Subclass,781215,78121,Building security system monitoring services,,"This subclass comprises monitoring of building alarm and security systems to detect intrusions and other problems. The response to an activated alarm may be notification of official agencies and/or a physical response by the monitoring service. Security systems may monitor for conditions such as fire and flooding, or the status of industrial equipment."
4,Detail,7812151,781215,Residential building security system monitoring services,,"Monitoring of residential building alarm and security systems to detect intrusions and other problems. The response to an activated alarm may be notification of official agencies and/or a physical response by the monitoring service. Security systems may monitor for conditions such as fire and flooding, or the status of industrial equipment."
4,Detail,7812152,781215,Non-residential building security system monitoring services,,"Monitoring of non-residential building alarm and security systems to detect intrusions and other problems. The response to an activated alarm may be notification of official agencies and/or a physical response by the monitoring service. Security systems may monitor for conditions such as fire and flooding, or the status of industrial equipment."
3,Subclass,781216,78121,Building security system and lock installation and repair services,,"This subclass comprises installation and repair of building locks and security systems, without monitoring services."
4,Detail,7812161,781216,Residential building security system and lock installation and repair services,,"Installation and repair of residential building locks and security systems, without monitoring services."
4,Detail,7812162,781216,Non-residential building security system and lock installation and repair services,,"Installation and repair of non-residential building locks and security systems, without monitoring services."
3,Subclass,781217,78121,"Vehicle security system and services, and other security system and lock services n.e.c.",,"This subclass comprises provision of vehicle security system and services, and other security system services and other lock services n.e.c."
4,Detail,7812171,781217,Vehicle security system and services,,Provision of vehicle security system and services.
4,Detail,7812172,781217,Other security system and lock services n.e.c.,,Provision of other security system and lock services n.e.c.
2,Class,78122,781,Cleaning services for buildings and dwellings,,This class comprises cleaning services for residential dwellings and non-residential buildings.
3,Subclass,781221,78122,Residential cleaning services,,"This subclass comprises cleaning services for residential dwellings. Covers interior cleaning; cleaning on-site and off-site residential carpet, rug and upholstery; and chimney and other specialized dwelling cleaning services."
4,Detail,7812211,781221,Residential interior cleaning services,,Provision of general residential housekeeping services.
4,Detail,7812212,781221,"Residential on-site carpet, rug and upholstery cleaning services",,"Cleaning residential carpets, rugs, furniture, and upholstery, at the customer's location, usually by the use of hot water, steam, or chemicals."
4,Detail,7812213,781221,"Residential off-site carpet, rug and upholstery cleaning services",,"Cleaning residential carpets, rugs, furniture, and upholstery, off the customers' premises at a location owned or operated by the service provider, usually through the use of hot water, steam, or chemicals."
4,Detail,7812214,781221,Chimney cleaning services,,Chimney cleaning services.
4,Detail,7812215,781221,Other specialized residential cleaning services,,"Specialized residential or home cleaning services, n.e.c."
3,Subclass,781222,78122,Non-residential cleaning services,,"This subclass comprises cleaning services for non-residential buildings. Covers general-purpose and comprehensive cleaning of rooms and other spaces; building exterior cleaning; on-site and off-site cleaning of non-residential carpets, rugs and upholstery; and disaster restoration and other specialized building cleaning services."
4,Detail,7812221,781222,General-purpose and comprehensive non-residential cleaning services,,"General-purpose and comprehensive cleaning services provided to non-residential properties, such as janitorial and custodial services, and hotel housekeeping services."
4,Detail,7812222,781222,"Non-residential on-site carpet, rug and upholstery cleaning services",,"Cleaning non-residential carpets, rugs, furniture, and upholstery, at the customer's location, usually by the use of hot water, steam, or chemicals."
4,Detail,7812223,781222,"Non-residential off-site carpet, rug and upholstery cleaning services",,"Cleaning non-residential carpets, rugs, furniture, and upholstery, off the customers' premises at a location owned or operated by the service provider, usually through the use of hot water, steam, or chemicals."
4,Detail,7812224,781222,Non-residential exterior window cleaning services,,"Cleaning exterior panes of windows and glass doors on-site, for non-residential properties. May include incidental cleaning of window frames, sills, awnings and shutters."
4,Detail,7812225,781222,Building exterior cleaning services,,"Cleaning walls and other exterior surfaces of buildings using steam, water, chemicals or compressed air."
4,Detail,7812226,781222,Disaster restoration and cleaning services,,"On-site cleaning and restoration of damage caused to residential or non-residential buildings by fire, smoke, water, vandalism, and other natural or man-made disasters."
4,Detail,7812227,781222,Hard-surface floor care services,,Specialized cleaning of hard-surface floors.
4,Detail,7812228,781222,Duct cleaning services,,Duct cleaning services.
4,Detail,7812229,781222,Other specialized non-residential cleaning services,,"Specialized non-residential cleaning services, n.e.c."
2,Class,78123,781,Other services for buildings and dwellings,,"This class comprises pest extermination and control services, and landscaping services for residential dwellings and non-residential buildings."
3,Subclass,781231,78123,Pest extermination and control services,,"This subclass comprises preventing, eliminating or controlling infestations of insects, rodents and other pests."
4,Detail,7812311,781231,Residential pest extermination and control services,,"Preventing, eliminating or controlling infestations of insects, rodents and other pests, in or around residential dwellings (houses, apartments, gardens, patios, and associated land)."
4,Detail,7812312,781231,Non-residential pest extermination and control services,,"Preventing, eliminating or controlling infestations of insects, rodents and other pests, in or around non-residential buildings and structures (commercial, industrial and institutional buildings, and associated land)."
3,Subclass,781232,78123,Landscaping services and snow removal services for parking lots and driveways,,"This subclass comprises caring for (including installation and removal) trees, shrubs, plants, lawns or gardens, and ploughing and removing snow from parking lots and driveways."
4,Detail,7812321,781232,Residential landscaping services,,"Caring for (including installation and removal) trees, shrubs, plants, lawns or gardens around residential properties."
4,Detail,7812322,781232,Non-residential landscaping services,,"Caring for (including installation and removal) trees, shrubs, plants, lawns or gardens, in or around parks and playgrounds, highways, roads, bridges, level crossings, and other non-residential properties."
4,Detail,7812323,781232,Snow removal services for parking lots and driveways,,Snow ploughing and removal services for parking lots and driveways.
2,Class,78124,781,Facilities and other support services,,This class comprises facilities management support services; and other support services.
3,Subclass,781241,78124,Facilities management support services,,"This subclass comprises provision of a range of services to manage and service facilities which the client uses to carry out its own activity. The services provided are non-core with respect to the client's activity. The range of services provided depends on the nature of the facility, but generally includes administrative and building management services."
4,Detail,7812411,781241,Facilities management support services,,"Provision of a range of services to manage and service facilities which the client uses to carry out its own activity. The services provided are non-core with respect to the client's activity. The range of services provided depends on the nature of the facility, but generally includes administrative and building management services."
3,Subclass,781242,78124,Other support services,,"This subclass comprises packaging and labelling services; fulfillment services; convention and trade show organization services; and other support services, n.e.c."
4,Detail,7812421,781242,Packaging and labelling services,,"Packaging and labelling goods owned by others. May include product assembly, package design, sterilization, or printing labels."
4,Detail,7812422,781242,Fulfilment services,,"Providing merchants with a combination of all or several services including storage of inventory, processing of orders (gathering and packing items ordered), shipping, billing, collecting payments for the order, and handling returns and exchanges."
4,Detail,7812423,781242,Convention and trade show organization services,,"Planning, organizing, marketing and managing conventions, trade shows, conferences, retreats and similar non-social events. Covers support services for live events during conventions and trade shows."
4,Detail,7812424,781242,"Other support services, n.e.c.",,"Other support services, n.e.c."
1,Group,782,,"Water, sewer and waste management services",,This group comprises water delivered by water works and irrigation systems; sewage and dirty water disposal and cleaning services; and waste management and remediation services.
2,Class,78211,782,Water delivered by water works and irrigation systems,,This class comprises water delivered by water works and irrigation systems.
3,Subclass,782111,78211,Water delivered by water works and irrigation systems,,This subclass comprises water delivered by water works and irrigation systems.
4,Detail,7821111,782111,Water delivered by water works and irrigation systems,,Water delivered by water works and irrigation systems.
2,Class,78221,782,Sewage and dirty water disposal and cleaning services,,This class comprises sewage and dirty water disposal and cleaning services.
3,Subclass,782211,78221,Sewage and dirty water disposal and cleaning services,,This subclass comprises sewage and dirty water disposal and cleaning services.
4,Detail,7822111,782211,Sewage and dirty water disposal and cleaning services,,Sewage and dirty water disposal and cleaning services.
2,Class,78231,782,Waste management and remediation services,,This class comprises non-hazardous waste management services; hazardous waste management services; and remediation services.
3,Subclass,782311,78231,Non-hazardous waste management services,,"This subclass comprises non-hazardous waste and recyclable material collection services (residential and non-residential); non-hazardous construction and demolition waste collection services; destruction services for non-hazardous waste; non-hazardous waste and recyclable material consolidation, storage and preparation services; and non-hazardous waste disposal and facilities operation and maintenance services."
4,Detail,7823111,782311,Residential non-hazardous waste and recyclable material collection services,,"Collection and subcontracted collection of non-hazardous garbage, refuse, rubbish, trash, and recyclable materials (pre-sorted or not) from residential dwellings, including apartment buildings and condominiums. May be collected on a regular or flexible schedule and may be taken to a final disposal site or to an intermediate site such as a material recovery facility or transfer facility."
4,Detail,7823112,782311,Non-residential non-hazardous waste and recyclable material collection services,,"Collection and subcontracted collection of non-hazardous garbage, refuse, rubbish, trash, and recyclable materials (pre-sorted or not) from non-residential locations. May be collected on a regular or flexible schedule and may be taken to a final disposal site or to an intermediate site such as a material recovery facility or transfer facility."
4,Detail,7823113,782311,Collection services for non-hazardous construction and demolition waste,,"Collection and subcontracted collection of non-hazardous waste such as brush and debris from the construction, renovation, and demolition of buildings, bridges, roads and ports, and the clearing of land. Waste may be taken to an intermediate site or to a final disposal site."
4,Detail,7823114,782311,Destruction services for non-hazardous waste,,Providing destruction services for confidential documents and other diverse non-hazardous products by means of special equipment. Includes collection services bundled with destruction services.
4,Detail,7823115,782311,"Non-hazardous waste and recyclable material consolidation, storage and preparation services",,"Consolidating, storing, and preparing non-hazardous waste for transportation, and recovering recyclable materials from non-hazardous materials waste streams."
4,Detail,7823116,782311,Non-hazardous waste disposal and facilities operation and maintenance services,,"Disposal of non-hazardous waste by placing it in a landfill or sanitary landfill, or by incineration, or by other methods; operation, maintenance and monitoring of operational installations, maintenance and monitoring of closed installations, and closing of installations for non-hazardous waste disposal."
4,Detail,7823117,782311,"Non-hazardous waste management services, n.e.c.",,"Providing non-hazardous waste management services, n.e.c."
3,Subclass,782312,78231,Hazardous waste management services,,"This subclass comprises hazardous waste collection services (residential and non-residential); hazardous waste and hazardous recyclable material consolidation, storage and preparation services; hazardous waste treatment services; and hazardous waste disposal and facilities operation and maintenance services."
4,Detail,7823121,782312,Residential hazardous waste collection services,,Collection and subcontracted collection of hazardous waste from residential locations. Hazardous waste may include recyclable materials.
4,Detail,7823122,782312,Non-residential hazardous waste collection services,,Collection and subcontracted collection of hazardous waste from non-residential locations. Hazardous waste may include recyclable materials.
4,Detail,7823123,782312,"Hazardous waste and hazardous recyclable material consolidation, storage and preparation services",,"Consolidating, storing, and preparing hazardous waste for transportation, and recovering recyclable material from hazardous waste streams."
4,Detail,7823124,782312,Hazardous waste treatment services,,"Providing treatment services to reduce, eliminate, or transform hazardous waste. Processes include biological, chemical, and/or physical procedures, as well as incineration; such processes may lead to disposal and/or to the recovery of recyclable material."
4,Detail,7823125,782312,Hazardous waste disposal and facilities operation and maintenance services,,"Disposal of hazardous waste by controlled confinement by landfilling or above-ground containers and deep-well storage, or by incineration, or by other methods; operation, maintenance and monitoring of operational installations, maintenance and monitoring of closed installations, and closing of installations for hazardous waste disposal."
4,Detail,7823126,782312,"Hazardous waste management services, n.e.c.",,"Providing services for the management of hazardous waste, n.e.c."
3,Subclass,782313,78231,Remediation services,,"This subclass comprises a wide variety of services provided for the remediation of sites whose air, water, and/or soil that has been contaminated by hazardous materials and substances."
4,Detail,7823131,782313,Site remediation services,,"Management of a contaminated site, for prevention, minimization, or mitigation of damage to human health or the environment. Remediation options may include direct physical actions, such as treatment, removal, or destruction of contaminants."
4,Detail,7823132,782313,Building remediation services,,"Development and implementation of a remediation plan that removes, destroys, contains or otherwise reduces contaminants in a building."
4,Detail,7823133,782313,Environmental emergency response services,,Development and/or implementation of rapid response plans and activities to deal with various types of environmental emergencies.
4,Detail,7823134,782313,"Remediation services, n.e.c.",,"Remediation services, n.e.c."
1,Group,811,,Health services,,"This group comprises various health practitioner services, and medical laboratory, hospital, ambulance and other health care services."
2,Class,81111,811,Physician services,,This class comprises physician services.
3,Subclass,811111,81111,Physician services,,This subclass comprises physician services.
4,Detail,8111111,811111,Physician services,,Physician services.
2,Class,81112,811,Other health practitioner services (except physician and dental services),,"This class comprises other health practitioner services, except physician and dental services."
3,Subclass,811121,81112,Other health practitioner services (except physician and dental services),,"This subclass comprises other health practitioner services, except physician and dental services."
4,Detail,8111211,811121,Other health practitioner services (except physician and dental services),,"Other health practitioner services, except physician and dental services."
2,Class,81121,811,Dental services,,This class comprises dental services.
3,Subclass,811211,81121,Dental services,,This subclass comprises dental services.
4,Detail,8112111,811211,Dental services,,Dental services.
2,Class,81131,811,Medical laboratory diagnostic and testing services,,This class comprises medical laboratory diagnostic and testing services.
3,Subclass,811311,81131,Medical laboratory diagnostic and testing services,,This subclass comprises medical laboratory diagnostic and testing services.
4,Detail,8113111,811311,Medical laboratory diagnostic and testing services,,Medical laboratory diagnostic and testing services.
2,Class,81141,811,Hospital services,,This class comprises hospital services.
3,Subclass,811411,81141,Hospital services,,This subclass comprises hospital services.
4,Detail,8114111,811411,Hospital services,,Hospital services.
2,Class,81151,811,Ambulance services,,This class comprises transportation of individuals by paramedic or higher level medical personnel staffed ambulance services.
3,Subclass,811511,81151,Ambulance services,,This subclass comprises transportation of individuals by paramedic or higher level medical personnel staffed ambulance services.
4,Detail,8115111,811511,"Ambulance services, emergency transport",,Emergency transportation of individuals by paramedic or higher level medical personnel staffed ambulance services.
4,Detail,8115112,811511,"Ambulance services, non-emergency transport",,Non-emergency transportation of individuals by paramedic or higher level medical personnel staffed ambulance services.
2,Class,81161,811,Other health care services,,"This class comprises health care services, n.e.c."
3,Subclass,811611,81161,"Standby, special event, and first aid services",,This subclass comprises first aid services and standby ambulance services at events.
4,Detail,8116111,811611,"Standby, special event, and first aid services",,First aid services and standby ambulance services at events.
3,Subclass,811612,81161,"Blood, organ and tissue bank services",,"This subclass comprises collection, processing, storage and distribution of blood, organs, tissues or cells for human use."
4,Detail,8116121,811612,Blood bank services,,"Collection, processing, storage and distribution of blood for human use."
4,Detail,8116122,811612,Organ and tissue bank services,,"Collection, processing, storage and distribution of organs, tissues and cells for human use."
3,Subclass,811613,81161,"Other health care services, n.e.c.",,"This subclass comprises other health care services, n.e.c."
4,Detail,8116131,811613,Home health care services,,Provision of medical care combined with health support services (except assisted daily living services) within a patient's home or residence. Services typically include intermittent or part-time bundle of medical care and other health services which are specified by a physician in a Plan of Care (POC) and delivered within the client's home or residence.
4,Detail,8116132,811613,"Other miscellaneous health care services, n.e.c.",,"Other miscellaneous health care services, n.e.c."
1,Group,812,,"Residential and nursing care, social assistance, and child day-care services",,"This group comprises residential and nursing care, social assistance, and child day-care services."
2,Class,81211,812,Residential and nursing care services,,"This class comprises residential care services with or without skilled nursing care, residential care services with independent living and rights to occupancy services."
3,Subclass,812111,81211,Residential care services with skilled nursing,,This subclass comprises residential care services with skilled nursing care.
4,Detail,8121111,812111,"Residential care services, with skilled nursing, without rehabilitation services",,"Residential care services that include accommodation and meals, assistance with daily living, and skilled nursing services but excludes rehabilitation services."
4,Detail,8121112,812111,Residential care services with skilled nursing and rehabilitation services,,"Residential care services that include accommodation and meals, assistance with daily living, skilled nursing services and rehabilitation services."
3,Subclass,812112,81211,Residential care services (except with skilled nursing),,This subclass comprises residential care services without skilled nursing care but with assistance with daily living.
4,Detail,8121121,812112,Residential care services with assistance and daily living,,"Residential care services that include accommodation and meals, assistance with daily living but exclude nursing care."
4,Detail,8121122,812112,Residential care services with rehabilitation and therapy services,,"Residential care services that include accommodation and meals, assistance with daily living, and rehabilitation and therapy services but exclude nursing care."
4,Detail,8121123,812112,Residential care services with counselling services,,"Residential care services that include accommodation and meals, assistance with daily living, and counselling services but exclude nursing care."
3,Subclass,812113,81211,Residential care services with independent living,,This subclass comprises residential care services for those requiring at most minor assistance with daily living.
4,Detail,8121131,812113,Residential care services with independent living,,Residential care services for those requiring at most minor assistance with daily living.
3,Subclass,812114,81211,Rights to occupancy services,,"This subclass comprises complete range of residential care services, over the remainder of the patient's life, in a single facility. There is generally a large initial lump sum payment, and there may be monthly fees as well. A single contract covers the entire arrangement."
4,Detail,8121141,812114,Rights to occupancy services,,"Complete range of residential care services, over the remainder of the patient's life, in a single facility. There is generally a large initial lump sum payment, and there may be monthly fees as well. A single contract covers the entire arrangement."
2,Class,81221,812,Social assistance services,,This class comprises social assistance services.
3,Subclass,812211,81221,"Social assistance services for children, youth and families",,"This subclass comprises social assistance services for children, youth, and families."
4,Detail,8122111,812211,Adoption services,,"Placement services for children with non-birth parents, making them the legal parents of the child."
4,Detail,8122112,812211,Foster care placement services,,"Placement services for children with non-birth parents or an institution, making them the legal guardians of the child. The arrangement may be temporary or permanent."
4,Detail,8122113,812211,Temporary shelter services for youth and families of sick children,,"Temporary shelter services for youth, and families of sick children."
4,Detail,8122114,812211,"Counselling and information services for children, youth and families",,"Counselling and information services for children, youth and families."
4,Detail,8122115,812211,"Other social assistance services for children, youth and families",,"Social assistance services for children, youth, and families, n.e.c."
3,Subclass,812212,81221,Social assistance services for elderly and disabled adults,,"This subclass comprises social assistance services for elderly and disabled adults. These services are non-medical in nature, and do not include long-term residential care."
4,Detail,8122121,812212,Social assistance services for elderly and disabled adults,,"Social assistance services for elderly and disabled adults. These services are non-medical in nature, and do not include long-term residential care."
3,Subclass,812213,81221,Social assistance services for immigrants and refugees,,"This subclass comprises social assistance services for immigrants and refugees. These services are non-medical in nature, and do not include long-term residential care."
4,Detail,8122131,812213,Social assistance services for immigrants and refugees,,"Social assistance services for immigrants and refugees. These services are non-medical in nature, and do not include long-term residential care."
3,Subclass,812214,81221,Social assistance services for the general population,,"This subclass comprises social assistance services for the general population. These services are non-medical in nature, and do not include long-term residential care."
4,Detail,8122141,812214,Social assistance services for the general population,,"Social assistance services for the general population. These services are non-medical in nature, and do not include long-term residential care."
2,Class,81231,812,Child day-care services,,This class comprises day care services for children.
3,Subclass,812311,81231,Child day-care services,,This subclass comprises day-care services for children.
4,Detail,8123111,812311,"Child day-care services, in private residences",,"Day-care services for children on a recurring basis, in the child's home, or another private residence."
4,Detail,8123112,812311,"Child day-care services, in day-care centres",,"Day-care services for children on a recurring basis, in a day-care centre."
1,Group,821,,Education services,,"This group comprises education, instruction, training programs and services. Also covers sports coaching services."
2,Class,82111,821,Basic education and skills programs,,"This class comprises pre-primary, elementary and secondary programs and courses providing a formal basic education for children and adults as well as other programs that provide fundamental knowledge and skills needed by individuals to function productively in society."
3,Subclass,821111,82111,Basic education and skills programs,,"This subclass comprises pre-primary, elementary and secondary programs and courses providing a formal basic education for children and adults as well as other programs that provide fundamental knowledge and skills needed by individuals to function productively in society."
4,Detail,8211111,821111,"Pre-primary, elementary and secondary programs, for children and youth",,Programs and courses providing a formal basic education for children and youth from pre-primary through grade 12.
4,Detail,8211112,821111,Literacy and numeracy programs,,"Programs and courses that teach fundamental knowledge and skills, needed to function productively in society, to adults who did not acquire them during their youth. These skills may include reading, writing, speaking, computation and other mathematical reasoning."
4,Detail,8211113,821111,Adult basic education programs,,"Programs and courses that focus on specific approved programs in basic education for adults, which may lead to high school completion."
4,Detail,8211114,821111,Second language learning programs (non-credit),,"Programs and courses that focus on the development of proficiency in reading, writing and speaking a language other than the mother tongue."
4,Detail,8211115,821111,Personal improvement programs,,"Programs and courses that focus on other fundamental knowledge and skills that individuals need to function productively in society, whether in personal, social or career settings. Programs are typically not for academic credit."
2,Class,82112,821,"Trade, career, technical and professional development training programs",,"This class comprises programs and courses designed to train, upgrade or for professional development of individuals in the skilled trades or in entry level vocations, career and technical occupation. Programs are generally less than two years in length."
3,Subclass,821121,82112,"Trade, career, technical and professional development training programs",,"This subclass comprises programs and courses designed to train, upgrade or for professional development of individuals in the skilled trades or in entry level vocations, career and technical occupation. Programs are generally less than two years in length."
4,Detail,8211211,821121,"Trade, career and technical programs",,"Programs and courses which prepare individuals in the skilled trades, or for a vocational, career or technical entry level position."
4,Detail,8211212,821121,"Skills upgrading, professional development and management training programs",,"Programs, courses, workshops and seminars for those with prior trade, career, technical or professional experience that provide training in new occupational skills, methods, developments or applications. Programs are usually short term and may lead to some type of award or credit."
2,Class,82113,821,"Higher career, technical, academic and advanced research qualification programs",,This class comprises programs and courses in higher technical and theoretical subjects which prepare students for further research or for occupations with high skills requirements. Programs are normally two years or more in length.
3,Subclass,821131,82113,"Higher career, technical, academic and advanced research qualification programs",,This subclass comprises programs and courses in higher technical and theoretical subjects which prepare students for further research or for occupations with high skills requirements. Programs are normally two years or more in length.
4,Detail,8211311,821131,Higher career and technical programs,,"Programs and courses of higher career/technical content which focus on occupation-specific qualifications needed for entry into, advancement in, the labour market. The programs and courses may qualify individuals for industry, government or professional association exams or certification."
4,Detail,8211312,821131,"Bachelor's degree, Master's degree, and other equivalent programs (except PhD)",,"Programs and academic courses of higher theoretical and technical content which can be applied towards a degree, or which focus on preparation for further research, or on entry into professions with high skills requirements."
4,Detail,8211313,821131,PhD programs,,"Programs and courses requiring mastery of a field of knowledge and demonstrated ability to perform scholarly research, and which lead to the highest academic award of a Doctor of Philosophy degree, or equivalent."
4,Detail,8211314,821131,Other higher academic programs,,Other higher academic programs and courses.
2,Class,82121,821,Leisure and recreational instructional programs,,"This class comprises programs and courses that focus on the development of an appreciation for and competency in recreational and leisure-related activities. These may result in an award or other form of recognition, but do not qualify for academic credit or career qualifications."
3,Subclass,821211,82121,Leisure and recreational instructional programs,,"This subclass comprises programs and courses that focus on the development of an appreciation for and competency in recreational and leisure-related activities. These may result in an award or other form of recognition, but do not qualify for academic credit or career qualifications."
4,Detail,8212111,821211,Performing arts instructional programs,,Programs and courses that focus on the knowledge and skills related to the performing arts.
4,Detail,8212112,821211,"Visual arts, crafts, and photography instructional programs",,"Programs and courses that focus on the knowledge and skills related to the visual arts, crafts and photography."
4,Detail,8212113,821211,"Sport, exercise and nature appreciation instructional programs",,"Programs and courses that focus on the development of physical skills in competitive and non-competitive sports, as well as the appreciation of nature."
4,Detail,8212114,821211,"Games, computing and other hobby instructional programs",,"Programs and courses that focus on the knowledge and skills related to playing games, using computers, and engaging in other hobbies."
4,Detail,8212115,821211,Pleasure reading and writing instructional programs,,"Programs and courses that focus on the activity of reading for pleasure, either alone or as part of a group experience, or on the knowledge and skills related to creative writing and poetry composition for pleasure or profit, including methods of publication."
4,Detail,8212116,821211,Home and domestic skills instructional programs,,"Programs and courses that focus on knowledge and skills related to maintaining and improving the home and its surroundings, and to developing cooking and other domestic skills."
4,Detail,8212117,821211,Leisure transportation instructional programs,,Programs and courses that focus on skills and preparation needed to learn to fly or drive or for other leisure transportation activities.
4,Detail,8212118,821211,"Other leisure and recreational instructional programs, n.e.c.",,"Other leisure and recreational programs, n.e.c."
2,Class,82131,821,Educational support and sports coaching services,,"This class comprises services that support educational processes or systems, and students, and sports coaching services."
3,Subclass,821311,82131,Exam preparation and tutoring services,,"This subclass comprises programs and courses designed to prepare individuals to write or undertake academic and professional tests and exams, and tutoring services for students with their course work."
4,Detail,8213111,821311,Exam preparation and tutoring services,,"Programs and courses designed to prepare individuals to write or undertake academic and professional tests and exams, and tutoring services for students with their course work."
3,Subclass,821312,82131,Student services,,This subclass comprises services and support provided to students. Compulsory and supplementary fees may be charged to the students for the services.
4,Detail,8213121,821312,Student services,,Services and support provided to students. Compulsory and supplementary fees may be charged to the students for the services.
3,Subclass,821313,82131,Other educational support services,,"This subclass comprises educational support services, n.e.c."
4,Detail,8213131,821313,Other educational support services,,"Educational support services, n.e.c."
3,Subclass,821314,82131,Education consulting services,,"This subclass comprises advice, consulting and counselling services in educational matters."
4,Detail,8213141,821314,Education consulting services,,"Advice, consulting and counselling services in educational matters."
3,Subclass,821315,82131,Sports coaching services,,"This subclass comprises sports coaching services provided to recreational, amateur, professional or semi-professional sports clubs' player athletes."
4,Detail,8213151,821315,Sports coaching services,,"Providing sports coaching services to recreational, amateur, professional or semi-professional sports clubs' player athletes."
1,Group,831,,Sport and live performance services,,"This group comprises contract production of live performing arts performances, live sporting events, and copyrighted works; sport and performing arts event organization services; career management and representation services of artists, athletes, entertainers and other public figures."
2,Class,83111,831,"Contract production of live performing arts performances, live sporting events, and copyrighted works",,"This class comprises contract production of live performing arts performances, live sporting events, and copyrighted works."
3,Subclass,831111,83111,Contract production of live performing arts performances,,"This subclass comprises live arts performances carried out by artists and companies under contract to promoters, venue owners, or others."
4,Detail,8311111,831111,Contract production of live performing arts performances on tour,,"Live arts performances on tour carried out by artists and companies under contract to promoters, venue owners, or others."
4,Detail,8311112,831111,Contract production of live performing arts performances (except on tour),,"Live arts performances, except on tour, carried out by artists and companies under contract to promoters, venue owners, or others."
3,Subclass,831112,83111,Contract production of live sporting events,,"This subclass comprises live sporting events at which athletes and teams perform under contract to promoters, venue owners, or others."
4,Detail,8311121,831112,Contract production of live sporting events,,"Live sporting events at which athletes and teams perform under contract to promoters, venue owners, or others."
3,Subclass,831113,83111,Contract production of copyrighted works (except live performances and audiovisual works),,"This subclass comprises works protected by copyright produced under contract to others, except live performances and audiovisual works."
4,Detail,8311131,831113,Contract production of copyrighted works (except live performances and audiovisual works),,"Works protected by copyright produced under contract to others, except live performances and audiovisual works."
2,Class,83121,831,Sport and performing arts event organization services,,"This class comprises planning, organizing, marketing, and managing live sports or performing arts events on behalf of others, including venue owners and performers. This also covers support services for the production of live sports or performing arts events."
3,Subclass,831211,83121,Sport and performing arts event organization services,,"This subclass comprises planning, organizing, marketing, and managing live sports or performing arts events on behalf of others, including venue owners and performers. This also covers support services for the production of live sports or performing arts events."
4,Detail,8312111,831211,Sport and performing arts event organization services,,"Planning, organizing, marketing, and managing live sports or performing arts events on behalf of others, including venue owners and performers. This also covers support services for the production of live sports or performing arts events."
2,Class,83131,831,"Career management and representation services of artists, athletes, entertainers and other public figures",,"This class comprises acting on behalf of artists, athletes, entertainers, and other public figures in a wide range of activities that enhance the client's career, including negotiating contracts and bookings for performances and public appearances."
3,Subclass,831311,83131,"Career management and representation services of artists, athletes, entertainers and other public figures",,"This subclass comprises acting on behalf of artists, athletes, entertainers, and other public figures in a wide range of activities that enhance the client's career, including negotiating contracts and bookings for performances and public appearances."
4,Detail,8313111,831311,"Career management services of artists, athletes, entertainers and other public figures",,"Managing and co-ordinating the various career-related activities of artists, athletes, entertainers, and other public figures."
4,Detail,8313112,831311,"Representation services of artists, athletes, entertainers and other public figures",,"Representing and advising artists, athletes, entertainers, and other public figures."
1,Group,832,,"Admissions to events, performances, exhibitions, and recreational and heritage institution services",,"This group comprises admissions to live sporting events, live performing arts performances and motion picture film exhibitions, as well as recreational services and heritage institution services."
2,Class,83211,832,Admissions to live sporting events,,This class comprises admissions to attend live sporting events.
3,Subclass,832111,83211,Admissions to live sporting events,,This subclass comprises admissions to attend live sporting events.
4,Detail,8321111,832111,Admissions to live sporting events,,Admissions to attend live sporting events.
2,Class,83221,832,Admissions to live performing arts performances,,"This class comprises admissions to live performances of theatrical, musical, dance and other performing artists and companies."
3,Subclass,832211,83221,Admissions to live theatrical (except musical) performances,,This subclass comprises admissions to live performances of non-musical theatrical artists and companies.
4,Detail,8322111,832211,Admissions to live theatrical (except musical) performances,,Admissions to live performances of non-musical theatrical artists and companies.
3,Subclass,832212,83221,Admissions to live musical theatre and opera performances,,This subclass comprises admissions to live musical theatre and opera performances.
4,Detail,8322121,832212,Admissions to live musical theatre and opera performances,,Admissions to live musical theatre and opera performances.
3,Subclass,832213,83221,Admissions to live symphony and classical music performances,,This subclass comprises admissions to live performances of symphony orchestras and other classical music artists and orchestras.
4,Detail,8322131,832213,Admissions to live symphony and classical music performances,,Admissions to live performances of symphony orchestras and other classical music artists and orchestras.
3,Subclass,832214,83221,Admissions to live popular music performances,,This subclass comprises admissions to live performances of popular music artists and bands.
4,Detail,8322141,832214,Admissions to live popular music performances,,Admissions to live performances of popular music artists and bands.
3,Subclass,832215,83221,Admissions to live dance performances,,This subclass comprises admissions to live performances of ballet and other dancers and dance companies.
4,Detail,8322151,832215,Admissions to live dance performances,,Admissions to live performances of ballet and other dancers and dance companies.
3,Subclass,832216,83221,Admissions to live public appearances and speeches,,"This subclass comprises admissions to attend live public appearances and speeches by artists, athletes, entertainers, and other public figures."
4,Detail,8322161,832216,Admissions to live public appearances and speeches,,"Admissions to attend live public appearances and speeches by artists, athletes, entertainers, and other public figures."
3,Subclass,832217,83221,"Admissions to live performing arts performances, n.e.c.",,"This subclass comprises admissions to attend live performing arts performances, n.e.c."
4,Detail,8322171,832217,"Admissions to live performing arts performances, n.e.c.",,"Admissions to attend live performing arts performances, n.e.c."
2,Class,83231,832,Admissions to motion picture film exhibitions,,"This class comprises admissions to exhibitions of Canadian and foreign motion picture films in cinemas and other venues, such as film festivals, drive-in theatres, and film clubs."
3,Subclass,832311,83231,Admissions to Canadian film exhibitions,,"This subclass comprises admissions to exhibitions of Canadian films in cinemas, and other venues such as film festivals, drive-in theatres, and film clubs."
4,Detail,8323111,832311,Admissions to Canadian film exhibitions,,"Admissions to exhibitions of Canadian films in cinemas, and other venues such as film festivals, drive-in theatres, and film clubs."
3,Subclass,832312,83231,Admissions to foreign film exhibitions,,"This subclass comprises admissions to exhibitions of foreign motion picture films in cinemas, and other venues such as film festivals, drive-in theatres, and film clubs."
4,Detail,8323121,832312,Admissions to foreign film exhibitions,,"Admissions to exhibitions of foreign motion picture films in cinemas, and other venues such as film festivals, drive-in theatres, and film clubs."
2,Class,83241,832,Amusement and recreational services (except live events and heritage institution services),,"This class comprises amusement and recreational services (except admissions to live sporting events, performing arts performances and motion picture film exhibitions, and heritage institution services); amusement park and arcade services; and pleasure craft dockage, launching and utilities services."
3,Subclass,832411,83241,"Amusement and recreational services (except live events, heritage institution services, and pleasure craft dockage, launching and utilities services)",,"This subclass comprises golf course and country club services; skiing facility services; fitness and recreational sports centre services; amusement park and arcade services; bowling centre services; corporate and party event services; registration for sports tournaments and matches; and other amusement and recreational services (except admissions to live sporting events, performing arts performances and motion picture film exhibitions, access to heritage institution services, and pleasure craft dockage, launching and utilities services)."
4,Detail,8324111,832411,Golf course and country club services,,Providing access to use the greens and other sporting facilities of a golf course or country club.
4,Detail,8324112,832411,Skiing facility services,,Providing access to downhill and cross-country ski trails.
4,Detail,8324113,832411,Fitness and recreational sports centre services,,Providing access to fitness and recreational sports centres.
4,Detail,8324114,832411,Amusement park and arcade services,,"Providing access to amusement park and arcade-type rides, games and attractions."
4,Detail,8324115,832411,Bowling centre services,,"Providing access to bowling lanes for a fee, generally indoor. Also includes fees for bowling shoe rental."
4,Detail,8324116,832411,Corporate and party event services,,"Providing a bundle of entertainment and recreational services for a group of people in facilities such as amusement parks, theme parks, amusement arcades, and bowling alleys. The services cover the use of the facility's attractions, additional entertainment, and/or food and beverage services."
4,Detail,8324117,832411,Registration for sports tournaments and matches,,"Providing the right to participate in sports tournaments or competitions and matches, as an individual or as a member of a team."
4,Detail,8324118,832411,"Other amusement and recreational services, n.e.c.",,"Providing access to amusement and recreational services that enable customers to participate in sports and recreational activities, n.e.c."
3,Subclass,832412,83241,"Pleasure craft dockage, launching and utilities services",,"This subclass comprises the provision of space to dock a pleasure craft at a marina or other facility, for a given period of time; the provision of services to launch a pleasure craft; and the supply of utility services to pleasure craft at marinas."
4,Detail,8324121,832412,"Pleasure craft dockage, launching and utilities services",,"Provision of space to dock a pleasure craft at a marina or other facility, for a given period of time; provision of services to launch a pleasure craft; and supply of utility services to pleasure craft at marinas."
2,Class,83251,832,Heritage institution services,,This class comprises admissions to heritage institutions; travelling exhibits; and public programs of heritage institutions.
3,Subclass,832511,83251,Admissions to heritage institutions,,"This subclass comprises admissions to museums, historic sites, zoos, botanical gardens, and natural areas such as national parks."
4,Detail,8325111,832511,Admissions to museums (except art museums),,"Admissions to museums, except art museums."
4,Detail,8325112,832511,Admissions to art museums and galleries,,Admissions to art museums and galleries.
4,Detail,8325113,832511,Admissions to historic sites,,Admissions to historic sites.
4,Detail,8325114,832511,Admissions to zoos and botanical gardens,,Admissions to zoos and botanical gardens.
4,Detail,8325115,832511,Admissions to nature parks and other natural areas,,Admissions to nature parks and other natural areas.
3,Subclass,832512,83251,Travelling exhibits,,"This subclass comprises providing exhibitions to other institutions, for a fee or commission."
4,Detail,8325121,832512,Travelling exhibits,,"Providing exhibitions to other institutions, for a fee or commission."
3,Subclass,832513,83251,Public programs of heritage institutions,,"This subclass comprises providing programs to the public that use the facilities and staff of museums, historic sites, zoos, botanical gardens and natural areas, to explain or expand upon the collections, exhibits or sites of the institution."
4,Detail,8325131,832513,Public programs of heritage institutions,,"Providing programs to the public that use the facilities and staff of museums, historic sites, zoos, botanical gardens and natural areas, to explain or expand upon the collections, exhibits or sites of the institution."
1,Group,833,,Gambling (net wagers),,This group comprises lotteries; table wagering games; gambling machine products; racing and sporting event gambling products; and Internet gambling products.
2,Class,83311,833,Gambling (net wagers),,This class comprises lotteries; table wagering games; gambling machine products; racing and sporting event gambling products; and Internet gambling products.
3,Subclass,833111,83311,Lotteries,,This subclass comprises wagers on games of chance in which prizes are awarded randomly to participants who buy tickets.
4,Detail,8331111,833111,Lotteries,,Wagers on games of chance in which prizes are awarded randomly to participants who buy tickets.
3,Subclass,833113,83311,Table wagering games,,This subclass comprises making wagers on table games operated by one or more live dealers like a croupier or poker dealer.
4,Detail,8331131,833113,Table wagering games,,Wagers on table games operated by one or more live dealers like a croupier or poker dealer.
3,Subclass,833114,83311,Gambling machine products,,"This subclass comprises making wagers on games of chance by means of electronic and mechanical gambling machines controlled by the gambler, such as slot machines and video lottery terminals."
4,Detail,8331141,833114,Gambling machine products,,"Wagers on games of chance by means of electronic and mechanical gambling machines controlled by the gambler, such as slot machines and video lottery terminals."
3,Subclass,833115,83311,Racing and sporting event gambling products,,This subclass comprises making wagers on sporting and other future events.
4,Detail,8331151,833115,Racing and sporting event gambling products,,Wagers on sporting and other future events.
3,Subclass,833116,83311,Internet gambling products,,This subclass comprises making wagers on games of chance interactively on Internet sites.
4,Detail,8331161,833116,Internet gambling products,,Wagers on games of chance interactively on Internet sites.
1,Group,841,,Prepared meals and beverages,,This group comprises prepared meals; and alcoholic beverages for immediate consumption.
2,Class,84111,841,Prepared meals,,This class comprises prepared meals and non-alcoholic beverages.
3,Subclass,841111,84111,"Meals and non-alcoholic beverages, prepared and served with table service",,"This subclass comprises meals, snacks, other food items and non-alcoholic beverages, prepared and served for immediate consumption, on the premises at a bar, table, or other place attended by a server."
4,Detail,8411111,841111,"Meals and non-alcoholic beverages, prepared and served with table service",,"Meals, snacks, other food items and non-alcoholic beverages, prepared and served for immediate consumption, on the premises at a bar, table, or other place attended by a server."
3,Subclass,841112,84111,"Meals and non-alcoholic beverages, prepared and dispensed without table service, for consumption on the premises",,"This subclass comprises meals, snacks, other food items, and non-alcoholic beverages, prepared for immediate consumption, on the premises at a table or other place not attended by a server."
4,Detail,8411121,841112,"Meals and non-alcoholic beverages, prepared and dispensed without table service, for consumption on the premises",,"Meals, snacks, other food items, and non-alcoholic beverages, prepared for immediate consumption, on the premises at a table or other place not attended by a server."
3,Subclass,841113,84111,"Meals and non-alcoholic beverages, prepared and dispensed for immediate consumption off the premises",,"This subclass comprises meals, snacks, other food items, and non-alcoholic beverages, prepared and dispensed for immediate consumption off the premises."
4,Detail,8411131,841113,"Meals and non-alcoholic beverages, prepared and dispensed for immediate consumption off the premises",,"Meals, snacks, other food items, and non-alcoholic beverages, prepared and dispensed for immediate consumption off the premises."
3,Subclass,841114,84111,"Meals and non-alcoholic beverages for immediate consumption, prepared under long-term contract",,"This subclass comprises meals, snacks, other food items, and non-alcoholic beverages, prepared and served or dispensed, for immediate consumption, under contract for a specified period of time, to a business, government or institution, which pays the food preparer."
4,Detail,8411141,841114,"Meals and non-alcoholic beverages for immediate consumption, prepared under long-term contract",,"Meals, snacks, other food items, and non-alcoholic beverages, prepared and served or dispensed, for immediate consumption, under contract for a specified period of time, to a business, government or institution, which pays the food preparer."
3,Subclass,841115,84111,Meals and non-alcoholic beverages prepared for catered events,,"This subclass comprises meals, snacks, other food items, and non-alcoholic beverages, prepared and served or dispensed for immediate consumption at unique events, under contract with the caterer."
4,Detail,8411151,841115,Meals and non-alcoholic beverages prepared for catered events,,"Meals, snacks, other food items, and non-alcoholic beverages, prepared and served or dispensed for immediate consumption at unique events, under contract with the caterer."
2,Class,84112,841,Alcoholic beverages for immediate consumption,,"This class comprises wine, wine drinks, beer, ale, malt beverages, and drinks containing distilled spirits, prepared and served or dispensed for immediate consumption."
3,Subclass,841121,84112,"Wine and wine drinks, prepared and served or dispensed for immediate consumption",,"This subclass comprises wine or wine mixed with other ingredients, except distilled spirits, prepared and served or dispensed for immediate consumption in opened containers or glasses. Beverages may be served at a bar or a table."
4,Detail,8411211,841121,"Wine and wine drinks, prepared and served or dispensed for immediate consumption",,"Wine or wine mixed with other ingredients, except distilled spirits, prepared and served or dispensed for immediate consumption in opened containers or glasses. Beverages may be served at a bar or a table."
3,Subclass,841122,84112,"Beer, ale, and malt beverages, prepared and served or dispensed for immediate consumption",,"This subclass comprises beer, ale, or malt beverages, pure or mixed with other ingredients, except distilled spirits, prepared and served or dispensed for immediate consumption in opened containers or glasses. Beverages may be served at a bar or a table."
4,Detail,8411221,841122,"Beer, ale, and malt beverages, prepared and served or dispensed for immediate consumption",,"Beer, ale, or malt beverages, pure or mixed with other ingredients, except distilled spirits, prepared and served or dispensed for immediate consumption in opened containers or glasses. Beverages may be served at a bar or a table."
3,Subclass,841123,84112,"Drinks with distilled spirits, prepared and served or dispensed for immediate consumption",,"This subclass comprises distilled spirits, served straight or mixed with other ingredients, prepared and served or dispensed for immediate consumption in opened containers or glasses. Beverages may be served at a bar or a table."
4,Detail,8411231,841123,"Drinks with distilled spirits, prepared and served or dispensed for immediate consumption",,"Distilled spirits, served straight or mixed with other ingredients, prepared and served or dispensed for immediate consumption in opened containers or glasses. Beverages may be served at a bar or a table."
1,Group,842,,Traveller accommodation,,This group comprises room or unit accommodation services for travellers; and recreational vehicle park and recreational camp services.
2,Class,84211,842,Room or unit accommodation services for travellers,,"This class comprises temporary accommodation for travellers and others, typically comprising rental of a room with bed."
3,Subclass,842111,84211,Room or unit accommodation services for travellers,,"This subclass comprises temporary accommodation for travellers and others, typically comprising rental of a room with bed."
4,Detail,8421111,842111,Room or unit accommodation services for travellers,,"Temporary accommodation for travellers and others, typically comprising rental of a room with bed."
2,Class,84212,842,Recreational vehicle park and recreational camp services,,This class comprises temporary accommodation for travellers and others in recreational vehicle parks and recreational camps.
3,Subclass,842121,84212,Recreational vehicle park and recreational camp services,,This subclass comprises temporary accommodation for travellers and others in recreational vehicle parks and recreational camps.
4,Detail,8421211,842121,Recreational vehicle park and recreational camp services,,Temporary accommodation for travellers and others in recreational vehicle parks and recreational camps.
1,Group,843,,"Travel arrangement, reservation and planning services",,"This group comprises reservation services for passenger transportation, cruises, lodging, pre-packaged tours and events; event ticket sales and reservation services, and access to global distribution systems; trip planning services; packaged tours; and other travel arrangement and reservation services."
2,Class,84311,843,"Travel arrangement, reservation and planning services",,"This class comprises reservation services for passenger transportation, cruises, lodging, pre-packaged tours and events; event ticket sales and reservation services, and access to global distribution systems; trip planning services; packaged tours; and other travel arrangement and reservation services."
3,Subclass,843111,84311,Reservation services for passenger transportation (except for cruises),,"This subclass comprises arranging passenger transportation (except cruises) for travellers, for a commission paid by the transportation provider."
4,Detail,8431111,843111,Reservation services for airline seats,,"Arranging airline transportation for travellers, for a commission paid by the airline."
4,Detail,8431114,843111,Reservation services for vehicle rental,,"Arranging vehicle rentals for travellers, for a commission paid by the rental establishment."
4,Detail,8431116,843111,"Reservation services for passenger transportation, n.e.c.",,"Arranging passenger transportation for travellers on modes of transport, n.e.c., such as buses, airport shuttles, railways or ferries, for a commission paid by the transportation provider."
3,Subclass,843112,84311,Reservation services for cruises,,"This subclass comprises arranging cruise trips for travellers, for a commission paid by the cruise operator."
4,Detail,8431121,843112,Reservation services for cruises,,"Arranging cruise trips for travellers, for a commission paid by the cruise operator."
3,Subclass,843113,84311,Lodging reservation services,,"This subclass comprises arranging lodging for travellers, for a commission paid by the lodging provider."
4,Detail,8431131,843113,Lodging reservation services,,"Arranging lodging for travellers, for a commission paid by the lodging provider."
3,Subclass,843114,84311,Reservation services for pre-packaged tours,,"This subclass comprises the services of reserving pre-packaged tours for travellers, for a commission paid by the tour operator."
4,Detail,8431141,843114,Reservation services for pre-packaged tours,,"Reserving pre-packaged tours for travellers, for a commission paid by the tour operator."
3,Subclass,843115,84311,Event reservation and access to global distribution systems,,This subclass comprises event ticket sales and reservation services; and access to global distribution systems.
4,Detail,8431151,843115,Event ticket sales and reservation services,,"Making reservations for attendance at theatrical performances, concerts, sporting events, amusement and theme parks, and similar events."
4,Detail,8431152,843115,Global distribution system access,,"Provision of access to global distribution systems (GDS) to travel intermediaries that deal directly with travellers. Global distribution systems provide access to the inventory of multiple airline, hotel, rental car and similar vendors."
3,Subclass,843116,84311,Trip planning services,,"This subclass comprises provision of assistance to travellers by advising them on travel matters, obtaining visas, and making reservations and similar arrangements, for a fee paid by the traveller."
4,Detail,8431161,843116,Trip planning services,,"Provision of assistance to travellers by advising them on travel matters, obtaining visas, and making reservations and similar arrangements, for a fee paid by the traveller."
3,Subclass,843117,84311,Packaged tours,,"This subclass comprises packaged tours, which typically comprise accommodation, most transportation, some or all meals, and the services of a tour guide."
4,Detail,8431171,843117,Pre-packaged tours,,"Pre-packaged tours, which typically comprise accommodation, most transportation, some or all meals, and the services of a tour guide."
4,Detail,8431172,843117,Customized group tour packages,,"Organizing customized tours for groups. Typically comprises accommodation, most transportation, some or all meals, the services of a tour guide, and specialized activities, all customized to the requirements of the particular group."
4,Detail,8431173,843117,Pre-packaged tour reselling service,,"Resale of seats on pre-packaged tours acquired from other tour operators to travel agents, tour operators, and/or individuals."
3,Subclass,843118,84311,Other travel arrangement and reservation services,,This subclass comprises other travel arrangement and reservation services.
4,Detail,8431181,843118,Other travel arrangement and reservation services,,Other travel arrangement and reservation services.
1,Group,851,,Personal and personal care services,,"This group comprises hair care and aesthetic services; funeral services; laundry, dry-cleaning and related services; parking services; and other personal and personal care services."
2,Class,85111,851,Hair care and aesthetic services,,This class comprises hair care services; nail care services; and skin care services.
3,Subclass,851111,85111,Hair care and aesthetic services,,This subclass comprises hair care services; nail care services; and skin care services.
4,Detail,8511111,851111,Hair care services,,Providing hair care services.
4,Detail,8511112,851111,Nail care services,,Providing fingernail and toenail care services.
4,Detail,8511113,851111,Skin care services,,Providing cosmetic care for the skin.
2,Class,85121,851,Funeral services,,"This class comprises pre-burial services for human remains; cremation of human remains; interment of human remains; graves, plots, and other spaces for human remains; cemetery maintenance services; and packaged funeral services for human remains."
3,Subclass,851211,85121,Funeral services,,"This subclass comprises pre-burial services for human remains; cremation of human remains; interment of human remains; graves, plots, and other spaces for human remains; cemetery maintenance services; and packaged funeral services for human remains."
4,Detail,8512111,851211,Pre-burial services for human remains,,"Caring for and handling human remains prior to the final disposition of the body by burial, cremation or other means."
4,Detail,8512112,851211,Cremation of human remains,,Burning of the human body.
4,Detail,8512113,851211,Interment of human remains,,Burial of the human body.
4,Detail,8512114,851211,"Graves, plots, and other spaces for human remains",,"Rental, lease, or sale of sites for the final disposition of human remains, such as grave sites and niches in mausoleums or columbariums. May include maintenance of the site."
4,Detail,8512115,851211,Cemetery maintenance services,,"Care and maintenance of individual grave sites, mausoleums, and niches."
4,Detail,8512116,851211,Packaged funeral services for human remains,,"Providing the broad range of services for caring for and disposing of human remains, including preparation of the body, arrangement and/or management of services, and cremation or burial of the remains."
2,Class,85131,851,"Laundry, dry-cleaning and related services",,"This class comprises providing laundry, dry-cleaning and related services."
3,Subclass,851312,85131,"Laundry, dry-cleaning and steam pressing services (except commercial and agency services)",,"This subclass comprises providing laundry, dry-cleaning and steam pressing services (except commercial and agency services)."
4,Detail,8513121,851312,Access to laundry machines,,"Providing access to laundry machines, such as washers and dryers. Laundry machines may be operated by coin, card, or by attendant. This service is mainly provided to households. Covers access to laundry machines on behalf of businesses or institutions."
4,Detail,8513122,851312,Laundry services to households (except access to laundry machines),,"Providing laundry and ironing services to individuals for clothing, linens and other items owned by the customer."
4,Detail,8513123,851312,Dry-cleaning services to households,,"Providing dry-cleaning services of garments and household textiles, to households."
4,Detail,8513124,851312,Steam pressing and ironing services to households,,"Providing steam pressing and ironing of garments and household textiles, such as linens and draperies, to households."
3,Subclass,851313,85131,"Commercial and agency services for laundry, dry-cleaning and related services",,"This subclass comprises providing commercial and agency services for laundry, dry-cleaning and related services."
4,Detail,8513131,851313,"Laundry, dry-cleaning, steam pressing and ironing services to businesses and institutions",,"Laundry, dry-cleaning, steam pressing and ironing services to businesses and institutions."
4,Detail,8513132,851313,Laundry and dry-cleaning agency services,,"Providing drop-off and pick-up services for laundry and dry-cleaning items, for a fee or commission. The agent collects items, delivers them to the laundry or dry-cleaner, picks up the cleaned items, and provides them to their owners at the drop-off point."
4,Detail,8513133,851313,Uniform and linen supply services,,"Providing textile items to customers, and laundering them on a scheduled basis."
3,Subclass,851314,85131,Seasonal apparel and textile storage services,,"This subclass comprises providing seasonal storage services for apparel and textiles. May include provision of, or agent services for, laundry or dry-cleaning prior to storage."
4,Detail,8513141,851314,Seasonal apparel and textile storage services,,"Providing seasonal storage services for apparel and textiles. May include provision of, or agent services for, laundry or dry-cleaning prior to storage."
2,Class,85141,851,Parking services,,"This class comprises providing parking space for automobiles, motorcycles and bicycles, both on-street and off-street."
3,Subclass,851411,85141,Parking services,,"This subclass comprises providing parking space for automobiles, motorcycles and bicycles, both on-street and off-street."
4,Detail,8514111,851411,Parking services,,"Providing parking space for automobiles, motorcycles and bicycles, both on-street and off-street."
2,Class,85151,851,Other personal and personal care services,,"This class comprises pet care services; photo finishing services; hair removal services; tattoo, tanning and other body modification services; weight loss services; non-therapeutic massage services; and other personal services."
3,Subclass,851511,85151,Non-medical care services for pets,,This subclass comprises providing non-medical care to pets.
4,Detail,8515111,851511,Non-medical care services for pets,,Providing non-medical care to pets.
3,Subclass,851512,85151,Photo finishing services,,"This subclass comprises providing photo finishing services. These cover developing negatives, printing, re-sizing, and other effects, applied to film or digital photos."
4,Detail,8515121,851512,Photo finishing services,,"Providing photo finishing services. These cover developing negatives, printing, re-sizing, and other effects, applied to film or digital photos."
3,Subclass,851513,85151,Hair removal services,,"This subclass comprises removing hair, permanently or temporarily, from the head, face or body."
4,Detail,8515131,851513,Hair removal services,,"Removing hair, permanently or temporarily, from the head, face or body."
3,Subclass,851514,85151,"Tattoo, tanning and other body modification services",,This subclass comprises providing non-medical services that modify the body's appearance.
4,Detail,8515141,851514,"Tattoo, tanning and other body modification services",,Providing non-medical services that modify the body's appearance.
3,Subclass,851515,85151,Weight loss services,,This subclass comprises providing non-medical services to assist clients in attaining or maintaining a desired weight.
4,Detail,8515151,851515,Weight loss services,,Providing non-medical services to assist clients in attaining or maintaining a desired weight.
3,Subclass,851516,85151,Non-therapeutic massage services,,"This subclass comprises providing massage services, including manipulation of the skin, muscles and joints, for relaxation or entertainment purposes."
4,Detail,8515161,851516,Non-therapeutic massage services,,"Providing massage services, including manipulation of the skin, muscles and joints, for relaxation or entertainment purposes."
3,Subclass,851517,85151,Other personal services,,"This subclass comprises services for individuals, n.e.c."
4,Detail,8515171,851517,Dating services,,"Providing introductions to individuals, for the purpose of dating and similar social activities."
4,Detail,8515172,851517,Social event organization services,,"Organizing social events, such as parties and weddings."
4,Detail,8515173,851517,Psychic and astrology services,,Foretelling the future of individuals or events on the basis of supernatural phenomena.
4,Detail,8515174,851517,Shoe shining services,,Shoe shining services.
4,Detail,8515175,851517,"Operation of coin-operated machines, n.e.c.",,"Providing the services of coin-operated machines, n.e.c. Coins, paper money and credit cards may be accepted as payment."
4,Detail,8515176,851517,"Other personal services, n.e.c.",,"Other personal services for individuals, n.e.c."
1,Group,852,,Babysitting and other private household services,,This group comprises babysitting services and private household services.
2,Class,85211,852,Babysitting services,,"This class comprises purely custodial care of children, carried out in private residences."
3,Subclass,852111,85211,Babysitting services,,"This subclass comprises purely custodial care of children, carried out in private residences."
4,Detail,8521111,852111,Babysitting services,,"Purely custodial care of children, carried out in private residences."
2,Class,85212,852,Private household services (except babysitting),,"This class comprises private household services, except babysitting."
3,Subclass,852121,85212,Private household services (except babysitting),,"This subclass comprises private household services, except babysitting."
4,Detail,8521211,852121,Private household services (except babysitting),,"Private household services, except babysitting."
1,Group,861,,Membership organization services,,"This group comprises provision of services by organizations to members, in exchange for membership dues and similar payments."
2,Class,86111,861,Labour organization services,,"This class comprises provision of services by labour unions, bargaining associations and trade unions to members, in exchange for union dues and similar payments. Membership in a labour union confers various rights upon the member, for example relating to election of officers and bargaining, and expresses support for the goals of the labour union."
3,Subclass,861111,86111,Labour organization services,,"This subclass comprises provision of services by labour unions, bargaining associations and trade unions to members, in exchange for union dues and similar payments. Membership in a labour union confers various rights upon the member, for example relating to election of officers and bargaining, and expresses support for the goals of the labour union."
4,Detail,8611111,861111,Labour organization services,,"Provision of services by labour unions, bargaining associations and trade unions to members, in exchange for union dues and similar payments. Membership in a labour union confers various rights upon the member, for example relating to election of officers and bargaining, and expresses support for the goals of the labour union."
2,Class,86121,861,Political organization services,,"This class comprises provision of services such as information dissemination, public relations and similar services by political parties."
3,Subclass,861211,86121,Political organization services,,"This subclass comprises provision of services such as information dissemination, public relations and similar services by political parties."
4,Detail,8612111,861211,Political organization services,,"Provision of services such as information dissemination, public relations and similar services by political parties."
2,Class,86131,861,Religious organization services,,"This class comprises provision of services by religious organizations, to members, in exchange for membership dues and similar payments."
3,Subclass,861311,86131,Religious organization services,,"This subclass comprises provision of services by religious organizations to members, in exchange for membership dues and similar payments."
4,Detail,8613111,861311,Religious organization services,,"Provision of services by religious organizations, to members, in exchange for membership dues and similar payments."
2,Class,86141,861,Other membership organization services,,"This class comprises social advocacy organization services; civic and social organization services; and business, professional and other membership organization services."
3,Subclass,861412,86141,Social advocacy organization services,,"This subclass comprises provision of advocacy services promoting a particular social or political cause, on behalf of members, in exchange for membership dues and similar payments. Membership in an organization confers various rights upon the member, for example relating to decision-making within the organization, and expresses support for its goals."
4,Detail,8614121,861412,Social advocacy organization services,,"Provision of advocacy services promoting a particular social or political cause, on behalf of members, in exchange for membership dues and similar payments. Membership in an organization confers various rights upon the member, for example relating to decision-making within the organization, and expresses support for its goals."
3,Subclass,861413,86141,Civic and social organization services,,"This subclass comprises provision of services by civic or social organizations to members, in exchange for membership dues and similar payments. Membership in an organization confers various rights upon the member, for example relating to decision-making within the organization, and expresses support for its goals."
4,Detail,8614131,861413,Civic and social organization services,,"Provision of services by civic or social organizations to members, in exchange for membership dues and similar payments. Membership in an organization confers various rights upon the member, for example relating to decision-making within the organization, and expresses support for its goals."
3,Subclass,861414,86141,"Business, professional and other membership organization services",,"This subclass comprises business and professional association membership services; performing arts society and club membership services; museum, historical site, zoo, botanical garden and natural area organizations membership services; and services of other membership organizations, n.e.c."
4,Detail,8614141,861414,Business and professional association membership services,,"Provision of services by business or professional organizations to members, in exchange for membership dues and similar payments. Membership in an organization confers various rights upon the member, for example relating to decision-making within the organization, and expresses support for its goals."
4,Detail,8614142,861414,Consumer membership services provided by businesses,,"Membership services provided to consumers for a fee, in exchange for access right to purchase goods and services offered by businesses. The access fee only convers the right to purchase, not transactions related to the actual purchase or use of goods and services."
4,Detail,8614143,861414,Performing arts society and club membership services,,"Provision of services by performing arts societies and clubs, to their members, in exchange for membership dues and similar payments. Membership confers various rights upon the member, for example relating to decision-making within the organization, and expresses support for its goals."
4,Detail,8614144,861414,"Museum, historical site, zoo, botanical garden and natural area organizations membership services",,"Provision of services by organizations operating museums, historical sites, zoos, botanical gardens and natural areas, to their members, in exchange for membership dues and similar payments. Membership in the organization confers various rights upon the member, for example relating to decision-making within the organization, and expresses support for its goals."
4,Detail,8614145,861414,"Other membership organization services, n.e.c.",,"Services of other membership organizations, n.e.c."
1,Group,871,,Public administration services,,"This group comprises services of a governmental nature, that is, services related to the enactment and judicial interpretation of laws and their pursuant regulations, and the administration of programs based on them. Services provided by government that are not governmental in nature are classified to the same service categories as equivalent services provided by the private sector."
2,Class,87111,871,Federal government public administration services,,"This class comprises the federal government services of a governmental nature, such as legislative, judicial, taxation, national defence, public order and safety, immigration, foreign affairs and international assistance services, and the administration of federal programs."
3,Subclass,871111,87111,Defence services,,This subclass comprises the defence services provided by the Canadian Armed Forces and civilian agencies.
4,Detail,8711111,871111,Defence services,,Defence services provided by the Canadian Armed Forces and civilian agencies.
3,Subclass,871112,87111,Federal protective services,,This subclass comprises the federal government services of ensuring the security of persons and property.
4,Detail,8711121,871112,Federal courts of law services,,"Services provided by the federal government in rendering judgements and interpreting the law, including the arbitration of civil actions."
4,Detail,8711122,871112,Federal correctional services,,Incarceration and rehabilitation services by the federal government in federal prisons and other detention and rehabilitation establishments.
4,Detail,8711123,871112,Federal police services,,Services provided by the federal government in maintaining law and order by means of operating police forces.
4,Detail,8711124,871112,Federal regulatory services,,"General protection services of individuals, singly or in groups, against negligence, exploitation or abuse, provided by the federal government."
4,Detail,8711125,871112,Other federal protective services,,Federal government services of responding to large-scale emergencies and disasters.
3,Subclass,871113,87111,"Federal labour, employment and immigration services",,"This subclass comprises services for labour, employment, immigration, citizenship and other related fields provided by the federal government."
4,Detail,8711131,871113,Federal labour and employment services,,"Federal government services of labour market research and dealing in matters pertaining to employer-employee relations, including the promotion of improved working conditions and the provision of arbitration and conciliation services in collective bargaining."
4,Detail,8711132,871113,Immigration services,,"Federal government services of promoting immigration, assisting immigrants and controlling the entry of individuals into the country."
4,Detail,8711133,871113,"Other federal labour, employment and immigration services",,"Federal government services that combine labour, employment and immigration."
3,Subclass,871114,87111,Foreign affairs and international assistance,,This subclass comprises the federal government services of foreign affairs and international assistance.
4,Detail,8711141,871114,Foreign affairs services,,Federal government services of conducting formal relations between the government of Canada and foreign countries.
4,Detail,8711142,871114,International assistance services,,Services provided by the federal government with respect to economic development and improvement of social conditions in foreign countries.
3,Subclass,871115,87111,Other federal government public administration services,,"This subclass comprises services provided by the federal government with respect to executive and legislative activities; fiscal and related policies and the administration of the public debt; assessing, levying and collecting taxes; conducting relations with other levels of government; and the administration of federal programs."
4,Detail,8711151,871115,Other federal government public administration services,,"Services provided by the federal government with respect to executive and legislative activities; fiscal and related policies and the administration of the public debt; assessing, levying and collecting taxes; conducting relations with other levels of government; and the administration of federal programs."
2,Class,87121,871,Provincial and territorial public administration services,,"This class comprises the services of provincial and territorial governments that are of a governmental nature, such as legislative, judicial, taxation, and public order and safety services, and the administration of provincial or territorial government programs."
3,Subclass,871211,87121,Provincial and territorial protective services,,This subclass comprises the services of provincial and territorial governments of ensuring the security of persons and property.
4,Detail,8712111,871211,Provincial and territorial courts of law services,,"Services provided by provincial and territorial governments in rendering judgements and interpreting the law, including the arbitration of civil actions."
4,Detail,8712112,871211,Provincial and territorial correctional services,,"Incarceration and rehabilitation services of jails, and operation of other detention establishments, by provincial and territorial governments."
4,Detail,8712113,871211,Provincial and territorial police services,,Services provided by provincial and territorial governments in maintaining law and order by means of operating police forces.
4,Detail,8712114,871211,Provincial and territorial fire-fighting services,,"Services provided by provincial and territorial governments with respect to the prevention, investigation and extinction of fires."
4,Detail,8712115,871211,Provincial and territorial regulatory services,,"General protection services of individuals, singly or in groups, against negligence, exploitation or abuse, provided by provincial and territorial governments."
4,Detail,8712116,871211,Other provincial and territorial protective services,,Provincial and territorial government services of responding to large-scale emergencies and disasters.
3,Subclass,871212,87121,Provincial and territorial labour and employment services,,"This subclass comprises services of provincial and territorial governments in labour market research and matters pertaining to employer-employee relations, including the promotion of improved working conditions and the provision of arbitration and conciliation services in collective bargaining."
4,Detail,8712121,871212,Provincial and territorial labour and employment services,,"Services of provincial and territorial governments in labour market research and matters pertaining to employer-employee relations, including the promotion of improved working conditions and the provision of arbitration and conciliation services in collective bargaining."
3,Subclass,871213,87121,Other provincial and territorial government public administration services,,"This subclass comprises services provided by provincial and territorial governments with respect to executive and legislative activities; fiscal and related policies and the administration of the public debt; assessing, levying and collecting taxes; conducting relations with other levels of government; and the administration of provincial and territorial government programs."
4,Detail,8712131,871213,Other provincial and territorial government public administration services,,"Services provided by provincial and territorial governments with respect to executive and legislative activities; fiscal and related policies and the administration of the public debt; assessing, levying and collecting taxes; conducting relations with other levels of government; and the administration of provincial and territorial government programs."
2,Class,87131,871,Municipal and other local public administration services,,"This class comprises the services provided by municipal and other local governments, such as legislative activities, taxation, public order and safety, and the administration of programs."
3,Subclass,871311,87131,Municipal and other local protective services,,This subclass comprises the services of municipal and other local governments of ensuring the security of persons and property.
4,Detail,8713111,871311,Municipal and other local courts of law services,,"Municipal and other local governments services of rendering judgements and interpreting the law, including the arbitration of civil actions."
4,Detail,8713112,871311,Municipal and other local correctional services,,"Incarceration and rehabilitation services of jails, and operation of other detention establishments, by municipal and other local governments."
4,Detail,8713113,871311,Municipal and other local police services,,Services provided by municipal and other local governments in maintaining law and order by means of operating police forces.
4,Detail,8713114,871311,Municipal and other local fire-fighting services,,"Services provided by municipal and other local governments with respect to the prevention, investigation and extinction of fires."
4,Detail,8713115,871311,Municipal and other local regulatory services,,"General protection services of individuals, singly or in groups, against negligence, exploitation or abuse, provided by municipal and other local governments."
4,Detail,8713116,871311,"Municipal and other local protective services, n.e.c.",,Municipal services and services of other local governments involved in responding to large-scale emergencies and disasters.
3,Subclass,871312,87131,"Municipal and other local public administration services, n.e.c.",,"This subclass comprises services provided by municipal and other local governments with respect to executive and legislative activities; planning; fiscal and related policies and the administration of the public debt; assessing, levying and collecting taxes; conducting relations with other levels of government; and the administration of municipal and other local government programs."
4,Detail,8713121,871312,"Municipal and other local public administration services, n.e.c.",,"Services provided by municipal and other local governments with respect to executive and legislative activities; planning; fiscal and related policies and the administration of the public debt; assessing, levying and collecting taxes; conducting relations with other levels of government; and the administration of municipal and other local government programs."
2,Class,87141,871,Indigenous public administration services,,"This class comprises the range of services provided by Indigenous governments to their constituents, services that would otherwise be provided by federal, provincial/territorial or municipal levels of governments."
3,Subclass,871411,87141,Indigenous public administration services,,"This subclass comprises the range of services provided by Indigenous governments to their constituents, services that would otherwise be provided by federal, provincial/territorial or municipal levels of governments."
4,Detail,8714111,871411,Indigenous public administration services,,"Range of services provided by Indigenous governments to their constituents, services that would otherwise be provided by federal, provincial/territorial or municipal levels of governments."
2,Class,87151,871,International and other extra-territorial public administration services,,This class comprises governmental services provided by foreign governments in Canada.
3,Subclass,871511,87151,International and other extra-territorial public administration services,,This subclass comprises governmental services provided by foreign governments in Canada.
4,Detail,8715111,871511,International and other extra-territorial public administration services,,Governmental services provided by foreign governments in Canada.
