access,acquisition_method,best_use,comparator_record_type,data_fit,domain,next_action,priority,public_display_guidance,region,source_file,source_id,source_name,source_package,source_type,url,vendor_positive_required_fields
Membership/licensing may be required for full standard/reference data,account_api_or_commercial_feed,"Authoritative aftermarket data standards: ACES for fitment, PIES for product/part information.",source,standard_backbone,auto_parts_fitment,request_api_key_account_or_feed_access,1,show structured facts and source/vendor links; do not clone page layout,US/Canada/Mexico,Comparator-definitions/data-sources/auto_parts_fitment/normalized/auto_parts_fitment_source_catalog.json,AUTOCARE_ACES_PIES,Auto Care Association ACES / PIES data standards,Auto_Parts_Fitment_Data_Sources_GitHub_Import_v0_1.zip,official_aftermarket_data_standards,https://www.autocare.org/data-standards,vendor_name;source_url;retrieved_date;purchase_or_source_link
Auto Care standards subscription/licensing required,manual_review,"Vehicle configuration, part categories, qualifiers and brand reference tables for serious fitment work.",source,reference_database,auto_parts_fitment,open_source_review_then_assign_connector_type,1,show structured facts and source/vendor links; do not clone page layout,US/Canada/Mexico,Comparator-definitions/data-sources/auto_parts_fitment/normalized/auto_parts_fitment_source_catalog.json,AUTOCARE_VCDB_PCDB,Auto Care VCdb / PCdb / Qdb / Brand Table,Auto_Parts_Fitment_Data_Sources_GitHub_Import_v0_1.zip,official_aftermarket_reference_databases,https://www.autocare.org/data-standards,vendor_name;source_url;retrieved_date;purchase_or_source_link
Public API,direct_download_or_public_api,Vehicle make/model/year/manufacturer reference layer; not a parts catalog.,offer_or_catalog,vehicle_reference,auto_parts_fitment,download_bulk_file_or_call_public_api,1,show structured facts and source/vendor links; do not clone page layout,US/international,Comparator-definitions/data-sources/auto_parts_fitment/normalized/auto_parts_fitment_source_catalog.json,NHTSA_VPIC,NHTSA vPIC vehicle API,Auto_Parts_Fitment_Data_Sources_GitHub_Import_v0_1.zip,official_vehicle_reference_api,https://vpic.nhtsa.dot.gov/api/,vendor_name;source_url;retrieved_date;purchase_or_source_link
Public Socrata/API/CSV export,direct_download_or_public_api,"Certified computers with brand/model, type, processor, memory, energy metrics and UPC/model information where provided.",source,verified_product_performance_records,computer_it_communications,download_bulk_file_or_call_public_api,1,show structured facts and source/vendor links; do not clone page layout,US/Canada reference,Comparator-definitions/data-sources/computer_it_communications/normalized/computer_it_communications_source_catalog.json,ENERGY_STAR_COMPUTERS,ENERGY STAR Certified Computers V9.0,Computer_IT_Communications_Product_Data_Sources_GitHub_Import_v0_1.zip,certified_product_dataset,https://data.energystar.gov/Active-Specifications/ENERGY-STAR-Certified-Computers-V9-0/rxdj-2c88,vendor_name;source_url;retrieved_date;purchase_or_source_link
Public registry/product finder,manual_review,"Computers/displays, servers, imaging equipment, mobile phones and electronics sustainability certifications.",evidence,certification_evidence,computer_it_communications,open_source_review_then_assign_connector_type,1,show structured facts and source/vendor links; do not clone page layout,global,Comparator-definitions/data-sources/computer_it_communications/normalized/computer_it_communications_source_catalog.json,EPEAT_REGISTRY,EPEAT Registry,Computer_IT_Communications_Product_Data_Sources_GitHub_Import_v0_1.zip,sustainability_certified_product_registry,https://www.epeat.net/product-finder,vendor_name;source_url;retrieved_date;purchase_or_source_link
Reseller access / FTP download,direct_download_or_public_api,Bulk price catalogue and inventory flat files; likely better for bulk catalog population than cyclic API calls.,offer_or_catalog,bulk_live_distributor_feed,computer_it_communications,download_bulk_file_or_call_public_api,1,show structured facts and source/vendor links; do not clone page layout,US/Canada/international,Comparator-definitions/data-sources/computer_it_communications/normalized/computer_it_communications_source_catalog.json,INGRAM_MICRO_FLAT_FILES,Ingram Micro price/inventory flat files,Computer_IT_Communications_Product_Data_Sources_GitHub_Import_v0_1.zip,it_distributor_catalog_flat_file,https://developer.ingrammicro.com/sites/default/files/apidoc_specs/catalog.v1_16.yaml,vendor_name;source_url;retrieved_date;purchase_or_source_link
Public search tools; account for submissions,manual_review,"Radio equipment list, testing laboratories and company registration search tools for Canadian compliance.",evidence,regulatory_access_path,computer_it_communications,open_source_review_then_assign_connector_type,1,show structured facts and source/vendor links; do not clone page layout,Canada,Comparator-definitions/data-sources/computer_it_communications/normalized/computer_it_communications_source_catalog.json,ISED_EQUIPMENT_CERT_REG,ISED Equipment Certification and Registration Services,Computer_IT_Communications_Product_Data_Sources_GitHub_Import_v0_1.zip,radio_wireless_certification_search_tools,https://ised-isde.canada.ca/site/spectrum-management-system/en/equipment-certification-and-registration-services,vendor_name;source_url;retrieved_date;purchase_or_source_link
Public searchable registry,manual_review,"Certified radio equipment approved for use in Canada; evidence layer for phones, radios, Wi-Fi, Bluetooth, microwave/RF devices.",evidence,regulatory_evidence,computer_it_communications,open_source_review_then_assign_connector_type,1,show structured facts and source/vendor links; do not clone page layout,Canada,Comparator-definitions/data-sources/computer_it_communications/normalized/computer_it_communications_source_catalog.json,ISED_REL,ISED Radio Equipment List,Computer_IT_Communications_Product_Data_Sources_GitHub_Import_v0_1.zip,certified_radio_equipment_registry,https://ised-isde.canada.ca/site/certification-engineering-bureau/en/wireless-program/radio-equipment-list-rel,vendor_name;source_url;retrieved_date;purchase_or_source_link
Public XML download; updated nightly,direct_download_or_public_api,"Official vendor/product/version identifiers for software, operating systems and hardware platforms; vulnerability linkage.",classification,classification_identifier_evidence,computer_it_communications,download_bulk_file_or_call_public_api,1,show structured facts and source/vendor links; do not clone page layout,US/international,Comparator-definitions/data-sources/computer_it_communications/normalized/computer_it_communications_source_catalog.json,NVD_CPE_DICTIONARY,NIST NVD Official CPE Dictionary,Computer_IT_Communications_Product_Data_Sources_GitHub_Import_v0_1.zip,official_it_product_identifier_dictionary,https://nvd.nist.gov/products/cpe,vendor_name;source_url;retrieved_date;purchase_or_source_link
Public registry/product information,manual_review,"Furniture safety/durability standards evidence, especially office and institutional furniture.",evidence,compliance_evidence,furnishings_furniture,open_source_review_then_assign_connector_type,1,show structured facts and source/vendor links; do not clone page layout,North America/global,Comparator-definitions/data-sources/furnishings_furniture/normalized/furnishings_furniture_source_catalog.json,BIFMA_COMPLIANT,BIFMA Compliant registry,Furnishings_Furniture_Data_Sources_GitHub_Import_v0_1.zip,furniture_safety_durability_compliance_registry,https://www.bifma.org/page/bifma-compliant,vendor_name;source_url;retrieved_date;purchase_or_source_link
Public product search,manual_review,Open/transparent sustainability certification evidence for furniture products.,evidence,certification_evidence,furnishings_furniture,open_source_review_then_assign_connector_type,1,show structured facts and source/vendor links; do not clone page layout,North America/global,Comparator-definitions/data-sources/furnishings_furniture/normalized/furnishings_furniture_source_catalog.json,BIFMA_LEVEL,BIFMA LEVEL product search,Furnishings_Furniture_Data_Sources_GitHub_Import_v0_1.zip,furniture_sustainability_certification_registry,https://level.bifma.org/,vendor_name;source_url;retrieved_date;purchase_or_source_link
Public website; no official bulk public API found,direct_download_or_public_api,"Current furniture, storage, kitchen, bedroom, office and home decor product reference.",offer_or_catalog,current_public_offer_reference,furnishings_furniture,download_bulk_file_or_call_public_api,1,show structured facts and source/vendor links; do not clone page layout,global/Canada,Comparator-definitions/data-sources/furnishings_furniture/normalized/furnishings_furniture_source_catalog.json,IKEA_PUBLIC_SITE,IKEA public product catalogue,Furnishings_Furniture_Data_Sources_GitHub_Import_v0_1.zip,retailer_public_catalog,https://www.ikea.com/ca/en/,vendor_name;source_url;retrieved_date;purchase_or_source_link
Public documentation; API key required for calls,account_api_or_commercial_feed,"Products, stores, categories and attributes documentation for Best Buy API suite.",offer_or_catalog,api_documentation,housewares_kitchen_appliances_clothing,request_api_key_account_or_feed_access,1,show structured facts and source/vendor links; do not clone page layout,US,Comparator-definitions/data-sources/housewares_kitchen_appliances_clothing/normalized/housewares_kitchen_appliances_clothing_source_catalog.json,BEST_BUY_API_DOCS,Best Buy Developer API documentation,Housewares_Kitchen_Appliances_Clothing_Data_Sources_GitHub_Import_v0_1.zip,retailer_api_docs,https://bestbuyapis.github.io/api-documentation/,vendor_name;source_url;retrieved_date;purchase_or_source_link
Developer API key required,account_api_or_commercial_feed,"Large current/historical product catalog with pricing, availability, specifications, descriptions and images; strong for appliances and electronics.",offer_or_catalog,live_retail_offer_source,housewares_kitchen_appliances_clothing,request_api_key_account_or_feed_access,1,show structured facts and source/vendor links; do not clone page layout,US,Comparator-definitions/data-sources/housewares_kitchen_appliances_clothing/normalized/housewares_kitchen_appliances_clothing_source_catalog.json,BEST_BUY_PRODUCTS_API,Best Buy Products API,Housewares_Kitchen_Appliances_Clothing_Data_Sources_GitHub_Import_v0_1.zip,retailer_catalog_api,https://developer.bestbuy.com/apis,vendor_name;source_url;retrieved_date;purchase_or_source_link
Public CSV/API via data.gov / ENERGY STAR data,direct_download_or_public_api,"Certified electric cooking appliances; useful for stoves, ranges and cooktops where covered.",source,verified_appliance_records,housewares_kitchen_appliances_clothing,download_bulk_file_or_call_public_api,1,show structured facts and source/vendor links; do not clone page layout,US/Canada reference,Comparator-definitions/data-sources/housewares_kitchen_appliances_clothing/normalized/housewares_kitchen_appliances_clothing_source_catalog.json,ENERGY_STAR_ELECTRIC_COOKING,ENERGY STAR Certified Residential Electric Cooking Products,Housewares_Kitchen_Appliances_Clothing_Data_Sources_GitHub_Import_v0_1.zip,certified_appliance_dataset,https://catalog.data.gov/dataset/energy-star-certified-residential-electric-cooking-products,vendor_name;source_url;retrieved_date;purchase_or_source_link
Public Socrata/API/CSV export,direct_download_or_public_api,Model-level refrigerator/freezer product records and efficiency metrics.,source,verified_appliance_records,housewares_kitchen_appliances_clothing,download_bulk_file_or_call_public_api,1,show structured facts and source/vendor links; do not clone page layout,US/Canada reference,Comparator-definitions/data-sources/housewares_kitchen_appliances_clothing/normalized/housewares_kitchen_appliances_clothing_source_catalog.json,ENERGY_STAR_RESIDENTIAL_REFRIGERATORS,ENERGY STAR Certified Residential Refrigerators,Housewares_Kitchen_Appliances_Clothing_Data_Sources_GitHub_Import_v0_1.zip,certified_appliance_dataset,https://data.energystar.gov/Active-Specifications/ENERGY-STAR-Certified-Residential-Refrigerators/p5st-her9,vendor_name;source_url;retrieved_date;purchase_or_source_link
Public searchable product pages,manual_review,Canadian ENERGY STAR product categories and consumer reference lists.,source,verified_product_performance_records,housewares_kitchen_appliances_clothing,open_source_review_then_assign_connector_type,1,show structured facts and source/vendor links; do not clone page layout,Canada,Comparator-definitions/data-sources/housewares_kitchen_appliances_clothing/normalized/housewares_kitchen_appliances_clothing_source_catalog.json,NRCAN_ENERGY_STAR_PRODUCTS,Natural Resources Canada ENERGY STAR certified products,Housewares_Kitchen_Appliances_Clothing_Data_Sources_GitHub_Import_v0_1.zip,certified_product_lists,https://natural-resources.canada.ca/energy-efficiency/energy-star/products/list-certified-products,vendor_name;source_url;retrieved_date;purchase_or_source_link
Public browser and standard files,manual_review,"Classification backbone for housewares, kitchenware, appliances, apparel, footwear and accessories.",classification,classification,housewares_kitchen_appliances_clothing;office_supplies_low_cost_general;product_identity_barcode_classification;furnishings_furniture;tools_fasteners_hardware_property_cabinet,open_source_review_then_assign_connector_type,1,show structured facts and source/vendor links; do not clone page layout,global,Comparator-definitions/data-sources/housewares_kitchen_appliances_clothing/normalized/housewares_kitchen_appliances_clothing_source_catalog.json,GS1_GPC,GS1 Global Product Classification,Housewares_Kitchen_Appliances_Clothing_Data_Sources_GitHub_Import_v0_1.zip;Office_Supplies_Low_Cost_General_Data_Sources_GitHub_Import_v0_1.zip;Product_Identity_Barcode_Classification_Data_Sources_GitHub_Import_v0_1.zip;Furnishings_Furniture_Data_Sources_GitHub_Import_v0_1.zip;Tools_Fasteners_Hardware_Property_Cabinet_Data_Sources_GitHub_Import_v0_1.zip,official_global_product_classification,https://www.gs1.org/standards/gpc/access-gpc-standards,vendor_name;source_url;retrieved_date;purchase_or_source_link
Public datasets; CSV/XML/API exports,direct_download_or_public_api,"Appliances and energy-related household products such as refrigerators, freezers, dishwashers, cooking products, clothes washers, dryers, room AC and dehumidifiers.",source,verified_product_performance_records,housewares_kitchen_appliances_clothing;product_identity_barcode_classification,download_bulk_file_or_call_public_api,1,show structured facts and source/vendor links; do not clone page layout,US/Canada reference,Comparator-definitions/data-sources/housewares_kitchen_appliances_clothing/normalized/housewares_kitchen_appliances_clothing_source_catalog.json,ENERGY_STAR_PRODUCT_FINDER,ENERGY STAR Product Finder datasets,Housewares_Kitchen_Appliances_Clothing_Data_Sources_GitHub_Import_v0_1.zip;Product_Identity_Barcode_Classification_Data_Sources_GitHub_Import_v0_1.zip,certified_product_datasets,https://www.energystar.gov/productfinder/advanced,vendor_name;source_url;retrieved_date;purchase_or_source_link
Public searchable registry,manual_review,Canadian code-compliance/evaluation evidence for building products and systems.,evidence,evidence,housing_construction_materials,open_source_review_then_assign_connector_type,1,show structured facts and source/vendor links; do not clone page layout,Canada,Comparator-definitions/data-sources/housing_construction_materials/normalized/construction_product_source_catalog.json,CCMC_REGISTRY,Canadian Construction Materials Centre Registry,Housing_Construction_Product_Data_Sources_GitHub_Import_v0_1.zip,code_compliance_registry,https://nrc.canada.ca/en/certifications-evaluations-standards/canadian-construction-materials-centre/ccmc-publications/registry.html,vendor_name;source_url;retrieved_date;purchase_or_source_link
Public product list,manual_review,Product efficiency certification and category validation.,evidence,certification,housing_construction_materials,open_source_review_then_assign_connector_type,1,show structured facts and source/vendor links; do not clone page layout,Canada,Comparator-definitions/data-sources/housing_construction_materials/normalized/construction_product_source_catalog.json,ENERGY_STAR_CANADA,ENERGY STAR Canada Certified Products,Housing_Construction_Product_Data_Sources_GitHub_Import_v0_1.zip,certified_product_lists,https://natural-resources.canada.ca/energy-efficiency/energy-star/products/list-certified-products,vendor_name;source_url;retrieved_date;purchase_or_source_link
Already packaged,already_imported_reference,"Official goods/services classification for construction materials, tools and services.",classification,classification,housing_construction_materials,reuse_existing_import_and_crosswalk,1,show structured facts and source/vendor links; do not clone page layout,Canada,Comparator-definitions/data-sources/housing_construction_materials/normalized/construction_product_source_catalog.json,ISED_NAPCS_CANADA_2022,NAPCS Canada 2022,Housing_Construction_Product_Data_Sources_GitHub_Import_v0_1.zip,official_classification,https://www.statcan.gc.ca/en/subjects/standard/napcs/2022/index,vendor_name;source_url;retrieved_date;purchase_or_source_link
Public searchable list,manual_review,"Energy-performance comparisons for windows, doors, skylights and other products.",source,verified_product_list,housing_construction_materials,open_source_review_then_assign_connector_type,1,show structured facts and source/vendor links; do not clone page layout,Canada,Comparator-definitions/data-sources/housing_construction_materials/normalized/construction_product_source_catalog.json,NRCAN_SPL,Natural Resources Canada Searchable Product List,Housing_Construction_Product_Data_Sources_GitHub_Import_v0_1.zip,energy_efficiency_product_list,https://spl-lpi.nrcan-rncan.gc.ca/,vendor_name;source_url;retrieved_date;purchase_or_source_link
Business account / integration required,manual_review,PunchOut/eProcurement approach for enterprise/catalog integration.,source,procurement_access_path,office_supplies_low_cost_general,open_source_review_then_assign_connector_type,1,show structured facts and source/vendor links; do not clone page layout,US/North America,Comparator-definitions/data-sources/office_supplies_low_cost_general/normalized/office_supplies_low_cost_general_source_catalog.json,STAPLES_ADVANTAGE_EPROCUREMENT,Staples Business Advantage eProcurement integrations,Office_Supplies_Low_Cost_General_Data_Sources_GitHub_Import_v0_1.zip,business_procurement_punchout,https://www.staplesadvantage.com/learn/eprocurement-integrations,vendor_name;source_url;retrieved_date;purchase_or_source_link
Business account/integration required,manual_review,Structured office-supply business catalog integration path using punchout/API/SSO style workflows.,offer_or_catalog,procurement_catalog_access_path,office_supplies_low_cost_general,open_source_review_then_assign_connector_type,1,show structured facts and source/vendor links; do not clone page layout,North America,manual_addition,STAPLES_ADVANTAGE_PUNCHOUT,Staples Business Advantage eProcurement / PunchOut,added_in_aggressive_acquisition,business_procurement_catalog_integration,https://www.staplesadvantage.com/learn/eprocurement-integrations,vendor_name;source_url;retrieved_date;purchase_or_source_link
Public website; store selection affects stock/pickup/delivery,public_site_catalog_parse,"Office supplies, paper, ink/toner, tech, furniture, school supplies, cleaning/breakroom and print services.",offer_or_catalog,current_public_offer_reference,office_supplies_low_cost_general,seed_category_urls_then_extract_jsonld_or_product_cards,1,show structured facts and source/vendor links; do not clone page layout,Canada,Comparator-definitions/data-sources/office_supplies_low_cost_general/normalized/office_supplies_low_cost_general_source_catalog.json,STAPLES_CANADA_PUBLIC_SITE,Staples Canada public catalogue,Office_Supplies_Low_Cost_General_Data_Sources_GitHub_Import_v0_1.zip,retailer_public_site,https://www.staples.ca/,vendor_name;source_url;retrieved_date;purchase_or_source_link
Business integration/account path,manual_review,"Automated shopping, purchase orders, invoicing and controlled business procurement.",source,procurement_access_path,office_supplies_low_cost_general,open_source_review_then_assign_connector_type,1,show structured facts and source/vendor links; do not clone page layout,Canada,Comparator-definitions/data-sources/office_supplies_low_cost_general/normalized/office_supplies_low_cost_general_source_catalog.json,STAPLES_CA_EPROCUREMENT,Staples Canada e-Procurement integration,Office_Supplies_Low_Cost_General_Data_Sources_GitHub_Import_v0_1.zip,business_procurement_integration,https://www.staples.ca/a/content/e-procurement,vendor_name;source_url;retrieved_date;purchase_or_source_link
GS1 Canada membership/data-recipient access likely required,account_api_or_commercial_feed,"Canadian standardized listing data, product data and product images from ECCnet Registry.",offer_or_catalog,product_identity_content_api,product_identity_barcode_classification,request_api_key_account_or_feed_access,1,show structured facts and source/vendor links; do not clone page layout,Canada,Comparator-definitions/data-sources/product_identity_barcode_classification/normalized/product_identity_source_catalog.json,GS1_CA_ECCNET_CONTENT_API,GS1 Canada ECCnet Content API,Product_Identity_Barcode_Classification_Data_Sources_GitHub_Import_v0_1.zip,canadian_product_registry_api,https://gs1ca.org/content-access/,vendor_name;source_url;retrieved_date;purchase_or_source_link
Public browser,manual_review,"Browse GPC segments, families, classes, bricks and attributes.",classification,classification_browser,product_identity_barcode_classification,open_source_review_then_assign_connector_type,1,show structured facts and source/vendor links; do not clone page layout,global,Comparator-definitions/data-sources/product_identity_barcode_classification/normalized/product_identity_source_catalog.json,GS1_GPC_BROWSER,GS1 GPC Browser,Product_Identity_Barcode_Classification_Data_Sources_GitHub_Import_v0_1.zip,official_classification_browser,https://gpc-browser.gs1.org/,vendor_name;source_url;retrieved_date;purchase_or_source_link
Open data/API/bulk downloads,direct_download_or_public_api,"Large open barcode database for food, snacks, beverages, ingredients, nutrition, allergens, packaging and images.",source,open_product_identity_records,product_identity_barcode_classification,download_bulk_file_or_call_public_api,1,show structured facts and source/vendor links; do not clone page layout,global,Comparator-definitions/data-sources/product_identity_barcode_classification/normalized/product_identity_source_catalog.json,OPEN_FOOD_FACTS,Open Food Facts,Product_Identity_Barcode_Classification_Data_Sources_GitHub_Import_v0_1.zip,open_barcode_food_database,https://world.openfoodfacts.org/data,vendor_name;source_url;retrieved_date;purchase_or_source_link
Open API,manual_review,Barcode/product lookup and contribution API for food product facts.,offer_or_catalog,open_product_api,product_identity_barcode_classification,open_source_review_then_assign_connector_type,1,show structured facts and source/vendor links; do not clone page layout,global,Comparator-definitions/data-sources/product_identity_barcode_classification/normalized/product_identity_source_catalog.json,OPEN_FOOD_FACTS_API,Open Food Facts API,Product_Identity_Barcode_Classification_Data_Sources_GitHub_Import_v0_1.zip,open_product_api,https://openfoodfacts.github.io/documentation/docs/Product-Opener/api/,vendor_name;source_url;retrieved_date;purchase_or_source_link
Already packaged in project,already_imported_reference,Canadian product and service classification backbone.,classification,classification,product_identity_barcode_classification;furnishings_furniture;tools_fasteners_hardware_property_cabinet,reuse_existing_import_and_crosswalk,1,show structured facts and source/vendor links; do not clone page layout,Canada,Comparator-definitions/data-sources/product_identity_barcode_classification/normalized/product_identity_source_catalog.json,NAPCS_CANADA_2022,NAPCS Canada 2022,Product_Identity_Barcode_Classification_Data_Sources_GitHub_Import_v0_1.zip;Furnishings_Furniture_Data_Sources_GitHub_Import_v0_1.zip;Tools_Fasteners_Hardware_Property_Cabinet_Data_Sources_GitHub_Import_v0_1.zip,official_canadian_product_classification,https://www.statcan.gc.ca/en/subjects/standard/napcs/2022/index,vendor_name;source_url;retrieved_date;purchase_or_source_link
Public PDF catalog,pdf_or_catalog_parse,"Drawer slide models, capacity, extension, mounting, cabinet/furniture/industrial drawer-slide specs.",offer_or_catalog,manufacturer_spec_catalog,tools_fasteners_hardware_property_cabinet,download_pdf_or_catalog_pages_then_extract_tables,1,show structured facts and source/vendor links; do not clone page layout,global,Comparator-definitions/data-sources/tools_fasteners_hardware_property_cabinet/normalized/tools_fasteners_hardware_property_cabinet_source_catalog.json,ACCURIDE_DRAWER_SLIDE_CATALOG,Accuride Drawer Slide Wood Catalog,Tools_Fasteners_Hardware_Property_Cabinet_Data_Sources_GitHub_Import_v0_1.zip,drawer_slide_pdf_catalog,https://www.accuride.com/media/pdf/accuride-drawer-slide-wood-catalog-2018.pdf,vendor_name;source_url;retrieved_date;purchase_or_source_link
Public online catalogue,manual_review,"Blum hinges, lift systems, box systems, runners, pocket systems, assembly devices, cabinet hardware technical data.",offer_or_catalog,manufacturer_spec_catalog,tools_fasteners_hardware_property_cabinet,open_source_review_then_assign_connector_type,1,show structured facts and source/vendor links; do not clone page layout,Canada/global,Comparator-definitions/data-sources/tools_fasteners_hardware_property_cabinet/normalized/tools_fasteners_hardware_property_cabinet_source_catalog.json,BLUM_CATALOGUE_2024_2025,Blum Catalogue and Technical Manual 2024/2025,Tools_Fasteners_Hardware_Property_Cabinet_Data_Sources_GitHub_Import_v0_1.zip,cabinet_hardware_catalogue_manual,https://publications.blum.com/2024/catalogue/en/,vendor_name;source_url;retrieved_date;purchase_or_source_link
Public downloads/videos,manual_review,"Catalogues, technical manuals, product configurator and cabinet planning/download resources.",technical_spec,manufacturer_spec_reference,tools_fasteners_hardware_property_cabinet,open_source_review_then_assign_connector_type,1,show structured facts and source/vendor links; do not clone page layout,Canada/global,Comparator-definitions/data-sources/tools_fasteners_hardware_property_cabinet/normalized/tools_fasteners_hardware_property_cabinet_source_catalog.json,BLUM_DOWNLOADS,Blum downloads and videos,Tools_Fasteners_Hardware_Property_Cabinet_Data_Sources_GitHub_Import_v0_1.zip,cabinet_hardware_downloads,https://www.blum.com/ca/en/downloads-videos/,vendor_name;source_url;retrieved_date;purchase_or_source_link
Developer registration / access key required,account_api_or_commercial_feed,"Canadian Tire product/catalog/retail API path for tools, hardware, automotive, home/property goods.",offer_or_catalog,retailer_api_access_path,tools_fasteners_hardware_property_cabinet,request_api_key_account_or_feed_access,1,show structured facts and source/vendor links; do not clone page layout,Canada,Comparator-definitions/data-sources/tools_fasteners_hardware_property_cabinet/normalized/tools_fasteners_hardware_property_cabinet_source_catalog.json,CANADIAN_TIRE_DEVELOPER,Canadian Tire Developer Program,Tools_Fasteners_Hardware_Property_Cabinet_Data_Sources_GitHub_Import_v0_1.zip,retailer_api_developer_portal,https://developer.cantire.com/,vendor_name;source_url;retrieved_date;purchase_or_source_link
Public catalog page; account affects pricing/procurement,public_site_catalog_parse,"Fasteners, OEM/MRO/construction/industrial/safety products and technical catalog structure.",offer_or_catalog,industrial_catalog_reference,tools_fasteners_hardware_property_cabinet,seed_category_urls_then_extract_jsonld_or_product_cards,1,show structured facts and source/vendor links; do not clone page layout,US/Canada/international,Comparator-definitions/data-sources/tools_fasteners_hardware_property_cabinet/normalized/tools_fasteners_hardware_property_cabinet_source_catalog.json,FASTENAL_CATALOGS,Fastenal catalogues,Tools_Fasteners_Hardware_Property_Cabinet_Data_Sources_GitHub_Import_v0_1.zip,fastener_industrial_catalog,https://www.fastenal.com/fast/catalogs,vendor_name;source_url;retrieved_date;purchase_or_source_link
Public PDF,pdf_or_catalog_parse,"Fastener grades, specifications, sizes, tensile values and technical reference facts.",evidence,technical_evidence_catalog,tools_fasteners_hardware_property_cabinet,download_pdf_or_catalog_pages_then_extract_tables,1,show structured facts and source/vendor links; do not clone page layout,US/Canada,manual_addition,FASTENAL_FASTENER_REFERENCE_GUIDE,Fastenal Fastener Reference Guide PDF,added_in_aggressive_acquisition,fastener_technical_reference_pdf,https://www.fastenal.com/content/merch_rules/images/fcom/content-library/Fastener%20Reference%20Guide.pdf,vendor_name;source_url;retrieved_date;purchase_or_source_link
Public website; account may affect pricing/procurement,public_site_catalog_parse,Fastener category taxonomy and current product-offer entry point.,offer_or_catalog,current_public_offer_reference,tools_fasteners_hardware_property_cabinet,seed_category_urls_then_extract_jsonld_or_product_cards,1,show structured facts and source/vendor links; do not clone page layout,US/Canada,manual_addition,FASTENAL_PRODUCT_FASTENERS,Fastenal Fasteners Product Category,added_in_aggressive_acquisition,public_category_catalog,https://www.fastenal.com/product/Fasteners,vendor_name;source_url;retrieved_date;purchase_or_source_link
Public catalog index; account may affect pricing,public_site_catalog_parse,Large MRO/industrial/tools/fasteners/hardware/safety/plumbing/electrical catalog structure.,offer_or_catalog,industrial_catalog_reference,tools_fasteners_hardware_property_cabinet,seed_category_urls_then_extract_jsonld_or_product_cards,1,show structured facts and source/vendor links; do not clone page layout,US/Canada reference,Comparator-definitions/data-sources/tools_fasteners_hardware_property_cabinet/normalized/tools_fasteners_hardware_property_cabinet_source_catalog.json,GRAINGER_CATALOG_INDEX,Grainger Catalog Index,Tools_Fasteners_Hardware_Property_Cabinet_Data_Sources_GitHub_Import_v0_1.zip,industrial_supply_catalog_index,https://www.grainger.com/content/catalog-index,vendor_name;source_url;retrieved_date;purchase_or_source_link
Public catalog index; account may affect pricing,public_site_catalog_parse,Large industrial/MRO product index; source advertises over 1.5 million products.,offer_or_catalog,industrial_catalog_reference,tools_fasteners_hardware_property_cabinet,seed_category_urls_then_extract_jsonld_or_product_cards,1,show structured facts and source/vendor links; do not clone page layout,US/Canada reference,manual_addition,GRAINGER_CATALOG_INDEX_CURRENT,Grainger Catalog Index,added_in_aggressive_acquisition,industrial_supply_catalog_index,https://www.grainger.com/content/catalog-index,vendor_name;source_url;retrieved_date;purchase_or_source_link
Public product-category catalog,manual_review,"Cabinet pull/knob category rows, finishes, dimensions and product source links.",offer_or_catalog,current_public_offer_reference,tools_fasteners_hardware_property_cabinet,open_source_review_then_assign_connector_type,1,show structured facts and source/vendor links; do not clone page layout,Canada/US,manual_addition,RICHELIEU_CABINET_PULLS_KNOBS,Richelieu Cabinet Hardware - Pulls and Knobs,added_in_aggressive_acquisition,public_category_catalog,https://www.richelieu.com/ca/en/category/decorative-hardware/cabinet-hardware-pulls-and-knobs/1064512,vendor_name;source_url;retrieved_date;purchase_or_source_link
Public catalog library,public_site_catalog_parse,"Decorative hardware, cabinet hardware, shop supplies, kitchen/cabinet/furniture hardware catalogs.",offer_or_catalog,manufacturer_distributor_catalog_reference,tools_fasteners_hardware_property_cabinet,seed_category_urls_then_extract_jsonld_or_product_cards,1,show structured facts and source/vendor links; do not clone page layout,Canada,Comparator-definitions/data-sources/tools_fasteners_hardware_property_cabinet/normalized/tools_fasteners_hardware_property_cabinet_source_catalog.json,RICHELIEU_CATALOG_LIBRARY_CA,Richelieu Canada Catalog Library,Tools_Fasteners_Hardware_Property_Cabinet_Data_Sources_GitHub_Import_v0_1.zip,cabinet_furniture_hardware_catalog_library,https://www.richelieu.com/ca/en/catalog,vendor_name;source_url;retrieved_date;purchase_or_source_link
Public index,manual_review,"Cabinet hardware, hinges, glass hardware, sliding systems, organizers and product index taxonomy.",source,product_index_reference,tools_fasteners_hardware_property_cabinet,open_source_review_then_assign_connector_type,1,show structured facts and source/vendor links; do not clone page layout,Canada/US,Comparator-definitions/data-sources/tools_fasteners_hardware_property_cabinet/normalized/tools_fasteners_hardware_property_cabinet_source_catalog.json,RICHELIEU_PRODUCT_INDEX,Richelieu Product Index,Tools_Fasteners_Hardware_Property_Cabinet_Data_Sources_GitHub_Import_v0_1.zip,cabinet_hardware_product_index,https://www.richelieu.com/us/en/index,vendor_name;source_url;retrieved_date;purchase_or_source_link
Public classification browser/download options vary,manual_review,"Procurement classification for tools, fasteners, hardware, building maintenance and property supplies.",classification,procurement_classification,tools_fasteners_hardware_property_cabinet,open_source_review_then_assign_connector_type,1,show structured facts and source/vendor links; do not clone page layout,global,Comparator-definitions/data-sources/tools_fasteners_hardware_property_cabinet/normalized/tools_fasteners_hardware_property_cabinet_source_catalog.json,UNSPSC,UNSPSC commodity classification,Tools_Fasteners_Hardware_Property_Cabinet_Data_Sources_GitHub_Import_v0_1.zip,global_commodity_classification,https://www.unspsc.org/,vendor_name;source_url;retrieved_date;purchase_or_source_link
Commercial account/login required,account_api_or_commercial_feed,"Professional repair-shop ordering, VIN scanning, in-stock parts and same-day delivery workflow.",offer_or_catalog,commercial_parts_offer_source,auto_parts_fitment,request_api_key_account_or_feed_access,2,show structured facts and source/vendor links; do not clone page layout,US/Canada,Comparator-definitions/data-sources/auto_parts_fitment/normalized/auto_parts_fitment_source_catalog.json,NAPA_PROLINK,NAPA PROLink,Auto_Parts_Fitment_Data_Sources_GitHub_Import_v0_1.zip,commercial_repair_shop_parts_catalog,https://www.napaprolink.com/,vendor_name;source_url;retrieved_date;purchase_or_source_link
Public website; regional store/pricing may vary,public_site_catalog_parse,"Current NAPA aftermarket parts catalog, categories, brand/part info and local availability.",offer_or_catalog,current_public_offer_reference,auto_parts_fitment,seed_category_urls_then_extract_jsonld_or_product_cards,2,show structured facts and source/vendor links; do not clone page layout,US/Canada,Comparator-definitions/data-sources/auto_parts_fitment/normalized/auto_parts_fitment_source_catalog.json,NAPA_PUBLIC_CATALOG,NAPA Auto Parts public catalog,Auto_Parts_Fitment_Data_Sources_GitHub_Import_v0_1.zip,public_auto_parts_retail_catalog,https://www.napaonline.com/,vendor_name;source_url;retrieved_date;purchase_or_source_link
Public API,direct_download_or_public_api,Vehicle/part safety evidence and recalls context.,evidence,safety_evidence,auto_parts_fitment,download_bulk_file_or_call_public_api,2,show structured facts and source/vendor links; do not clone page layout,US,Comparator-definitions/data-sources/auto_parts_fitment/normalized/auto_parts_fitment_source_catalog.json,NHTSA_RECALLS,NHTSA recalls API,Auto_Parts_Fitment_Data_Sources_GitHub_Import_v0_1.zip,vehicle_recall_safety_api,https://www.nhtsa.gov/nhtsa-datasets-and-apis,vendor_name;source_url;retrieved_date;purchase_or_source_link
Public website,public_site_catalog_parse,Search by part number/manufacturer/part group/type; useful for part identity cross-checking.,source,part_identity_reference,auto_parts_fitment,seed_category_urls_then_extract_jsonld_or_product_cards,2,show structured facts and source/vendor links; do not clone page layout,US/Canada/international,Comparator-definitions/data-sources/auto_parts_fitment/normalized/auto_parts_fitment_source_catalog.json,ROCKAUTO_PART_SEARCH,RockAuto part number search,Auto_Parts_Fitment_Data_Sources_GitHub_Import_v0_1.zip,public_auto_parts_part_search,https://www.rockauto.com/en/partsearch/,vendor_name;source_url;retrieved_date;purchase_or_source_link
Public website; no official bulk API found,direct_download_or_public_api,Very broad year/make/model/engine public parts reference and current retail offers.,offer_or_catalog,current_public_offer_reference,auto_parts_fitment,download_bulk_file_or_call_public_api,2,show structured facts and source/vendor links; do not clone page layout,US/Canada/international,Comparator-definitions/data-sources/auto_parts_fitment/normalized/auto_parts_fitment_source_catalog.json,ROCKAUTO_PUBLIC_CATALOG,RockAuto public parts catalog,Auto_Parts_Fitment_Data_Sources_GitHub_Import_v0_1.zip,public_auto_parts_retail_catalog,https://www.rockauto.com/en/catalog/,vendor_name;source_url;retrieved_date;purchase_or_source_link
Commercial platform/contact required,account_api_or_commercial_feed,"ACES/PIES catalog creation, mapping, updating, e-commerce and fitment lookup platform.",offer_or_catalog,commercial_catalog_platform,auto_parts_fitment,request_api_key_account_or_feed_access,2,show structured facts and source/vendor links; do not clone page layout,US/Canada,Comparator-definitions/data-sources/auto_parts_fitment/normalized/auto_parts_fitment_source_catalog.json,SHOWMETHEPARTS,ShowMeTheParts,Auto_Parts_Fitment_Data_Sources_GitHub_Import_v0_1.zip,auto_parts_catalog_fitment_platform,https://info.showmetheparts.com/,vendor_name;source_url;retrieved_date;purchase_or_source_link
Commercial/API access required,account_api_or_commercial_feed,"Year/make/model, VIN, license-plate and detailed part-fitment searches where available.",offer_or_catalog,commercial_fitment_api,auto_parts_fitment,request_api_key_account_or_feed_access,2,show structured facts and source/vendor links; do not clone page layout,US/Canada,Comparator-definitions/data-sources/auto_parts_fitment/normalized/auto_parts_fitment_source_catalog.json,SHOWMETHEPARTS_API,ShowMeTheParts API,Auto_Parts_Fitment_Data_Sources_GitHub_Import_v0_1.zip,commercial_auto_parts_fitment_api,https://info.showmetheparts.com/utilize-showmetheparts-api-for-detailed-searches-beyond-year-make-model/,vendor_name;source_url;retrieved_date;purchase_or_source_link
Public search/download options,manual_review,"Canadian recall/safety evidence for vehicles, tires and child seats.",evidence,safety_evidence,auto_parts_fitment,open_source_review_then_assign_connector_type,2,show structured facts and source/vendor links; do not clone page layout,Canada,Comparator-definitions/data-sources/auto_parts_fitment/normalized/auto_parts_fitment_source_catalog.json,TRANSPORT_CANADA_RECALLS,Transport Canada vehicle recalls,Auto_Parts_Fitment_Data_Sources_GitHub_Import_v0_1.zip,vehicle_recall_safety_dataset,https://tc.canada.ca/en/road-transportation/defects-recalls-vehicles-tires-child-car-seats,vendor_name;source_url;retrieved_date;purchase_or_source_link
Public search,manual_review,"Wireless/RF device certification evidence, photos, filings and authorization records.",evidence,regulatory_evidence,computer_it_communications,open_source_review_then_assign_connector_type,2,show structured facts and source/vendor links; do not clone page layout,US,Comparator-definitions/data-sources/computer_it_communications/normalized/computer_it_communications_source_catalog.json,FCC_EQUIPMENT_AUTHORIZATION,FCC Equipment Authorization Search,Computer_IT_Communications_Product_Data_Sources_GitHub_Import_v0_1.zip,wireless_rf_device_certification_database,https://www.fcc.gov/oet/ea/fccid,vendor_name;source_url;retrieved_date;purchase_or_source_link
Public CSV/JSON/XML/RDF downloads via data.gov,direct_download_or_public_api,Manufacturer/grantee lookup for FCC IDs and device evidence linkage.,source,regulatory_lookup,computer_it_communications,download_bulk_file_or_call_public_api,2,show structured facts and source/vendor links; do not clone page layout,US,Comparator-definitions/data-sources/computer_it_communications/normalized/computer_it_communications_source_catalog.json,FCC_GRANTEE_REGISTRATIONS,FCC EAS Equipment Authorization Grantee Registrations,Computer_IT_Communications_Product_Data_Sources_GitHub_Import_v0_1.zip,downloadable_government_dataset,https://catalog.data.gov/dataset/eas-equipment-authorization-grantee-registrations,vendor_name;source_url;retrieved_date;purchase_or_source_link
Reseller/developer access required,account_api_or_commercial_feed,Search products by SKU or criteria; find price and availability for SKUs.,offer_or_catalog,live_distributor_offer_source,computer_it_communications,request_api_key_account_or_feed_access,2,show structured facts and source/vendor links; do not clone page layout,US/Canada/international,Comparator-definitions/data-sources/computer_it_communications/normalized/computer_it_communications_source_catalog.json,INGRAM_MICRO_CATALOG_API,Ingram Micro Product Catalog API,Computer_IT_Communications_Product_Data_Sources_GitHub_Import_v0_1.zip,it_distributor_catalog_api,https://developer.ingrammicro.com/reseller/api-documentation/United_States,vendor_name;source_url;retrieved_date;purchase_or_source_link
Public searchable/downloadable resources,manual_review,Detailed specs and comparisons for Lenovo PCs and accessories.,technical_spec,manufacturer_spec_reference,computer_it_communications,open_source_review_then_assign_connector_type,2,show structured facts and source/vendor links; do not clone page layout,global,Comparator-definitions/data-sources/computer_it_communications/normalized/computer_it_communications_source_catalog.json,LENOVO_PSREF,Lenovo PSREF Product Specifications Reference,Computer_IT_Communications_Product_Data_Sources_GitHub_Import_v0_1.zip,manufacturer_product_spec_reference,https://psref.lenovo.com/,vendor_name;source_url;retrieved_date;purchase_or_source_link
Public web search,manual_review,Support and servicing timelines for Microsoft commercial products and services.,evidence,lifecycle_evidence,computer_it_communications,open_source_review_then_assign_connector_type,2,show structured facts and source/vendor links; do not clone page layout,global,Comparator-definitions/data-sources/computer_it_communications/normalized/computer_it_communications_source_catalog.json,MICROSOFT_PRODUCT_LIFECYCLE,Microsoft Product Lifecycle Search,Computer_IT_Communications_Product_Data_Sources_GitHub_Import_v0_1.zip,software_lifecycle_reference,https://learn.microsoft.com/en-us/lifecycle/products/,vendor_name;source_url;retrieved_date;purchase_or_source_link
Partner/developer access required,account_api_or_commercial_feed,"Product APIs for product details, features, capabilities, pricing and more.",offer_or_catalog,live_distributor_offer_source,computer_it_communications,request_api_key_account_or_feed_access,2,show structured facts and source/vendor links; do not clone page layout,US/Canada/international,Comparator-definitions/data-sources/computer_it_communications/normalized/computer_it_communications_source_catalog.json,TD_SYNNEX_ION_API,TD SYNNEX StreamOne Ion Catalog API,Computer_IT_Communications_Product_Data_Sources_GitHub_Import_v0_1.zip,it_distributor_catalog_api,https://www.tdsynnex.com/ion/v3api/,vendor_name;source_url;retrieved_date;purchase_or_source_link
Public/free catalogs and downloads,manual_review,"Commercial furnishings, fixtures, cabinets, architectural interiors, furniture systems and specification catalogues.",offer_or_catalog,catalog_spec_reference,furnishings_furniture,open_source_review_then_assign_connector_type,2,show structured facts and source/vendor links; do not clone page layout,US/Canada/international,Comparator-definitions/data-sources/furnishings_furniture/normalized/furnishings_furniture_source_catalog.json,ARCAT_FURNITURE_CATALOGS,ARCAT building/furnishings product catalogs,Furnishings_Furniture_Data_Sources_GitHub_Import_v0_1.zip,manufacturer_catalog_directory,https://www.arcat.com/content-type/catalog,vendor_name;source_url;retrieved_date;purchase_or_source_link
Public reference; standards may be paid,manual_review,"Office/institutional furniture standards context, safety, durability and sustainability evidence.",source,standards_reference,furnishings_furniture,open_source_review_then_assign_connector_type,2,show structured facts and source/vendor links; do not clone page layout,North America/global,Comparator-definitions/data-sources/furnishings_furniture/normalized/furnishings_furniture_source_catalog.json,BIFMA_HOME,BIFMA standards and association,Furnishings_Furniture_Data_Sources_GitHub_Import_v0_1.zip,furniture_standards_reference,https://www.bifma.org/,vendor_name;source_url;retrieved_date;purchase_or_source_link
Open-source client; depends on IKEA endpoints/terms,manual_review,Investigate IKEA search/product endpoints for controlled lookup experiments.,offer_or_catalog,candidate_api_connector,furnishings_furniture,open_source_review_then_assign_connector_type,2,show structured facts and source/vendor links; do not clone page layout,global,Comparator-definitions/data-sources/furnishings_furniture/normalized/furnishings_furniture_source_catalog.json,IKEA_API_CLIENT_GITHUB,Community IKEA API client,Furnishings_Furniture_Data_Sources_GitHub_Import_v0_1.zip,unofficial_api_client,https://github.com/vrslev/ikea-api-client,vendor_name;source_url;retrieved_date;purchase_or_source_link
Commercial API,account_api_or_commercial_feed,"Real-time authorization-aware furniture, mattress and appliance product data across many brands.",offer_or_catalog,commercial_live_product_feed,furnishings_furniture,request_api_key_account_or_feed_access,2,show structured facts and source/vendor links; do not clone page layout,US/Canada likely,Comparator-definitions/data-sources/furnishings_furniture/normalized/furnishings_furniture_source_catalog.json,SKULYTICS_FURNITURE,Skulytics furniture/mattress/appliance product data API,Furnishings_Furniture_Data_Sources_GitHub_Import_v0_1.zip,commercial_product_data_api,https://skulytics.io/,vendor_name;source_url;retrieved_date;purchase_or_source_link
Public directory,manual_review,"Commercial furniture, casework, interior specialties, fixtures and manufacturer specification pages.",offer_or_catalog,catalog_spec_reference,furnishings_furniture,open_source_review_then_assign_connector_type,2,show structured facts and source/vendor links; do not clone page layout,US/Canada/international,Comparator-definitions/data-sources/furnishings_furniture/normalized/furnishings_furniture_source_catalog.json,SWEETS_FURNISHINGS,Sweets construction/furnishings product directory,Furnishings_Furniture_Data_Sources_GitHub_Import_v0_1.zip,building_product_directory,https://sweets.construction.com/,vendor_name;source_url;retrieved_date;purchase_or_source_link
Developer/partner access,account_api_or_commercial_feed,Wayfair catalog/product/3D API research path.,source,access_path,furnishings_furniture,request_api_key_account_or_feed_access,2,show structured facts and source/vendor links; do not clone page layout,US/global,Comparator-definitions/data-sources/furnishings_furniture/normalized/furnishings_furniture_source_catalog.json,WAYFAIR_DEVELOPER,Wayfair Developer,Furnishings_Furniture_Data_Sources_GitHub_Import_v0_1.zip,developer_portal,https://developer.wayfair.io/posts/introduction,vendor_name;source_url;retrieved_date;purchase_or_source_link
Open-source GitHub tooling; API key required,direct_download_or_public_api,Bulk download tooling and documentation repository for Best Buy catalog API.,offer_or_catalog,bulk_catalog_tooling,housewares_kitchen_appliances_clothing,download_bulk_file_or_call_public_api,2,show structured facts and source/vendor links; do not clone page layout,US,Comparator-definitions/data-sources/housewares_kitchen_appliances_clothing/normalized/housewares_kitchen_appliances_clothing_source_catalog.json,BEST_BUY_BULK_CLI,Best Buy API CLI / bulk download tooling,Housewares_Kitchen_Appliances_Clothing_Data_Sources_GitHub_Import_v0_1.zip,retailer_api_tooling,https://github.com/bestbuyapis,vendor_name;source_url;retrieved_date;purchase_or_source_link
Public Hugging Face dataset,manual_review,Fashion product images and metadata mirrored on Hugging Face; useful for offline classification tests.,offer_or_catalog,fashion_catalog_dataset,housewares_kitchen_appliances_clothing,open_source_review_then_assign_connector_type,2,show structured facts and source/vendor links; do not clone page layout,global,Comparator-definitions/data-sources/housewares_kitchen_appliances_clothing/normalized/housewares_kitchen_appliances_clothing_source_catalog.json,HUGGINGFACE_FASHION_PRODUCT_IMAGES_SMALL,Hugging Face Fashion Product Images Small,Housewares_Kitchen_Appliances_Clothing_Data_Sources_GitHub_Import_v0_1.zip,fashion_dataset,https://huggingface.co/datasets/ashraq/fashion-product-images-small,vendor_name;source_url;retrieved_date;purchase_or_source_link
Kaggle dataset/account terms apply,manual_review,"Larger clothing/accessory/fashion product dataset with category labels, descriptions and images.",offer_or_catalog,fashion_catalog_dataset,housewares_kitchen_appliances_clothing,open_source_review_then_assign_connector_type,2,show structured facts and source/vendor links; do not clone page layout,global,Comparator-definitions/data-sources/housewares_kitchen_appliances_clothing/normalized/housewares_kitchen_appliances_clothing_source_catalog.json,PARAM_AGGARWAL_FASHION_FULL,Fashion Product Images Dataset,Housewares_Kitchen_Appliances_Clothing_Data_Sources_GitHub_Import_v0_1.zip,fashion_dataset,https://www.kaggle.com/datasets/paramaggarwal/fashion-product-images-dataset,vendor_name;source_url;retrieved_date;purchase_or_source_link
Kaggle dataset/account terms apply,manual_review,"Fashion catalogue image/spec dataset using styles.csv with product IDs, categories and images.",offer_or_catalog,fashion_catalog_dataset,housewares_kitchen_appliances_clothing,open_source_review_then_assign_connector_type,2,show structured facts and source/vendor links; do not clone page layout,global,Comparator-definitions/data-sources/housewares_kitchen_appliances_clothing/normalized/housewares_kitchen_appliances_clothing_source_catalog.json,PARAM_AGGARWAL_FASHION_SMALL,Fashion Product Images Small,Housewares_Kitchen_Appliances_Clothing_Data_Sources_GitHub_Import_v0_1.zip,fashion_dataset,https://www.kaggle.com/datasets/paramaggarwal/fashion-product-images-small,vendor_name;source_url;retrieved_date;purchase_or_source_link
GS1 Canada membership/API access required,account_api_or_commercial_feed,"Canadian product listing data, images and product-content access via ECCnet Content API.",offer_or_catalog,product_registry_api,housewares_kitchen_appliances_clothing;office_supplies_low_cost_general;furnishings_furniture,request_api_key_account_or_feed_access,2,show structured facts and source/vendor links; do not clone page layout,Canada,Comparator-definitions/data-sources/housewares_kitchen_appliances_clothing/normalized/housewares_kitchen_appliances_clothing_source_catalog.json,GS1_CA_ECCNET,GS1 Canada ECCnet Registry / Content API,Housewares_Kitchen_Appliances_Clothing_Data_Sources_GitHub_Import_v0_1.zip;Office_Supplies_Low_Cost_General_Data_Sources_GitHub_Import_v0_1.zip;Furnishings_Furniture_Data_Sources_GitHub_Import_v0_1.zip,canadian_product_registry_api,https://gs1ca.org/content-access/,vendor_name;source_url;retrieved_date;purchase_or_source_link
Public/free catalog and BIM downloads,manual_review,"Manufacturer catalogs, specs, CAD/BIM details and construction product categories.",offer_or_catalog,catalog_spec_conversion,housing_construction_materials,open_source_review_then_assign_connector_type,2,show structured facts and source/vendor links; do not clone page layout,US/Canada/international,Comparator-definitions/data-sources/housing_construction_materials/normalized/construction_product_source_catalog.json,ARCAT_CATALOGS,ARCAT Building Product Catalogs,Housing_Construction_Product_Data_Sources_GitHub_Import_v0_1.zip,manufacturer_catalog_directory,https://www.arcat.com/content-type/catalog,vendor_name;source_url;retrieved_date;purchase_or_source_link
Public PDF,pdf_or_catalog_parse,"Canadian supplier/product program rules, made-in-Canada fields and quality expectations.",offer_or_catalog,template_process,housing_construction_materials,download_pdf_or_catalog_pages_then_extract_tables,2,show structured facts and source/vendor links; do not clone page layout,Canada,Comparator-definitions/data-sources/housing_construction_materials/normalized/construction_product_source_catalog.json,HOME_HARDWARE_SUPPLIER_GUIDE,Home Hardware Supplier Guide,Housing_Construction_Product_Data_Sources_GitHub_Import_v0_1.zip,supplier_policy_catalog_guidelines,https://homehardware.sirv.com/supplier-guide/HHSL%20Supplier%20Guide%20Version%203.1.pdf,vendor_name;source_url;retrieved_date;purchase_or_source_link
Public searchable reports,manual_review,Evaluation evidence for code officials and approved building products.,evidence,evidence,housing_construction_materials,open_source_review_then_assign_connector_type,2,show structured facts and source/vendor links; do not clone page layout,US/international,Comparator-definitions/data-sources/housing_construction_materials/normalized/construction_product_source_catalog.json,ICC_ES_REPORTS,ICC-ES Reports Directory,Housing_Construction_Product_Data_Sources_GitHub_Import_v0_1.zip,code_compliance_reports,https://icc-es.org/reports-directory/,vendor_name;source_url;retrieved_date;purchase_or_source_link
Sign up for API key,account_api_or_commercial_feed,Developer/API access for Lowe's product and operations APIs.,source,access_path,housing_construction_materials,request_api_key_account_or_feed_access,2,show structured facts and source/vendor links; do not clone page layout,US,Comparator-definitions/data-sources/housing_construction_materials/normalized/construction_product_source_catalog.json,LOWES_API_PORTAL,Lowe's API Portal,Housing_Construction_Product_Data_Sources_GitHub_Import_v0_1.zip,developer_portal,https://portal.apim.lowes.com/,vendor_name;source_url;retrieved_date;purchase_or_source_link
Developer portal/API key likely required,account_api_or_commercial_feed,"Current products, prices, promotions, inventory and localized product info.",offer_or_catalog,live_offer_source,housing_construction_materials,request_api_key_account_or_feed_access,2,show structured facts and source/vendor links; do not clone page layout,US,Comparator-definitions/data-sources/housing_construction_materials/normalized/construction_product_source_catalog.json,LOWES_PRODUCT_CATALOG_API,Lowe's Product Catalog API,Housing_Construction_Product_Data_Sources_GitHub_Import_v0_1.zip,retailer_product_api,https://developer.lowes.com/portal/business-components/Product%20Catalog/,vendor_name;source_url;retrieved_date;purchase_or_source_link
Public PDF,pdf_or_catalog_parse,RONA product onboarding workflow and advanced catalog expectations.,offer_or_catalog,template_process,housing_construction_materials,download_pdf_or_catalog_pages_then_extract_tables,2,show structured facts and source/vendor links; do not clone page layout,Canada,Comparator-definitions/data-sources/housing_construction_materials/normalized/construction_product_source_catalog.json,RONA_DROPSHIP_GUIDE,RONA Dropship Operational Guide,Housing_Construction_Product_Data_Sources_GitHub_Import_v0_1.zip,supplier_catalog_onboarding_guide,https://vendors.rona.ca/media/unnlaaso/rona-dropship-operational-guide.pdf,vendor_name;source_url;retrieved_date;purchase_or_source_link
Public docs + supplier login,account_api_or_commercial_feed,"RONA product-content fields, photo rules, dropship vendor expectations and onboarding data requirements.",source,template_design,housing_construction_materials,request_api_key_account_or_feed_access,2,show structured facts and source/vendor links; do not clone page layout,Canada,Comparator-definitions/data-sources/housing_construction_materials/normalized/construction_product_source_catalog.json,RONA_SUPPLIER_DOCUMENTATION,RONA Product Supplier Documentation,Housing_Construction_Product_Data_Sources_GitHub_Import_v0_1.zip,supplier_guidelines,https://vendors.rona.ca/product-supplier/documentation,vendor_name;source_url;retrieved_date;purchase_or_source_link
Public directory,manual_review,"Manufacturer product pages, CAD details, BIM objects, specs and green product info.",offer_or_catalog,catalog_spec_reference,housing_construction_materials,open_source_review_then_assign_connector_type,2,show structured facts and source/vendor links; do not clone page layout,US/Canada/international,Comparator-definitions/data-sources/housing_construction_materials/normalized/construction_product_source_catalog.json,SWEETS,Sweets Construction Product Directory,Housing_Construction_Product_Data_Sources_GitHub_Import_v0_1.zip,building_product_directory,https://sweets.construction.com/,vendor_name;source_url;retrieved_date;purchase_or_source_link
Free account/login usually required,account_api_or_commercial_feed,UL-certified product evidence and safety/compliance lookups.,evidence,certification,housing_construction_materials,request_api_key_account_or_feed_access,2,show structured facts and source/vendor links; do not clone page layout,US/Canada/international,Comparator-definitions/data-sources/housing_construction_materials/normalized/construction_product_source_catalog.json,UL_PRODUCT_IQ,UL Product iQ,Housing_Construction_Product_Data_Sources_GitHub_Import_v0_1.zip,certification_database,https://productiq.ulprospector.com/,vendor_name;source_url;retrieved_date;purchase_or_source_link
Public marketplace; product availability depends on local store/market,manual_review,Current local Dollarama delivery catalogue rows where available.,offer_or_catalog,marketplace_offer_reference,office_supplies_low_cost_general,open_source_review_then_assign_connector_type,2,show structured facts and source/vendor links; do not clone page layout,Canada,Comparator-definitions/data-sources/office_supplies_low_cost_general/normalized/office_supplies_low_cost_general_source_catalog.json,DOLLARAMA_INSTACART,Dollarama on Instacart Canada,Office_Supplies_Low_Cost_General_Data_Sources_GitHub_Import_v0_1.zip,delivery_marketplace_catalog,https://www.instacart.ca/store/dollarama/storefront,vendor_name;source_url;retrieved_date;purchase_or_source_link
Public website; product browsing limited/variable,public_site_catalog_parse,"Low-cost general merchandise, seasonal items, household goods, party, craft, food/snacks, cleaning and small office supplies.",offer_or_catalog,current_public_offer_reference,office_supplies_low_cost_general,seed_category_urls_then_extract_jsonld_or_product_cards,2,show structured facts and source/vendor links; do not clone page layout,Canada,Comparator-definitions/data-sources/office_supplies_low_cost_general/normalized/office_supplies_low_cost_general_source_catalog.json,DOLLARAMA_PUBLIC_SITE,Dollarama public website,Office_Supplies_Low_Cost_General_Data_Sources_GitHub_Import_v0_1.zip,retailer_public_site,https://www.dollarama.com/en-ca/,vendor_name;source_url;retrieved_date;purchase_or_source_link
Free business account; catalog/integration features vary,manual_review,"Business office supplies, procurement controls and product catalogue access.",offer_or_catalog,current_business_catalog,office_supplies_low_cost_general,open_source_review_then_assign_connector_type,2,show structured facts and source/vendor links; do not clone page layout,US/North America,Comparator-definitions/data-sources/office_supplies_low_cost_general/normalized/office_supplies_low_cost_general_source_catalog.json,STAPLES_ADVANTAGE,Staples Business Advantage / Staples Business,Office_Supplies_Low_Cost_General_Data_Sources_GitHub_Import_v0_1.zip,business_retail_catalog,https://www.staplesadvantage.com/,vendor_name;source_url;retrieved_date;purchase_or_source_link
GS1 Canada access required,manual_review,High-quality bilingual standardized product images for retail and online use.,evidence,product_image_evidence,product_identity_barcode_classification,open_source_review_then_assign_connector_type,2,show structured facts and source/vendor links; do not clone page layout,Canada,Comparator-definitions/data-sources/product_identity_barcode_classification/normalized/product_identity_source_catalog.json,GS1_CA_MARKETING_CONTENT,GS1 Canada ECCnet Marketing Content,Product_Identity_Barcode_Classification_Data_Sources_GitHub_Import_v0_1.zip,canadian_product_image_content,https://gs1ca.org/marketing-content/,vendor_name;source_url;retrieved_date;purchase_or_source_link
Open data/API,direct_download_or_public_api,Cosmetics and personal-care product identity and ingredient data.,source,open_product_identity_records,product_identity_barcode_classification,download_bulk_file_or_call_public_api,2,show structured facts and source/vendor links; do not clone page layout,global,Comparator-definitions/data-sources/product_identity_barcode_classification/normalized/product_identity_source_catalog.json,OPEN_BEAUTY_FACTS,Open Beauty Facts,Product_Identity_Barcode_Classification_Data_Sources_GitHub_Import_v0_1.zip,open_cosmetics_personal_care_database,https://world.openbeautyfacts.org/,vendor_name;source_url;retrieved_date;purchase_or_source_link
Open data/API; coverage uneven,direct_download_or_public_api,Experimental open barcode/product source for non-food general merchandise.,source,open_product_identity_records,product_identity_barcode_classification;furnishings_furniture,download_bulk_file_or_call_public_api,2,show structured facts and source/vendor links; do not clone page layout,global,Comparator-definitions/data-sources/product_identity_barcode_classification/normalized/product_identity_source_catalog.json,OPEN_PRODUCTS_FACTS,Open Products Facts,Product_Identity_Barcode_Classification_Data_Sources_GitHub_Import_v0_1.zip;Furnishings_Furniture_Data_Sources_GitHub_Import_v0_1.zip,open_non_food_product_database,https://world.openproductsfacts.org/,vendor_name;source_url;retrieved_date;purchase_or_source_link
Public PDF catalog aggregation,pdf_or_catalog_parse,Accuride model-specific slide technical specifications and application notes.,offer_or_catalog,manufacturer_spec_reference,tools_fasteners_hardware_property_cabinet,download_pdf_or_catalog_pages_then_extract_tables,2,show structured facts and source/vendor links; do not clone page layout,global,Comparator-definitions/data-sources/tools_fasteners_hardware_property_cabinet/normalized/tools_fasteners_hardware_property_cabinet_source_catalog.json,ACCURIDE_DIRECTINDUSTRY_PDF,Accuride technical PDF catalog pages,Tools_Fasteners_Hardware_Property_Cabinet_Data_Sources_GitHub_Import_v0_1.zip,drawer_slide_technical_catalog,https://pdf.directindustry.com/pdf/accuride/2601/26400-756277.html,vendor_name;source_url;retrieved_date;purchase_or_source_link
Public site,public_site_catalog_parse,"Lift, hinge, pull-out and pocket systems for furniture/cabinet makers and hardware distributors.",source,manufacturer_product_reference,tools_fasteners_hardware_property_cabinet,seed_category_urls_then_extract_jsonld_or_product_cards,2,show structured facts and source/vendor links; do not clone page layout,Canada,Comparator-definitions/data-sources/tools_fasteners_hardware_property_cabinet/normalized/tools_fasteners_hardware_property_cabinet_source_catalog.json,BLUM_CANADA,Blum Canada public site,Tools_Fasteners_Hardware_Property_Cabinet_Data_Sources_GitHub_Import_v0_1.zip,manufacturer_product_site,https://www.blum.com/ca/en/,vendor_name;source_url;retrieved_date;purchase_or_source_link
Public catalogue/site; account/branch context may affect offer,public_site_catalog_parse,"Fasteners, fittings, valves, clamps, hose, material handling, bins, storage and Red Deer branch context.",offer_or_catalog,current_public_offer_reference,tools_fasteners_hardware_property_cabinet,seed_category_urls_then_extract_jsonld_or_product_cards,2,show structured facts and source/vendor links; do not clone page layout,Canada/Western Canada,Comparator-definitions/data-sources/tools_fasteners_hardware_property_cabinet/normalized/tools_fasteners_hardware_property_cabinet_source_catalog.json,BOLT_SUPPLY_HOUSE,Bolt Supply House,Tools_Fasteners_Hardware_Property_Cabinet_Data_Sources_GitHub_Import_v0_1.zip,canadian_fastener_industrial_catalog,https://www.boltsupply.com/,vendor_name;source_url;retrieved_date;purchase_or_source_link
Public location page,manual_review,Local branch evidence for Red Deer property/industrial fastener sourcing.,source,local_supplier_reference,tools_fasteners_hardware_property_cabinet,open_source_review_then_assign_connector_type,2,show structured facts and source/vendor links; do not clone page layout,"Red Deer, Alberta",Comparator-definitions/data-sources/tools_fasteners_hardware_property_cabinet/normalized/tools_fasteners_hardware_property_cabinet_source_catalog.json,BOLT_SUPPLY_RED_DEER,Bolt Supply House Red Deer location,Tools_Fasteners_Hardware_Property_Cabinet_Data_Sources_GitHub_Import_v0_1.zip,local_supplier_branch,https://www.boltsupply.com/locations/red-deer,vendor_name;source_url;retrieved_date;purchase_or_source_link
Public site; pricing/stock store-dependent,public_site_catalog_parse,"Tools, hardware, automotive, home, seasonal, property maintenance and general merchandise offer reference.",offer_or_catalog,current_public_offer_reference,tools_fasteners_hardware_property_cabinet,seed_category_urls_then_extract_jsonld_or_product_cards,2,show structured facts and source/vendor links; do not clone page layout,Canada,Comparator-definitions/data-sources/tools_fasteners_hardware_property_cabinet/normalized/tools_fasteners_hardware_property_cabinet_source_catalog.json,CANADIAN_TIRE_PUBLIC_SITE,Canadian Tire public catalogue,Tools_Fasteners_Hardware_Property_Cabinet_Data_Sources_GitHub_Import_v0_1.zip,retailer_public_catalog,https://www.canadiantire.ca/,vendor_name;source_url;retrieved_date;purchase_or_source_link
Public website; account affects pricing/procurement,public_site_catalog_parse,"Fasteners, safety, tools, vending/inventory-management and industrial supplies.",offer_or_catalog,current_public_offer_reference,tools_fasteners_hardware_property_cabinet,seed_category_urls_then_extract_jsonld_or_product_cards,2,show structured facts and source/vendor links; do not clone page layout,US/Canada/international,Comparator-definitions/data-sources/tools_fasteners_hardware_property_cabinet/normalized/tools_fasteners_hardware_property_cabinet_source_catalog.json,FASTENAL_PUBLIC_SITE,Fastenal public catalogue,Tools_Fasteners_Hardware_Property_Cabinet_Data_Sources_GitHub_Import_v0_1.zip,fastener_industrial_public_catalog,https://www.fastenal.com/,vendor_name;source_url;retrieved_date;purchase_or_source_link
Public site; account may affect pricing,public_site_catalog_parse,"Canadian MRO, tools, fasteners, property supplies, safety, electrical and industrial offer reference.",offer_or_catalog,current_public_offer_reference,tools_fasteners_hardware_property_cabinet,seed_category_urls_then_extract_jsonld_or_product_cards,2,show structured facts and source/vendor links; do not clone page layout,Canada,Comparator-definitions/data-sources/tools_fasteners_hardware_property_cabinet/normalized/tools_fasteners_hardware_property_cabinet_source_catalog.json,GRAINGER_CANADA_PUBLIC,Grainger Canada public catalogue,Tools_Fasteners_Hardware_Property_Cabinet_Data_Sources_GitHub_Import_v0_1.zip,industrial_supply_retail_catalog,https://www.grainger.ca/,vendor_name;source_url;retrieved_date;purchase_or_source_link
Kaggle download/account terms apply,manual_review,"Prototype Grainger-style industrial catalog records with product URLs, manufacturer item number, Grainger part number, price and product image.",source,training_sample_dataset,tools_fasteners_hardware_property_cabinet,open_source_review_then_assign_connector_type,2,show structured facts and source/vendor links; do not clone page layout,reference,manual_addition,GRAINGER_KAGGLE_140K,Grainger Products Database - 140K Records,added_in_aggressive_acquisition,third_party_dataset,https://www.kaggle.com/datasets/thedevastator/grainger-products-database-140k-records,vendor_name;source_url;retrieved_date;purchase_or_source_link
Public website; catalogue/account context unclear,public_site_catalog_parse,"Western Canadian industrial, agricultural, automotive, safety, heavy-duty truck, construction and property supplies.",offer_or_catalog,current_public_offer_reference,tools_fasteners_hardware_property_cabinet,seed_category_urls_then_extract_jsonld_or_product_cards,2,show structured facts and source/vendor links; do not clone page layout,Western Canada,Comparator-definitions/data-sources/tools_fasteners_hardware_property_cabinet/normalized/tools_fasteners_hardware_property_cabinet_source_catalog.json,GREGG_DISTRIBUTORS,Gregg Distributors,Tools_Fasteners_Hardware_Property_Cabinet_Data_Sources_GitHub_Import_v0_1.zip,canadian_industrial_supply_catalog,https://greggdistributors.ca/,vendor_name;source_url;retrieved_date;purchase_or_source_link
Public online catalogue/account pricing may vary,manual_review,"Architectural hardware, furniture fittings, kitchen storage, sliding/door hardware, lighting and cabinet hardware.",offer_or_catalog,manufacturer_distributor_catalog_reference,tools_fasteners_hardware_property_cabinet,open_source_review_then_assign_connector_type,2,show structured facts and source/vendor links; do not clone page layout,Canada/global,Comparator-definitions/data-sources/tools_fasteners_hardware_property_cabinet/normalized/tools_fasteners_hardware_property_cabinet_source_catalog.json,HAFELE_CANADA,Häfele Canada,Tools_Fasteners_Hardware_Property_Cabinet_Data_Sources_GitHub_Import_v0_1.zip,cabinet_architectural_hardware_catalog,https://www.hafele.ca/,vendor_name;source_url;retrieved_date;purchase_or_source_link
Public site/catalogs,public_site_catalog_parse,"Drawer systems, hinges, sliding/folding doors, cabinet hardware, furniture fittings.",offer_or_catalog,manufacturer_spec_reference,tools_fasteners_hardware_property_cabinet,seed_category_urls_then_extract_jsonld_or_product_cards,2,show structured facts and source/vendor links; do not clone page layout,Canada/global,Comparator-definitions/data-sources/tools_fasteners_hardware_property_cabinet/normalized/tools_fasteners_hardware_property_cabinet_source_catalog.json,HETTICH_CANADA,Hettich Canada,Tools_Fasteners_Hardware_Property_Cabinet_Data_Sources_GitHub_Import_v0_1.zip,furniture_fittings_catalog,https://web.hettich.com/en-ca/home,vendor_name;source_url;retrieved_date;purchase_or_source_link
Public retail catalog,manual_review,"Woodworking tools, hardware, gardening, cabinet hardware and property/home tools.",offer_or_catalog,current_public_offer_reference,tools_fasteners_hardware_property_cabinet,open_source_review_then_assign_connector_type,2,show structured facts and source/vendor links; do not clone page layout,Canada,Comparator-definitions/data-sources/tools_fasteners_hardware_property_cabinet/normalized/tools_fasteners_hardware_property_cabinet_source_catalog.json,LEE_VALLEY,Lee Valley Tools,Tools_Fasteners_Hardware_Property_Cabinet_Data_Sources_GitHub_Import_v0_1.zip,tools_hardware_woodworking_catalog,https://www.leevalley.com/,vendor_name;source_url;retrieved_date;purchase_or_source_link
"Public product pages, phone/email sales",manual_review,"Local fastener solutions, abrasives, bolts, bolt bins, storage, anchors, drill bits, hand tools, nuts, washers, screws.",source,local_supplier_reference,tools_fasteners_hardware_property_cabinet,open_source_review_then_assign_connector_type,2,show structured facts and source/vendor links; do not clone page layout,Red Deer / Western Canada,Comparator-definitions/data-sources/tools_fasteners_hardware_property_cabinet/normalized/tools_fasteners_hardware_property_cabinet_source_catalog.json,RED_DEER_BOLT,Red Deer Bolt Ltd,Tools_Fasteners_Hardware_Property_Cabinet_Data_Sources_GitHub_Import_v0_1.zip,local_fastener_supplier,https://reddeerbolt.com/,vendor_name;source_url;retrieved_date;purchase_or_source_link
Public category catalogue,public_site_catalog_parse,"Collated fasteners, datacom/low voltage, direct fastening, anchors, hardware, nuts/bolts/washers, strut, rivets, structural attachments.",offer_or_catalog,local_supplier_catalog_reference,tools_fasteners_hardware_property_cabinet,seed_category_urls_then_extract_jsonld_or_product_cards,2,show structured facts and source/vendor links; do not clone page layout,Red Deer / Alberta,Comparator-definitions/data-sources/tools_fasteners_hardware_property_cabinet/normalized/tools_fasteners_hardware_property_cabinet_source_catalog.json,RED_DEER_FASTENERS,Red Deer Fasteners,Tools_Fasteners_Hardware_Property_Cabinet_Data_Sources_GitHub_Import_v0_1.zip,local_fastener_supplier_catalog,https://www.rdfasteners.com/,vendor_name;source_url;retrieved_date;purchase_or_source_link
Public website; no official public catalog API found,public_site_catalog_parse,"Retail auto parts categories, fitment and current offer examples.",offer_or_catalog,current_public_offer_reference,auto_parts_fitment,seed_category_urls_then_extract_jsonld_or_product_cards,3,show structured facts and source/vendor links; do not clone page layout,US,Comparator-definitions/data-sources/auto_parts_fitment/normalized/auto_parts_fitment_source_catalog.json,ADVANCE_AUTO_PUBLIC_CATALOG,Advance Auto Parts public catalog,Auto_Parts_Fitment_Data_Sources_GitHub_Import_v0_1.zip,public_auto_parts_retail_catalog,https://shop.advanceautoparts.com/,vendor_name;source_url;retrieved_date;purchase_or_source_link
Public website; no official public catalog API found,public_site_catalog_parse,"Retail auto parts categories, fitment and current offer examples.",offer_or_catalog,current_public_offer_reference,auto_parts_fitment,seed_category_urls_then_extract_jsonld_or_product_cards,3,show structured facts and source/vendor links; do not clone page layout,US,Comparator-definitions/data-sources/auto_parts_fitment/normalized/auto_parts_fitment_source_catalog.json,AUTOZONE_PUBLIC_CATALOG,AutoZone public auto parts catalog,Auto_Parts_Fitment_Data_Sources_GitHub_Import_v0_1.zip,public_auto_parts_retail_catalog,https://www.autozone.com/parts,vendor_name;source_url;retrieved_date;purchase_or_source_link
Commercial subscription/access,account_api_or_commercial_feed,Shop management and parts integration context for professional auto repair.,source,commercial_workflow_reference,auto_parts_fitment,request_api_key_account_or_feed_access,3,show structured facts and source/vendor links; do not clone page layout,US/Canada,Comparator-definitions/data-sources/auto_parts_fitment/normalized/auto_parts_fitment_source_catalog.json,NAPA_TRACS,NAPA TRACS / shop management ecosystem,Auto_Parts_Fitment_Data_Sources_GitHub_Import_v0_1.zip,shop_management_parts_integration,https://www.napatracs.com/,vendor_name;source_url;retrieved_date;purchase_or_source_link
Public website; no official public catalog API found,public_site_catalog_parse,"Retail auto parts categories, fitment and current offer examples.",offer_or_catalog,current_public_offer_reference,auto_parts_fitment,seed_category_urls_then_extract_jsonld_or_product_cards,3,show structured facts and source/vendor links; do not clone page layout,US,Comparator-definitions/data-sources/auto_parts_fitment/normalized/auto_parts_fitment_source_catalog.json,OREILLY_PUBLIC_CATALOG,O'Reilly Auto Parts public catalog,Auto_Parts_Fitment_Data_Sources_GitHub_Import_v0_1.zip,public_auto_parts_retail_catalog,https://www.oreillyauto.com/,vendor_name;source_url;retrieved_date;purchase_or_source_link
Public website,public_site_catalog_parse,Canadian auto parts retail reference and local-market pricing examples.,offer_or_catalog,current_public_offer_reference,auto_parts_fitment,seed_category_urls_then_extract_jsonld_or_product_cards,3,show structured facts and source/vendor links; do not clone page layout,Canada,Comparator-definitions/data-sources/auto_parts_fitment/normalized/auto_parts_fitment_source_catalog.json,PARTSAVATAR_CANADA,PartsAvatar Canada public catalog,Auto_Parts_Fitment_Data_Sources_GitHub_Import_v0_1.zip,public_auto_parts_retail_catalog,https://partsavatar.ca/,vendor_name;source_url;retrieved_date;purchase_or_source_link
Commercial data/demo,account_api_or_commercial_feed,ACES/PIES-compliant catalog data with many brands and multi-region coverage.,offer_or_catalog,commercial_catalog_feed,auto_parts_fitment,request_api_key_account_or_feed_access,3,show structured facts and source/vendor links; do not clone page layout,multi-region,Comparator-definitions/data-sources/auto_parts_fitment/normalized/auto_parts_fitment_source_catalog.json,PARTS_SQUARE_CATALOG_DATA,Parts Square automotive catalog data,Auto_Parts_Fitment_Data_Sources_GitHub_Import_v0_1.zip,commercial_aces_pies_catalog_feed,https://square.parts/solutions/automotive-catalog-data,vendor_name;source_url;retrieved_date;purchase_or_source_link
Commercial platform,account_api_or_commercial_feed,"ACES/PIES product data management, syndication and marketplace feeds.",offer_or_catalog,commercial_pim_feed_platform,auto_parts_fitment,request_api_key_account_or_feed_access,3,show structured facts and source/vendor links; do not clone page layout,US/Canada,Comparator-definitions/data-sources/auto_parts_fitment/normalized/auto_parts_fitment_source_catalog.json,PDM_AUTOMOTIVE,PDM Automotive,Auto_Parts_Fitment_Data_Sources_GitHub_Import_v0_1.zip,auto_parts_product_data_platform,https://pdmautomotive.com/,vendor_name;source_url;retrieved_date;purchase_or_source_link
Commercial service,account_api_or_commercial_feed,"ACES/PIES expertise, catalog strategy, cleanup, mapping, data sync and delivery.",offer_or_catalog,commercial_catalog_data_services,auto_parts_fitment,request_api_key_account_or_feed_access,3,show structured facts and source/vendor links; do not clone page layout,US/Canada,Comparator-definitions/data-sources/auto_parts_fitment/normalized/auto_parts_fitment_source_catalog.json,VERTICAL_DEVELOPMENT,Vertical Development auto parts catalog/fitment services,Auto_Parts_Fitment_Data_Sources_GitHub_Import_v0_1.zip,auto_parts_catalog_data_services,https://www.verticaldev.com/,vendor_name;source_url;retrieved_date;purchase_or_source_link
Download/API access listed by provider,manual_review,Cell phone brands/models/specifications; useful for phone classes if licensing works.,offer_or_catalog,phone_specs_dataset,computer_it_communications,open_source_review_then_assign_connector_type,3,show structured facts and source/vendor links; do not clone page layout,global,Comparator-definitions/data-sources/computer_it_communications/normalized/computer_it_communications_source_catalog.json,BACK4APP_PHONE_DATASET,Cell Phones Brands and Models Database,Computer_IT_Communications_Product_Data_Sources_GitHub_Import_v0_1.zip,mobile_phone_specs_dataset_api,https://www.back4app.com/database/paul-datasets/cell-phone-dataset,vendor_name;source_url;retrieved_date;purchase_or_source_link
Developer account / keys required,account_api_or_commercial_feed,"Price and Availability API exposes MSRP, reseller pricing, inventory and product attributes.",offer_or_catalog,live_reseller_offer_source,computer_it_communications,request_api_key_account_or_feed_access,3,show structured facts and source/vendor links; do not clone page layout,US/Canada,Comparator-definitions/data-sources/computer_it_communications/normalized/computer_it_communications_source_catalog.json,CDW_API_PORTAL,CDW API Management Portal,Computer_IT_Communications_Product_Data_Sources_GitHub_Import_v0_1.zip,it_reseller_catalog_api,https://portal.apiconnect.cdw.com/apis,vendor_name;source_url;retrieved_date;purchase_or_source_link
Public support pages,manual_review,Current Dell product datasheets and technical documentation.,technical_spec,manufacturer_spec_reference,computer_it_communications,open_source_review_then_assign_connector_type,3,show structured facts and source/vendor links; do not clone page layout,global,Comparator-definitions/data-sources/computer_it_communications/normalized/computer_it_communications_source_catalog.json,DELL_DATASHEETS,Dell Product Datasheets,Computer_IT_Communications_Product_Data_Sources_GitHub_Import_v0_1.zip,manufacturer_product_datasheets,https://www.dell.com/en-ca/lp/legal/product-info-datasheets,vendor_name;source_url;retrieved_date;purchase_or_source_link
Customer/Premier access required,pdf_or_catalog_parse,"Dell catalog, SKU descriptions, pricing and order-related information for customer catalog access.",offer_or_catalog,manufacturer_direct_catalog_source,computer_it_communications,download_pdf_or_catalog_pages_then_extract_tables,3,show structured facts and source/vendor links; do not clone page layout,global,Comparator-definitions/data-sources/computer_it_communications/normalized/computer_it_communications_source_catalog.json,DELL_PREMIER_API,Dell Premier APIs / Catalog Pull API,Computer_IT_Communications_Product_Data_Sources_GitHub_Import_v0_1.zip,manufacturer_catalog_api,https://www.delltechnologies.com/asset/en-us/solutions/premier-solutions/briefs-summaries/dell-premier-api-introduction-direct.pdf,vendor_name;source_url;retrieved_date;purchase_or_source_link
Public website; no official bulk download found,direct_download_or_public_api,"Mobile/cell phone specs and reviews; use carefully as reference, not official bulk feed.",technical_spec,phone_specs_reference,computer_it_communications,download_bulk_file_or_call_public_api,3,show structured facts and source/vendor links; do not clone page layout,global,Comparator-definitions/data-sources/computer_it_communications/normalized/computer_it_communications_source_catalog.json,GSMARENA,GSMArena phone specification database,Computer_IT_Communications_Product_Data_Sources_GitHub_Import_v0_1.zip,mobile_phone_specs_reference,https://www.gsmarena.com/,vendor_name;source_url;retrieved_date;purchase_or_source_link
Kaggle account/download terms apply,manual_review,Extracted mobile phone specs dataset for historical/spec Comparator population.,technical_spec,phone_specs_dataset,computer_it_communications,open_source_review_then_assign_connector_type,3,show structured facts and source/vendor links; do not clone page layout,global,Comparator-definitions/data-sources/computer_it_communications/normalized/computer_it_communications_source_catalog.json,GSMARENA_KAGGLE,GSMArena Phone Dataset on Kaggle,Computer_IT_Communications_Product_Data_Sources_GitHub_Import_v0_1.zip,mobile_phone_specs_dataset,https://www.kaggle.com/datasets/arwinneil/gsmarena-phone-dataset,vendor_name;source_url;retrieved_date;purchase_or_source_link
Public API endpoint documented,direct_download_or_public_api,"List Azure Marketplace products, cloud/software offers and product metadata.",offer_or_catalog,software_cloud_offer_catalog,computer_it_communications,download_bulk_file_or_call_public_api,3,show structured facts and source/vendor links; do not clone page layout,global,Comparator-definitions/data-sources/computer_it_communications/normalized/computer_it_communications_source_catalog.json,MICROSOFT_AZURE_MARKETPLACE_CATALOG,Microsoft Azure Marketplace Catalog API,Computer_IT_Communications_Product_Data_Sources_GitHub_Import_v0_1.zip,software_cloud_marketplace_catalog_api,https://learn.microsoft.com/en-us/rest/api/marketplacecatalog/dataplane/list-products/list-products,vendor_name;source_url;retrieved_date;purchase_or_source_link
API / terms apply,manual_review,Frequency/talkgroup/trunking data access for radio programming and reference workflows.,offer_or_catalog,communications_reference_api,computer_it_communications,open_source_review_then_assign_connector_type,3,show structured facts and source/vendor links; do not clone page layout,US/Canada,Comparator-definitions/data-sources/computer_it_communications/normalized/computer_it_communications_source_catalog.json,RADIOREFERENCE_API,RadioReference Database Web Service API,Computer_IT_Communications_Product_Data_Sources_GitHub_Import_v0_1.zip,radio_frequency_api,https://support.radioreference.com/hc/en-us/articles/18844460198932-Database-Web-Service-API,vendor_name;source_url;retrieved_date;purchase_or_source_link
Public database; downloads/API terms apply,manual_review,"Scanner, public safety, amateur and land-mobile frequency/talkgroup context.",source,communications_reference,computer_it_communications,open_source_review_then_assign_connector_type,3,show structured facts and source/vendor links; do not clone page layout,US/Canada,Comparator-definitions/data-sources/computer_it_communications/normalized/computer_it_communications_source_catalog.json,RADIOREFERENCE_DATABASE,RadioReference Database,Computer_IT_Communications_Product_Data_Sources_GitHub_Import_v0_1.zip,radio_communications_frequency_database,https://www.radioreference.com/db/,vendor_name;source_url;retrieved_date;purchase_or_source_link
Free account/download; API/embed docs,manual_review,"Furniture and interior product BIM objects, 3D models and manufacturer metadata.",technical_spec,bim_spec_product_reference,furnishings_furniture,open_source_review_then_assign_connector_type,3,show structured facts and source/vendor links; do not clone page layout,global,Comparator-definitions/data-sources/furnishings_furniture/normalized/furnishings_furniture_source_catalog.json,BIMOBJECT_FURNITURE,BIMobject furniture/manufacturer objects,Furnishings_Furniture_Data_Sources_GitHub_Import_v0_1.zip,BIM_product_directory,https://www.bimobject.com/en-ca,vendor_name;source_url;retrieved_date;purchase_or_source_link
Public/free account likely,manual_review,Generic and manufacturer BIM objects for interiors/furniture.,technical_spec,bim_spec_product_reference,furnishings_furniture,open_source_review_then_assign_connector_type,3,show structured facts and source/vendor links; do not clone page layout,global,Comparator-definitions/data-sources/furnishings_furniture/normalized/furnishings_furniture_source_catalog.json,BIM_AND_CO_FURNITURE,BIM&CO furniture/BIM object platform,Furnishings_Furniture_Data_Sources_GitHub_Import_v0_1.zip,BIM_object_platform,https://www.bimandco.com/bim/,vendor_name;source_url;retrieved_date;purchase_or_source_link
Paid/free API marketplace tiers,manual_review,"Structured IKEA product details including name, price, images, categories and variants where API terms allow.",offer_or_catalog,paid_current_offer_source,furnishings_furniture,open_source_review_then_assign_connector_type,3,show structured facts and source/vendor links; do not clone page layout,global,Comparator-definitions/data-sources/furnishings_furniture/normalized/furnishings_furniture_source_catalog.json,IKEA_PRODUCT_DETAILS_API_ZYLA,IKEA Product Details API via Zyla,Furnishings_Furniture_Data_Sources_GitHub_Import_v0_1.zip,third_party_product_api,https://zylalabs.com/api-marketplace/commerce%2B%26%2Becommerce/ikea%2Bproduct%2Bdetails%2Bapi/2226,vendor_name;source_url;retrieved_date;purchase_or_source_link
Kaggle download terms apply,manual_review,"2,000 furniture product rows with e-commerce fields for prototype/testing, not authoritative current offers.",source,training_sample_dataset,furnishings_furniture,open_source_review_then_assign_connector_type,3,show structured facts and source/vendor links; do not clone page layout,global/reference,Comparator-definitions/data-sources/furnishings_furniture/normalized/furnishings_furniture_source_catalog.json,KAGGLE_FURNITURE_ECOM_2024,E-commerce Furniture Dataset 2024,Furnishings_Furniture_Data_Sources_GitHub_Import_v0_1.zip,furniture_dataset,https://www.kaggle.com/datasets/kanchana1990/e-commerce-furniture-dataset-2024,vendor_name;source_url;retrieved_date;purchase_or_source_link
Developer access / historical tech blog reference,account_api_or_commercial_feed,3D furniture model/product information where access is available.,offer_or_catalog,3d_model_product_reference,furnishings_furniture,request_api_key_account_or_feed_access,3,show structured facts and source/vendor links; do not clone page layout,US/global,Comparator-definitions/data-sources/furnishings_furniture/normalized/furnishings_furniture_source_catalog.json,WAYFAIR_3D_API,Wayfair Realtime 3D Model API,Furnishings_Furniture_Data_Sources_GitHub_Import_v0_1.zip,3d_model_product_api,https://www.aboutwayfair.com/tag/api,vendor_name;source_url;retrieved_date;purchase_or_source_link
Research/GitHub dataset,manual_review,"Clothing taxonomy dataset described as 186,150 images, 3-level taxonomy and 52 leaf nodes.",source,fashion_taxonomy_dataset,housewares_kitchen_appliances_clothing,open_source_review_then_assign_connector_type,3,show structured facts and source/vendor links; do not clone page layout,global,Comparator-definitions/data-sources/housewares_kitchen_appliances_clothing/normalized/housewares_kitchen_appliances_clothing_source_catalog.json,ATLAS_CLOTHING_DATASET,Atlas Clothing Product Categorization Dataset,Housewares_Kitchen_Appliances_Clothing_Data_Sources_GitHub_Import_v0_1.zip,fashion_taxonomy_dataset,https://github.com/vumaasha/atlas,vendor_name;source_url;retrieved_date;purchase_or_source_link
Observed public app endpoints; terms/availability uncertain,manual_review,Best Buy Canada product/search/category/review/availability endpoint references; investigate carefully before production use.,offer_or_catalog,candidate_current_offer_source,housewares_kitchen_appliances_clothing,open_source_review_then_assign_connector_type,3,show structured facts and source/vendor links; do not clone page layout,Canada,Comparator-definitions/data-sources/housewares_kitchen_appliances_clothing/normalized/housewares_kitchen_appliances_clothing_source_catalog.json,BEST_BUY_CANADA_APP_ENDPOINTS,Best Buy Canada mobile app API configuration,Housewares_Kitchen_Appliances_Clothing_Data_Sources_GitHub_Import_v0_1.zip,retailer_public_api_reference,https://www.bestbuy.ca/ns/mobile/android/configuration/v1.3.0/en,vendor_name;source_url;retrieved_date;purchase_or_source_link
Research dataset; terms apply,manual_review,"48,825 clothing images with segmentation and fine-grained attributes.",source,fashion_attribute_reference,housewares_kitchen_appliances_clothing,open_source_review_then_assign_connector_type,3,show structured facts and source/vendor links; do not clone page layout,global,Comparator-definitions/data-sources/housewares_kitchen_appliances_clothing/normalized/housewares_kitchen_appliances_clothing_source_catalog.json,FASHIONPEDIA,Fashionpedia Dataset,Housewares_Kitchen_Appliances_Clothing_Data_Sources_GitHub_Import_v0_1.zip,fashion_attribute_dataset,https://fashionpedia.github.io/home/,vendor_name;source_url;retrieved_date;purchase_or_source_link
Research/GitHub dataset,manual_review,Million-scale multi-label fine-grained fashion attribute dataset reference.,source,fashion_attribute_dataset,housewares_kitchen_appliances_clothing,open_source_review_then_assign_connector_type,3,show structured facts and source/vendor links; do not clone page layout,global,Comparator-definitions/data-sources/housewares_kitchen_appliances_clothing/normalized/housewares_kitchen_appliances_clothing_source_catalog.json,IMATERIALIST_FASHION,iMaterialist Fashion Attribute Dataset,Housewares_Kitchen_Appliances_Clothing_Data_Sources_GitHub_Import_v0_1.zip,fashion_attribute_dataset,https://github.com/visipedia/imat_fashion_comp,vendor_name;source_url;retrieved_date;purchase_or_source_link
Commercial API,account_api_or_commercial_feed,"Product data infrastructure for appliances, furniture and mattresses across 300+ brands.",offer_or_catalog,commercial_product_feed,housewares_kitchen_appliances_clothing,request_api_key_account_or_feed_access,3,show structured facts and source/vendor links; do not clone page layout,US/Canada likely,Comparator-definitions/data-sources/housewares_kitchen_appliances_clothing/normalized/housewares_kitchen_appliances_clothing_source_catalog.json,SKULYTICS,Skulytics Appliance / Furniture / Mattress Product Data API,Housewares_Kitchen_Appliances_Clothing_Data_Sources_GitHub_Import_v0_1.zip,commercial_product_api,https://skulytics.io/,vendor_name;source_url;retrieved_date;purchase_or_source_link
Paid/free tier API,manual_review,"UPC/EAN/ISBN lookup for housewares, kitchenware, appliances and clothing when barcode is known.",offer_or_catalog,barcode_lookup,housewares_kitchen_appliances_clothing;office_supplies_low_cost_general;product_identity_barcode_classification,open_source_review_then_assign_connector_type,3,show structured facts and source/vendor links; do not clone page layout,global,Comparator-definitions/data-sources/housewares_kitchen_appliances_clothing/normalized/housewares_kitchen_appliances_clothing_source_catalog.json,GO_UPC,Go-UPC Global Barcode Database API,Housewares_Kitchen_Appliances_Clothing_Data_Sources_GitHub_Import_v0_1.zip;Office_Supplies_Low_Cost_General_Data_Sources_GitHub_Import_v0_1.zip;Product_Identity_Barcode_Classification_Data_Sources_GitHub_Import_v0_1.zip,global_barcode_product_api,https://go-upc.com/,vendor_name;source_url;retrieved_date;purchase_or_source_link
Free account/download; API/embed docs,manual_review,Manufacturer BIM objects and structured product info for building products.,technical_spec,bim_reference,housing_construction_materials,open_source_review_then_assign_connector_type,3,show structured facts and source/vendor links; do not clone page layout,Global,Comparator-definitions/data-sources/housing_construction_materials/normalized/construction_product_source_catalog.json,BIMOBJECT,BIMobject,Housing_Construction_Product_Data_Sources_GitHub_Import_v0_1.zip,BIM_manufacturer_object_directory,https://www.bimobject.com/en-ca,vendor_name;source_url;retrieved_date;purchase_or_source_link
Public GitHub docs,manual_review,Embed previews/downloads; possible integration reference.,offer_or_catalog,api_documentation,housing_construction_materials,open_source_review_then_assign_connector_type,3,show structured facts and source/vendor links; do not clone page layout,Global,Comparator-definitions/data-sources/housing_construction_materials/normalized/construction_product_source_catalog.json,BIMOBJECT_API_DOCS,BIMobject API documentation,Housing_Construction_Product_Data_Sources_GitHub_Import_v0_1.zip,BIM_download_embed_API,https://github.com/bimobject/api-documentation,vendor_name;source_url;retrieved_date;purchase_or_source_link
Public/free account likely,manual_review,Manufacturer or generic 2D/3D BIM objects in RFA/SKP/IFC etc.,technical_spec,bim_reference,housing_construction_materials,open_source_review_then_assign_connector_type,3,show structured facts and source/vendor links; do not clone page layout,Global,Comparator-definitions/data-sources/housing_construction_materials/normalized/construction_product_source_catalog.json,BIM_AND_CO,BIM&CO,Housing_Construction_Product_Data_Sources_GitHub_Import_v0_1.zip,BIM_object_platform,https://www.bimandco.com/bim/,vendor_name;source_url;retrieved_date;purchase_or_source_link
Paid API,manual_review,Structured Home Depot US/Canada product search data when official access unavailable.,offer_or_catalog,paid_live_offer_source,housing_construction_materials,open_source_review_then_assign_connector_type,3,show structured facts and source/vendor links; do not clone page layout,US/Canada,Comparator-definitions/data-sources/housing_construction_materials/normalized/construction_product_source_catalog.json,HOME_DEPOT_SERPAPI,SerpApi Home Depot Search/Product APIs,Housing_Construction_Product_Data_Sources_GitHub_Import_v0_1.zip,third_party_retail_api,https://serpapi.com/home-depot-search-api,vendor_name;source_url;retrieved_date;purchase_or_source_link
Supplier access; not a public product API,manual_review,Official supplier-side path; not a public product catalogue feed.,source,supplier_access_path,housing_construction_materials,open_source_review_then_assign_connector_type,3,show structured facts and source/vendor links; do not clone page layout,US/Canada,Comparator-definitions/data-sources/housing_construction_materials/normalized/construction_product_source_catalog.json,HOME_DEPOT_SUPPLIER_HUB,The Home Depot Supplier Hub,Housing_Construction_Product_Data_Sources_GitHub_Import_v0_1.zip,supplier_portal,https://supplierhub.homedepot.com/,vendor_name;source_url;retrieved_date;purchase_or_source_link
Public website; no obvious public API,direct_download_or_public_api,Manual/searchable current public retail product reference; API/manual extraction path TBD.,offer_or_catalog,current_public_offer_reference,housing_construction_materials,download_bulk_file_or_call_public_api,3,show structured facts and source/vendor links; do not clone page layout,Canada,Comparator-definitions/data-sources/housing_construction_materials/normalized/construction_product_source_catalog.json,HOME_HARDWARE_PUBLIC_SITE,Home Hardware public catalogue,Housing_Construction_Product_Data_Sources_GitHub_Import_v0_1.zip,retailer_public_site,https://www.homehardware.ca/en/,vendor_name;source_url;retrieved_date;purchase_or_source_link
Interactive API docs,manual_review,,source,,newark_current_online,open_source_review_then_assign_connector_type,3,show structured facts and source/vendor links; do not clone page layout,,Comparator-definitions/data-sources/newark_current_online/normalized/newark_current_online_source_catalog.json,ELEMENT14_IO_DOCS,element14 API I/O Docs,Newark_Current_Online_Acquisition_GitHub_Import_v0_1.zip,,https://partner.element14.com/io-docs,vendor_name;source_url;retrieved_date;purchase_or_source_link
Public docs; API key required for calls,account_api_or_commercial_feed,,source,,newark_current_online,request_api_key_account_or_feed_access,3,show structured facts and source/vendor links; do not clone page layout,,Comparator-definitions/data-sources/newark_current_online/normalized/newark_current_online_source_catalog.json,ELEMENT14_PRODUCT_SEARCH_API_DOCS,element14 Product Search API REST docs,Newark_Current_Online_Acquisition_GitHub_Import_v0_1.zip,,https://partner.element14.com/docs/Product_Search_API_REST__Description,vendor_name;source_url;retrieved_date;purchase_or_source_link
Public website,public_site_catalog_parse,,source,,newark_current_online,seed_category_urls_then_extract_jsonld_or_product_cards,3,show structured facts and source/vendor links; do not clone page layout,,Comparator-definitions/data-sources/newark_current_online/normalized/newark_current_online_source_catalog.json,NEWARK_BROWSE,Newark Browse All Products,Newark_Current_Online_Acquisition_GitHub_Import_v0_1.zip,,https://www.newark.com/browse-for-products,vendor_name;source_url;retrieved_date;purchase_or_source_link
Public page; several tools require account,manual_review,,source,,newark_current_online,open_source_review_then_assign_connector_type,3,show structured facts and source/vendor links; do not clone page layout,,Comparator-definitions/data-sources/newark_current_online/normalized/newark_current_online_source_catalog.json,NEWARK_PROCUREMENT_TOOLS,Newark procurement support tools,Newark_Current_Online_Acquisition_GitHub_Import_v0_1.zip,,https://www.newark.com/services/purchasing-procurement-support,vendor_name;source_url;retrieved_date;purchase_or_source_link
API key required; self-serve API portal,account_api_or_commercial_feed,,source,,newark_current_online,request_api_key_account_or_feed_access,3,show structured facts and source/vendor links; do not clone page layout,,Comparator-definitions/data-sources/newark_current_online/normalized/newark_current_online_source_catalog.json,NEWARK_SEARCH_API,Newark Search API,Newark_Current_Online_Acquisition_GitHub_Import_v0_1.zip,,https://www.newark.com/services/purchasing-procurement-support/search-api,vendor_name;source_url;retrieved_date;purchase_or_source_link
Public help page,manual_review,,source,,newark_current_online,open_source_review_then_assign_connector_type,3,show structured facts and source/vendor links; do not clone page layout,,Comparator-definitions/data-sources/newark_current_online/normalized/newark_current_online_source_catalog.json,NEWARK_STATUS_HELP,Newark pricing and availability help,Newark_Current_Online_Acquisition_GitHub_Import_v0_1.zip,,https://www.newark.com/help-pricing-availability,vendor_name;source_url;retrieved_date;purchase_or_source_link
Public marketplace; product availability depends on local store/market,manual_review,Current local Dollarama product browsing through delivery marketplace where available.,offer_or_catalog,marketplace_offer_reference,office_supplies_low_cost_general,open_source_review_then_assign_connector_type,3,show structured facts and source/vendor links; do not clone page layout,Canada,Comparator-definitions/data-sources/office_supplies_low_cost_general/normalized/office_supplies_low_cost_general_source_catalog.json,DOLLARAMA_UBEREATS,Dollarama on Uber Eats,Office_Supplies_Low_Cost_General_Data_Sources_GitHub_Import_v0_1.zip,delivery_marketplace_catalog,https://www.ubereats.com/ca/brand/dollarama,vendor_name;source_url;retrieved_date;purchase_or_source_link
API/free-limited or paid,manual_review,"Barcode lookup for general merchandise, office supplies and packaged goods.",offer_or_catalog,barcode_lookup,office_supplies_low_cost_general;product_identity_barcode_classification,open_source_review_then_assign_connector_type,3,show structured facts and source/vendor links; do not clone page layout,global,Comparator-definitions/data-sources/office_supplies_low_cost_general/normalized/office_supplies_low_cost_general_source_catalog.json,UPCITEMDB,UPCitemdb,Office_Supplies_Low_Cost_General_Data_Sources_GitHub_Import_v0_1.zip;Product_Identity_Barcode_Classification_Data_Sources_GitHub_Import_v0_1.zip,barcode_product_database_api,https://www.upcitemdb.com/,vendor_name;source_url;retrieved_date;purchase_or_source_link
Service/access required,manual_review,Standardized Canadian product image/data capture process and data quality model.,source,content_quality_reference,product_identity_barcode_classification,open_source_review_then_assign_connector_type,3,show structured facts and source/vendor links; do not clone page layout,Canada,Comparator-definitions/data-sources/product_identity_barcode_classification/normalized/product_identity_source_catalog.json,GS1_CA_CONTENT_CAPTURE,GS1 Canada Content Capture,Product_Identity_Barcode_Classification_Data_Sources_GitHub_Import_v0_1.zip,product_data_image_capture_service,https://gs1ca.org/content-capture/,vendor_name;source_url;retrieved_date;purchase_or_source_link
Open data/API,direct_download_or_public_api,Pet food and pet product facts where available.,source,open_product_identity_records,product_identity_barcode_classification,download_bulk_file_or_call_public_api,3,show structured facts and source/vendor links; do not clone page layout,global,Comparator-definitions/data-sources/product_identity_barcode_classification/normalized/product_identity_source_catalog.json,OPEN_PET_FOOD_FACTS,Open Pet Food Facts,Product_Identity_Barcode_Classification_Data_Sources_GitHub_Import_v0_1.zip,open_pet_product_database,https://world.openpetfoodfacts.org/,vendor_name;source_url;retrieved_date;purchase_or_source_link
"Public catalog, ordering restrictions vary",public_site_catalog_parse,Extremely broad industrial hardware/spec reference; useful for product classes and attributes.,offer_or_catalog,industrial_catalog_reference,tools_fasteners_hardware_property_cabinet,seed_category_urls_then_extract_jsonld_or_product_cards,3,show structured facts and source/vendor links; do not clone page layout,US/reference,Comparator-definitions/data-sources/tools_fasteners_hardware_property_cabinet/normalized/tools_fasteners_hardware_property_cabinet_source_catalog.json,MCMASTER_CARR,McMaster-Carr catalog,Tools_Fasteners_Hardware_Property_Cabinet_Data_Sources_GitHub_Import_v0_1.zip,industrial_supply_catalog,https://www.mcmaster.com/,vendor_name;source_url;retrieved_date;purchase_or_source_link
Public catalog/account pricing may vary,public_site_catalog_parse,"Metalworking, MRO, tooling, abrasives, fasteners and industrial supplies.",offer_or_catalog,industrial_catalog_reference,tools_fasteners_hardware_property_cabinet,seed_category_urls_then_extract_jsonld_or_product_cards,3,show structured facts and source/vendor links; do not clone page layout,US,Comparator-definitions/data-sources/tools_fasteners_hardware_property_cabinet/normalized/tools_fasteners_hardware_property_cabinet_source_catalog.json,MSC_DIRECT,MSC Industrial Supply,Tools_Fasteners_Hardware_Property_Cabinet_Data_Sources_GitHub_Import_v0_1.zip,industrial_supply_public_catalog,https://www.mscdirect.com/,vendor_name;source_url;retrieved_date;purchase_or_source_link
Public catalog,public_site_catalog_parse,"MRO, tools, fasteners, safety and property maintenance current offer examples.",offer_or_catalog,current_public_offer_reference,tools_fasteners_hardware_property_cabinet,seed_category_urls_then_extract_jsonld_or_product_cards,3,show structured facts and source/vendor links; do not clone page layout,US,Comparator-definitions/data-sources/tools_fasteners_hardware_property_cabinet/normalized/tools_fasteners_hardware_property_cabinet_source_catalog.json,ZORO,Zoro industrial supplies,Tools_Fasteners_Hardware_Property_Cabinet_Data_Sources_GitHub_Import_v0_1.zip,industrial_supply_public_catalog,https://www.zoro.com/,vendor_name;source_url;retrieved_date;purchase_or_source_link
Public reference/commercial services,account_api_or_commercial_feed,Plain-language ACES/PIES overview and resource pointer.,source,reference,auto_parts_fitment,request_api_key_account_or_feed_access,4,show structured facts and source/vendor links; do not clone page layout,US/Canada,Comparator-definitions/data-sources/auto_parts_fitment/normalized/auto_parts_fitment_source_catalog.json,CATALOGBRIDGE_STANDARDS,CatalogBridge ACES / PIES standards reference,Auto_Parts_Fitment_Data_Sources_GitHub_Import_v0_1.zip,standards_reference,https://catalogbridge.com/standards,vendor_name;source_url;retrieved_date;purchase_or_source_link
Associate account/API credentials required,manual_review,Marketplace product lookup for office supplies/general merchandise where credentials and terms allow.,offer_or_catalog,marketplace_offer_source,office_supplies_low_cost_general,open_source_review_then_assign_connector_type,4,show structured facts and source/vendor links; do not clone page layout,US/Canada/global,Comparator-definitions/data-sources/office_supplies_low_cost_general/normalized/office_supplies_low_cost_general_source_catalog.json,AMAZON_PRODUCT_ADVERTISING_API,Amazon Product Advertising API,Office_Supplies_Low_Cost_General_Data_Sources_GitHub_Import_v0_1.zip,retail_marketplace_api,https://webservices.amazon.com/paapi5/documentation/,vendor_name;source_url;retrieved_date;purchase_or_source_link
Marketplace seller/API access required,account_api_or_commercial_feed,"Possible offer/reference source for low-cost general merchandise, office supplies and housewares.",offer_or_catalog,marketplace_offer_source,office_supplies_low_cost_general,request_api_key_account_or_feed_access,4,show structured facts and source/vendor links; do not clone page layout,US/Canada varies,Comparator-definitions/data-sources/office_supplies_low_cost_general/normalized/office_supplies_low_cost_general_source_catalog.json,WALMART_MARKETPLACE_API,Walmart Marketplace APIs,Office_Supplies_Low_Cost_General_Data_Sources_GitHub_Import_v0_1.zip,retail_marketplace_api,https://developer.walmart.com/,vendor_name;source_url;retrieved_date;purchase_or_source_link
RapidAPI / paid API,manual_review,Large UPC/GTIN/EAN/ISBN lookup source for product identity enrichment.,offer_or_catalog,barcode_lookup,office_supplies_low_cost_general;product_identity_barcode_classification,open_source_review_then_assign_connector_type,4,show structured facts and source/vendor links; do not clone page layout,global,Comparator-definitions/data-sources/office_supplies_low_cost_general/normalized/office_supplies_low_cost_general_source_catalog.json,BIG_PRODUCT_DATA,Big Product Data API,Office_Supplies_Low_Cost_General_Data_Sources_GitHub_Import_v0_1.zip;Product_Identity_Barcode_Classification_Data_Sources_GitHub_Import_v0_1.zip,large_barcode_product_database_api,https://rapidapi.com/bigproductdata/api/big-product-data,vendor_name;source_url;retrieved_date;purchase_or_source_link
Paid API/free lookup tiers,manual_review,Barcode/product lookup API for many consumer product categories.,offer_or_catalog,barcode_lookup,product_identity_barcode_classification,open_source_review_then_assign_connector_type,4,show structured facts and source/vendor links; do not clone page layout,global,Comparator-definitions/data-sources/product_identity_barcode_classification/normalized/product_identity_source_catalog.json,BARCODE_LOOKUP,Barcode Lookup,Product_Identity_Barcode_Classification_Data_Sources_GitHub_Import_v0_1.zip,barcode_product_api,https://www.barcodelookup.com/api,vendor_name;source_url;retrieved_date;purchase_or_source_link
API / open-source license described in paper,manual_review,Open food repository model and API reference for barcoded product datasets.,source,open_product_identity_reference,product_identity_barcode_classification,open_source_review_then_assign_connector_type,4,show structured facts and source/vendor links; do not clone page layout,Switzerland / reference,Comparator-definitions/data-sources/product_identity_barcode_classification/normalized/product_identity_source_catalog.json,FOODREPO,FoodRepo,Product_Identity_Barcode_Classification_Data_Sources_GitHub_Import_v0_1.zip,open_barcoded_food_repository,https://www.foodrepo.org/,vendor_name;source_url;retrieved_date;purchase_or_source_link
