archived,availability,catalog_year,category_group,category_group_id,category_original,currency,description,display_language,durability,evidence,evidence_score,extraction_confidence,extraction_method,fulfillment_class,fulfillment_id,fulfillment_score,historical_price_usd,item_name,last_updated,manufacturer,mapping_confidence,model_part_number,need_id,need_match_score,need_path,need_rank,page_id,part_number,product_name,product_node_id,recall_class,recommended_action,record_id,record_kind,record_status,record_type,risk,risk_type,score_status,source_file,source_language,source_page,source_record_id,source_title,source_uid,source_url,source_vendor,spec_text,survival_value,title,total_cost,tree_node_id,tree_path_ids,value_score
True,Historical 1995 service catalog; contact institution or successor to verify.,1995,Noncredit — Health / Nursing / Emergency Services,pg-service-noncredit-health-nursing-emergency-services,Nursing,,"Noncredit independent-study course in Nursing. Credit: NC, AC.",English,,"The Independent Study Catalog, 1995 structured course listing.",78,medium,text catalog parser,Skills Training,need-education-skills-training,80,,Adult patient assessment,1995,University of Wisconsin-Extension,high,N60,need-education,84,Education / Skills Training / Health / Nursing / Emergency Services,15,pg-service-noncredit-health-nursing-emergency-services-page-001,N60,Adult patient assessment,item-course-005327,,"Verify the current institution, equivalent course, delivery method, tuition and accreditation.",COURSE-005327,service,Historical education service listing — current availability requires verification,historical_education_service,12,Historical availability uncertainty,Provisional heuristic; recalculate from User Profile and current service evidence.,The Independent Study Catalog 1995.pdf,English,,N60,The Independent Study Catalog,SRC-EDU-ISC-1995,,University of Wisconsin-Extension,"Institution: University of Wisconsin-Extension; level: Noncredit; department: Nursing; credit: NC, AC; division: ",42,Adult patient assessment,,pg-service-noncredit-health-nursing-emergency-services,"['human-consumer', 'human-needs', 'need-education', 'need-education-skills-training', 'pg-service-noncredit-health-nursing-emergency-services', 'pg-service-noncredit-health-nursing-emergency-services-page-001', 'item-course-005327']",
True,Historical 1995 service catalog; contact institution or successor to verify.,1995,Noncredit — Health / Nursing / Emergency Services,pg-service-noncredit-health-nursing-emergency-services,Nursing,,"Noncredit independent-study course in Nursing. Credit: NC, AC.",English,,"The Independent Study Catalog, 1995 structured course listing.",78,medium,text catalog parser,Skills Training,need-education-skills-training,79,,Interpersonal relations,1995,University of Wisconsin-Extension,high,N70,need-education,84,Education / Skills Training / Health / Nursing / Emergency Services,15,pg-service-noncredit-health-nursing-emergency-services-page-001,N70,Interpersonal relations,item-course-005328,,"Verify the current institution, equivalent course, delivery method, tuition and accreditation.",COURSE-005328,service,Historical education service listing — current availability requires verification,historical_education_service,12,Historical availability uncertainty,Provisional heuristic; recalculate from User Profile and current service evidence.,The Independent Study Catalog 1995.pdf,English,,N70,The Independent Study Catalog,SRC-EDU-ISC-1995,,University of Wisconsin-Extension,"Institution: University of Wisconsin-Extension; level: Noncredit; department: Nursing; credit: NC, AC; division: ",42,Interpersonal relations,,pg-service-noncredit-health-nursing-emergency-services,"['human-consumer', 'human-needs', 'need-education', 'need-education-skills-training', 'pg-service-noncredit-health-nursing-emergency-services', 'pg-service-noncredit-health-nursing-emergency-services-page-001', 'item-course-005328']",
True,Historical 1995 service catalog; contact institution or successor to verify.,1995,Noncredit — General / Interdisciplinary,pg-service-noncredit-general-interdisciplinary,General / Interdisciplinary,,Noncredit independent-study course in General / Interdisciplinary. Credit: NC.,English,,"The Independent Study Catalog, 1995 structured course listing.",78,medium,text catalog parser,Skills Training,need-education-skills-training,75,,magnetism,1995,University of Wisconsin-Extension,high,164,need-education,84,Education / Skills Training / General / Interdisciplinary,15,pg-service-noncredit-general-interdisciplinary-page-002,164,magnetism,item-course-005329,,"Verify the current institution, equivalent course, delivery method, tuition and accreditation.",COURSE-005329,service,Historical education service listing — current availability requires verification,historical_education_service,12,Historical availability uncertainty,Provisional heuristic; recalculate from User Profile and current service evidence.,The Independent Study Catalog 1995.pdf,English,,164,The Independent Study Catalog,SRC-EDU-ISC-1995,,University of Wisconsin-Extension,Institution: University of Wisconsin-Extension; level: Noncredit; department: General / Interdisciplinary; credit: NC; division: ,42,magnetism,,pg-service-noncredit-general-interdisciplinary,"['human-consumer', 'human-needs', 'need-education', 'need-education-skills-training', 'pg-service-noncredit-general-interdisciplinary', 'pg-service-noncredit-general-interdisciplinary-page-002', 'item-course-005329']",
True,Historical 1995 service catalog; contact institution or successor to verify.,1995,Noncredit — General / Interdisciplinary,pg-service-noncredit-general-interdisciplinary,General / Interdisciplinary,,Noncredit independent-study course in General / Interdisciplinary. Credit: NC.,English,,"The Independent Study Catalog, 1995 structured course listing.",78,medium,text catalog parser,Skills Training,need-education-skills-training,69,,Fundamentals of mechanics,1995,University of Wisconsin-Extension,high,161,need-education,84,Education / Skills Training / General / Interdisciplinary,15,pg-service-noncredit-general-interdisciplinary-page-001,161,Fundamentals of mechanics,item-course-005330,,"Verify the current institution, equivalent course, delivery method, tuition and accreditation.",COURSE-005330,service,Historical education service listing — current availability requires verification,historical_education_service,12,Historical availability uncertainty,Provisional heuristic; recalculate from User Profile and current service evidence.,The Independent Study Catalog 1995.pdf,English,,161,The Independent Study Catalog,SRC-EDU-ISC-1995,,University of Wisconsin-Extension,Institution: University of Wisconsin-Extension; level: Noncredit; department: General / Interdisciplinary; credit: NC; division: ,42,Fundamentals of mechanics,,pg-service-noncredit-general-interdisciplinary,"['human-consumer', 'human-needs', 'need-education', 'need-education-skills-training', 'pg-service-noncredit-general-interdisciplinary', 'pg-service-noncredit-general-interdisciplinary-page-001', 'item-course-005330']",
True,Historical 1995 service catalog; contact institution or successor to verify.,1995,Noncredit — General / Interdisciplinary,pg-service-noncredit-general-interdisciplinary,General / Interdisciplinary,,Noncredit independent-study course in General / Interdisciplinary. Credit: NC.,English,,"The Independent Study Catalog, 1995 structured course listing.",78,medium,text catalog parser,Skills Training,need-education-skills-training,74,,Heat and sound,1995,University of Wisconsin-Extension,high,163,need-education,84,Education / Skills Training / General / Interdisciplinary,15,pg-service-noncredit-general-interdisciplinary-page-002,163,Heat and sound,item-course-005331,,"Verify the current institution, equivalent course, delivery method, tuition and accreditation.",COURSE-005331,service,Historical education service listing — current availability requires verification,historical_education_service,12,Historical availability uncertainty,Provisional heuristic; recalculate from User Profile and current service evidence.,The Independent Study Catalog 1995.pdf,English,,163,The Independent Study Catalog,SRC-EDU-ISC-1995,,University of Wisconsin-Extension,Institution: University of Wisconsin-Extension; level: Noncredit; department: General / Interdisciplinary; credit: NC; division: ,42,Heat and sound,,pg-service-noncredit-general-interdisciplinary,"['human-consumer', 'human-needs', 'need-education', 'need-education-skills-training', 'pg-service-noncredit-general-interdisciplinary', 'pg-service-noncredit-general-interdisciplinary-page-002', 'item-course-005331']",
True,Historical 1995 service catalog; contact institution or successor to verify.,1995,Noncredit — History / Geography / Government / Law,pg-service-noncredit-history-geography-government-law,General / Interdisciplinary,,Noncredit independent-study course in General / Interdisciplinary. Credit: NC.,English,,"The Independent Study Catalog, 1995 structured course listing.",78,medium,text catalog parser,Skills Training,need-education-skills-training,78,,Mechanics beyond Newton's laws,1995,University of Wisconsin-Extension,high,162,need-education,84,Education / Skills Training / History / Geography / Government / Law,15,pg-service-noncredit-history-geography-government-law-page-001,162,Mechanics beyond Newton's laws,item-course-005332,,"Verify the current institution, equivalent course, delivery method, tuition and accreditation.",COURSE-005332,service,Historical education service listing — current availability requires verification,historical_education_service,12,Historical availability uncertainty,Provisional heuristic; recalculate from User Profile and current service evidence.,The Independent Study Catalog 1995.pdf,English,,162,The Independent Study Catalog,SRC-EDU-ISC-1995,,University of Wisconsin-Extension,Institution: University of Wisconsin-Extension; level: Noncredit; department: General / Interdisciplinary; credit: NC; division: ,42,Mechanics beyond Newton's laws,,pg-service-noncredit-history-geography-government-law,"['human-consumer', 'human-needs', 'need-education', 'need-education-skills-training', 'pg-service-noncredit-history-geography-government-law', 'pg-service-noncredit-history-geography-government-law-page-001', 'item-course-005332']",
True,Historical 1995 service catalog; contact institution or successor to verify.,1995,Noncredit — Science / Environment,pg-service-noncredit-science-environment,General / Interdisciplinary,,Noncredit independent-study course in General / Interdisciplinary. Credit: NC.,English,,"The Independent Study Catalog, 1995 structured course listing.",78,medium,text catalog parser,Skills Training,need-education-skills-training,76,,Modern physics,1995,University of Wisconsin-Extension,high,166,need-education,84,Education / Skills Training / Science / Environment,15,pg-service-noncredit-science-environment-page-001,166,Modern physics,item-course-005333,,"Verify the current institution, equivalent course, delivery method, tuition and accreditation.",COURSE-005333,service,Historical education service listing — current availability requires verification,historical_education_service,12,Historical availability uncertainty,Provisional heuristic; recalculate from User Profile and current service evidence.,The Independent Study Catalog 1995.pdf,English,,166,The Independent Study Catalog,SRC-EDU-ISC-1995,,University of Wisconsin-Extension,Institution: University of Wisconsin-Extension; level: Noncredit; department: General / Interdisciplinary; credit: NC; division: ,42,Modern physics,,pg-service-noncredit-science-environment,"['human-consumer', 'human-needs', 'need-education', 'need-education-skills-training', 'pg-service-noncredit-science-environment', 'pg-service-noncredit-science-environment-page-001', 'item-course-005333']",
True,Historical 1995 service catalog; contact institution or successor to verify.,1995,Noncredit — Languages,pg-service-noncredit-languages,Directed reading and translating in Russian,,Noncredit independent-study course in Directed reading and translating in Russian. Credit: NC.,English,,"The Independent Study Catalog, 1995 structured course listing.",78,medium,text catalog parser,Skills Training,need-education-skills-training,78,,Russian for reading knowledge,1995,University of Wisconsin-Extension,high,A60,need-education,84,Education / Skills Training / Languages,15,pg-service-noncredit-languages-page-001,A60,Russian for reading knowledge,item-course-005334,,"Verify the current institution, equivalent course, delivery method, tuition and accreditation.",COURSE-005334,service,Historical education service listing — current availability requires verification,historical_education_service,12,Historical availability uncertainty,Provisional heuristic; recalculate from User Profile and current service evidence.,The Independent Study Catalog 1995.pdf,English,,A60,The Independent Study Catalog,SRC-EDU-ISC-1995,,University of Wisconsin-Extension,Institution: University of Wisconsin-Extension; level: Noncredit; department: Directed reading and translating in Russian; credit: NC; division: ,42,Russian for reading knowledge,,pg-service-noncredit-languages,"['human-consumer', 'human-needs', 'need-education', 'need-education-skills-training', 'pg-service-noncredit-languages', 'pg-service-noncredit-languages-page-001', 'item-course-005334']",
True,Historical 1995 service catalog; contact institution or successor to verify.,1995,Noncredit — Languages,pg-service-noncredit-languages,Spanish,,Noncredit independent-study course in Spanish. Credit: NC.,English,,"The Independent Study Catalog, 1995 structured course listing.",78,medium,text catalog parser,Skills Training,need-education-skills-training,80,,Spanish for reading knowledge,1995,University of Wisconsin-Extension,high,A60,need-education,84,Education / Skills Training / Languages,15,pg-service-noncredit-languages-page-001,A60,Spanish for reading knowledge,item-course-005335,,"Verify the current institution, equivalent course, delivery method, tuition and accreditation.",COURSE-005335,service,Historical education service listing — current availability requires verification,historical_education_service,12,Historical availability uncertainty,Provisional heuristic; recalculate from User Profile and current service evidence.,The Independent Study Catalog 1995.pdf,English,,A60,The Independent Study Catalog,SRC-EDU-ISC-1995,,University of Wisconsin-Extension,Institution: University of Wisconsin-Extension; level: Noncredit; department: Spanish; credit: NC; division: ,42,Spanish for reading knowledge,,pg-service-noncredit-languages,"['human-consumer', 'human-needs', 'need-education', 'need-education-skills-training', 'pg-service-noncredit-languages', 'pg-service-noncredit-languages-page-001', 'item-course-005335']",
True,Historical 1995 service catalog; contact institution or successor to verify.,1995,College — Business / Economics / Finance,pg-service-college-business-economics-finance,Accounting,,College independent-study course in Accounting. Credit: 3S.,English,,"The Independent Study Catalog, 1995 structured course listing.",78,medium,text catalog parser,Postsecondary,need-education-postsecondary,79,,Advanced accounting,1995,University of Wisconsin-Extension,high,305,need-education,84,Education / Postsecondary / Business / Economics / Finance,15,pg-service-college-business-economics-finance-page-018,305,Advanced accounting,item-course-005336,,"Verify the current institution, equivalent course, delivery method, tuition and accreditation.",COURSE-005336,service,Historical education service listing — current availability requires verification,historical_education_service,12,Historical availability uncertainty,Provisional heuristic; recalculate from User Profile and current service evidence.,The Independent Study Catalog 1995.pdf,English,,305,The Independent Study Catalog,SRC-EDU-ISC-1995,,University of Wisconsin-Extension,Institution: University of Wisconsin-Extension; level: College; department: Accounting; credit: 3S; division: U,42,Advanced accounting,,pg-service-college-business-economics-finance,"['human-consumer', 'human-needs', 'need-education', 'need-education-postsecondary', 'pg-service-college-business-economics-finance', 'pg-service-college-business-economics-finance-page-018', 'item-course-005336']",
True,Historical 1995 service catalog; contact institution or successor to verify.,1995,College — Business / Economics / Finance,pg-service-college-business-economics-finance,Accounting,,College independent-study course in Accounting. Credit: 3S.,English,,"The Independent Study Catalog, 1995 structured course listing.",78,medium,text catalog parser,Postsecondary,need-education-postsecondary,69,,Elementary accounting,1995,University of Wisconsin-Extension,high,201,need-education,84,Education / Postsecondary / Business / Economics / Finance,15,pg-service-college-business-economics-finance-page-019,201,Elementary accounting,item-course-005337,,"Verify the current institution, equivalent course, delivery method, tuition and accreditation.",COURSE-005337,service,Historical education service listing — current availability requires verification,historical_education_service,12,Historical availability uncertainty,Provisional heuristic; recalculate from User Profile and current service evidence.,The Independent Study Catalog 1995.pdf,English,,201,The Independent Study Catalog,SRC-EDU-ISC-1995,,University of Wisconsin-Extension,Institution: University of Wisconsin-Extension; level: College; department: Accounting; credit: 3S; division: L,42,Elementary accounting,,pg-service-college-business-economics-finance,"['human-consumer', 'human-needs', 'need-education', 'need-education-postsecondary', 'pg-service-college-business-economics-finance', 'pg-service-college-business-economics-finance-page-019', 'item-course-005337']",
True,Historical 1995 service catalog; contact institution or successor to verify.,1995,College — Business / Economics / Finance,pg-service-college-business-economics-finance,Accounting,,College independent-study course in Accounting. Credit: 3S.,English,,"The Independent Study Catalog, 1995 structured course listing.",78,medium,text catalog parser,Postsecondary,need-education-postsecondary,71,,Elementary accounting,1995,University of Wisconsin-Extension,high,202,need-education,84,Education / Postsecondary / Business / Economics / Finance,15,pg-service-college-business-economics-finance-page-019,202,Elementary accounting,item-course-005338,,"Verify the current institution, equivalent course, delivery method, tuition and accreditation.",COURSE-005338,service,Historical education service listing — current availability requires verification,historical_education_service,12,Historical availability uncertainty,Provisional heuristic; recalculate from User Profile and current service evidence.,The Independent Study Catalog 1995.pdf,English,,202,The Independent Study Catalog,SRC-EDU-ISC-1995,,University of Wisconsin-Extension,Institution: University of Wisconsin-Extension; level: College; department: Accounting; credit: 3S; division: L,42,Elementary accounting,,pg-service-college-business-economics-finance,"['human-consumer', 'human-needs', 'need-education', 'need-education-postsecondary', 'pg-service-college-business-economics-finance', 'pg-service-college-business-economics-finance-page-019', 'item-course-005338']",
True,Historical 1995 service catalog; contact institution or successor to verify.,1995,College — Business / Economics / Finance,pg-service-college-business-economics-finance,Accounting,,College independent-study course in Accounting. Credit: 3S.,English,,"The Independent Study Catalog, 1995 structured course listing.",78,medium,text catalog parser,Postsecondary,need-education-postsecondary,72,,Federal individual income tax,1995,University of Wisconsin-Extension,high,304,need-education,84,Education / Postsecondary / Business / Economics / Finance,15,pg-service-college-business-economics-finance-page-019,304,Federal individual income tax,item-course-005339,,"Verify the current institution, equivalent course, delivery method, tuition and accreditation.",COURSE-005339,service,Historical education service listing — current availability requires verification,historical_education_service,12,Historical availability uncertainty,Provisional heuristic; recalculate from User Profile and current service evidence.,The Independent Study Catalog 1995.pdf,English,,304,The Independent Study Catalog,SRC-EDU-ISC-1995,,University of Wisconsin-Extension,Institution: University of Wisconsin-Extension; level: College; department: Accounting; credit: 3S; division: U,42,Federal individual income tax,,pg-service-college-business-economics-finance,"['human-consumer', 'human-needs', 'need-education', 'need-education-postsecondary', 'pg-service-college-business-economics-finance', 'pg-service-college-business-economics-finance-page-019', 'item-course-005339']",
True,Historical 1995 service catalog; contact institution or successor to verify.,1995,College — Business / Economics / Finance,pg-service-college-business-economics-finance,Accounting,,College independent-study course in Accounting. Credit: 3S.,English,,"The Independent Study Catalog, 1995 structured course listing.",78,medium,text catalog parser,Postsecondary,need-education-postsecondary,77,,Intermediate accounting,1995,University of Wisconsin-Extension,high,301,need-education,84,Education / Postsecondary / Business / Economics / Finance,15,pg-service-college-business-economics-finance-page-019,301,Intermediate accounting,item-course-005340,,"Verify the current institution, equivalent course, delivery method, tuition and accreditation.",COURSE-005340,service,Historical education service listing — current availability requires verification,historical_education_service,12,Historical availability uncertainty,Provisional heuristic; recalculate from User Profile and current service evidence.,The Independent Study Catalog 1995.pdf,English,,301,The Independent Study Catalog,SRC-EDU-ISC-1995,,University of Wisconsin-Extension,Institution: University of Wisconsin-Extension; level: College; department: Accounting; credit: 3S; division: U,42,Intermediate accounting,,pg-service-college-business-economics-finance,"['human-consumer', 'human-needs', 'need-education', 'need-education-postsecondary', 'pg-service-college-business-economics-finance', 'pg-service-college-business-economics-finance-page-019', 'item-course-005340']",
True,Historical 1995 service catalog; contact institution or successor to verify.,1995,College — Business / Economics / Finance,pg-service-college-business-economics-finance,Accounting,,College independent-study course in Accounting. Credit: 3S.,English,,"The Independent Study Catalog, 1995 structured course listing.",78,medium,text catalog parser,Postsecondary,need-education-postsecondary,76,,Intermediate accounting,1995,University of Wisconsin-Extension,high,302,need-education,84,Education / Postsecondary / Business / Economics / Finance,15,pg-service-college-business-economics-finance-page-019,302,Intermediate accounting,item-course-005341,,"Verify the current institution, equivalent course, delivery method, tuition and accreditation.",COURSE-005341,service,Historical education service listing — current availability requires verification,historical_education_service,12,Historical availability uncertainty,Provisional heuristic; recalculate from User Profile and current service evidence.,The Independent Study Catalog 1995.pdf,English,,302,The Independent Study Catalog,SRC-EDU-ISC-1995,,University of Wisconsin-Extension,Institution: University of Wisconsin-Extension; level: College; department: Accounting; credit: 3S; division: U,42,Intermediate accounting,,pg-service-college-business-economics-finance,"['human-consumer', 'human-needs', 'need-education', 'need-education-postsecondary', 'pg-service-college-business-economics-finance', 'pg-service-college-business-economics-finance-page-019', 'item-course-005341']",
True,Historical 1995 service catalog; contact institution or successor to verify.,1995,College — History / Geography / Government / Law,pg-service-college-history-geography-government-law,Art,,College independent-study course in Art. Credit: 3S.,English,,"The Independent Study Catalog, 1995 structured course listing.",78,medium,text catalog parser,Postsecondary,need-education-postsecondary,77,,Art history,1995,University of Wisconsin-Extension,high,313,need-education,84,Education / Postsecondary / History / Geography / Government / Law,15,pg-service-college-history-geography-government-law-page-009,313,Art history,item-course-005342,,"Verify the current institution, equivalent course, delivery method, tuition and accreditation.",COURSE-005342,service,Historical education service listing — current availability requires verification,historical_education_service,12,Historical availability uncertainty,Provisional heuristic; recalculate from User Profile and current service evidence.,The Independent Study Catalog 1995.pdf,English,,313,The Independent Study Catalog,SRC-EDU-ISC-1995,,University of Wisconsin-Extension,Institution: University of Wisconsin-Extension; level: College; department: Art; credit: 3S; division: U,42,Art history,,pg-service-college-history-geography-government-law,"['human-consumer', 'human-needs', 'need-education', 'need-education-postsecondary', 'pg-service-college-history-geography-government-law', 'pg-service-college-history-geography-government-law-page-009', 'item-course-005342']",
True,Historical 1995 service catalog; contact institution or successor to verify.,1995,College — Business / Economics / Finance,pg-service-college-business-economics-finance,Business Administration,,College independent-study course in Business Administration. Credit: 3S.,English,,"The Independent Study Catalog, 1995 structured course listing.",78,medium,text catalog parser,Postsecondary,need-education-postsecondary,80,,Administrative policy,1995,University of Wisconsin-Extension,high,484,need-education,84,Education / Postsecondary / Business / Economics / Finance,15,pg-service-college-business-economics-finance-page-018,484,Administrative policy,item-course-005343,,"Verify the current institution, equivalent course, delivery method, tuition and accreditation.",COURSE-005343,service,Historical education service listing — current availability requires verification,historical_education_service,12,Historical availability uncertainty,Provisional heuristic; recalculate from User Profile and current service evidence.,The Independent Study Catalog 1995.pdf,English,,484,The Independent Study Catalog,SRC-EDU-ISC-1995,,University of Wisconsin-Extension,Institution: University of Wisconsin-Extension; level: College; department: Business Administration; credit: 3S; division: U,42,Administrative policy,,pg-service-college-business-economics-finance,"['human-consumer', 'human-needs', 'need-education', 'need-education-postsecondary', 'pg-service-college-business-economics-finance', 'pg-service-college-business-economics-finance-page-018', 'item-course-005343']",
True,Historical 1995 service catalog; contact institution or successor to verify.,1995,College — Business / Economics / Finance,pg-service-college-business-economics-finance,Business Administration,,College independent-study course in Business Administration. Credit: 3S.,English,,"The Independent Study Catalog, 1995 structured course listing.",78,medium,text catalog parser,Postsecondary,need-education-postsecondary,72,,Advertising,1995,University of Wisconsin-Extension,high,363,need-education,84,Education / Postsecondary / Business / Economics / Finance,15,pg-service-college-business-economics-finance-page-018,363,Advertising,item-course-005344,,"Verify the current institution, equivalent course, delivery method, tuition and accreditation.",COURSE-005344,service,Historical education service listing — current availability requires verification,historical_education_service,12,Historical availability uncertainty,Provisional heuristic; recalculate from User Profile and current service evidence.,The Independent Study Catalog 1995.pdf,English,,363,The Independent Study Catalog,SRC-EDU-ISC-1995,,University of Wisconsin-Extension,Institution: University of Wisconsin-Extension; level: College; department: Business Administration; credit: 3S; division: U,42,Advertising,,pg-service-college-business-economics-finance,"['human-consumer', 'human-needs', 'need-education', 'need-education-postsecondary', 'pg-service-college-business-economics-finance', 'pg-service-college-business-economics-finance-page-018', 'item-course-005344']",
True,Historical 1995 service catalog; contact institution or successor to verify.,1995,College — Business / Economics / Finance,pg-service-college-business-economics-finance,Business Administration,,College independent-study course in Business Administration. Credit: 3S.,English,,"The Independent Study Catalog, 1995 structured course listing.",78,medium,text catalog parser,Postsecondary,need-education-postsecondary,76,,Business law,1995,University of Wisconsin-Extension,high,I 313,need-education,84,Education / Postsecondary / Business / Economics / Finance,15,pg-service-college-business-economics-finance-page-018,I 313,Business law,item-course-005345,,"Verify the current institution, equivalent course, delivery method, tuition and accreditation.",COURSE-005345,service,Historical education service listing — current availability requires verification,historical_education_service,12,Historical availability uncertainty,Provisional heuristic; recalculate from User Profile and current service evidence.,The Independent Study Catalog 1995.pdf,English,,I 313,The Independent Study Catalog,SRC-EDU-ISC-1995,,University of Wisconsin-Extension,Institution: University of Wisconsin-Extension; level: College; department: Business Administration; credit: 3S; division: U,42,Business law,,pg-service-college-business-economics-finance,"['human-consumer', 'human-needs', 'need-education', 'need-education-postsecondary', 'pg-service-college-business-economics-finance', 'pg-service-college-business-economics-finance-page-018', 'item-course-005345']",
True,Historical 1995 service catalog; contact institution or successor to verify.,1995,College — Business / Economics / Finance,pg-service-college-business-economics-finance,Business Administration,,College independent-study course in Business Administration. Credit: 3S.,English,,"The Independent Study Catalog, 1995 structured course listing.",78,medium,text catalog parser,Postsecondary,need-education-postsecondary,80,,Business law,1995,University of Wisconsin-Extension,high,II 314,need-education,84,Education / Postsecondary / Business / Economics / Finance,15,pg-service-college-business-economics-finance-page-018,II 314,Business law,item-course-005346,,"Verify the current institution, equivalent course, delivery method, tuition and accreditation.",COURSE-005346,service,Historical education service listing — current availability requires verification,historical_education_service,12,Historical availability uncertainty,Provisional heuristic; recalculate from User Profile and current service evidence.,The Independent Study Catalog 1995.pdf,English,,II 314,The Independent Study Catalog,SRC-EDU-ISC-1995,,University of Wisconsin-Extension,Institution: University of Wisconsin-Extension; level: College; department: Business Administration; credit: 3S; division: U,42,Business law,,pg-service-college-business-economics-finance,"['human-consumer', 'human-needs', 'need-education', 'need-education-postsecondary', 'pg-service-college-business-economics-finance', 'pg-service-college-business-economics-finance-page-018', 'item-course-005346']",
True,Historical 1995 service catalog; contact institution or successor to verify.,1995,College — Business / Economics / Finance,pg-service-college-business-economics-finance,Business Administration,,College independent-study course in Business Administration. Credit: 3S.,English,,"The Independent Study Catalog, 1995 structured course listing.",78,medium,text catalog parser,Postsecondary,need-education-postsecondary,79,,Financial decision making,1995,University of Wisconsin-Extension,high,403,need-education,84,Education / Postsecondary / Business / Economics / Finance,15,pg-service-college-business-economics-finance-page-019,403,Financial decision making,item-course-005347,,"Verify the current institution, equivalent course, delivery method, tuition and accreditation.",COURSE-005347,service,Historical education service listing — current availability requires verification,historical_education_service,12,Historical availability uncertainty,Provisional heuristic; recalculate from User Profile and current service evidence.,The Independent Study Catalog 1995.pdf,English,,403,The Independent Study Catalog,SRC-EDU-ISC-1995,,University of Wisconsin-Extension,Institution: University of Wisconsin-Extension; level: College; department: Business Administration; credit: 3S; division: U,42,Financial decision making,,pg-service-college-business-economics-finance,"['human-consumer', 'human-needs', 'need-education', 'need-education-postsecondary', 'pg-service-college-business-economics-finance', 'pg-service-college-business-economics-finance-page-019', 'item-course-005347']",
True,Historical 1995 service catalog; contact institution or successor to verify.,1995,College — Business / Economics / Finance,pg-service-college-business-economics-finance,Business Administration,,College independent-study course in Business Administration. Credit: 3S.,English,,"The Independent Study Catalog, 1995 structured course listing.",78,medium,text catalog parser,Postsecondary,need-education-postsecondary,75,,Financial management,1995,University of Wisconsin-Extension,high,362,need-education,84,Education / Postsecondary / Business / Economics / Finance,15,pg-service-college-business-economics-finance-page-019,362,Financial management,item-course-005348,,"Verify the current institution, equivalent course, delivery method, tuition and accreditation.",COURSE-005348,service,Historical education service listing — current availability requires verification,historical_education_service,12,Historical availability uncertainty,Provisional heuristic; recalculate from User Profile and current service evidence.,The Independent Study Catalog 1995.pdf,English,,362,The Independent Study Catalog,SRC-EDU-ISC-1995,,University of Wisconsin-Extension,Institution: University of Wisconsin-Extension; level: College; department: Business Administration; credit: 3S; division: U,42,Financial management,,pg-service-college-business-economics-finance,"['human-consumer', 'human-needs', 'need-education', 'need-education-postsecondary', 'pg-service-college-business-economics-finance', 'pg-service-college-business-economics-finance-page-019', 'item-course-005348']",
True,Historical 1995 service catalog; contact institution or successor to verify.,1995,College — Business / Economics / Finance,pg-service-college-business-economics-finance,Business Administration,,College independent-study course in Business Administration. Credit: 3S.,English,,"The Independent Study Catalog, 1995 structured course listing.",78,medium,text catalog parser,Postsecondary,need-education-postsecondary,72,,Financial systems analysis,1995,University of Wisconsin-Extension,high,364,need-education,84,Education / Postsecondary / Business / Economics / Finance,15,pg-service-college-business-economics-finance-page-019,364,Financial systems analysis,item-course-005349,,"Verify the current institution, equivalent course, delivery method, tuition and accreditation.",COURSE-005349,service,Historical education service listing — current availability requires verification,historical_education_service,12,Historical availability uncertainty,Provisional heuristic; recalculate from User Profile and current service evidence.,The Independent Study Catalog 1995.pdf,English,,364,The Independent Study Catalog,SRC-EDU-ISC-1995,,University of Wisconsin-Extension,Institution: University of Wisconsin-Extension; level: College; department: Business Administration; credit: 3S; division: U,42,Financial systems analysis,,pg-service-college-business-economics-finance,"['human-consumer', 'human-needs', 'need-education', 'need-education-postsecondary', 'pg-service-college-business-economics-finance', 'pg-service-college-business-economics-finance-page-019', 'item-course-005349']",
True,Historical 1995 service catalog; contact institution or successor to verify.,1995,College — Business / Economics / Finance,pg-service-college-business-economics-finance,Business Administration,,College independent-study course in Business Administration. Credit: 3S.,English,,"The Independent Study Catalog, 1995 structured course listing.",78,medium,text catalog parser,Postsecondary,need-education-postsecondary,71,,Human resource management,1995,University of Wisconsin-Extension,high,303,need-education,84,Education / Postsecondary / Business / Economics / Finance,15,pg-service-college-business-economics-finance-page-019,303,Human resource management,item-course-005350,,"Verify the current institution, equivalent course, delivery method, tuition and accreditation.",COURSE-005350,service,Historical education service listing — current availability requires verification,historical_education_service,12,Historical availability uncertainty,Provisional heuristic; recalculate from User Profile and current service evidence.,The Independent Study Catalog 1995.pdf,English,,303,The Independent Study Catalog,SRC-EDU-ISC-1995,,University of Wisconsin-Extension,Institution: University of Wisconsin-Extension; level: College; department: Business Administration; credit: 3S; division: U,42,Human resource management,,pg-service-college-business-economics-finance,"['human-consumer', 'human-needs', 'need-education', 'need-education-postsecondary', 'pg-service-college-business-economics-finance', 'pg-service-college-business-economics-finance-page-019', 'item-course-005350']",
True,Historical 1995 service catalog; contact institution or successor to verify.,1995,College — Business / Economics / Finance,pg-service-college-business-economics-finance,Introduction to American business,,College independent-study course in Introduction to American business. Credit: 3S.,English,,"The Independent Study Catalog, 1995 structured course listing.",78,medium,text catalog parser,Postsecondary,need-education-postsecondary,76,,Introduction to marketing,1995,University of Wisconsin-Extension,high,263,need-education,84,Education / Postsecondary / Business / Economics / Finance,15,pg-service-college-business-economics-finance-page-019,263,Introduction to marketing,item-course-005351,,"Verify the current institution, equivalent course, delivery method, tuition and accreditation.",COURSE-005351,service,Historical education service listing — current availability requires verification,historical_education_service,12,Historical availability uncertainty,Provisional heuristic; recalculate from User Profile and current service evidence.,The Independent Study Catalog 1995.pdf,English,,263,The Independent Study Catalog,SRC-EDU-ISC-1995,,University of Wisconsin-Extension,Institution: University of Wisconsin-Extension; level: College; department: Introduction to American business; credit: 3S; division: L,42,Introduction to marketing,,pg-service-college-business-economics-finance,"['human-consumer', 'human-needs', 'need-education', 'need-education-postsecondary', 'pg-service-college-business-economics-finance', 'pg-service-college-business-economics-finance-page-019', 'item-course-005351']",
True,Historical 1995 service catalog; contact institution or successor to verify.,1995,College — Business / Economics / Finance,pg-service-college-business-economics-finance,Introduction to American business,,College independent-study course in Introduction to American business. Credit: 3S.,English,,"The Independent Study Catalog, 1995 structured course listing.",78,medium,text catalog parser,Postsecondary,need-education-postsecondary,74,,Investments,1995,University of Wisconsin-Extension,high,393,need-education,84,Education / Postsecondary / Business / Economics / Finance,15,pg-service-college-business-economics-finance-page-019,393,Investments,item-course-005352,,"Verify the current institution, equivalent course, delivery method, tuition and accreditation.",COURSE-005352,service,Historical education service listing — current availability requires verification,historical_education_service,12,Historical availability uncertainty,Provisional heuristic; recalculate from User Profile and current service evidence.,The Independent Study Catalog 1995.pdf,English,,393,The Independent Study Catalog,SRC-EDU-ISC-1995,,University of Wisconsin-Extension,Institution: University of Wisconsin-Extension; level: College; department: Introduction to American business; credit: 3S; division: U,42,Investments,,pg-service-college-business-economics-finance,"['human-consumer', 'human-needs', 'need-education', 'need-education-postsecondary', 'pg-service-college-business-economics-finance', 'pg-service-college-business-economics-finance-page-019', 'item-course-005352']",
True,Historical 1995 service catalog; contact institution or successor to verify.,1995,College — Business / Economics / Finance,pg-service-college-business-economics-finance,Introduction to American business,,College independent-study course in Introduction to American business. Credit: 3S.,English,,"The Independent Study Catalog, 1995 structured course listing.",78,medium,text catalog parser,Postsecondary,need-education-postsecondary,80,,Labor law,1995,University of Wisconsin-Extension,high,333,need-education,84,Education / Postsecondary / Business / Economics / Finance,15,pg-service-college-business-economics-finance-page-019,333,Labor law,item-course-005353,,"Verify the current institution, equivalent course, delivery method, tuition and accreditation.",COURSE-005353,service,Historical education service listing — current availability requires verification,historical_education_service,12,Historical availability uncertainty,Provisional heuristic; recalculate from User Profile and current service evidence.,The Independent Study Catalog 1995.pdf,English,,333,The Independent Study Catalog,SRC-EDU-ISC-1995,,University of Wisconsin-Extension,Institution: University of Wisconsin-Extension; level: College; department: Introduction to American business; credit: 3S; division: U,42,Labor law,,pg-service-college-business-economics-finance,"['human-consumer', 'human-needs', 'need-education', 'need-education-postsecondary', 'pg-service-college-business-economics-finance', 'pg-service-college-business-economics-finance-page-019', 'item-course-005353']",
True,Historical 1995 service catalog; contact institution or successor to verify.,1995,College — Business / Economics / Finance,pg-service-college-business-economics-finance,Introduction to American business,,College independent-study course in Introduction to American business. Credit: 3S.,English,,"The Independent Study Catalog, 1995 structured course listing.",78,medium,text catalog parser,Postsecondary,need-education-postsecondary,78,,Labor-management relations,1995,University of Wisconsin-Extension,high,433,need-education,84,Education / Postsecondary / Business / Economics / Finance,15,pg-service-college-business-economics-finance-page-019,433,Labor-management relations,item-course-005354,,"Verify the current institution, equivalent course, delivery method, tuition and accreditation.",COURSE-005354,service,Historical education service listing — current availability requires verification,historical_education_service,12,Historical availability uncertainty,Provisional heuristic; recalculate from User Profile and current service evidence.,The Independent Study Catalog 1995.pdf,English,,433,The Independent Study Catalog,SRC-EDU-ISC-1995,,University of Wisconsin-Extension,Institution: University of Wisconsin-Extension; level: College; department: Introduction to American business; credit: 3S; division: U,42,Labor-management relations,,pg-service-college-business-economics-finance,"['human-consumer', 'human-needs', 'need-education', 'need-education-postsecondary', 'pg-service-college-business-economics-finance', 'pg-service-college-business-economics-finance-page-019', 'item-course-005354']",
True,Historical 1995 service catalog; contact institution or successor to verify.,1995,College — Business / Economics / Finance,pg-service-college-business-economics-finance,Introduction to American business,,College independent-study course in Introduction to American business. Credit: 3S.,English,,"The Independent Study Catalog, 1995 structured course listing.",78,medium,text catalog parser,Postsecondary,need-education-postsecondary,69,,Marketing management,1995,University of Wisconsin-Extension,high,463,need-education,84,Education / Postsecondary / Business / Economics / Finance,15,pg-service-college-business-economics-finance-page-019,463,Marketing management,item-course-005355,,"Verify the current institution, equivalent course, delivery method, tuition and accreditation.",COURSE-005355,service,Historical education service listing — current availability requires verification,historical_education_service,12,Historical availability uncertainty,Provisional heuristic; recalculate from User Profile and current service evidence.,The Independent Study Catalog 1995.pdf,English,,463,The Independent Study Catalog,SRC-EDU-ISC-1995,,University of Wisconsin-Extension,Institution: University of Wisconsin-Extension; level: College; department: Introduction to American business; credit: 3S; division: U,42,Marketing management,,pg-service-college-business-economics-finance,"['human-consumer', 'human-needs', 'need-education', 'need-education-postsecondary', 'pg-service-college-business-economics-finance', 'pg-service-college-business-economics-finance-page-019', 'item-course-005355']",
True,Historical 1995 service catalog; contact institution or successor to verify.,1995,College — Business / Economics / Finance,pg-service-college-business-economics-finance,Introduction to American business,,College independent-study course in Introduction to American business. Credit: 3S.,English,,"The Independent Study Catalog, 1995 structured course listing.",78,medium,text catalog parser,Postsecondary,need-education-postsecondary,74,,Marketing research,1995,University of Wisconsin-Extension,high,370,need-education,84,Education / Postsecondary / Business / Economics / Finance,15,pg-service-college-business-economics-finance-page-019,370,Marketing research,item-course-005356,,"Verify the current institution, equivalent course, delivery method, tuition and accreditation.",COURSE-005356,service,Historical education service listing — current availability requires verification,historical_education_service,12,Historical availability uncertainty,Provisional heuristic; recalculate from User Profile and current service evidence.,The Independent Study Catalog 1995.pdf,English,,370,The Independent Study Catalog,SRC-EDU-ISC-1995,,University of Wisconsin-Extension,Institution: University of Wisconsin-Extension; level: College; department: Introduction to American business; credit: 3S; division: U,42,Marketing research,,pg-service-college-business-economics-finance,"['human-consumer', 'human-needs', 'need-education', 'need-education-postsecondary', 'pg-service-college-business-economics-finance', 'pg-service-college-business-economics-finance-page-019', 'item-course-005356']",
True,Historical 1995 service catalog; contact institution or successor to verify.,1995,College — Business / Economics / Finance,pg-service-college-business-economics-finance,Introduction to American business,,College independent-study course in Introduction to American business. Credit: 3S.,English,,"The Independent Study Catalog, 1995 structured course listing.",78,medium,text catalog parser,Postsecondary,need-education-postsecondary,69,,Organization theory and process,1995,University of Wisconsin-Extension,high,353,need-education,84,Education / Postsecondary / Business / Economics / Finance,15,pg-service-college-business-economics-finance-page-019,353,Organization theory and process,item-course-005357,,"Verify the current institution, equivalent course, delivery method, tuition and accreditation.",COURSE-005357,service,Historical education service listing — current availability requires verification,historical_education_service,12,Historical availability uncertainty,Provisional heuristic; recalculate from User Profile and current service evidence.,The Independent Study Catalog 1995.pdf,English,,353,The Independent Study Catalog,SRC-EDU-ISC-1995,,University of Wisconsin-Extension,Institution: University of Wisconsin-Extension; level: College; department: Introduction to American business; credit: 3S; division: U,42,Organization theory and process,,pg-service-college-business-economics-finance,"['human-consumer', 'human-needs', 'need-education', 'need-education-postsecondary', 'pg-service-college-business-economics-finance', 'pg-service-college-business-economics-finance-page-019', 'item-course-005357']",
True,Historical 1995 service catalog; contact institution or successor to verify.,1995,College — Business / Economics / Finance,pg-service-college-business-economics-finance,Introduction to American business,,College independent-study course in Introduction to American business. Credit: 3S.,English,,"The Independent Study Catalog, 1995 structured course listing.",78,medium,text catalog parser,Postsecondary,need-education-postsecondary,73,,Retailing,1995,University of Wisconsin-Extension,high,312,need-education,84,Education / Postsecondary / Business / Economics / Finance,15,pg-service-college-business-economics-finance-page-019,312,Retailing,item-course-005358,,"Verify the current institution, equivalent course, delivery method, tuition and accreditation.",COURSE-005358,service,Historical education service listing — current availability requires verification,historical_education_service,12,Historical availability uncertainty,Provisional heuristic; recalculate from User Profile and current service evidence.,The Independent Study Catalog 1995.pdf,English,,312,The Independent Study Catalog,SRC-EDU-ISC-1995,,University of Wisconsin-Extension,Institution: University of Wisconsin-Extension; level: College; department: Introduction to American business; credit: 3S; division: U,42,Retailing,,pg-service-college-business-economics-finance,"['human-consumer', 'human-needs', 'need-education', 'need-education-postsecondary', 'pg-service-college-business-economics-finance', 'pg-service-college-business-economics-finance-page-019', 'item-course-005358']",
True,Historical 1995 service catalog; contact institution or successor to verify.,1995,College — Business / Economics / Finance,pg-service-college-business-economics-finance,Introduction to American business,,College independent-study course in Introduction to American business. Credit: 3S.,English,,"The Independent Study Catalog, 1995 structured course listing.",78,medium,text catalog parser,Postsecondary,need-education-postsecondary,80,,Sales management,1995,University of Wisconsin-Extension,high,383,need-education,84,Education / Postsecondary / Business / Economics / Finance,15,pg-service-college-business-economics-finance-page-019,383,Sales management,item-course-005359,,"Verify the current institution, equivalent course, delivery method, tuition and accreditation.",COURSE-005359,service,Historical education service listing — current availability requires verification,historical_education_service,12,Historical availability uncertainty,Provisional heuristic; recalculate from User Profile and current service evidence.,The Independent Study Catalog 1995.pdf,English,,383,The Independent Study Catalog,SRC-EDU-ISC-1995,,University of Wisconsin-Extension,Institution: University of Wisconsin-Extension; level: College; department: Introduction to American business; credit: 3S; division: U,42,Sales management,,pg-service-college-business-economics-finance,"['human-consumer', 'human-needs', 'need-education', 'need-education-postsecondary', 'pg-service-college-business-economics-finance', 'pg-service-college-business-economics-finance-page-019', 'item-course-005359']",
True,Historical 1995 service catalog; contact institution or successor to verify.,1995,College — English / Communication / Journalism,pg-service-college-english-communication-journalism,Communication,,College independent-study course in Communication. Credit: 2S.,English,,"The Independent Study Catalog, 1995 structured course listing.",78,medium,text catalog parser,Postsecondary,need-education-postsecondary,80,,Public speaking,1995,University of Wisconsin-Extension,high,212,need-education,84,Education / Postsecondary / English / Communication / Journalism,15,pg-service-college-english-communication-journalism-page-012,212,Public speaking,item-course-005360,,"Verify the current institution, equivalent course, delivery method, tuition and accreditation.",COURSE-005360,service,Historical education service listing — current availability requires verification,historical_education_service,12,Historical availability uncertainty,Provisional heuristic; recalculate from User Profile and current service evidence.,The Independent Study Catalog 1995.pdf,English,,212,The Independent Study Catalog,SRC-EDU-ISC-1995,,University of Wisconsin-Extension,Institution: University of Wisconsin-Extension; level: College; department: Communication; credit: 2S; division: L,42,Public speaking,,pg-service-college-english-communication-journalism,"['human-consumer', 'human-needs', 'need-education', 'need-education-postsecondary', 'pg-service-college-english-communication-journalism', 'pg-service-college-english-communication-journalism-page-012', 'item-course-005360']",
True,Historical 1995 service catalog; contact institution or successor to verify.,1995,College — Business / Economics / Finance,pg-service-college-business-economics-finance,Economics,,College independent-study course in Economics. Credit: 3S.,English,,"The Independent Study Catalog, 1995 structured course listing.",78,medium,text catalog parser,Postsecondary,need-education-postsecondary,71,,Consumer economics,1995,University of Wisconsin-Extension,high,342,need-education,84,Education / Postsecondary / Business / Economics / Finance,15,pg-service-college-business-economics-finance-page-018,342,Consumer economics,item-course-005361,,"Verify the current institution, equivalent course, delivery method, tuition and accreditation.",COURSE-005361,service,Historical education service listing — current availability requires verification,historical_education_service,12,Historical availability uncertainty,Provisional heuristic; recalculate from User Profile and current service evidence.,The Independent Study Catalog 1995.pdf,English,,342,The Independent Study Catalog,SRC-EDU-ISC-1995,,University of Wisconsin-Extension,Institution: University of Wisconsin-Extension; level: College; department: Economics; credit: 3S; division: U,42,Consumer economics,,pg-service-college-business-economics-finance,"['human-consumer', 'human-needs', 'need-education', 'need-education-postsecondary', 'pg-service-college-business-economics-finance', 'pg-service-college-business-economics-finance-page-018', 'item-course-005361']",
True,Historical 1995 service catalog; contact institution or successor to verify.,1995,College — Business / Economics / Finance,pg-service-college-business-economics-finance,Economics,,College independent-study course in Economics. Credit: 3S.,English,,"The Independent Study Catalog, 1995 structured course listing.",78,medium,text catalog parser,Postsecondary,need-education-postsecondary,78,,Introduction to microeconomics,1995,University of Wisconsin-Extension,high,223,need-education,84,Education / Postsecondary / Business / Economics / Finance,15,pg-service-college-business-economics-finance-page-019,223,Introduction to microeconomics,item-course-005362,,"Verify the current institution, equivalent course, delivery method, tuition and accreditation.",COURSE-005362,service,Historical education service listing — current availability requires verification,historical_education_service,12,Historical availability uncertainty,Provisional heuristic; recalculate from User Profile and current service evidence.,The Independent Study Catalog 1995.pdf,English,,223,The Independent Study Catalog,SRC-EDU-ISC-1995,,University of Wisconsin-Extension,Institution: University of Wisconsin-Extension; level: College; department: Economics; credit: 3S; division: L,42,Introduction to microeconomics,,pg-service-college-business-economics-finance,"['human-consumer', 'human-needs', 'need-education', 'need-education-postsecondary', 'pg-service-college-business-economics-finance', 'pg-service-college-business-economics-finance-page-019', 'item-course-005362']",
True,Historical 1995 service catalog; contact institution or successor to verify.,1995,College — History / Geography / Government / Law,pg-service-college-history-geography-government-law,Ethnic and Gender Studies,,College independent-study course in Ethnic and Gender Studies. Credit: 4S.,English,,"The Independent Study Catalog, 1995 structured course listing.",78,medium,text catalog parser,Postsecondary,need-education-postsecondary,75,,Survey of physical geography,1995,University of Wisconsin-Extension,high,104,need-education,84,Education / Postsecondary / History / Geography / Government / Law,15,pg-service-college-history-geography-government-law-page-009,104,Survey of physical geography,item-course-005363,,"Verify the current institution, equivalent course, delivery method, tuition and accreditation.",COURSE-005363,service,Historical education service listing — current availability requires verification,historical_education_service,12,Historical availability uncertainty,Provisional heuristic; recalculate from User Profile and current service evidence.,The Independent Study Catalog 1995.pdf,English,,104,The Independent Study Catalog,SRC-EDU-ISC-1995,,University of Wisconsin-Extension,Institution: University of Wisconsin-Extension; level: College; department: Ethnic and Gender Studies; credit: 4S; division: L,42,Survey of physical geography,,pg-service-college-history-geography-government-law,"['human-consumer', 'human-needs', 'need-education', 'need-education-postsecondary', 'pg-service-college-history-geography-government-law', 'pg-service-college-history-geography-government-law-page-009', 'item-course-005363']",
True,Historical 1995 service catalog; contact institution or successor to verify.,1995,College — History / Geography / Government / Law,pg-service-college-history-geography-government-law,Ethnic and Gender Studies,,College independent-study course in Ethnic and Gender Studies. Credit: 3S.,English,,"The Independent Study Catalog, 1995 structured course listing.",78,medium,text catalog parser,Postsecondary,need-education-postsecondary,73,,World geography,1995,University of Wisconsin-Extension,high,133,need-education,84,Education / Postsecondary / History / Geography / Government / Law,15,pg-service-college-history-geography-government-law-page-009,133,World geography,item-course-005364,,"Verify the current institution, equivalent course, delivery method, tuition and accreditation.",COURSE-005364,service,Historical education service listing — current availability requires verification,historical_education_service,12,Historical availability uncertainty,Provisional heuristic; recalculate from User Profile and current service evidence.,The Independent Study Catalog 1995.pdf,English,,133,The Independent Study Catalog,SRC-EDU-ISC-1995,,University of Wisconsin-Extension,Institution: University of Wisconsin-Extension; level: College; department: Ethnic and Gender Studies; credit: 3S; division: L,42,World geography,,pg-service-college-history-geography-government-law,"['human-consumer', 'human-needs', 'need-education', 'need-education-postsecondary', 'pg-service-college-history-geography-government-law', 'pg-service-college-history-geography-government-law-page-009', 'item-course-005364']",
True,Historical 1995 service catalog; contact institution or successor to verify.,1995,College — Mathematics / Statistics,pg-service-college-mathematics-statistics,Mathematics,,College independent-study course in Mathematics. Credit: 3S.,English,,"The Independent Study Catalog, 1995 structured course listing.",78,medium,text catalog parser,Postsecondary,need-education-postsecondary,70,,Algebra,1995,University of Wisconsin-Extension,high,113,need-education,84,Education / Postsecondary / Mathematics / Statistics,15,pg-service-college-mathematics-statistics-page-004,113,Algebra,item-course-005365,,"Verify the current institution, equivalent course, delivery method, tuition and accreditation.",COURSE-005365,service,Historical education service listing — current availability requires verification,historical_education_service,12,Historical availability uncertainty,Provisional heuristic; recalculate from User Profile and current service evidence.,The Independent Study Catalog 1995.pdf,English,,113,The Independent Study Catalog,SRC-EDU-ISC-1995,,University of Wisconsin-Extension,Institution: University of Wisconsin-Extension; level: College; department: Mathematics; credit: 3S; division: L,42,Algebra,,pg-service-college-mathematics-statistics,"['human-consumer', 'human-needs', 'need-education', 'need-education-postsecondary', 'pg-service-college-mathematics-statistics', 'pg-service-college-mathematics-statistics-page-004', 'item-course-005365']",
True,Historical 1995 service catalog; contact institution or successor to verify.,1995,College — Business / Economics / Finance,pg-service-college-business-economics-finance,Mathematics,,College independent-study course in Mathematics. Credit: 3S.,English,,"The Independent Study Catalog, 1995 structured course listing.",78,medium,text catalog parser,Postsecondary,need-education-postsecondary,79,,Math of finance,1995,University of Wisconsin-Extension,high,233,need-education,84,Education / Postsecondary / Business / Economics / Finance,15,pg-service-college-business-economics-finance-page-019,233,Math of finance,item-course-005366,,"Verify the current institution, equivalent course, delivery method, tuition and accreditation.",COURSE-005366,service,Historical education service listing — current availability requires verification,historical_education_service,12,Historical availability uncertainty,Provisional heuristic; recalculate from User Profile and current service evidence.,The Independent Study Catalog 1995.pdf,English,,233,The Independent Study Catalog,SRC-EDU-ISC-1995,,University of Wisconsin-Extension,Institution: University of Wisconsin-Extension; level: College; department: Mathematics; credit: 3S; division: L,42,Math of finance,,pg-service-college-business-economics-finance,"['human-consumer', 'human-needs', 'need-education', 'need-education-postsecondary', 'pg-service-college-business-economics-finance', 'pg-service-college-business-economics-finance-page-019', 'item-course-005366']",
True,Historical 1995 service catalog; contact institution or successor to verify.,1995,College — Business / Economics / Finance,pg-service-college-business-economics-finance,Accounting,,College independent-study course in Accounting. Credit: 3S.,English,,"The Independent Study Catalog, 1995 structured course listing.",78,medium,text catalog parser,Postsecondary,need-education-postsecondary,75,,Principles of accounting,1995,University of Wyoming,high,I 2010,need-education,84,Education / Postsecondary / Business / Economics / Finance,15,pg-service-college-business-economics-finance-page-020,I 2010,Principles of accounting,item-course-005367,,"Verify the current institution, equivalent course, delivery method, tuition and accreditation.",COURSE-005367,service,Historical education service listing — current availability requires verification,historical_education_service,12,Historical availability uncertainty,Provisional heuristic; recalculate from User Profile and current service evidence.,The Independent Study Catalog 1995.pdf,English,,I 2010,The Independent Study Catalog,SRC-EDU-ISC-1995,,University of Wyoming,Institution: University of Wyoming; level: College; department: Accounting; credit: 3S; division: L,42,Principles of accounting,,pg-service-college-business-economics-finance,"['human-consumer', 'human-needs', 'need-education', 'need-education-postsecondary', 'pg-service-college-business-economics-finance', 'pg-service-college-business-economics-finance-page-020', 'item-course-005367']",
True,Historical 1995 service catalog; contact institution or successor to verify.,1995,College — Business / Economics / Finance,pg-service-college-business-economics-finance,Accounting,,College independent-study course in Accounting. Credit: 3S.,English,,"The Independent Study Catalog, 1995 structured course listing.",78,medium,text catalog parser,Postsecondary,need-education-postsecondary,78,,Principles of accounting,1995,University of Wyoming,high,II 2020,need-education,84,Education / Postsecondary / Business / Economics / Finance,15,pg-service-college-business-economics-finance-page-020,II 2020,Principles of accounting,item-course-005368,,"Verify the current institution, equivalent course, delivery method, tuition and accreditation.",COURSE-005368,service,Historical education service listing — current availability requires verification,historical_education_service,12,Historical availability uncertainty,Provisional heuristic; recalculate from User Profile and current service evidence.,The Independent Study Catalog 1995.pdf,English,,II 2020,The Independent Study Catalog,SRC-EDU-ISC-1995,,University of Wyoming,Institution: University of Wyoming; level: College; department: Accounting; credit: 3S; division: L,42,Principles of accounting,,pg-service-college-business-economics-finance,"['human-consumer', 'human-needs', 'need-education', 'need-education-postsecondary', 'pg-service-college-business-economics-finance', 'pg-service-college-business-economics-finance-page-020', 'item-course-005368']",
True,Historical 1995 service catalog; contact institution or successor to verify.,1995,College — Business / Economics / Finance,pg-service-college-business-economics-finance,Agricultural Economics,,College independent-study course in Agricultural Economics. Credit: 3S.,English,,"The Independent Study Catalog, 1995 structured course listing.",78,medium,text catalog parser,Postsecondary,need-education-postsecondary,77,,Agriculture economics,1995,University of Wyoming,high,I 1010,need-education,84,Education / Postsecondary / Business / Economics / Finance,15,pg-service-college-business-economics-finance-page-019,I 1010,Agriculture economics,item-course-005369,,"Verify the current institution, equivalent course, delivery method, tuition and accreditation.",COURSE-005369,service,Historical education service listing — current availability requires verification,historical_education_service,12,Historical availability uncertainty,Provisional heuristic; recalculate from User Profile and current service evidence.,The Independent Study Catalog 1995.pdf,English,,I 1010,The Independent Study Catalog,SRC-EDU-ISC-1995,,University of Wyoming,Institution: University of Wyoming; level: College; department: Agricultural Economics; credit: 3S; division: L,42,Agriculture economics,,pg-service-college-business-economics-finance,"['human-consumer', 'human-needs', 'need-education', 'need-education-postsecondary', 'pg-service-college-business-economics-finance', 'pg-service-college-business-economics-finance-page-019', 'item-course-005369']",
True,Historical 1995 service catalog; contact institution or successor to verify.,1995,College — Mathematics / Statistics,pg-service-college-mathematics-statistics,Algebra,,College independent-study course in Algebra. Credit: 3S.,English,,"The Independent Study Catalog, 1995 structured course listing.",78,medium,text catalog parser,Postsecondary,need-education-postsecondary,76,,College algebra,1995,University of Wyoming,high,1400,need-education,84,Education / Postsecondary / Mathematics / Statistics,15,pg-service-college-mathematics-statistics-page-005,1400,College algebra,item-course-005370,,"Verify the current institution, equivalent course, delivery method, tuition and accreditation.",COURSE-005370,service,Historical education service listing — current availability requires verification,historical_education_service,12,Historical availability uncertainty,Provisional heuristic; recalculate from User Profile and current service evidence.,The Independent Study Catalog 1995.pdf,English,,1400,The Independent Study Catalog,SRC-EDU-ISC-1995,,University of Wyoming,Institution: University of Wyoming; level: College; department: Algebra; credit: 3S; division: L,42,College algebra,,pg-service-college-mathematics-statistics,"['human-consumer', 'human-needs', 'need-education', 'need-education-postsecondary', 'pg-service-college-mathematics-statistics', 'pg-service-college-mathematics-statistics-page-005', 'item-course-005370']",
True,Historical 1995 service catalog; contact institution or successor to verify.,1995,College — Science / Environment,pg-service-college-science-environment,Animal Sciences,,College independent-study course in Animal Sciences. Credit: 5S.,English,,"The Independent Study Catalog, 1995 structured course listing.",78,medium,text catalog parser,Postsecondary,need-education-postsecondary,69,,Animal nutrition,1995,University of Wyoming,high,3100,need-education,84,Education / Postsecondary / Science / Environment,15,pg-service-college-science-environment-page-011,3100,Animal nutrition,item-course-005371,,"Verify the current institution, equivalent course, delivery method, tuition and accreditation.",COURSE-005371,service,Historical education service listing — current availability requires verification,historical_education_service,12,Historical availability uncertainty,Provisional heuristic; recalculate from User Profile and current service evidence.,The Independent Study Catalog 1995.pdf,English,,3100,The Independent Study Catalog,SRC-EDU-ISC-1995,,University of Wyoming,Institution: University of Wyoming; level: College; department: Animal Sciences; credit: 5S; division: U,42,Animal nutrition,,pg-service-college-science-environment,"['human-consumer', 'human-needs', 'need-education', 'need-education-postsecondary', 'pg-service-college-science-environment', 'pg-service-college-science-environment-page-011', 'item-course-005371']",
True,Historical 1995 service catalog; contact institution or successor to verify.,1995,College — Science / Environment,pg-service-college-science-environment,Animal Sciences,,College independent-study course in Animal Sciences. Credit: 4S.,English,,"The Independent Study Catalog, 1995 structured course listing.",78,medium,text catalog parser,Postsecondary,need-education-postsecondary,78,,Feeds and feeding,1995,University of Wyoming,high,2020,need-education,84,Education / Postsecondary / Science / Environment,15,pg-service-college-science-environment-page-011,2020,Feeds and feeding,item-course-005372,,"Verify the current institution, equivalent course, delivery method, tuition and accreditation.",COURSE-005372,service,Historical education service listing — current availability requires verification,historical_education_service,12,Historical availability uncertainty,Provisional heuristic; recalculate from User Profile and current service evidence.,The Independent Study Catalog 1995.pdf,English,,2020,The Independent Study Catalog,SRC-EDU-ISC-1995,,University of Wyoming,Institution: University of Wyoming; level: College; department: Animal Sciences; credit: 4S; division: L,42,Feeds and feeding,,pg-service-college-science-environment,"['human-consumer', 'human-needs', 'need-education', 'need-education-postsecondary', 'pg-service-college-science-environment', 'pg-service-college-science-environment-page-011', 'item-course-005372']",
True,Historical 1995 service catalog; contact institution or successor to verify.,1995,College — History / Geography / Government / Law,pg-service-college-history-geography-government-law,Art History,,College independent-study course in Art History. Credit: 3S.,English,,"The Independent Study Catalog, 1995 structured course listing.",78,medium,text catalog parser,Postsecondary,need-education-postsecondary,79,,Art: history and criticism,1995,University of Wyoming,high,1010,need-education,84,Education / Postsecondary / History / Geography / Government / Law,15,pg-service-college-history-geography-government-law-page-009,1010,Art: history and criticism,item-course-005373,,"Verify the current institution, equivalent course, delivery method, tuition and accreditation.",COURSE-005373,service,Historical education service listing — current availability requires verification,historical_education_service,12,Historical availability uncertainty,Provisional heuristic; recalculate from User Profile and current service evidence.,The Independent Study Catalog 1995.pdf,English,,1010,The Independent Study Catalog,SRC-EDU-ISC-1995,,University of Wyoming,Institution: University of Wyoming; level: College; department: Art History; credit: 3S; division: L,42,Art: history and criticism,,pg-service-college-history-geography-government-law,"['human-consumer', 'human-needs', 'need-education', 'need-education-postsecondary', 'pg-service-college-history-geography-government-law', 'pg-service-college-history-geography-government-law-page-009', 'item-course-005373']",
True,Historical 1995 service catalog; contact institution or successor to verify.,1995,College — Business / Economics / Finance,pg-service-college-business-economics-finance,Business,,College independent-study course in Business. Credit: 3S.,English,,"The Independent Study Catalog, 1995 structured course listing.",78,medium,text catalog parser,Postsecondary,need-education-postsecondary,80,,Introduction to business,1995,University of Wyoming,high,1000,need-education,84,Education / Postsecondary / Business / Economics / Finance,15,pg-service-college-business-economics-finance-page-020,1000,Introduction to business,item-course-005374,,"Verify the current institution, equivalent course, delivery method, tuition and accreditation.",COURSE-005374,service,Historical education service listing — current availability requires verification,historical_education_service,12,Historical availability uncertainty,Provisional heuristic; recalculate from User Profile and current service evidence.,The Independent Study Catalog 1995.pdf,English,,1000,The Independent Study Catalog,SRC-EDU-ISC-1995,,University of Wyoming,Institution: University of Wyoming; level: College; department: Business; credit: 3S; division: L,42,Introduction to business,,pg-service-college-business-economics-finance,"['human-consumer', 'human-needs', 'need-education', 'need-education-postsecondary', 'pg-service-college-business-economics-finance', 'pg-service-college-business-economics-finance-page-020', 'item-course-005374']",
True,Historical 1995 service catalog; contact institution or successor to verify.,1995,College — Business / Economics / Finance,pg-service-college-business-economics-finance,Business Laic,,College independent-study course in Business Laic. Credit: 3S.,English,,"The Independent Study Catalog, 1995 structured course listing.",78,medium,text catalog parser,Postsecondary,need-education-postsecondary,73,,Legal environment of business,1995,University of Wyoming,high,2010,need-education,84,Education / Postsecondary / Business / Economics / Finance,15,pg-service-college-business-economics-finance-page-020,2010,Legal environment of business,item-course-005375,,"Verify the current institution, equivalent course, delivery method, tuition and accreditation.",COURSE-005375,service,Historical education service listing — current availability requires verification,historical_education_service,12,Historical availability uncertainty,Provisional heuristic; recalculate from User Profile and current service evidence.,The Independent Study Catalog 1995.pdf,English,,2010,The Independent Study Catalog,SRC-EDU-ISC-1995,,University of Wyoming,Institution: University of Wyoming; level: College; department: Business Laic; credit: 3S; division: L,42,Legal environment of business,,pg-service-college-business-economics-finance,"['human-consumer', 'human-needs', 'need-education', 'need-education-postsecondary', 'pg-service-college-business-economics-finance', 'pg-service-college-business-economics-finance-page-020', 'item-course-005375']",
True,Historical 1995 service catalog; contact institution or successor to verify.,1995,College — Education / Teaching,pg-service-college-education-teaching,Teaching reading/study strategies in,,College independent-study course in Teaching reading/study strategies in. Credit: 2S.,English,,"The Independent Study Catalog, 1995 structured course listing.",78,medium,text catalog parser,Postsecondary,need-education-postsecondary,70,,content areas,1995,University of Wyoming,high,3540,need-education,84,Education / Postsecondary / Education / Teaching,15,pg-service-college-education-teaching-page-004,3540,content areas,item-course-005376,,"Verify the current institution, equivalent course, delivery method, tuition and accreditation.",COURSE-005376,service,Historical education service listing — current availability requires verification,historical_education_service,12,Historical availability uncertainty,Provisional heuristic; recalculate from User Profile and current service evidence.,The Independent Study Catalog 1995.pdf,English,,3540,The Independent Study Catalog,SRC-EDU-ISC-1995,,University of Wyoming,Institution: University of Wyoming; level: College; department: Teaching reading/study strategies in; credit: 2S; division: U,42,content areas,,pg-service-college-education-teaching,"['human-consumer', 'human-needs', 'need-education', 'need-education-postsecondary', 'pg-service-college-education-teaching', 'pg-service-college-education-teaching-page-004', 'item-course-005376']",
True,Historical 1995 service catalog; contact institution or successor to verify.,1995,College — Business / Economics / Finance,pg-service-college-business-economics-finance,Economics,,College independent-study course in Economics. Credit: 3S.,English,,"The Independent Study Catalog, 1995 structured course listing.",78,medium,text catalog parser,Postsecondary,need-education-postsecondary,68,,Intermediate macroeconomics,1995,University of Wyoming,high,4010,need-education,84,Education / Postsecondary / Business / Economics / Finance,15,pg-service-college-business-economics-finance-page-020,4010,Intermediate macroeconomics,item-course-005377,,"Verify the current institution, equivalent course, delivery method, tuition and accreditation.",COURSE-005377,service,Historical education service listing — current availability requires verification,historical_education_service,12,Historical availability uncertainty,Provisional heuristic; recalculate from User Profile and current service evidence.,The Independent Study Catalog 1995.pdf,English,,4010,The Independent Study Catalog,SRC-EDU-ISC-1995,,University of Wyoming,Institution: University of Wyoming; level: College; department: Economics; credit: 3S; division: U,42,Intermediate macroeconomics,,pg-service-college-business-economics-finance,"['human-consumer', 'human-needs', 'need-education', 'need-education-postsecondary', 'pg-service-college-business-economics-finance', 'pg-service-college-business-economics-finance-page-020', 'item-course-005377']",
True,Historical 1995 service catalog; contact institution or successor to verify.,1995,College — Business / Economics / Finance,pg-service-college-business-economics-finance,Economics,,College independent-study course in Economics. Credit: 3S.,English,,"The Independent Study Catalog, 1995 structured course listing.",78,medium,text catalog parser,Postsecondary,need-education-postsecondary,68,,Principles of microeconomics,1995,University of Wyoming,high,1020,need-education,84,Education / Postsecondary / Business / Economics / Finance,15,pg-service-college-business-economics-finance-page-020,1020,Principles of microeconomics,item-course-005378,,"Verify the current institution, equivalent course, delivery method, tuition and accreditation.",COURSE-005378,service,Historical education service listing — current availability requires verification,historical_education_service,12,Historical availability uncertainty,Provisional heuristic; recalculate from User Profile and current service evidence.,The Independent Study Catalog 1995.pdf,English,,1020,The Independent Study Catalog,SRC-EDU-ISC-1995,,University of Wyoming,Institution: University of Wyoming; level: College; department: Economics; credit: 3S; division: L,42,Principles of microeconomics,,pg-service-college-business-economics-finance,"['human-consumer', 'human-needs', 'need-education', 'need-education-postsecondary', 'pg-service-college-business-economics-finance', 'pg-service-college-business-economics-finance-page-020', 'item-course-005378']",
True,Historical 1995 service catalog; contact institution or successor to verify.,1995,College — Business / Economics / Finance,pg-service-college-business-economics-finance,Teacher and elementary school,,"College independent-study course in Teacher and elementary school. Credit: 2S, LK.",English,,"The Independent Study Catalog, 1995 structured course listing.",78,medium,text catalog parser,Postsecondary,need-education-postsecondary,80,,administration,1995,University of Wyoming,high,4210,need-education,84,Education / Postsecondary / Business / Economics / Finance,15,pg-service-college-business-economics-finance-page-019,4210,administration,item-course-005379,,"Verify the current institution, equivalent course, delivery method, tuition and accreditation.",COURSE-005379,service,Historical education service listing — current availability requires verification,historical_education_service,12,Historical availability uncertainty,Provisional heuristic; recalculate from User Profile and current service evidence.,The Independent Study Catalog 1995.pdf,English,,4210,The Independent Study Catalog,SRC-EDU-ISC-1995,,University of Wyoming,"Institution: University of Wyoming; level: College; department: Teacher and elementary school; credit: 2S, LK; division: U",42,administration,,pg-service-college-business-economics-finance,"['human-consumer', 'human-needs', 'need-education', 'need-education-postsecondary', 'pg-service-college-business-economics-finance', 'pg-service-college-business-economics-finance-page-019', 'item-course-005379']",
True,Historical 1995 service catalog; contact institution or successor to verify.,1995,College — Business / Economics / Finance,pg-service-college-business-economics-finance,Teacher and secondary school,,"College independent-study course in Teacher and secondary school. Credit: 2S, LK.",English,,"The Independent Study Catalog, 1995 structured course listing.",78,medium,text catalog parser,Postsecondary,need-education-postsecondary,73,,administration,1995,University of Wyoming,high,4220,need-education,84,Education / Postsecondary / Business / Economics / Finance,15,pg-service-college-business-economics-finance-page-019,4220,administration,item-course-005380,,"Verify the current institution, equivalent course, delivery method, tuition and accreditation.",COURSE-005380,service,Historical education service listing — current availability requires verification,historical_education_service,12,Historical availability uncertainty,Provisional heuristic; recalculate from User Profile and current service evidence.,The Independent Study Catalog 1995.pdf,English,,4220,The Independent Study Catalog,SRC-EDU-ISC-1995,,University of Wyoming,"Institution: University of Wyoming; level: College; department: Teacher and secondary school; credit: 2S, LK; division: U",42,administration,,pg-service-college-business-economics-finance,"['human-consumer', 'human-needs', 'need-education', 'need-education-postsecondary', 'pg-service-college-business-economics-finance', 'pg-service-college-business-economics-finance-page-019', 'item-course-005380']",
True,Historical 1995 service catalog; contact institution or successor to verify.,1995,College — English / Communication / Journalism,pg-service-college-english-communication-journalism,English,,"College independent-study course in English. Credit: 3S, AC, VI.",English,,"The Independent Study Catalog, 1995 structured course listing.",78,medium,text catalog parser,Postsecondary,need-education-postsecondary,78,,American literature,1995,University of Wyoming,high,II 2320,need-education,84,Education / Postsecondary / English / Communication / Journalism,15,pg-service-college-english-communication-journalism-page-013,II 2320,American literature,item-course-005381,,"Verify the current institution, equivalent course, delivery method, tuition and accreditation.",COURSE-005381,service,Historical education service listing — current availability requires verification,historical_education_service,12,Historical availability uncertainty,Provisional heuristic; recalculate from User Profile and current service evidence.,The Independent Study Catalog 1995.pdf,English,,II 2320,The Independent Study Catalog,SRC-EDU-ISC-1995,,University of Wyoming,"Institution: University of Wyoming; level: College; department: English; credit: 3S, AC, VI; division: L",42,American literature,,pg-service-college-english-communication-journalism,"['human-consumer', 'human-needs', 'need-education', 'need-education-postsecondary', 'pg-service-college-english-communication-journalism', 'pg-service-college-english-communication-journalism-page-013', 'item-course-005381']",
True,Historical 1995 service catalog; contact institution or successor to verify.,1995,College — English / Communication / Journalism,pg-service-college-english-communication-journalism,English,,College independent-study course in English. Credit: 3S.,English,,"The Independent Study Catalog, 1995 structured course listing.",78,medium,text catalog parser,Postsecondary,need-education-postsecondary,71,,Critical reading and writing,1995,University of Wyoming,high,2030,need-education,84,Education / Postsecondary / English / Communication / Journalism,15,pg-service-college-english-communication-journalism-page-013,2030,Critical reading and writing,item-course-005382,,"Verify the current institution, equivalent course, delivery method, tuition and accreditation.",COURSE-005382,service,Historical education service listing — current availability requires verification,historical_education_service,12,Historical availability uncertainty,Provisional heuristic; recalculate from User Profile and current service evidence.,The Independent Study Catalog 1995.pdf,English,,2030,The Independent Study Catalog,SRC-EDU-ISC-1995,,University of Wyoming,Institution: University of Wyoming; level: College; department: English; credit: 3S; division: L,42,Critical reading and writing,,pg-service-college-english-communication-journalism,"['human-consumer', 'human-needs', 'need-education', 'need-education-postsecondary', 'pg-service-college-english-communication-journalism', 'pg-service-college-english-communication-journalism-page-013', 'item-course-005382']",
True,Historical 1995 service catalog; contact institution or successor to verify.,1995,College — English / Communication / Journalism,pg-service-college-english-communication-journalism,English,,College independent-study course in English. Credit: 3S.,English,,"The Independent Study Catalog, 1995 structured course listing.",78,medium,text catalog parser,Postsecondary,need-education-postsecondary,76,,English composition,1995,University of Wyoming,high,I 1010,need-education,84,Education / Postsecondary / English / Communication / Journalism,15,pg-service-college-english-communication-journalism-page-013,I 1010,English composition,item-course-005383,,"Verify the current institution, equivalent course, delivery method, tuition and accreditation.",COURSE-005383,service,Historical education service listing — current availability requires verification,historical_education_service,12,Historical availability uncertainty,Provisional heuristic; recalculate from User Profile and current service evidence.,The Independent Study Catalog 1995.pdf,English,,I 1010,The Independent Study Catalog,SRC-EDU-ISC-1995,,University of Wyoming,Institution: University of Wyoming; level: College; department: English; credit: 3S; division: L,42,English composition,,pg-service-college-english-communication-journalism,"['human-consumer', 'human-needs', 'need-education', 'need-education-postsecondary', 'pg-service-college-english-communication-journalism', 'pg-service-college-english-communication-journalism-page-013', 'item-course-005383']",
True,Historical 1995 service catalog; contact institution or successor to verify.,1995,College — Languages,pg-service-college-languages,French,,"College independent-study course in French. Credit: 4S, AC.",English,,"The Independent Study Catalog, 1995 structured course listing.",78,medium,text catalog parser,Postsecondary,need-education-postsecondary,79,,First-year French,1995,University of Wyoming,high,I 1010,need-education,84,Education / Postsecondary / Languages,15,pg-service-college-languages-page-007,I 1010,First-year French,item-course-005384,,"Verify the current institution, equivalent course, delivery method, tuition and accreditation.",COURSE-005384,service,Historical education service listing — current availability requires verification,historical_education_service,12,Historical availability uncertainty,Provisional heuristic; recalculate from User Profile and current service evidence.,The Independent Study Catalog 1995.pdf,English,,I 1010,The Independent Study Catalog,SRC-EDU-ISC-1995,,University of Wyoming,"Institution: University of Wyoming; level: College; department: French; credit: 4S, AC; division: L",42,First-year French,,pg-service-college-languages,"['human-consumer', 'human-needs', 'need-education', 'need-education-postsecondary', 'pg-service-college-languages', 'pg-service-college-languages-page-007', 'item-course-005384']",
True,Historical 1995 service catalog; contact institution or successor to verify.,1995,College — Languages,pg-service-college-languages,French,,"College independent-study course in French. Credit: 4S, AC, VI.",English,,"The Independent Study Catalog, 1995 structured course listing.",78,medium,text catalog parser,Postsecondary,need-education-postsecondary,70,,Second year French,1995,University of Wyoming,high,I 2030,need-education,84,Education / Postsecondary / Languages,15,pg-service-college-languages-page-007,I 2030,Second year French,item-course-005385,,"Verify the current institution, equivalent course, delivery method, tuition and accreditation.",COURSE-005385,service,Historical education service listing — current availability requires verification,historical_education_service,12,Historical availability uncertainty,Provisional heuristic; recalculate from User Profile and current service evidence.,The Independent Study Catalog 1995.pdf,English,,I 2030,The Independent Study Catalog,SRC-EDU-ISC-1995,,University of Wyoming,"Institution: University of Wyoming; level: College; department: French; credit: 4S, AC, VI; division: L",42,Second year French,,pg-service-college-languages,"['human-consumer', 'human-needs', 'need-education', 'need-education-postsecondary', 'pg-service-college-languages', 'pg-service-college-languages-page-007', 'item-course-005385']",
True,Historical 1995 service catalog; contact institution or successor to verify.,1995,College — Languages,pg-service-college-languages,French,,College independent-study course in French. Credit: 4S.,English,,"The Independent Study Catalog, 1995 structured course listing.",78,medium,text catalog parser,Postsecondary,need-education-postsecondary,80,,Second-year French,1995,University of Wyoming,high,I 2030,need-education,84,Education / Postsecondary / Languages,15,pg-service-college-languages-page-007,I 2030,Second-year French,item-course-005386,,"Verify the current institution, equivalent course, delivery method, tuition and accreditation.",COURSE-005386,service,Historical education service listing — current availability requires verification,historical_education_service,12,Historical availability uncertainty,Provisional heuristic; recalculate from User Profile and current service evidence.,The Independent Study Catalog 1995.pdf,English,,I 2030,The Independent Study Catalog,SRC-EDU-ISC-1995,,University of Wyoming,Institution: University of Wyoming; level: College; department: French; credit: 4S; division: L,42,Second-year French,,pg-service-college-languages,"['human-consumer', 'human-needs', 'need-education', 'need-education-postsecondary', 'pg-service-college-languages', 'pg-service-college-languages-page-007', 'item-course-005386']",
True,Historical 1995 service catalog; contact institution or successor to verify.,1995,College — Science / Environment,pg-service-college-science-environment,Geology,,"College independent-study course in Geology. Credit: 2S, LK.",English,,"The Independent Study Catalog, 1995 structured course listing.",78,medium,text catalog parser,Postsecondary,need-education-postsecondary,71,,Introduction to geology,1995,University of Wyoming,high,1000,need-education,84,Education / Postsecondary / Science / Environment,15,pg-service-college-science-environment-page-011,1000,Introduction to geology,item-course-005387,,"Verify the current institution, equivalent course, delivery method, tuition and accreditation.",COURSE-005387,service,Historical education service listing — current availability requires verification,historical_education_service,12,Historical availability uncertainty,Provisional heuristic; recalculate from User Profile and current service evidence.,The Independent Study Catalog 1995.pdf,English,,1000,The Independent Study Catalog,SRC-EDU-ISC-1995,,University of Wyoming,"Institution: University of Wyoming; level: College; department: Geology; credit: 2S, LK; division: L",42,Introduction to geology,,pg-service-college-science-environment,"['human-consumer', 'human-needs', 'need-education', 'need-education-postsecondary', 'pg-service-college-science-environment', 'pg-service-college-science-environment-page-011', 'item-course-005387']",
True,Historical 1995 service catalog; contact institution or successor to verify.,1995,College — Languages,pg-service-college-languages,German,,College independent-study course in German. Credit: 4S.,English,,"The Independent Study Catalog, 1995 structured course listing.",78,medium,text catalog parser,Postsecondary,need-education-postsecondary,69,,Second-year German,1995,University of Wyoming,high,I 2030,need-education,84,Education / Postsecondary / Languages,15,pg-service-college-languages-page-007,I 2030,Second-year German,item-course-005388,,"Verify the current institution, equivalent course, delivery method, tuition and accreditation.",COURSE-005388,service,Historical education service listing — current availability requires verification,historical_education_service,12,Historical availability uncertainty,Provisional heuristic; recalculate from User Profile and current service evidence.,The Independent Study Catalog 1995.pdf,English,,I 2030,The Independent Study Catalog,SRC-EDU-ISC-1995,,University of Wyoming,Institution: University of Wyoming; level: College; department: German; credit: 4S; division: L,42,Second-year German,,pg-service-college-languages,"['human-consumer', 'human-needs', 'need-education', 'need-education-postsecondary', 'pg-service-college-languages', 'pg-service-college-languages-page-007', 'item-course-005388']",
True,Historical 1995 service catalog; contact institution or successor to verify.,1995,College — Health / Nursing / Emergency Services,pg-service-college-health-nursing-emergency-services,Health Education,,College independent-study course in Health Education. Credit: 3S.,English,,"The Independent Study Catalog, 1995 structured course listing.",78,medium,text catalog parser,Postsecondary,need-education-postsecondary,69,,Personal and community health,1995,University of Wyoming,high,1006,need-education,84,Education / Postsecondary / Health / Nursing / Emergency Services,15,pg-service-college-health-nursing-emergency-services-page-003,1006,Personal and community health,item-course-005389,,"Verify the current institution, equivalent course, delivery method, tuition and accreditation.",COURSE-005389,service,Historical education service listing — current availability requires verification,historical_education_service,12,Historical availability uncertainty,Provisional heuristic; recalculate from User Profile and current service evidence.,The Independent Study Catalog 1995.pdf,English,,1006,The Independent Study Catalog,SRC-EDU-ISC-1995,,University of Wyoming,Institution: University of Wyoming; level: College; department: Health Education; credit: 3S; division: L,42,Personal and community health,,pg-service-college-health-nursing-emergency-services,"['human-consumer', 'human-needs', 'need-education', 'need-education-postsecondary', 'pg-service-college-health-nursing-emergency-services', 'pg-service-college-health-nursing-emergency-services-page-003', 'item-course-005389']",
True,Historical 1995 service catalog; contact institution or successor to verify.,1995,College — History / Geography / Government / Law,pg-service-college-history-geography-government-law,History,,College independent-study course in History. Credit: 3S.,English,,"The Independent Study Catalog, 1995 structured course listing.",78,medium,text catalog parser,Postsecondary,need-education-postsecondary,75,,History of Mexico,1995,University of Wyoming,high,4800,need-education,84,Education / Postsecondary / History / Geography / Government / Law,15,pg-service-college-history-geography-government-law-page-009,4800,History of Mexico,item-course-005390,,"Verify the current institution, equivalent course, delivery method, tuition and accreditation.",COURSE-005390,service,Historical education service listing — current availability requires verification,historical_education_service,12,Historical availability uncertainty,Provisional heuristic; recalculate from User Profile and current service evidence.,The Independent Study Catalog 1995.pdf,English,,4800,The Independent Study Catalog,SRC-EDU-ISC-1995,,University of Wyoming,Institution: University of Wyoming; level: College; department: History; credit: 3S; division: U,42,History of Mexico,,pg-service-college-history-geography-government-law,"['human-consumer', 'human-needs', 'need-education', 'need-education-postsecondary', 'pg-service-college-history-geography-government-law', 'pg-service-college-history-geography-government-law-page-009', 'item-course-005390']",
True,Historical 1995 service catalog; contact institution or successor to verify.,1995,College — History / Geography / Government / Law,pg-service-college-history-geography-government-law,History,,College independent-study course in History. Credit: 3S.,English,,"The Independent Study Catalog, 1995 structured course listing.",78,medium,text catalog parser,Postsecondary,need-education-postsecondary,76,,United States history,1995,University of Wyoming,high,II 1220,need-education,84,Education / Postsecondary / History / Geography / Government / Law,15,pg-service-college-history-geography-government-law-page-009,II 1220,United States history,item-course-005391,,"Verify the current institution, equivalent course, delivery method, tuition and accreditation.",COURSE-005391,service,Historical education service listing — current availability requires verification,historical_education_service,12,Historical availability uncertainty,Provisional heuristic; recalculate from User Profile and current service evidence.,The Independent Study Catalog 1995.pdf,English,,II 1220,The Independent Study Catalog,SRC-EDU-ISC-1995,,University of Wyoming,Institution: University of Wyoming; level: College; department: History; credit: 3S; division: L,42,United States history,,pg-service-college-history-geography-government-law,"['human-consumer', 'human-needs', 'need-education', 'need-education-postsecondary', 'pg-service-college-history-geography-government-law', 'pg-service-college-history-geography-government-law-page-009', 'item-course-005391']",
True,Historical 1995 service catalog; contact institution or successor to verify.,1995,College — History / Geography / Government / Law,pg-service-college-history-geography-government-law,History,,"College independent-study course in History. Credit: 3S, VC.",English,,"The Independent Study Catalog, 1995 structured course listing.",78,medium,text catalog parser,Postsecondary,need-education-postsecondary,76,,Western civilization 1,1995,University of Wyoming,high,1110,need-education,84,Education / Postsecondary / History / Geography / Government / Law,15,pg-service-college-history-geography-government-law-page-009,1110,Western civilization 1,item-course-005392,,"Verify the current institution, equivalent course, delivery method, tuition and accreditation.",COURSE-005392,service,Historical education service listing — current availability requires verification,historical_education_service,12,Historical availability uncertainty,Provisional heuristic; recalculate from User Profile and current service evidence.,The Independent Study Catalog 1995.pdf,English,,1110,The Independent Study Catalog,SRC-EDU-ISC-1995,,University of Wyoming,"Institution: University of Wyoming; level: College; department: History; credit: 3S, VC; division: L",42,Western civilization 1,,pg-service-college-history-geography-government-law,"['human-consumer', 'human-needs', 'need-education', 'need-education-postsecondary', 'pg-service-college-history-geography-government-law', 'pg-service-college-history-geography-government-law-page-009', 'item-course-005392']",
True,Historical 1995 service catalog; contact institution or successor to verify.,1995,College — History / Geography / Government / Law,pg-service-college-history-geography-government-law,History,,College independent-study course in History. Credit: 3S.,English,,"The Independent Study Catalog, 1995 structured course listing.",78,medium,text catalog parser,Postsecondary,need-education-postsecondary,77,,Western civilization,1995,University of Wyoming,high,II 1120,need-education,84,Education / Postsecondary / History / Geography / Government / Law,15,pg-service-college-history-geography-government-law-page-009,II 1120,Western civilization,item-course-005393,,"Verify the current institution, equivalent course, delivery method, tuition and accreditation.",COURSE-005393,service,Historical education service listing — current availability requires verification,historical_education_service,12,Historical availability uncertainty,Provisional heuristic; recalculate from User Profile and current service evidence.,The Independent Study Catalog 1995.pdf,English,,II 1120,The Independent Study Catalog,SRC-EDU-ISC-1995,,University of Wyoming,Institution: University of Wyoming; level: College; department: History; credit: 3S; division: L,42,Western civilization,,pg-service-college-history-geography-government-law,"['human-consumer', 'human-needs', 'need-education', 'need-education-postsecondary', 'pg-service-college-history-geography-government-law', 'pg-service-college-history-geography-government-law-page-009', 'item-course-005393']",
True,Historical 1995 service catalog; contact institution or successor to verify.,1995,College — Business / Economics / Finance,pg-service-college-business-economics-finance,Home Economics,,College independent-study course in Home Economics. Credit: 3S.,English,,"The Independent Study Catalog, 1995 structured course listing.",78,medium,text catalog parser,Postsecondary,need-education-postsecondary,70,,Foundations of marriage,1995,University of Wyoming,high,3133,need-education,84,Education / Postsecondary / Business / Economics / Finance,15,pg-service-college-business-economics-finance-page-020,3133,Foundations of marriage,item-course-005394,,"Verify the current institution, equivalent course, delivery method, tuition and accreditation.",COURSE-005394,service,Historical education service listing — current availability requires verification,historical_education_service,12,Historical availability uncertainty,Provisional heuristic; recalculate from User Profile and current service evidence.,The Independent Study Catalog 1995.pdf,English,,3133,The Independent Study Catalog,SRC-EDU-ISC-1995,,University of Wyoming,Institution: University of Wyoming; level: College; department: Home Economics; credit: 3S; division: U,42,Foundations of marriage,,pg-service-college-business-economics-finance,"['human-consumer', 'human-needs', 'need-education', 'need-education-postsecondary', 'pg-service-college-business-economics-finance', 'pg-service-college-business-economics-finance-page-020', 'item-course-005394']",
True,Historical 1995 service catalog; contact institution or successor to verify.,1995,College — Business / Economics / Finance,pg-service-college-business-economics-finance,Home Economics,,College independent-study course in Home Economics. Credit: 2S.,English,,"The Independent Study Catalog, 1995 structured course listing.",78,medium,text catalog parser,Postsecondary,need-education-postsecondary,77,,Nutrition,1995,University of Wyoming,high,1140,need-education,84,Education / Postsecondary / Business / Economics / Finance,15,pg-service-college-business-economics-finance-page-020,1140,Nutrition,item-course-005395,,"Verify the current institution, equivalent course, delivery method, tuition and accreditation.",COURSE-005395,service,Historical education service listing — current availability requires verification,historical_education_service,12,Historical availability uncertainty,Provisional heuristic; recalculate from User Profile and current service evidence.,The Independent Study Catalog 1995.pdf,English,,1140,The Independent Study Catalog,SRC-EDU-ISC-1995,,University of Wyoming,Institution: University of Wyoming; level: College; department: Home Economics; credit: 2S; division: L,42,Nutrition,,pg-service-college-business-economics-finance,"['human-consumer', 'human-needs', 'need-education', 'need-education-postsecondary', 'pg-service-college-business-economics-finance', 'pg-service-college-business-economics-finance-page-020', 'item-course-005395']",
True,Historical 1995 service catalog; contact institution or successor to verify.,1995,College — Business / Economics / Finance,pg-service-college-business-economics-finance,Home Economics,,College independent-study course in Home Economics. Credit: 3S.,English,,"The Independent Study Catalog, 1995 structured course listing.",78,medium,text catalog parser,Postsecondary,need-education-postsecondary,68,,Personal finance,1995,University of Wyoming,high,3110,need-education,84,Education / Postsecondary / Business / Economics / Finance,15,pg-service-college-business-economics-finance-page-020,3110,Personal finance,item-course-005396,,"Verify the current institution, equivalent course, delivery method, tuition and accreditation.",COURSE-005396,service,Historical education service listing — current availability requires verification,historical_education_service,12,Historical availability uncertainty,Provisional heuristic; recalculate from User Profile and current service evidence.,The Independent Study Catalog 1995.pdf,English,,3110,The Independent Study Catalog,SRC-EDU-ISC-1995,,University of Wyoming,Institution: University of Wyoming; level: College; department: Home Economics; credit: 3S; division: U,42,Personal finance,,pg-service-college-business-economics-finance,"['human-consumer', 'human-needs', 'need-education', 'need-education-postsecondary', 'pg-service-college-business-economics-finance', 'pg-service-college-business-economics-finance-page-020', 'item-course-005396']",
True,Historical 1995 service catalog; contact institution or successor to verify.,1995,College — English / Communication / Journalism,pg-service-college-english-communication-journalism,Library /media materials for the teenager,,College independent-study course in Library /media materials for the teenager. Credit: 3S.,English,,"The Independent Study Catalog, 1995 structured course listing.",78,medium,text catalog parser,Postsecondary,need-education-postsecondary,76,,Literature for children,1995,University of Wyoming,high,2280,need-education,84,Education / Postsecondary / English / Communication / Journalism,15,pg-service-college-english-communication-journalism-page-013,2280,Literature for children,item-course-005397,,"Verify the current institution, equivalent course, delivery method, tuition and accreditation.",COURSE-005397,service,Historical education service listing — current availability requires verification,historical_education_service,12,Historical availability uncertainty,Provisional heuristic; recalculate from User Profile and current service evidence.,The Independent Study Catalog 1995.pdf,English,,2280,The Independent Study Catalog,SRC-EDU-ISC-1995,,University of Wyoming,Institution: University of Wyoming; level: College; department: Library /media materials for the teenager; credit: 3S; division: L,42,Literature for children,,pg-service-college-english-communication-journalism,"['human-consumer', 'human-needs', 'need-education', 'need-education-postsecondary', 'pg-service-college-english-communication-journalism', 'pg-service-college-english-communication-journalism-page-013', 'item-course-005397']",
True,Historical 1995 service catalog; contact institution or successor to verify.,1995,College — Mathematics / Statistics,pg-service-college-mathematics-statistics,Mathematics,,College independent-study course in Mathematics. Credit: 5S.,English,,"The Independent Study Catalog, 1995 structured course listing.",78,medium,text catalog parser,Postsecondary,need-education-postsecondary,71,,Algebra and trigonometry,1995,University of Wyoming,high,1450,need-education,84,Education / Postsecondary / Mathematics / Statistics,15,pg-service-college-mathematics-statistics-page-004,1450,Algebra and trigonometry,item-course-005398,,"Verify the current institution, equivalent course, delivery method, tuition and accreditation.",COURSE-005398,service,Historical education service listing — current availability requires verification,historical_education_service,12,Historical availability uncertainty,Provisional heuristic; recalculate from User Profile and current service evidence.,The Independent Study Catalog 1995.pdf,English,,1450,The Independent Study Catalog,SRC-EDU-ISC-1995,,University of Wyoming,Institution: University of Wyoming; level: College; department: Mathematics; credit: 5S; division: L,42,Algebra and trigonometry,,pg-service-college-mathematics-statistics,"['human-consumer', 'human-needs', 'need-education', 'need-education-postsecondary', 'pg-service-college-mathematics-statistics', 'pg-service-college-mathematics-statistics-page-004', 'item-course-005398']",
True,Historical 1995 service catalog; contact institution or successor to verify.,1995,College — Business / Economics / Finance,pg-service-college-business-economics-finance,Mathematics,,"College independent-study course in Mathematics. Credit: 4S, VI.",English,,"The Independent Study Catalog, 1995 structured course listing.",78,medium,text catalog parser,Postsecondary,need-education-postsecondary,73,,Business calculus,1995,University of Wyoming,high,I 2350,need-education,84,Education / Postsecondary / Business / Economics / Finance,15,pg-service-college-business-economics-finance-page-019,I 2350,Business calculus,item-course-005399,,"Verify the current institution, equivalent course, delivery method, tuition and accreditation.",COURSE-005399,service,Historical education service listing — current availability requires verification,historical_education_service,12,Historical availability uncertainty,Provisional heuristic; recalculate from User Profile and current service evidence.,The Independent Study Catalog 1995.pdf,English,,I 2350,The Independent Study Catalog,SRC-EDU-ISC-1995,,University of Wyoming,"Institution: University of Wyoming; level: College; department: Mathematics; credit: 4S, VI; division: L",42,Business calculus,,pg-service-college-business-economics-finance,"['human-consumer', 'human-needs', 'need-education', 'need-education-postsecondary', 'pg-service-college-business-economics-finance', 'pg-service-college-business-economics-finance-page-019', 'item-course-005399']",
True,Historical 1995 service catalog; contact institution or successor to verify.,1995,College — Mathematics / Statistics,pg-service-college-mathematics-statistics,Mathematics,,College independent-study course in Mathematics. Credit: 4S.,English,,"The Independent Study Catalog, 1995 structured course listing.",78,medium,text catalog parser,Postsecondary,need-education-postsecondary,68,,Calculus,1995,University of Wyoming,high,I 2200,need-education,84,Education / Postsecondary / Mathematics / Statistics,15,pg-service-college-mathematics-statistics-page-005,I 2200,Calculus,item-course-005400,,"Verify the current institution, equivalent course, delivery method, tuition and accreditation.",COURSE-005400,service,Historical education service listing — current availability requires verification,historical_education_service,12,Historical availability uncertainty,Provisional heuristic; recalculate from User Profile and current service evidence.,The Independent Study Catalog 1995.pdf,English,,I 2200,The Independent Study Catalog,SRC-EDU-ISC-1995,,University of Wyoming,Institution: University of Wyoming; level: College; department: Mathematics; credit: 4S; division: L,42,Calculus,,pg-service-college-mathematics-statistics,"['human-consumer', 'human-needs', 'need-education', 'need-education-postsecondary', 'pg-service-college-mathematics-statistics', 'pg-service-college-mathematics-statistics-page-005', 'item-course-005400']",
True,Historical 1995 service catalog; contact institution or successor to verify.,1995,College — Mathematics / Statistics,pg-service-college-mathematics-statistics,Mathematics,,College independent-study course in Mathematics. Credit: 4S.,English,,"The Independent Study Catalog, 1995 structured course listing.",78,medium,text catalog parser,Postsecondary,need-education-postsecondary,71,,Calculus,1995,University of Wyoming,high,II 2205,need-education,84,Education / Postsecondary / Mathematics / Statistics,15,pg-service-college-mathematics-statistics-page-005,II 2205,Calculus,item-course-005401,,"Verify the current institution, equivalent course, delivery method, tuition and accreditation.",COURSE-005401,service,Historical education service listing — current availability requires verification,historical_education_service,12,Historical availability uncertainty,Provisional heuristic; recalculate from User Profile and current service evidence.,The Independent Study Catalog 1995.pdf,English,,II 2205,The Independent Study Catalog,SRC-EDU-ISC-1995,,University of Wyoming,Institution: University of Wyoming; level: College; department: Mathematics; credit: 4S; division: L,42,Calculus,,pg-service-college-mathematics-statistics,"['human-consumer', 'human-needs', 'need-education', 'need-education-postsecondary', 'pg-service-college-mathematics-statistics', 'pg-service-college-mathematics-statistics-page-005', 'item-course-005401']",
True,Historical 1995 service catalog; contact institution or successor to verify.,1995,College — Mathematics / Statistics,pg-service-college-mathematics-statistics,Mathematics,,College independent-study course in Mathematics. Credit: 4S.,English,,"The Independent Study Catalog, 1995 structured course listing.",78,medium,text catalog parser,Postsecondary,need-education-postsecondary,79,,Calculus,1995,University of Wyoming,high,III 2210,need-education,84,Education / Postsecondary / Mathematics / Statistics,15,pg-service-college-mathematics-statistics-page-005,III 2210,Calculus,item-course-005402,,"Verify the current institution, equivalent course, delivery method, tuition and accreditation.",COURSE-005402,service,Historical education service listing — current availability requires verification,historical_education_service,12,Historical availability uncertainty,Provisional heuristic; recalculate from User Profile and current service evidence.,The Independent Study Catalog 1995.pdf,English,,III 2210,The Independent Study Catalog,SRC-EDU-ISC-1995,,University of Wyoming,Institution: University of Wyoming; level: College; department: Mathematics; credit: 4S; division: L,42,Calculus,,pg-service-college-mathematics-statistics,"['human-consumer', 'human-needs', 'need-education', 'need-education-postsecondary', 'pg-service-college-mathematics-statistics', 'pg-service-college-mathematics-statistics-page-005', 'item-course-005402']",
True,Historical 1995 service catalog; contact institution or successor to verify.,1995,College — Mathematics / Statistics,pg-service-college-mathematics-statistics,Mathematics,,College independent-study course in Mathematics. Credit: 3S.,English,,"The Independent Study Catalog, 1995 structured course listing.",78,medium,text catalog parser,Postsecondary,need-education-postsecondary,74,,College trigonometry,1995,University of Wyoming,high,1405,need-education,84,Education / Postsecondary / Mathematics / Statistics,15,pg-service-college-mathematics-statistics-page-005,1405,College trigonometry,item-course-005403,,"Verify the current institution, equivalent course, delivery method, tuition and accreditation.",COURSE-005403,service,Historical education service listing — current availability requires verification,historical_education_service,12,Historical availability uncertainty,Provisional heuristic; recalculate from User Profile and current service evidence.,The Independent Study Catalog 1995.pdf,English,,1405,The Independent Study Catalog,SRC-EDU-ISC-1995,,University of Wyoming,Institution: University of Wyoming; level: College; department: Mathematics; credit: 3S; division: L,42,College trigonometry,,pg-service-college-mathematics-statistics,"['human-consumer', 'human-needs', 'need-education', 'need-education-postsecondary', 'pg-service-college-mathematics-statistics', 'pg-service-college-mathematics-statistics-page-005', 'item-course-005403']",
True,Historical 1995 service catalog; contact institution or successor to verify.,1995,College — Mathematics / Statistics,pg-service-college-mathematics-statistics,Mathematics,,College independent-study course in Mathematics. Credit: 3S.,English,,"The Independent Study Catalog, 1995 structured course listing.",78,medium,text catalog parser,Postsecondary,need-education-postsecondary,79,,Differential equations,1995,University of Wyoming,high,I 2310,need-education,84,Education / Postsecondary / Mathematics / Statistics,15,pg-service-college-mathematics-statistics-page-005,I 2310,Differential equations,item-course-005404,,"Verify the current institution, equivalent course, delivery method, tuition and accreditation.",COURSE-005404,service,Historical education service listing — current availability requires verification,historical_education_service,12,Historical availability uncertainty,Provisional heuristic; recalculate from User Profile and current service evidence.,The Independent Study Catalog 1995.pdf,English,,I 2310,The Independent Study Catalog,SRC-EDU-ISC-1995,,University of Wyoming,Institution: University of Wyoming; level: College; department: Mathematics; credit: 3S; division: L,42,Differential equations,,pg-service-college-mathematics-statistics,"['human-consumer', 'human-needs', 'need-education', 'need-education-postsecondary', 'pg-service-college-mathematics-statistics', 'pg-service-college-mathematics-statistics-page-005', 'item-course-005404']",
True,Historical 1995 service catalog; contact institution or successor to verify.,1995,College — Mathematics / Statistics,pg-service-college-mathematics-statistics,Mathematics,,College independent-study course in Mathematics. Credit: 3S.,English,,"The Independent Study Catalog, 1995 structured course listing.",78,medium,text catalog parser,Postsecondary,need-education-postsecondary,72,,Elementary linear algebra,1995,University of Wyoming,high,2250,need-education,84,Education / Postsecondary / Mathematics / Statistics,15,pg-service-college-mathematics-statistics-page-005,2250,Elementary linear algebra,item-course-005405,,"Verify the current institution, equivalent course, delivery method, tuition and accreditation.",COURSE-005405,service,Historical education service listing — current availability requires verification,historical_education_service,12,Historical availability uncertainty,Provisional heuristic; recalculate from User Profile and current service evidence.,The Independent Study Catalog 1995.pdf,English,,2250,The Independent Study Catalog,SRC-EDU-ISC-1995,,University of Wyoming,Institution: University of Wyoming; level: College; department: Mathematics; credit: 3S; division: L,42,Elementary linear algebra,,pg-service-college-mathematics-statistics,"['human-consumer', 'human-needs', 'need-education', 'need-education-postsecondary', 'pg-service-college-mathematics-statistics', 'pg-service-college-mathematics-statistics-page-005', 'item-course-005405']",
True,Historical 1995 service catalog; contact institution or successor to verify.,1995,College — Mathematics / Statistics,pg-service-college-mathematics-statistics,Mathematics,,College independent-study course in Mathematics. Credit: 3S.,English,,"The Independent Study Catalog, 1995 structured course listing.",78,medium,text catalog parser,Postsecondary,need-education-postsecondary,72,,Theory of arithmetic,1995,University of Wyoming,high,I 1100,need-education,84,Education / Postsecondary / Mathematics / Statistics,15,pg-service-college-mathematics-statistics-page-005,I 1100,Theory of arithmetic,item-course-005406,,"Verify the current institution, equivalent course, delivery method, tuition and accreditation.",COURSE-005406,service,Historical education service listing — current availability requires verification,historical_education_service,12,Historical availability uncertainty,Provisional heuristic; recalculate from User Profile and current service evidence.,The Independent Study Catalog 1995.pdf,English,,I 1100,The Independent Study Catalog,SRC-EDU-ISC-1995,,University of Wyoming,Institution: University of Wyoming; level: College; department: Mathematics; credit: 3S; division: L,42,Theory of arithmetic,,pg-service-college-mathematics-statistics,"['human-consumer', 'human-needs', 'need-education', 'need-education-postsecondary', 'pg-service-college-mathematics-statistics', 'pg-service-college-mathematics-statistics-page-005', 'item-course-005406']",
True,Historical 1995 service catalog; contact institution or successor to verify.,1995,College — Mathematics / Statistics,pg-service-college-mathematics-statistics,Mathematics,,College independent-study course in Mathematics. Credit: 3S.,English,,"The Independent Study Catalog, 1995 structured course listing.",78,medium,text catalog parser,Postsecondary,need-education-postsecondary,77,,Theory of arithmetic,1995,University of Wyoming,high,II 1105,need-education,84,Education / Postsecondary / Mathematics / Statistics,15,pg-service-college-mathematics-statistics-page-005,II 1105,Theory of arithmetic,item-course-005407,,"Verify the current institution, equivalent course, delivery method, tuition and accreditation.",COURSE-005407,service,Historical education service listing — current availability requires verification,historical_education_service,12,Historical availability uncertainty,Provisional heuristic; recalculate from User Profile and current service evidence.,The Independent Study Catalog 1995.pdf,English,,II 1105,The Independent Study Catalog,SRC-EDU-ISC-1995,,University of Wyoming,Institution: University of Wyoming; level: College; department: Mathematics; credit: 3S; division: L,42,Theory of arithmetic,,pg-service-college-mathematics-statistics,"['human-consumer', 'human-needs', 'need-education', 'need-education-postsecondary', 'pg-service-college-mathematics-statistics', 'pg-service-college-mathematics-statistics-page-005', 'item-course-005407']",
True,Historical 1995 service catalog; contact institution or successor to verify.,1995,College — Arts / Music / Theatre,pg-service-college-arts-music-theatre,Music,,"College independent-study course in Music. Credit: 2S, AC.",English,,"The Independent Study Catalog, 1995 structured course listing.",78,medium,text catalog parser,Postsecondary,need-education-postsecondary,72,,America's ethnic music,1995,University of Wyoming,high,1060,need-education,84,Education / Postsecondary / Arts / Music / Theatre,15,pg-service-college-arts-music-theatre-page-003,1060,America's ethnic music,item-course-005408,,"Verify the current institution, equivalent course, delivery method, tuition and accreditation.",COURSE-005408,service,Historical education service listing — current availability requires verification,historical_education_service,12,Historical availability uncertainty,Provisional heuristic; recalculate from User Profile and current service evidence.,The Independent Study Catalog 1995.pdf,English,,1060,The Independent Study Catalog,SRC-EDU-ISC-1995,,University of Wyoming,"Institution: University of Wyoming; level: College; department: Music; credit: 2S, AC; division: L",42,America's ethnic music,,pg-service-college-arts-music-theatre,"['human-consumer', 'human-needs', 'need-education', 'need-education-postsecondary', 'pg-service-college-arts-music-theatre', 'pg-service-college-arts-music-theatre-page-003', 'item-course-005408']",
True,Historical 1995 service catalog; contact institution or successor to verify.,1995,College — Arts / Music / Theatre,pg-service-college-arts-music-theatre,Music,,"College independent-study course in Music. Credit: 3S, AC.",English,,"The Independent Study Catalog, 1995 structured course listing.",78,medium,text catalog parser,Postsecondary,need-education-postsecondary,68,,Introduction to music,1995,University of Wyoming,high,1000,need-education,84,Education / Postsecondary / Arts / Music / Theatre,15,pg-service-college-arts-music-theatre-page-003,1000,Introduction to music,item-course-005409,,"Verify the current institution, equivalent course, delivery method, tuition and accreditation.",COURSE-005409,service,Historical education service listing — current availability requires verification,historical_education_service,12,Historical availability uncertainty,Provisional heuristic; recalculate from User Profile and current service evidence.,The Independent Study Catalog 1995.pdf,English,,1000,The Independent Study Catalog,SRC-EDU-ISC-1995,,University of Wyoming,"Institution: University of Wyoming; level: College; department: Music; credit: 3S, AC; division: L",42,Introduction to music,,pg-service-college-arts-music-theatre,"['human-consumer', 'human-needs', 'need-education', 'need-education-postsecondary', 'pg-service-college-arts-music-theatre', 'pg-service-college-arts-music-theatre-page-003', 'item-course-005409']",
True,Historical 1995 service catalog; contact institution or successor to verify.,1995,College — Health / Nursing / Emergency Services,pg-service-college-health-nursing-emergency-services,Nursing,,"College independent-study course in Nursing. Credit: 2S, VI.",English,,"The Independent Study Catalog, 1995 structured course listing.",78,medium,text catalog parser,Postsecondary,need-education-postsecondary,77,,The family as client,1995,University of Wyoming,high,3020,need-education,84,Education / Postsecondary / Health / Nursing / Emergency Services,15,pg-service-college-health-nursing-emergency-services-page-003,3020,The family as client,item-course-005410,,"Verify the current institution, equivalent course, delivery method, tuition and accreditation.",COURSE-005410,service,Historical education service listing — current availability requires verification,historical_education_service,12,Historical availability uncertainty,Provisional heuristic; recalculate from User Profile and current service evidence.,The Independent Study Catalog 1995.pdf,English,,3020,The Independent Study Catalog,SRC-EDU-ISC-1995,,University of Wyoming,"Institution: University of Wyoming; level: College; department: Nursing; credit: 2S, VI; division: U",42,The family as client,,pg-service-college-health-nursing-emergency-services,"['human-consumer', 'human-needs', 'need-education', 'need-education-postsecondary', 'pg-service-college-health-nursing-emergency-services', 'pg-service-college-health-nursing-emergency-services-page-003', 'item-course-005410']",
True,Historical 1995 service catalog; contact institution or successor to verify.,1995,College — Education / Teaching,pg-service-college-education-teaching,Physical Education,,College independent-study course in Physical Education. Credit: 3S.,English,,"The Independent Study Catalog, 1995 structured course listing.",78,medium,text catalog parser,Postsecondary,need-education-postsecondary,76,,Foundations of coaching,1995,University of Wyoming,high,4090,need-education,84,Education / Postsecondary / Education / Teaching,15,pg-service-college-education-teaching-page-004,4090,Foundations of coaching,item-course-005411,,"Verify the current institution, equivalent course, delivery method, tuition and accreditation.",COURSE-005411,service,Historical education service listing — current availability requires verification,historical_education_service,12,Historical availability uncertainty,Provisional heuristic; recalculate from User Profile and current service evidence.,The Independent Study Catalog 1995.pdf,English,,4090,The Independent Study Catalog,SRC-EDU-ISC-1995,,University of Wyoming,Institution: University of Wyoming; level: College; department: Physical Education; credit: 3S; division: U,42,Foundations of coaching,,pg-service-college-education-teaching,"['human-consumer', 'human-needs', 'need-education', 'need-education-postsecondary', 'pg-service-college-education-teaching', 'pg-service-college-education-teaching-page-004', 'item-course-005411']",
True,Historical 1995 service catalog; contact institution or successor to verify.,1995,College — Psychology / Sociology / Human Services,pg-service-college-psychology-sociology-human-services,Psychology,,"College independent-study course in Psychology. Credit: 3S, AC.",English,,"The Independent Study Catalog, 1995 structured course listing.",78,medium,text catalog parser,Postsecondary,need-education-postsecondary,77,,Abnormal psychology,1995,University of Wyoming,high,4340,need-education,84,Education / Postsecondary / Psychology / Sociology / Human Services,15,pg-service-college-psychology-sociology-human-services-page-010,4340,Abnormal psychology,item-course-005412,,"Verify the current institution, equivalent course, delivery method, tuition and accreditation.",COURSE-005412,service,Historical education service listing — current availability requires verification,historical_education_service,12,Historical availability uncertainty,Provisional heuristic; recalculate from User Profile and current service evidence.,The Independent Study Catalog 1995.pdf,English,,4340,The Independent Study Catalog,SRC-EDU-ISC-1995,,University of Wyoming,"Institution: University of Wyoming; level: College; department: Psychology; credit: 3S, AC; division: U",42,Abnormal psychology,,pg-service-college-psychology-sociology-human-services,"['human-consumer', 'human-needs', 'need-education', 'need-education-postsecondary', 'pg-service-college-psychology-sociology-human-services', 'pg-service-college-psychology-sociology-human-services-page-010', 'item-course-005412']",
True,Historical 1995 service catalog; contact institution or successor to verify.,1995,College — Psychology / Sociology / Human Services,pg-service-college-psychology-sociology-human-services,Psychology,,College independent-study course in Psychology. Credit: 3S.,English,,"The Independent Study Catalog, 1995 structured course listing.",78,medium,text catalog parser,Postsecondary,need-education-postsecondary,68,,Alcoholism,1995,University of Wyoming,high,4360,need-education,84,Education / Postsecondary / Psychology / Sociology / Human Services,15,pg-service-college-psychology-sociology-human-services-page-010,4360,Alcoholism,item-course-005413,,"Verify the current institution, equivalent course, delivery method, tuition and accreditation.",COURSE-005413,service,Historical education service listing — current availability requires verification,historical_education_service,12,Historical availability uncertainty,Provisional heuristic; recalculate from User Profile and current service evidence.,The Independent Study Catalog 1995.pdf,English,,4360,The Independent Study Catalog,SRC-EDU-ISC-1995,,University of Wyoming,Institution: University of Wyoming; level: College; department: Psychology; credit: 3S; division: U,42,Alcoholism,,pg-service-college-psychology-sociology-human-services,"['human-consumer', 'human-needs', 'need-education', 'need-education-postsecondary', 'pg-service-college-psychology-sociology-human-services', 'pg-service-college-psychology-sociology-human-services-page-010', 'item-course-005413']",
True,Historical 1995 service catalog; contact institution or successor to verify.,1995,College — Psychology / Sociology / Human Services,pg-service-college-psychology-sociology-human-services,Psychology,,"College independent-study course in Psychology. Credit: 3S, AC.",English,,"The Independent Study Catalog, 1995 structured course listing.",78,medium,text catalog parser,Postsecondary,need-education-postsecondary,69,,Child psychology,1995,University of Wyoming,high,2300,need-education,84,Education / Postsecondary / Psychology / Sociology / Human Services,15,pg-service-college-psychology-sociology-human-services-page-010,2300,Child psychology,item-course-005414,,"Verify the current institution, equivalent course, delivery method, tuition and accreditation.",COURSE-005414,service,Historical education service listing — current availability requires verification,historical_education_service,12,Historical availability uncertainty,Provisional heuristic; recalculate from User Profile and current service evidence.,The Independent Study Catalog 1995.pdf,English,,2300,The Independent Study Catalog,SRC-EDU-ISC-1995,,University of Wyoming,"Institution: University of Wyoming; level: College; department: Psychology; credit: 3S, AC; division: L",42,Child psychology,,pg-service-college-psychology-sociology-human-services,"['human-consumer', 'human-needs', 'need-education', 'need-education-postsecondary', 'pg-service-college-psychology-sociology-human-services', 'pg-service-college-psychology-sociology-human-services-page-010', 'item-course-005414']",
True,Historical 1995 service catalog; contact institution or successor to verify.,1995,College — Psychology / Sociology / Human Services,pg-service-college-psychology-sociology-human-services,Psychology,,"College independent-study course in Psychology. Credit: 3S, AC.",English,,"The Independent Study Catalog, 1995 structured course listing.",78,medium,text catalog parser,Postsecondary,need-education-postsecondary,69,,Cognitive psychology,1995,University of Wyoming,high,4120,need-education,84,Education / Postsecondary / Psychology / Sociology / Human Services,15,pg-service-college-psychology-sociology-human-services-page-010,4120,Cognitive psychology,item-course-005415,,"Verify the current institution, equivalent course, delivery method, tuition and accreditation.",COURSE-005415,service,Historical education service listing — current availability requires verification,historical_education_service,12,Historical availability uncertainty,Provisional heuristic; recalculate from User Profile and current service evidence.,The Independent Study Catalog 1995.pdf,English,,4120,The Independent Study Catalog,SRC-EDU-ISC-1995,,University of Wyoming,"Institution: University of Wyoming; level: College; department: Psychology; credit: 3S, AC; division: U",42,Cognitive psychology,,pg-service-college-psychology-sociology-human-services,"['human-consumer', 'human-needs', 'need-education', 'need-education-postsecondary', 'pg-service-college-psychology-sociology-human-services', 'pg-service-college-psychology-sociology-human-services-page-010', 'item-course-005415']",
True,Historical 1995 service catalog; contact institution or successor to verify.,1995,College — Psychology / Sociology / Human Services,pg-service-college-psychology-sociology-human-services,Psychology,,"College independent-study course in Psychology. Credit: 4S, AC.",English,,"The Independent Study Catalog, 1995 structured course listing.",78,medium,text catalog parser,Postsecondary,need-education-postsecondary,76,,General psychology,1995,University of Wyoming,high,1000,need-education,84,Education / Postsecondary / Psychology / Sociology / Human Services,15,pg-service-college-psychology-sociology-human-services-page-010,1000,General psychology,item-course-005416,,"Verify the current institution, equivalent course, delivery method, tuition and accreditation.",COURSE-005416,service,Historical education service listing — current availability requires verification,historical_education_service,12,Historical availability uncertainty,Provisional heuristic; recalculate from User Profile and current service evidence.,The Independent Study Catalog 1995.pdf,English,,1000,The Independent Study Catalog,SRC-EDU-ISC-1995,,University of Wyoming,"Institution: University of Wyoming; level: College; department: Psychology; credit: 4S, AC; division: L",42,General psychology,,pg-service-college-psychology-sociology-human-services,"['human-consumer', 'human-needs', 'need-education', 'need-education-postsecondary', 'pg-service-college-psychology-sociology-human-services', 'pg-service-college-psychology-sociology-human-services-page-010', 'item-course-005416']",
True,Historical 1995 service catalog; contact institution or successor to verify.,1995,College — Psychology / Sociology / Human Services,pg-service-college-psychology-sociology-human-services,Psychology,,"College independent-study course in Psychology. Credit: 3S, AC, VI.",English,,"The Independent Study Catalog, 1995 structured course listing.",78,medium,text catalog parser,Postsecondary,need-education-postsecondary,77,,The adolescent,1995,University of Wyoming,high,4300,need-education,84,Education / Postsecondary / Psychology / Sociology / Human Services,15,pg-service-college-psychology-sociology-human-services-page-010,4300,The adolescent,item-course-005417,,"Verify the current institution, equivalent course, delivery method, tuition and accreditation.",COURSE-005417,service,Historical education service listing — current availability requires verification,historical_education_service,12,Historical availability uncertainty,Provisional heuristic; recalculate from User Profile and current service evidence.,The Independent Study Catalog 1995.pdf,English,,4300,The Independent Study Catalog,SRC-EDU-ISC-1995,,University of Wyoming,"Institution: University of Wyoming; level: College; department: Psychology; credit: 3S, AC, VI; division: U",42,The adolescent,,pg-service-college-psychology-sociology-human-services,"['human-consumer', 'human-needs', 'need-education', 'need-education-postsecondary', 'pg-service-college-psychology-sociology-human-services', 'pg-service-college-psychology-sociology-human-services-page-010', 'item-course-005417']",
True,Historical 1995 service catalog; contact institution or successor to verify.,1995,College — Psychology / Sociology / Human Services,pg-service-college-psychology-sociology-human-services,Psychology,,"College independent-study course in Psychology. Credit: 3S, AC.",English,,"The Independent Study Catalog, 1995 structured course listing.",78,medium,text catalog parser,Postsecondary,need-education-postsecondary,75,,Theories of personality,1995,University of Wyoming,high,4390,need-education,84,Education / Postsecondary / Psychology / Sociology / Human Services,15,pg-service-college-psychology-sociology-human-services-page-010,4390,Theories of personality,item-course-005418,,"Verify the current institution, equivalent course, delivery method, tuition and accreditation.",COURSE-005418,service,Historical education service listing — current availability requires verification,historical_education_service,12,Historical availability uncertainty,Provisional heuristic; recalculate from User Profile and current service evidence.,The Independent Study Catalog 1995.pdf,English,,4390,The Independent Study Catalog,SRC-EDU-ISC-1995,,University of Wyoming,"Institution: University of Wyoming; level: College; department: Psychology; credit: 3S, AC; division: U",42,Theories of personality,,pg-service-college-psychology-sociology-human-services,"['human-consumer', 'human-needs', 'need-education', 'need-education-postsecondary', 'pg-service-college-psychology-sociology-human-services', 'pg-service-college-psychology-sociology-human-services-page-010', 'item-course-005418']",
True,Historical 1995 service catalog; contact institution or successor to verify.,1995,College — Psychology / Sociology / Human Services,pg-service-college-psychology-sociology-human-services,Sociology,,"College independent-study course in Sociology. Credit: 3S, VI.",English,,"The Independent Study Catalog, 1995 structured course listing.",78,medium,text catalog parser,Postsecondary,need-education-postsecondary,72,,Introductory sociology,1995,University of Wyoming,high,1000,need-education,84,Education / Postsecondary / Psychology / Sociology / Human Services,15,pg-service-college-psychology-sociology-human-services-page-010,1000,Introductory sociology,item-course-005419,,"Verify the current institution, equivalent course, delivery method, tuition and accreditation.",COURSE-005419,service,Historical education service listing — current availability requires verification,historical_education_service,12,Historical availability uncertainty,Provisional heuristic; recalculate from User Profile and current service evidence.,The Independent Study Catalog 1995.pdf,English,,1000,The Independent Study Catalog,SRC-EDU-ISC-1995,,University of Wyoming,"Institution: University of Wyoming; level: College; department: Sociology; credit: 3S, VI; division: L",42,Introductory sociology,,pg-service-college-psychology-sociology-human-services,"['human-consumer', 'human-needs', 'need-education', 'need-education-postsecondary', 'pg-service-college-psychology-sociology-human-services', 'pg-service-college-psychology-sociology-human-services-page-010', 'item-course-005419']",
True,Historical 1995 service catalog; contact institution or successor to verify.,1995,College — Psychology / Sociology / Human Services,pg-service-college-psychology-sociology-human-services,Sociology,,College independent-study course in Sociology. Credit: 3S.,English,,"The Independent Study Catalog, 1995 structured course listing.",78,medium,text catalog parser,Postsecondary,need-education-postsecondary,70,,Social problems and issues,1995,University of Wyoming,high,1100,need-education,84,Education / Postsecondary / Psychology / Sociology / Human Services,15,pg-service-college-psychology-sociology-human-services-page-010,1100,Social problems and issues,item-course-005420,,"Verify the current institution, equivalent course, delivery method, tuition and accreditation.",COURSE-005420,service,Historical education service listing — current availability requires verification,historical_education_service,12,Historical availability uncertainty,Provisional heuristic; recalculate from User Profile and current service evidence.,The Independent Study Catalog 1995.pdf,English,,1100,The Independent Study Catalog,SRC-EDU-ISC-1995,,University of Wyoming,Institution: University of Wyoming; level: College; department: Sociology; credit: 3S; division: L,42,Social problems and issues,,pg-service-college-psychology-sociology-human-services,"['human-consumer', 'human-needs', 'need-education', 'need-education-postsecondary', 'pg-service-college-psychology-sociology-human-services', 'pg-service-college-psychology-sociology-human-services-page-010', 'item-course-005420']",
True,Historical 1995 service catalog; contact institution or successor to verify.,1995,College — Languages,pg-service-college-languages,Spanish,,"College independent-study course in Spanish. Credit: 4S, AC.",English,,"The Independent Study Catalog, 1995 structured course listing.",78,medium,text catalog parser,Postsecondary,need-education-postsecondary,70,,First-year Spanish,1995,University of Wyoming,high,I 1010,need-education,84,Education / Postsecondary / Languages,15,pg-service-college-languages-page-007,I 1010,First-year Spanish,item-course-005421,,"Verify the current institution, equivalent course, delivery method, tuition and accreditation.",COURSE-005421,service,Historical education service listing — current availability requires verification,historical_education_service,12,Historical availability uncertainty,Provisional heuristic; recalculate from User Profile and current service evidence.,The Independent Study Catalog 1995.pdf,English,,I 1010,The Independent Study Catalog,SRC-EDU-ISC-1995,,University of Wyoming,"Institution: University of Wyoming; level: College; department: Spanish; credit: 4S, AC; division: L",42,First-year Spanish,,pg-service-college-languages,"['human-consumer', 'human-needs', 'need-education', 'need-education-postsecondary', 'pg-service-college-languages', 'pg-service-college-languages-page-007', 'item-course-005421']",
True,Historical 1995 service catalog; contact institution or successor to verify.,1995,College — Languages,pg-service-college-languages,Spanish,,"College independent-study course in Spanish. Credit: 4S, AC.",English,,"The Independent Study Catalog, 1995 structured course listing.",78,medium,text catalog parser,Postsecondary,need-education-postsecondary,75,,First-year Spanish,1995,University of Wyoming,high,II 1020,need-education,84,Education / Postsecondary / Languages,15,pg-service-college-languages-page-007,II 1020,First-year Spanish,item-course-005422,,"Verify the current institution, equivalent course, delivery method, tuition and accreditation.",COURSE-005422,service,Historical education service listing — current availability requires verification,historical_education_service,12,Historical availability uncertainty,Provisional heuristic; recalculate from User Profile and current service evidence.,The Independent Study Catalog 1995.pdf,English,,II 1020,The Independent Study Catalog,SRC-EDU-ISC-1995,,University of Wyoming,"Institution: University of Wyoming; level: College; department: Spanish; credit: 4S, AC; division: L",42,First-year Spanish,,pg-service-college-languages,"['human-consumer', 'human-needs', 'need-education', 'need-education-postsecondary', 'pg-service-college-languages', 'pg-service-college-languages-page-007', 'item-course-005422']",
True,Historical 1995 service catalog; contact institution or successor to verify.,1995,College — Languages,pg-service-college-languages,Spanish,,College independent-study course in Spanish. Credit: 4S.,English,,"The Independent Study Catalog, 1995 structured course listing.",78,medium,text catalog parser,Postsecondary,need-education-postsecondary,74,,Second-year Spanish,1995,University of Wyoming,high,I 2030,need-education,84,Education / Postsecondary / Languages,15,pg-service-college-languages-page-007,I 2030,Second-year Spanish,item-course-005423,,"Verify the current institution, equivalent course, delivery method, tuition and accreditation.",COURSE-005423,service,Historical education service listing — current availability requires verification,historical_education_service,12,Historical availability uncertainty,Provisional heuristic; recalculate from User Profile and current service evidence.,The Independent Study Catalog 1995.pdf,English,,I 2030,The Independent Study Catalog,SRC-EDU-ISC-1995,,University of Wyoming,Institution: University of Wyoming; level: College; department: Spanish; credit: 4S; division: L,42,Second-year Spanish,,pg-service-college-languages,"['human-consumer', 'human-needs', 'need-education', 'need-education-postsecondary', 'pg-service-college-languages', 'pg-service-college-languages-page-007', 'item-course-005423']",
True,Historical 1995 service catalog; contact institution or successor to verify.,1995,College — Mathematics / Statistics,pg-service-college-mathematics-statistics,Statistics,,"College independent-study course in Statistics. Credit: 3S, VI.",English,,"The Independent Study Catalog, 1995 structured course listing.",78,medium,text catalog parser,Postsecondary,need-education-postsecondary,70,,Fundamentals of statistics,1995,University of Wyoming,high,2050,need-education,84,Education / Postsecondary / Mathematics / Statistics,15,pg-service-college-mathematics-statistics-page-005,2050,Fundamentals of statistics,item-course-005424,,"Verify the current institution, equivalent course, delivery method, tuition and accreditation.",COURSE-005424,service,Historical education service listing — current availability requires verification,historical_education_service,12,Historical availability uncertainty,Provisional heuristic; recalculate from User Profile and current service evidence.,The Independent Study Catalog 1995.pdf,English,,2050,The Independent Study Catalog,SRC-EDU-ISC-1995,,University of Wyoming,"Institution: University of Wyoming; level: College; department: Statistics; credit: 3S, VI; division: L",42,Fundamentals of statistics,,pg-service-college-mathematics-statistics,"['human-consumer', 'human-needs', 'need-education', 'need-education-postsecondary', 'pg-service-college-mathematics-statistics', 'pg-service-college-mathematics-statistics-page-005', 'item-course-005424']",
True,Historical 1995 service catalog; contact institution or successor to verify.,1995,College — Arts / Music / Theatre,pg-service-college-arts-music-theatre,Theater Arts,,College independent-study course in Theater Arts. Credit: 3S.,English,,"The Independent Study Catalog, 1995 structured course listing.",78,medium,text catalog parser,Postsecondary,need-education-postsecondary,68,,Introduction to theater,1995,University of Wyoming,high,1000,need-education,84,Education / Postsecondary / Arts / Music / Theatre,15,pg-service-college-arts-music-theatre-page-003,1000,Introduction to theater,item-course-005425,,"Verify the current institution, equivalent course, delivery method, tuition and accreditation.",COURSE-005425,service,Historical education service listing — current availability requires verification,historical_education_service,12,Historical availability uncertainty,Provisional heuristic; recalculate from User Profile and current service evidence.,The Independent Study Catalog 1995.pdf,English,,1000,The Independent Study Catalog,SRC-EDU-ISC-1995,,University of Wyoming,Institution: University of Wyoming; level: College; department: Theater Arts; credit: 3S; division: L,42,Introduction to theater,,pg-service-college-arts-music-theatre,"['human-consumer', 'human-needs', 'need-education', 'need-education-postsecondary', 'pg-service-college-arts-music-theatre', 'pg-service-college-arts-music-theatre-page-003', 'item-course-005425']",
True,Historical 1995 service catalog; contact institution or successor to verify.,1995,College — Business / Economics / Finance,pg-service-college-business-economics-finance,Accounting,,College independent-study course in Accounting. Credit: 5Q.,English,,"The Independent Study Catalog, 1995 structured course listing.",78,medium,text catalog parser,Postsecondary,need-education-postsecondary,68,,Principles of accounting,1995,University of Wyoming,high,I 110,need-education,84,Education / Postsecondary / Business / Economics / Finance,15,pg-service-college-business-economics-finance-page-020,I 110,Principles of accounting,item-course-005426,,"Verify the current institution, equivalent course, delivery method, tuition and accreditation.",COURSE-005426,service,Historical education service listing — current availability requires verification,historical_education_service,12,Historical availability uncertainty,Provisional heuristic; recalculate from User Profile and current service evidence.,The Independent Study Catalog 1995.pdf,English,,I 110,The Independent Study Catalog,SRC-EDU-ISC-1995,,University of Wyoming,Institution: University of Wyoming; level: College; department: Accounting; credit: 5Q; division: L,42,Principles of accounting,,pg-service-college-business-economics-finance,"['human-consumer', 'human-needs', 'need-education', 'need-education-postsecondary', 'pg-service-college-business-economics-finance', 'pg-service-college-business-economics-finance-page-020', 'item-course-005426']",
True,Historical 1995 service catalog; contact institution or successor to verify.,1995,College — Business / Economics / Finance,pg-service-college-business-economics-finance,Accounting,,College independent-study course in Accounting. Credit: 5Q.,English,,"The Independent Study Catalog, 1995 structured course listing.",78,medium,text catalog parser,Postsecondary,need-education-postsecondary,76,,Principles of accounting,1995,University of Wyoming,high,II 111,need-education,84,Education / Postsecondary / Business / Economics / Finance,15,pg-service-college-business-economics-finance-page-020,II 111,Principles of accounting,item-course-005427,,"Verify the current institution, equivalent course, delivery method, tuition and accreditation.",COURSE-005427,service,Historical education service listing — current availability requires verification,historical_education_service,12,Historical availability uncertainty,Provisional heuristic; recalculate from User Profile and current service evidence.,The Independent Study Catalog 1995.pdf,English,,II 111,The Independent Study Catalog,SRC-EDU-ISC-1995,,University of Wyoming,Institution: University of Wyoming; level: College; department: Accounting; credit: 5Q; division: L,42,Principles of accounting,,pg-service-college-business-economics-finance,"['human-consumer', 'human-needs', 'need-education', 'need-education-postsecondary', 'pg-service-college-business-economics-finance', 'pg-service-college-business-economics-finance-page-020', 'item-course-005427']",
True,Historical 1995 service catalog; contact institution or successor to verify.,1995,College — Arts / Music / Theatre,pg-service-college-arts-music-theatre,Art,,College independent-study course in Art. Credit: 3S.,English,,"The Independent Study Catalog, 1995 structured course listing.",78,medium,text catalog parser,Postsecondary,need-education-postsecondary,73,,Introduction to art,1995,Upper Iowa University,high,100,need-education,84,Education / Postsecondary / Arts / Music / Theatre,15,pg-service-college-arts-music-theatre-page-003,100,Introduction to art,item-course-005428,,"Verify the current institution, equivalent course, delivery method, tuition and accreditation.",COURSE-005428,service,Historical education service listing — current availability requires verification,historical_education_service,12,Historical availability uncertainty,Provisional heuristic; recalculate from User Profile and current service evidence.,The Independent Study Catalog 1995.pdf,English,,100,The Independent Study Catalog,SRC-EDU-ISC-1995,,Upper Iowa University,Institution: Upper Iowa University; level: College; department: Art; credit: 3S; division: L,42,Introduction to art,,pg-service-college-arts-music-theatre,"['human-consumer', 'human-needs', 'need-education', 'need-education-postsecondary', 'pg-service-college-arts-music-theatre', 'pg-service-college-arts-music-theatre-page-003', 'item-course-005428']",
True,Historical 1995 service catalog; contact institution or successor to verify.,1995,College — Science / Environment,pg-service-college-science-environment,Biology,,"College independent-study course in Biology. Credit: 3S, VI.",English,,"The Independent Study Catalog, 1995 structured course listing.",78,medium,text catalog parser,Postsecondary,need-education-postsecondary,73,,Environmental biology,1995,Upper Iowa University,high,203,need-education,84,Education / Postsecondary / Science / Environment,15,pg-service-college-science-environment-page-011,203,Environmental biology,item-course-005429,,"Verify the current institution, equivalent course, delivery method, tuition and accreditation.",COURSE-005429,service,Historical education service listing — current availability requires verification,historical_education_service,12,Historical availability uncertainty,Provisional heuristic; recalculate from User Profile and current service evidence.,The Independent Study Catalog 1995.pdf,English,,203,The Independent Study Catalog,SRC-EDU-ISC-1995,,Upper Iowa University,"Institution: Upper Iowa University; level: College; department: Biology; credit: 3S, VI; division: L",42,Environmental biology,,pg-service-college-science-environment,"['human-consumer', 'human-needs', 'need-education', 'need-education-postsecondary', 'pg-service-college-science-environment', 'pg-service-college-science-environment-page-011', 'item-course-005429']",
True,Historical 1995 service catalog; contact institution or successor to verify.,1995,College — Business / Economics / Finance,pg-service-college-business-economics-finance,Business Administration,,College independent-study course in Business Administration. Credit: 3S.,English,,"The Independent Study Catalog, 1995 structured course listing.",78,medium,text catalog parser,Postsecondary,need-education-postsecondary,79,,Accounting principles,1995,Upper Iowa University,high,I 201,need-education,84,Education / Postsecondary / Business / Economics / Finance,15,pg-service-college-business-economics-finance-page-020,I 201,Accounting principles,item-course-005430,,"Verify the current institution, equivalent course, delivery method, tuition and accreditation.",COURSE-005430,service,Historical education service listing — current availability requires verification,historical_education_service,12,Historical availability uncertainty,Provisional heuristic; recalculate from User Profile and current service evidence.,The Independent Study Catalog 1995.pdf,English,,I 201,The Independent Study Catalog,SRC-EDU-ISC-1995,,Upper Iowa University,Institution: Upper Iowa University; level: College; department: Business Administration; credit: 3S; division: L,42,Accounting principles,,pg-service-college-business-economics-finance,"['human-consumer', 'human-needs', 'need-education', 'need-education-postsecondary', 'pg-service-college-business-economics-finance', 'pg-service-college-business-economics-finance-page-020', 'item-course-005430']",
True,Historical 1995 service catalog; contact institution or successor to verify.,1995,College — Business / Economics / Finance,pg-service-college-business-economics-finance,Business Administration,,College independent-study course in Business Administration. Credit: 3S.,English,,"The Independent Study Catalog, 1995 structured course listing.",78,medium,text catalog parser,Postsecondary,need-education-postsecondary,76,,Accounting principles,1995,Upper Iowa University,high,II 202,need-education,84,Education / Postsecondary / Business / Economics / Finance,15,pg-service-college-business-economics-finance-page-020,II 202,Accounting principles,item-course-005431,,"Verify the current institution, equivalent course, delivery method, tuition and accreditation.",COURSE-005431,service,Historical education service listing — current availability requires verification,historical_education_service,12,Historical availability uncertainty,Provisional heuristic; recalculate from User Profile and current service evidence.,The Independent Study Catalog 1995.pdf,English,,II 202,The Independent Study Catalog,SRC-EDU-ISC-1995,,Upper Iowa University,Institution: Upper Iowa University; level: College; department: Business Administration; credit: 3S; division: L,42,Accounting principles,,pg-service-college-business-economics-finance,"['human-consumer', 'human-needs', 'need-education', 'need-education-postsecondary', 'pg-service-college-business-economics-finance', 'pg-service-college-business-economics-finance-page-020', 'item-course-005431']",
True,Historical 1995 service catalog; contact institution or successor to verify.,1995,College — Business / Economics / Finance,pg-service-college-business-economics-finance,Business Administration,,College independent-study course in Business Administration. Credit: 3S.,English,,"The Independent Study Catalog, 1995 structured course listing.",78,medium,text catalog parser,Postsecondary,need-education-postsecondary,69,,Advanced accounting,1995,Upper Iowa University,high,431,need-education,84,Education / Postsecondary / Business / Economics / Finance,15,pg-service-college-business-economics-finance-page-020,431,Advanced accounting,item-course-005432,,"Verify the current institution, equivalent course, delivery method, tuition and accreditation.",COURSE-005432,service,Historical education service listing — current availability requires verification,historical_education_service,12,Historical availability uncertainty,Provisional heuristic; recalculate from User Profile and current service evidence.,The Independent Study Catalog 1995.pdf,English,,431,The Independent Study Catalog,SRC-EDU-ISC-1995,,Upper Iowa University,Institution: Upper Iowa University; level: College; department: Business Administration; credit: 3S; division: U,42,Advanced accounting,,pg-service-college-business-economics-finance,"['human-consumer', 'human-needs', 'need-education', 'need-education-postsecondary', 'pg-service-college-business-economics-finance', 'pg-service-college-business-economics-finance-page-020', 'item-course-005432']",
True,Historical 1995 service catalog; contact institution or successor to verify.,1995,College — Business / Economics / Finance,pg-service-college-business-economics-finance,Business Administration,,College independent-study course in Business Administration. Credit: 3S.,English,,"The Independent Study Catalog, 1995 structured course listing.",78,medium,text catalog parser,Postsecondary,need-education-postsecondary,80,,Advertising,1995,Upper Iowa University,high,363,need-education,84,Education / Postsecondary / Business / Economics / Finance,15,pg-service-college-business-economics-finance-page-020,363,Advertising,item-course-005433,,"Verify the current institution, equivalent course, delivery method, tuition and accreditation.",COURSE-005433,service,Historical education service listing — current availability requires verification,historical_education_service,12,Historical availability uncertainty,Provisional heuristic; recalculate from User Profile and current service evidence.,The Independent Study Catalog 1995.pdf,English,,363,The Independent Study Catalog,SRC-EDU-ISC-1995,,Upper Iowa University,Institution: Upper Iowa University; level: College; department: Business Administration; credit: 3S; division: U,42,Advertising,,pg-service-college-business-economics-finance,"['human-consumer', 'human-needs', 'need-education', 'need-education-postsecondary', 'pg-service-college-business-economics-finance', 'pg-service-college-business-economics-finance-page-020', 'item-course-005433']",
True,Historical 1995 service catalog; contact institution or successor to verify.,1995,College — Business / Economics / Finance,pg-service-college-business-economics-finance,Business Administration,,College independent-study course in Business Administration. Credit: 3S.,English,,"The Independent Study Catalog, 1995 structured course listing.",78,medium,text catalog parser,Postsecondary,need-education-postsecondary,72,,Auditing,1995,Upper Iowa University,high,425,need-education,84,Education / Postsecondary / Business / Economics / Finance,15,pg-service-college-business-economics-finance-page-020,425,Auditing,item-course-005434,,"Verify the current institution, equivalent course, delivery method, tuition and accreditation.",COURSE-005434,service,Historical education service listing — current availability requires verification,historical_education_service,12,Historical availability uncertainty,Provisional heuristic; recalculate from User Profile and current service evidence.,The Independent Study Catalog 1995.pdf,English,,425,The Independent Study Catalog,SRC-EDU-ISC-1995,,Upper Iowa University,Institution: Upper Iowa University; level: College; department: Business Administration; credit: 3S; division: U,42,Auditing,,pg-service-college-business-economics-finance,"['human-consumer', 'human-needs', 'need-education', 'need-education-postsecondary', 'pg-service-college-business-economics-finance', 'pg-service-college-business-economics-finance-page-020', 'item-course-005434']",
True,Historical 1995 service catalog; contact institution or successor to verify.,1995,College — Business / Economics / Finance,pg-service-college-business-economics-finance,Business Administration,,College independent-study course in Business Administration. Credit: 3S.,English,,"The Independent Study Catalog, 1995 structured course listing.",78,medium,text catalog parser,Postsecondary,need-education-postsecondary,79,,Business communication,1995,Upper Iowa University,high,374,need-education,84,Education / Postsecondary / Business / Economics / Finance,15,pg-service-college-business-economics-finance-page-020,374,Business communication,item-course-005435,,"Verify the current institution, equivalent course, delivery method, tuition and accreditation.",COURSE-005435,service,Historical education service listing — current availability requires verification,historical_education_service,12,Historical availability uncertainty,Provisional heuristic; recalculate from User Profile and current service evidence.,The Independent Study Catalog 1995.pdf,English,,374,The Independent Study Catalog,SRC-EDU-ISC-1995,,Upper Iowa University,Institution: Upper Iowa University; level: College; department: Business Administration; credit: 3S; division: U,42,Business communication,,pg-service-college-business-economics-finance,"['human-consumer', 'human-needs', 'need-education', 'need-education-postsecondary', 'pg-service-college-business-economics-finance', 'pg-service-college-business-economics-finance-page-020', 'item-course-005435']",
True,Historical 1995 service catalog; contact institution or successor to verify.,1995,College — Business / Economics / Finance,pg-service-college-business-economics-finance,Business Administration,,College independent-study course in Business Administration. Credit: 3S.,English,,"The Independent Study Catalog, 1995 structured course listing.",78,medium,text catalog parser,Postsecondary,need-education-postsecondary,70,,Business law,1995,Upper Iowa University,high,I 302,need-education,84,Education / Postsecondary / Business / Economics / Finance,15,pg-service-college-business-economics-finance-page-020,I 302,Business law,item-course-005436,,"Verify the current institution, equivalent course, delivery method, tuition and accreditation.",COURSE-005436,service,Historical education service listing — current availability requires verification,historical_education_service,12,Historical availability uncertainty,Provisional heuristic; recalculate from User Profile and current service evidence.,The Independent Study Catalog 1995.pdf,English,,I 302,The Independent Study Catalog,SRC-EDU-ISC-1995,,Upper Iowa University,Institution: Upper Iowa University; level: College; department: Business Administration; credit: 3S; division: U,42,Business law,,pg-service-college-business-economics-finance,"['human-consumer', 'human-needs', 'need-education', 'need-education-postsecondary', 'pg-service-college-business-economics-finance', 'pg-service-college-business-economics-finance-page-020', 'item-course-005436']",
True,Historical 1995 service catalog; contact institution or successor to verify.,1995,College — Business / Economics / Finance,pg-service-college-business-economics-finance,Business Administration,,College independent-study course in Business Administration. Credit: 3S.,English,,"The Independent Study Catalog, 1995 structured course listing.",78,medium,text catalog parser,Postsecondary,need-education-postsecondary,75,,Business law,1995,Upper Iowa University,high,II 303,need-education,84,Education / Postsecondary / Business / Economics / Finance,15,pg-service-college-business-economics-finance-page-020,II 303,Business law,item-course-005437,,"Verify the current institution, equivalent course, delivery method, tuition and accreditation.",COURSE-005437,service,Historical education service listing — current availability requires verification,historical_education_service,12,Historical availability uncertainty,Provisional heuristic; recalculate from User Profile and current service evidence.,The Independent Study Catalog 1995.pdf,English,,II 303,The Independent Study Catalog,SRC-EDU-ISC-1995,,Upper Iowa University,Institution: Upper Iowa University; level: College; department: Business Administration; credit: 3S; division: U,42,Business law,,pg-service-college-business-economics-finance,"['human-consumer', 'human-needs', 'need-education', 'need-education-postsecondary', 'pg-service-college-business-economics-finance', 'pg-service-college-business-economics-finance-page-020', 'item-course-005437']",
True,Historical 1995 service catalog; contact institution or successor to verify.,1995,College — Business / Economics / Finance,pg-service-college-business-economics-finance,Business Administration,,College independent-study course in Business Administration. Credit: 3S.,English,,"The Independent Study Catalog, 1995 structured course listing.",78,medium,text catalog parser,Postsecondary,need-education-postsecondary,79,,Complex organizations,1995,Upper Iowa University,high,390,need-education,84,Education / Postsecondary / Business / Economics / Finance,15,pg-service-college-business-economics-finance-page-020,390,Complex organizations,item-course-005438,,"Verify the current institution, equivalent course, delivery method, tuition and accreditation.",COURSE-005438,service,Historical education service listing — current availability requires verification,historical_education_service,12,Historical availability uncertainty,Provisional heuristic; recalculate from User Profile and current service evidence.,The Independent Study Catalog 1995.pdf,English,,390,The Independent Study Catalog,SRC-EDU-ISC-1995,,Upper Iowa University,Institution: Upper Iowa University; level: College; department: Business Administration; credit: 3S; division: U,42,Complex organizations,,pg-service-college-business-economics-finance,"['human-consumer', 'human-needs', 'need-education', 'need-education-postsecondary', 'pg-service-college-business-economics-finance', 'pg-service-college-business-economics-finance-page-020', 'item-course-005438']",
True,Historical 1995 service catalog; contact institution or successor to verify.,1995,College — Business / Economics / Finance,pg-service-college-business-economics-finance,Business Administration,,College independent-study course in Business Administration. Credit: 3S.,English,,"The Independent Study Catalog, 1995 structured course listing.",78,medium,text catalog parser,Postsecondary,need-education-postsecondary,79,,Consumer behavior,1995,Upper Iowa University,high,358,need-education,84,Education / Postsecondary / Business / Economics / Finance,15,pg-service-college-business-economics-finance-page-020,358,Consumer behavior,item-course-005439,,"Verify the current institution, equivalent course, delivery method, tuition and accreditation.",COURSE-005439,service,Historical education service listing — current availability requires verification,historical_education_service,12,Historical availability uncertainty,Provisional heuristic; recalculate from User Profile and current service evidence.,The Independent Study Catalog 1995.pdf,English,,358,The Independent Study Catalog,SRC-EDU-ISC-1995,,Upper Iowa University,Institution: Upper Iowa University; level: College; department: Business Administration; credit: 3S; division: U,42,Consumer behavior,,pg-service-college-business-economics-finance,"['human-consumer', 'human-needs', 'need-education', 'need-education-postsecondary', 'pg-service-college-business-economics-finance', 'pg-service-college-business-economics-finance-page-020', 'item-course-005439']",
True,Historical 1995 service catalog; contact institution or successor to verify.,1995,College — Business / Economics / Finance,pg-service-college-business-economics-finance,Business Administration,,College independent-study course in Business Administration. Credit: 3S.,English,,"The Independent Study Catalog, 1995 structured course listing.",78,medium,text catalog parser,Postsecondary,need-education-postsecondary,69,,Federal taxation,1995,Upper Iowa University,high,323,need-education,84,Education / Postsecondary / Business / Economics / Finance,15,pg-service-college-business-economics-finance-page-020,323,Federal taxation,item-course-005440,,"Verify the current institution, equivalent course, delivery method, tuition and accreditation.",COURSE-005440,service,Historical education service listing — current availability requires verification,historical_education_service,12,Historical availability uncertainty,Provisional heuristic; recalculate from User Profile and current service evidence.,The Independent Study Catalog 1995.pdf,English,,323,The Independent Study Catalog,SRC-EDU-ISC-1995,,Upper Iowa University,Institution: Upper Iowa University; level: College; department: Business Administration; credit: 3S; division: U,42,Federal taxation,,pg-service-college-business-economics-finance,"['human-consumer', 'human-needs', 'need-education', 'need-education-postsecondary', 'pg-service-college-business-economics-finance', 'pg-service-college-business-economics-finance-page-020', 'item-course-005440']",
True,Historical 1995 service catalog; contact institution or successor to verify.,1995,College — Business / Economics / Finance,pg-service-college-business-economics-finance,Business Administration,,College independent-study course in Business Administration. Credit: 3S.,English,,"The Independent Study Catalog, 1995 structured course listing.",78,medium,text catalog parser,Postsecondary,need-education-postsecondary,78,,Federal taxation,1995,Upper Iowa University,high,II 324,need-education,84,Education / Postsecondary / Business / Economics / Finance,15,pg-service-college-business-economics-finance-page-020,II 324,Federal taxation,item-course-005441,,"Verify the current institution, equivalent course, delivery method, tuition and accreditation.",COURSE-005441,service,Historical education service listing — current availability requires verification,historical_education_service,12,Historical availability uncertainty,Provisional heuristic; recalculate from User Profile and current service evidence.,The Independent Study Catalog 1995.pdf,English,,II 324,The Independent Study Catalog,SRC-EDU-ISC-1995,,Upper Iowa University,Institution: Upper Iowa University; level: College; department: Business Administration; credit: 3S; division: U,42,Federal taxation,,pg-service-college-business-economics-finance,"['human-consumer', 'human-needs', 'need-education', 'need-education-postsecondary', 'pg-service-college-business-economics-finance', 'pg-service-college-business-economics-finance-page-020', 'item-course-005441']",
True,Historical 1995 service catalog; contact institution or successor to verify.,1995,College — Business / Economics / Finance,pg-service-college-business-economics-finance,Business Administration,,College independent-study course in Business Administration. Credit: 3S.,English,,"The Independent Study Catalog, 1995 structured course listing.",78,medium,text catalog parser,Postsecondary,need-education-postsecondary,72,,Financial accounting survey,1995,Upper Iowa University,high,200,need-education,84,Education / Postsecondary / Business / Economics / Finance,15,pg-service-college-business-economics-finance-page-020,200,Financial accounting survey,item-course-005442,,"Verify the current institution, equivalent course, delivery method, tuition and accreditation.",COURSE-005442,service,Historical education service listing — current availability requires verification,historical_education_service,12,Historical availability uncertainty,Provisional heuristic; recalculate from User Profile and current service evidence.,The Independent Study Catalog 1995.pdf,English,,200,The Independent Study Catalog,SRC-EDU-ISC-1995,,Upper Iowa University,Institution: Upper Iowa University; level: College; department: Business Administration; credit: 3S; division: L,42,Financial accounting survey,,pg-service-college-business-economics-finance,"['human-consumer', 'human-needs', 'need-education', 'need-education-postsecondary', 'pg-service-college-business-economics-finance', 'pg-service-college-business-economics-finance-page-020', 'item-course-005442']",
True,Historical 1995 service catalog; contact institution or successor to verify.,1995,College — Business / Economics / Finance,pg-service-college-business-economics-finance,Business Administration,,College independent-study course in Business Administration. Credit: 3S.,English,,"The Independent Study Catalog, 1995 structured course listing.",78,medium,text catalog parser,Postsecondary,need-education-postsecondary,77,,Financial management,1995,Upper Iowa University,high,341,need-education,84,Education / Postsecondary / Business / Economics / Finance,15,pg-service-college-business-economics-finance-page-020,341,Financial management,item-course-005443,,"Verify the current institution, equivalent course, delivery method, tuition and accreditation.",COURSE-005443,service,Historical education service listing — current availability requires verification,historical_education_service,12,Historical availability uncertainty,Provisional heuristic; recalculate from User Profile and current service evidence.,The Independent Study Catalog 1995.pdf,English,,341,The Independent Study Catalog,SRC-EDU-ISC-1995,,Upper Iowa University,Institution: Upper Iowa University; level: College; department: Business Administration; credit: 3S; division: U,42,Financial management,,pg-service-college-business-economics-finance,"['human-consumer', 'human-needs', 'need-education', 'need-education-postsecondary', 'pg-service-college-business-economics-finance', 'pg-service-college-business-economics-finance-page-020', 'item-course-005443']",
True,Historical 1995 service catalog; contact institution or successor to verify.,1995,College — Business / Economics / Finance,pg-service-college-business-economics-finance,Business Administration,,College independent-study course in Business Administration. Credit: 3S.,English,,"The Independent Study Catalog, 1995 structured course listing.",78,medium,text catalog parser,Postsecondary,need-education-postsecondary,73,,Human resources management,1995,Upper Iowa University,high,361,need-education,84,Education / Postsecondary / Business / Economics / Finance,15,pg-service-college-business-economics-finance-page-020,361,Human resources management,item-course-005444,,"Verify the current institution, equivalent course, delivery method, tuition and accreditation.",COURSE-005444,service,Historical education service listing — current availability requires verification,historical_education_service,12,Historical availability uncertainty,Provisional heuristic; recalculate from User Profile and current service evidence.,The Independent Study Catalog 1995.pdf,English,,361,The Independent Study Catalog,SRC-EDU-ISC-1995,,Upper Iowa University,Institution: Upper Iowa University; level: College; department: Business Administration; credit: 3S; division: U,42,Human resources management,,pg-service-college-business-economics-finance,"['human-consumer', 'human-needs', 'need-education', 'need-education-postsecondary', 'pg-service-college-business-economics-finance', 'pg-service-college-business-economics-finance-page-020', 'item-course-005444']",
True,Historical 1995 service catalog; contact institution or successor to verify.,1995,College — Business / Economics / Finance,pg-service-college-business-economics-finance,Business Administration,,College independent-study course in Business Administration. Credit: 3S.,English,,"The Independent Study Catalog, 1995 structured course listing.",78,medium,text catalog parser,Postsecondary,need-education-postsecondary,77,,Intermediate accounting,1995,Upper Iowa University,high,I 321,need-education,84,Education / Postsecondary / Business / Economics / Finance,15,pg-service-college-business-economics-finance-page-020,I 321,Intermediate accounting,item-course-005445,,"Verify the current institution, equivalent course, delivery method, tuition and accreditation.",COURSE-005445,service,Historical education service listing — current availability requires verification,historical_education_service,12,Historical availability uncertainty,Provisional heuristic; recalculate from User Profile and current service evidence.,The Independent Study Catalog 1995.pdf,English,,I 321,The Independent Study Catalog,SRC-EDU-ISC-1995,,Upper Iowa University,Institution: Upper Iowa University; level: College; department: Business Administration; credit: 3S; division: U,42,Intermediate accounting,,pg-service-college-business-economics-finance,"['human-consumer', 'human-needs', 'need-education', 'need-education-postsecondary', 'pg-service-college-business-economics-finance', 'pg-service-college-business-economics-finance-page-020', 'item-course-005445']",
True,Historical 1995 service catalog; contact institution or successor to verify.,1995,College — Business / Economics / Finance,pg-service-college-business-economics-finance,Business Administration,,College independent-study course in Business Administration. Credit: 3S.,English,,"The Independent Study Catalog, 1995 structured course listing.",78,medium,text catalog parser,Postsecondary,need-education-postsecondary,78,,Intermediate accounting,1995,Upper Iowa University,high,II 322,need-education,84,Education / Postsecondary / Business / Economics / Finance,15,pg-service-college-business-economics-finance-page-020,II 322,Intermediate accounting,item-course-005446,,"Verify the current institution, equivalent course, delivery method, tuition and accreditation.",COURSE-005446,service,Historical education service listing — current availability requires verification,historical_education_service,12,Historical availability uncertainty,Provisional heuristic; recalculate from User Profile and current service evidence.,The Independent Study Catalog 1995.pdf,English,,II 322,The Independent Study Catalog,SRC-EDU-ISC-1995,,Upper Iowa University,Institution: Upper Iowa University; level: College; department: Business Administration; credit: 3S; division: U,42,Intermediate accounting,,pg-service-college-business-economics-finance,"['human-consumer', 'human-needs', 'need-education', 'need-education-postsecondary', 'pg-service-college-business-economics-finance', 'pg-service-college-business-economics-finance-page-020', 'item-course-005446']",
True,Historical 1995 service catalog; contact institution or successor to verify.,1995,College — Business / Economics / Finance,pg-service-college-business-economics-finance,Business Administration,,College independent-study course in Business Administration. Credit: 3S.,English,,"The Independent Study Catalog, 1995 structured course listing.",78,medium,text catalog parser,Postsecondary,need-education-postsecondary,72,,International business,1995,Upper Iowa University,high,377,need-education,84,Education / Postsecondary / Business / Economics / Finance,15,pg-service-college-business-economics-finance-page-020,377,International business,item-course-005447,,"Verify the current institution, equivalent course, delivery method, tuition and accreditation.",COURSE-005447,service,Historical education service listing — current availability requires verification,historical_education_service,12,Historical availability uncertainty,Provisional heuristic; recalculate from User Profile and current service evidence.,The Independent Study Catalog 1995.pdf,English,,377,The Independent Study Catalog,SRC-EDU-ISC-1995,,Upper Iowa University,Institution: Upper Iowa University; level: College; department: Business Administration; credit: 3S; division: U,42,International business,,pg-service-college-business-economics-finance,"['human-consumer', 'human-needs', 'need-education', 'need-education-postsecondary', 'pg-service-college-business-economics-finance', 'pg-service-college-business-economics-finance-page-020', 'item-course-005447']",
True,Historical 1995 service catalog; contact institution or successor to verify.,1995,College — Business / Economics / Finance,pg-service-college-business-economics-finance,Business Administration,,College independent-study course in Business Administration. Credit: 3S.,English,,"The Independent Study Catalog, 1995 structured course listing.",78,medium,text catalog parser,Postsecondary,need-education-postsecondary,72,,International marketing,1995,Upper Iowa University,high,424,need-education,84,Education / Postsecondary / Business / Economics / Finance,15,pg-service-college-business-economics-finance-page-020,424,International marketing,item-course-005448,,"Verify the current institution, equivalent course, delivery method, tuition and accreditation.",COURSE-005448,service,Historical education service listing — current availability requires verification,historical_education_service,12,Historical availability uncertainty,Provisional heuristic; recalculate from User Profile and current service evidence.,The Independent Study Catalog 1995.pdf,English,,424,The Independent Study Catalog,SRC-EDU-ISC-1995,,Upper Iowa University,Institution: Upper Iowa University; level: College; department: Business Administration; credit: 3S; division: U,42,International marketing,,pg-service-college-business-economics-finance,"['human-consumer', 'human-needs', 'need-education', 'need-education-postsecondary', 'pg-service-college-business-economics-finance', 'pg-service-college-business-economics-finance-page-020', 'item-course-005448']",
True,Historical 1995 service catalog; contact institution or successor to verify.,1995,College — Business / Economics / Finance,pg-service-college-business-economics-finance,Business Administration,,College independent-study course in Business Administration. Credit: 3S.,English,,"The Independent Study Catalog, 1995 structured course listing.",78,medium,text catalog parser,Postsecondary,need-education-postsecondary,72,,Labor relations,1995,Upper Iowa University,high,411,need-education,84,Education / Postsecondary / Business / Economics / Finance,15,pg-service-college-business-economics-finance-page-020,411,Labor relations,item-course-005449,,"Verify the current institution, equivalent course, delivery method, tuition and accreditation.",COURSE-005449,service,Historical education service listing — current availability requires verification,historical_education_service,12,Historical availability uncertainty,Provisional heuristic; recalculate from User Profile and current service evidence.,The Independent Study Catalog 1995.pdf,English,,411,The Independent Study Catalog,SRC-EDU-ISC-1995,,Upper Iowa University,Institution: Upper Iowa University; level: College; department: Business Administration; credit: 3S; division: U,42,Labor relations,,pg-service-college-business-economics-finance,"['human-consumer', 'human-needs', 'need-education', 'need-education-postsecondary', 'pg-service-college-business-economics-finance', 'pg-service-college-business-economics-finance-page-020', 'item-course-005449']",
True,Historical 1995 service catalog; contact institution or successor to verify.,1995,College — Business / Economics / Finance,pg-service-college-business-economics-finance,Business Administration,,College independent-study course in Business Administration. Credit: 3S.,English,,"The Independent Study Catalog, 1995 structured course listing.",78,medium,text catalog parser,Postsecondary,need-education-postsecondary,70,,Marketing management,1995,Upper Iowa University,high,380,need-education,84,Education / Postsecondary / Business / Economics / Finance,15,pg-service-college-business-economics-finance-page-020,380,Marketing management,item-course-005450,,"Verify the current institution, equivalent course, delivery method, tuition and accreditation.",COURSE-005450,service,Historical education service listing — current availability requires verification,historical_education_service,12,Historical availability uncertainty,Provisional heuristic; recalculate from User Profile and current service evidence.,The Independent Study Catalog 1995.pdf,English,,380,The Independent Study Catalog,SRC-EDU-ISC-1995,,Upper Iowa University,Institution: Upper Iowa University; level: College; department: Business Administration; credit: 3S; division: U,42,Marketing management,,pg-service-college-business-economics-finance,"['human-consumer', 'human-needs', 'need-education', 'need-education-postsecondary', 'pg-service-college-business-economics-finance', 'pg-service-college-business-economics-finance-page-020', 'item-course-005450']",
True,Historical 1995 service catalog; contact institution or successor to verify.,1995,College — Business / Economics / Finance,pg-service-college-business-economics-finance,Business Administration,,College independent-study course in Business Administration. Credit: 3S.,English,,"The Independent Study Catalog, 1995 structured course listing.",78,medium,text catalog parser,Postsecondary,need-education-postsecondary,72,,Marketing principles,1995,Upper Iowa University,high,208,need-education,84,Education / Postsecondary / Business / Economics / Finance,15,pg-service-college-business-economics-finance-page-020,208,Marketing principles,item-course-005451,,"Verify the current institution, equivalent course, delivery method, tuition and accreditation.",COURSE-005451,service,Historical education service listing — current availability requires verification,historical_education_service,12,Historical availability uncertainty,Provisional heuristic; recalculate from User Profile and current service evidence.,The Independent Study Catalog 1995.pdf,English,,208,The Independent Study Catalog,SRC-EDU-ISC-1995,,Upper Iowa University,Institution: Upper Iowa University; level: College; department: Business Administration; credit: 3S; division: L,42,Marketing principles,,pg-service-college-business-economics-finance,"['human-consumer', 'human-needs', 'need-education', 'need-education-postsecondary', 'pg-service-college-business-economics-finance', 'pg-service-college-business-economics-finance-page-020', 'item-course-005451']",
True,Historical 1995 service catalog; contact institution or successor to verify.,1995,College — Business / Economics / Finance,pg-service-college-business-economics-finance,Business Administration,,College independent-study course in Business Administration. Credit: 3S.,English,,"The Independent Study Catalog, 1995 structured course listing.",78,medium,text catalog parser,Postsecondary,need-education-postsecondary,76,,Marketing research,1995,Upper Iowa University,high,451,need-education,84,Education / Postsecondary / Business / Economics / Finance,15,pg-service-college-business-economics-finance-page-020,451,Marketing research,item-course-005452,,"Verify the current institution, equivalent course, delivery method, tuition and accreditation.",COURSE-005452,service,Historical education service listing — current availability requires verification,historical_education_service,12,Historical availability uncertainty,Provisional heuristic; recalculate from User Profile and current service evidence.,The Independent Study Catalog 1995.pdf,English,,451,The Independent Study Catalog,SRC-EDU-ISC-1995,,Upper Iowa University,Institution: Upper Iowa University; level: College; department: Business Administration; credit: 3S; division: U,42,Marketing research,,pg-service-college-business-economics-finance,"['human-consumer', 'human-needs', 'need-education', 'need-education-postsecondary', 'pg-service-college-business-economics-finance', 'pg-service-college-business-economics-finance-page-020', 'item-course-005452']",
True,Historical 1995 service catalog; contact institution or successor to verify.,1995,College — Business / Economics / Finance,pg-service-college-business-economics-finance,Business Administration,,College independent-study course in Business Administration. Credit: 3S.,English,,"The Independent Study Catalog, 1995 structured course listing.",78,medium,text catalog parser,Postsecondary,need-education-postsecondary,71,,Operations management,1995,Upper Iowa University,high,426,need-education,84,Education / Postsecondary / Business / Economics / Finance,15,pg-service-college-business-economics-finance-page-020,426,Operations management,item-course-005453,,"Verify the current institution, equivalent course, delivery method, tuition and accreditation.",COURSE-005453,service,Historical education service listing — current availability requires verification,historical_education_service,12,Historical availability uncertainty,Provisional heuristic; recalculate from User Profile and current service evidence.,The Independent Study Catalog 1995.pdf,English,,426,The Independent Study Catalog,SRC-EDU-ISC-1995,,Upper Iowa University,Institution: Upper Iowa University; level: College; department: Business Administration; credit: 3S; division: U,42,Operations management,,pg-service-college-business-economics-finance,"['human-consumer', 'human-needs', 'need-education', 'need-education-postsecondary', 'pg-service-college-business-economics-finance', 'pg-service-college-business-economics-finance-page-020', 'item-course-005453']",
True,Historical 1995 service catalog; contact institution or successor to verify.,1995,College — Business / Economics / Finance,pg-service-college-business-economics-finance,Business Administration,,"College independent-study course in Business Administration. Credit: 3S, VI.",English,,"The Independent Study Catalog, 1995 structured course listing.",78,medium,text catalog parser,Postsecondary,need-education-postsecondary,80,,Principles of economics,1995,Upper Iowa University,high,212,need-education,84,Education / Postsecondary / Business / Economics / Finance,15,pg-service-college-business-economics-finance-page-020,212,Principles of economics,item-course-005454,,"Verify the current institution, equivalent course, delivery method, tuition and accreditation.",COURSE-005454,service,Historical education service listing — current availability requires verification,historical_education_service,12,Historical availability uncertainty,Provisional heuristic; recalculate from User Profile and current service evidence.,The Independent Study Catalog 1995.pdf,English,,212,The Independent Study Catalog,SRC-EDU-ISC-1995,,Upper Iowa University,"Institution: Upper Iowa University; level: College; department: Business Administration; credit: 3S, VI; division: L",42,Principles of economics,,pg-service-college-business-economics-finance,"['human-consumer', 'human-needs', 'need-education', 'need-education-postsecondary', 'pg-service-college-business-economics-finance', 'pg-service-college-business-economics-finance-page-020', 'item-course-005454']",
True,Historical 1995 service catalog; contact institution or successor to verify.,1995,College — Business / Economics / Finance,pg-service-college-business-economics-finance,Business Administration,,College independent-study course in Business Administration. Credit: 3S.,English,,"The Independent Study Catalog, 1995 structured course listing.",78,medium,text catalog parser,Postsecondary,need-education-postsecondary,75,,Sales management,1995,Upper Iowa University,high,315,need-education,84,Education / Postsecondary / Business / Economics / Finance,15,pg-service-college-business-economics-finance-page-020,315,Sales management,item-course-005455,,"Verify the current institution, equivalent course, delivery method, tuition and accreditation.",COURSE-005455,service,Historical education service listing — current availability requires verification,historical_education_service,12,Historical availability uncertainty,Provisional heuristic; recalculate from User Profile and current service evidence.,The Independent Study Catalog 1995.pdf,English,,315,The Independent Study Catalog,SRC-EDU-ISC-1995,,Upper Iowa University,Institution: Upper Iowa University; level: College; department: Business Administration; credit: 3S; division: U,42,Sales management,,pg-service-college-business-economics-finance,"['human-consumer', 'human-needs', 'need-education', 'need-education-postsecondary', 'pg-service-college-business-economics-finance', 'pg-service-college-business-economics-finance-page-020', 'item-course-005455']",
True,Historical 1995 service catalog; contact institution or successor to verify.,1995,College — Business / Economics / Finance,pg-service-college-business-economics-finance,Business Administration,,College independent-study course in Business Administration. Credit: 3S.,English,,"The Independent Study Catalog, 1995 structured course listing.",78,medium,text catalog parser,Postsecondary,need-education-postsecondary,68,,Small business management,1995,Upper Iowa University,high,370,need-education,84,Education / Postsecondary / Business / Economics / Finance,15,pg-service-college-business-economics-finance-page-020,370,Small business management,item-course-005456,,"Verify the current institution, equivalent course, delivery method, tuition and accreditation.",COURSE-005456,service,Historical education service listing — current availability requires verification,historical_education_service,12,Historical availability uncertainty,Provisional heuristic; recalculate from User Profile and current service evidence.,The Independent Study Catalog 1995.pdf,English,,370,The Independent Study Catalog,SRC-EDU-ISC-1995,,Upper Iowa University,Institution: Upper Iowa University; level: College; department: Business Administration; credit: 3S; division: U,42,Small business management,,pg-service-college-business-economics-finance,"['human-consumer', 'human-needs', 'need-education', 'need-education-postsecondary', 'pg-service-college-business-economics-finance', 'pg-service-college-business-economics-finance-page-020', 'item-course-005456']",
True,Historical 1995 service catalog; contact institution or successor to verify.,1995,College — Business / Economics / Finance,pg-service-college-business-economics-finance,Business Administration,,College independent-study course in Business Administration. Credit: 3S.,English,,"The Independent Study Catalog, 1995 structured course listing.",78,medium,text catalog parser,Postsecondary,need-education-postsecondary,74,,Strategic management,1995,Upper Iowa University,high,458,need-education,84,Education / Postsecondary / Business / Economics / Finance,15,pg-service-college-business-economics-finance-page-020,458,Strategic management,item-course-005457,,"Verify the current institution, equivalent course, delivery method, tuition and accreditation.",COURSE-005457,service,Historical education service listing — current availability requires verification,historical_education_service,12,Historical availability uncertainty,Provisional heuristic; recalculate from User Profile and current service evidence.,The Independent Study Catalog 1995.pdf,English,,458,The Independent Study Catalog,SRC-EDU-ISC-1995,,Upper Iowa University,Institution: Upper Iowa University; level: College; department: Business Administration; credit: 3S; division: U,42,Strategic management,,pg-service-college-business-economics-finance,"['human-consumer', 'human-needs', 'need-education', 'need-education-postsecondary', 'pg-service-college-business-economics-finance', 'pg-service-college-business-economics-finance-page-020', 'item-course-005457']",
True,Historical 1995 service catalog; contact institution or successor to verify.,1995,College — Business / Economics / Finance,pg-service-college-business-economics-finance,Business Administration,,College independent-study course in Business Administration. Credit: 3S.,English,,"The Independent Study Catalog, 1995 structured course listing.",78,medium,text catalog parser,Postsecondary,need-education-postsecondary,78,,Supervision,1995,Upper Iowa University,high,362,need-education,84,Education / Postsecondary / Business / Economics / Finance,15,pg-service-college-business-economics-finance-page-020,362,Supervision,item-course-005458,,"Verify the current institution, equivalent course, delivery method, tuition and accreditation.",COURSE-005458,service,Historical education service listing — current availability requires verification,historical_education_service,12,Historical availability uncertainty,Provisional heuristic; recalculate from User Profile and current service evidence.,The Independent Study Catalog 1995.pdf,English,,362,The Independent Study Catalog,SRC-EDU-ISC-1995,,Upper Iowa University,Institution: Upper Iowa University; level: College; department: Business Administration; credit: 3S; division: U,42,Supervision,,pg-service-college-business-economics-finance,"['human-consumer', 'human-needs', 'need-education', 'need-education-postsecondary', 'pg-service-college-business-economics-finance', 'pg-service-college-business-economics-finance-page-020', 'item-course-005458']",
True,Historical 1995 service catalog; contact institution or successor to verify.,1995,College — Science / Environment,pg-service-college-science-environment,Chemistry,,"College independent-study course in Chemistry. Credit: 3S, VI.",English,,"The Independent Study Catalog, 1995 structured course listing.",78,medium,text catalog parser,Postsecondary,need-education-postsecondary,73,,General physical science,1995,Upper Iowa University,high,100,need-education,84,Education / Postsecondary / Science / Environment,15,pg-service-college-science-environment-page-011,100,General physical science,item-course-005459,,"Verify the current institution, equivalent course, delivery method, tuition and accreditation.",COURSE-005459,service,Historical education service listing — current availability requires verification,historical_education_service,12,Historical availability uncertainty,Provisional heuristic; recalculate from User Profile and current service evidence.,The Independent Study Catalog 1995.pdf,English,,100,The Independent Study Catalog,SRC-EDU-ISC-1995,,Upper Iowa University,"Institution: Upper Iowa University; level: College; department: Chemistry; credit: 3S, VI; division: L",42,General physical science,,pg-service-college-science-environment,"['human-consumer', 'human-needs', 'need-education', 'need-education-postsecondary', 'pg-service-college-science-environment', 'pg-service-college-science-environment-page-011', 'item-course-005459']",
True,Historical 1995 service catalog; contact institution or successor to verify.,1995,College — Computing / Engineering / Technology,pg-service-college-computing-engineering-technology,Computer Science,,College independent-study course in Computer Science. Credit: 3S.,English,,"The Independent Study Catalog, 1995 structured course listing.",78,medium,text catalog parser,Postsecondary,need-education-postsecondary,75,,Computer applications,1995,Upper Iowa University,high,367,need-education,84,Education / Postsecondary / Computing / Engineering / Technology,15,pg-service-college-computing-engineering-technology-page-003,367,Computer applications,item-course-005460,,"Verify the current institution, equivalent course, delivery method, tuition and accreditation.",COURSE-005460,service,Historical education service listing — current availability requires verification,historical_education_service,12,Historical availability uncertainty,Provisional heuristic; recalculate from User Profile and current service evidence.,The Independent Study Catalog 1995.pdf,English,,367,The Independent Study Catalog,SRC-EDU-ISC-1995,,Upper Iowa University,Institution: Upper Iowa University; level: College; department: Computer Science; credit: 3S; division: U,42,Computer applications,,pg-service-college-computing-engineering-technology,"['human-consumer', 'human-needs', 'need-education', 'need-education-postsecondary', 'pg-service-college-computing-engineering-technology', 'pg-service-college-computing-engineering-technology-page-003', 'item-course-005460']",
True,Historical 1995 service catalog; contact institution or successor to verify.,1995,College — Computing / Engineering / Technology,pg-service-college-computing-engineering-technology,Computer Science,,College independent-study course in Computer Science. Credit: 3S.,English,,"The Independent Study Catalog, 1995 structured course listing.",78,medium,text catalog parser,Postsecondary,need-education-postsecondary,79,,Survey of computer concepts,1995,Upper Iowa University,high,101,need-education,84,Education / Postsecondary / Computing / Engineering / Technology,15,pg-service-college-computing-engineering-technology-page-003,101,Survey of computer concepts,item-course-005461,,"Verify the current institution, equivalent course, delivery method, tuition and accreditation.",COURSE-005461,service,Historical education service listing — current availability requires verification,historical_education_service,12,Historical availability uncertainty,Provisional heuristic; recalculate from User Profile and current service evidence.,The Independent Study Catalog 1995.pdf,English,,101,The Independent Study Catalog,SRC-EDU-ISC-1995,,Upper Iowa University,Institution: Upper Iowa University; level: College; department: Computer Science; credit: 3S; division: L,42,Survey of computer concepts,,pg-service-college-computing-engineering-technology,"['human-consumer', 'human-needs', 'need-education', 'need-education-postsecondary', 'pg-service-college-computing-engineering-technology', 'pg-service-college-computing-engineering-technology-page-003', 'item-course-005461']",
True,Historical 1995 service catalog; contact institution or successor to verify.,1995,College — English / Communication / Journalism,pg-service-college-english-communication-journalism,English,,College independent-study course in English. Credit: 3S.,English,,"The Independent Study Catalog, 1995 structured course listing.",78,medium,text catalog parser,Postsecondary,need-education-postsecondary,74,,English composition,1995,Upper Iowa University,high,I 101,need-education,84,Education / Postsecondary / English / Communication / Journalism,15,pg-service-college-english-communication-journalism-page-013,I 101,English composition,item-course-005462,,"Verify the current institution, equivalent course, delivery method, tuition and accreditation.",COURSE-005462,service,Historical education service listing — current availability requires verification,historical_education_service,12,Historical availability uncertainty,Provisional heuristic; recalculate from User Profile and current service evidence.,The Independent Study Catalog 1995.pdf,English,,I 101,The Independent Study Catalog,SRC-EDU-ISC-1995,,Upper Iowa University,Institution: Upper Iowa University; level: College; department: English; credit: 3S; division: L,42,English composition,,pg-service-college-english-communication-journalism,"['human-consumer', 'human-needs', 'need-education', 'need-education-postsecondary', 'pg-service-college-english-communication-journalism', 'pg-service-college-english-communication-journalism-page-013', 'item-course-005462']",
True,Historical 1995 service catalog; contact institution or successor to verify.,1995,College — English / Communication / Journalism,pg-service-college-english-communication-journalism,English,,College independent-study course in English. Credit: 3S.,English,,"The Independent Study Catalog, 1995 structured course listing.",78,medium,text catalog parser,Postsecondary,need-education-postsecondary,70,,English composition,1995,Upper Iowa University,high,II 102,need-education,84,Education / Postsecondary / English / Communication / Journalism,15,pg-service-college-english-communication-journalism-page-013,II 102,English composition,item-course-005463,,"Verify the current institution, equivalent course, delivery method, tuition and accreditation.",COURSE-005463,service,Historical education service listing — current availability requires verification,historical_education_service,12,Historical availability uncertainty,Provisional heuristic; recalculate from User Profile and current service evidence.,The Independent Study Catalog 1995.pdf,English,,II 102,The Independent Study Catalog,SRC-EDU-ISC-1995,,Upper Iowa University,Institution: Upper Iowa University; level: College; department: English; credit: 3S; division: L,42,English composition,,pg-service-college-english-communication-journalism,"['human-consumer', 'human-needs', 'need-education', 'need-education-postsecondary', 'pg-service-college-english-communication-journalism', 'pg-service-college-english-communication-journalism-page-013', 'item-course-005463']",
True,Historical 1995 service catalog; contact institution or successor to verify.,1995,College — English / Communication / Journalism,pg-service-college-english-communication-journalism,English,,College independent-study course in English. Credit: 3S.,English,,"The Independent Study Catalog, 1995 structured course listing.",78,medium,text catalog parser,Postsecondary,need-education-postsecondary,70,,Introduction to literature,1995,Upper Iowa University,high,125,need-education,84,Education / Postsecondary / English / Communication / Journalism,15,pg-service-college-english-communication-journalism-page-013,125,Introduction to literature,item-course-005464,,"Verify the current institution, equivalent course, delivery method, tuition and accreditation.",COURSE-005464,service,Historical education service listing — current availability requires verification,historical_education_service,12,Historical availability uncertainty,Provisional heuristic; recalculate from User Profile and current service evidence.,The Independent Study Catalog 1995.pdf,English,,125,The Independent Study Catalog,SRC-EDU-ISC-1995,,Upper Iowa University,Institution: Upper Iowa University; level: College; department: English; credit: 3S; division: L,42,Introduction to literature,,pg-service-college-english-communication-journalism,"['human-consumer', 'human-needs', 'need-education', 'need-education-postsecondary', 'pg-service-college-english-communication-journalism', 'pg-service-college-english-communication-journalism-page-013', 'item-course-005464']",
True,Historical 1995 service catalog; contact institution or successor to verify.,1995,College — History / Geography / Government / Law,pg-service-college-history-geography-government-law,History,,College independent-study course in History. Credit: 3S.,English,,"The Independent Study Catalog, 1995 structured course listing.",78,medium,text catalog parser,Postsecondary,need-education-postsecondary,77,,American civilization,1995,Upper Iowa University,high,1110,need-education,84,Education / Postsecondary / History / Geography / Government / Law,15,pg-service-college-history-geography-government-law-page-009,1110,American civilization,item-course-005465,,"Verify the current institution, equivalent course, delivery method, tuition and accreditation.",COURSE-005465,service,Historical education service listing — current availability requires verification,historical_education_service,12,Historical availability uncertainty,Provisional heuristic; recalculate from User Profile and current service evidence.,The Independent Study Catalog 1995.pdf,English,,1110,The Independent Study Catalog,SRC-EDU-ISC-1995,,Upper Iowa University,Institution: Upper Iowa University; level: College; department: History; credit: 3S; division: L,42,American civilization,,pg-service-college-history-geography-government-law,"['human-consumer', 'human-needs', 'need-education', 'need-education-postsecondary', 'pg-service-college-history-geography-government-law', 'pg-service-college-history-geography-government-law-page-009', 'item-course-005465']",
True,Historical 1995 service catalog; contact institution or successor to verify.,1995,College — History / Geography / Government / Law,pg-service-college-history-geography-government-law,History,,College independent-study course in History. Credit: 3S.,English,,"The Independent Study Catalog, 1995 structured course listing.",78,medium,text catalog parser,Postsecondary,need-education-postsecondary,76,,American civilization,1995,Upper Iowa University,high,II 111,need-education,84,Education / Postsecondary / History / Geography / Government / Law,15,pg-service-college-history-geography-government-law-page-009,II 111,American civilization,item-course-005466,,"Verify the current institution, equivalent course, delivery method, tuition and accreditation.",COURSE-005466,service,Historical education service listing — current availability requires verification,historical_education_service,12,Historical availability uncertainty,Provisional heuristic; recalculate from User Profile and current service evidence.,The Independent Study Catalog 1995.pdf,English,,II 111,The Independent Study Catalog,SRC-EDU-ISC-1995,,Upper Iowa University,Institution: Upper Iowa University; level: College; department: History; credit: 3S; division: L,42,American civilization,,pg-service-college-history-geography-government-law,"['human-consumer', 'human-needs', 'need-education', 'need-education-postsecondary', 'pg-service-college-history-geography-government-law', 'pg-service-college-history-geography-government-law-page-009', 'item-course-005466']",
True,Historical 1995 service catalog; contact institution or successor to verify.,1995,College — Business / Economics / Finance,pg-service-college-business-economics-finance,History,,College independent-study course in History. Credit: 3S.,English,,"The Independent Study Catalog, 1995 structured course listing.",78,medium,text catalog parser,Postsecondary,need-education-postsecondary,69,,American economic history,1995,Upper Iowa University,high,381,need-education,84,Education / Postsecondary / Business / Economics / Finance,15,pg-service-college-business-economics-finance-page-020,381,American economic history,item-course-005467,,"Verify the current institution, equivalent course, delivery method, tuition and accreditation.",COURSE-005467,service,Historical education service listing — current availability requires verification,historical_education_service,12,Historical availability uncertainty,Provisional heuristic; recalculate from User Profile and current service evidence.,The Independent Study Catalog 1995.pdf,English,,381,The Independent Study Catalog,SRC-EDU-ISC-1995,,Upper Iowa University,Institution: Upper Iowa University; level: College; department: History; credit: 3S; division: U,42,American economic history,,pg-service-college-business-economics-finance,"['human-consumer', 'human-needs', 'need-education', 'need-education-postsecondary', 'pg-service-college-business-economics-finance', 'pg-service-college-business-economics-finance-page-020', 'item-course-005467']",
True,Historical 1995 service catalog; contact institution or successor to verify.,1995,College — History / Geography / Government / Law,pg-service-college-history-geography-government-law,History,,College independent-study course in History. Credit: 3S.,English,,"The Independent Study Catalog, 1995 structured course listing.",78,medium,text catalog parser,Postsecondary,need-education-postsecondary,75,,Recent American history,1995,Upper Iowa University,high,374,need-education,84,Education / Postsecondary / History / Geography / Government / Law,15,pg-service-college-history-geography-government-law-page-009,374,Recent American history,item-course-005468,,"Verify the current institution, equivalent course, delivery method, tuition and accreditation.",COURSE-005468,service,Historical education service listing — current availability requires verification,historical_education_service,12,Historical availability uncertainty,Provisional heuristic; recalculate from User Profile and current service evidence.,The Independent Study Catalog 1995.pdf,English,,374,The Independent Study Catalog,SRC-EDU-ISC-1995,,Upper Iowa University,Institution: Upper Iowa University; level: College; department: History; credit: 3S; division: U,42,Recent American history,,pg-service-college-history-geography-government-law,"['human-consumer', 'human-needs', 'need-education', 'need-education-postsecondary', 'pg-service-college-history-geography-government-law', 'pg-service-college-history-geography-government-law-page-009', 'item-course-005468']",
True,Historical 1995 service catalog; contact institution or successor to verify.,1995,College — Mathematics / Statistics,pg-service-college-mathematics-statistics,Math,,College independent-study course in Math. Credit: 3S.,English,,"The Independent Study Catalog, 1995 structured course listing.",78,medium,text catalog parser,Postsecondary,need-education-postsecondary,73,,College algebra,1995,Upper Iowa University,high,106,need-education,84,Education / Postsecondary / Mathematics / Statistics,15,pg-service-college-mathematics-statistics-page-005,106,College algebra,item-course-005469,,"Verify the current institution, equivalent course, delivery method, tuition and accreditation.",COURSE-005469,service,Historical education service listing — current availability requires verification,historical_education_service,12,Historical availability uncertainty,Provisional heuristic; recalculate from User Profile and current service evidence.,The Independent Study Catalog 1995.pdf,English,,106,The Independent Study Catalog,SRC-EDU-ISC-1995,,Upper Iowa University,Institution: Upper Iowa University; level: College; department: Math; credit: 3S; division: L,42,College algebra,,pg-service-college-mathematics-statistics,"['human-consumer', 'human-needs', 'need-education', 'need-education-postsecondary', 'pg-service-college-mathematics-statistics', 'pg-service-college-mathematics-statistics-page-005', 'item-course-005469']",
True,Historical 1995 service catalog; contact institution or successor to verify.,1995,College — Mathematics / Statistics,pg-service-college-mathematics-statistics,Math,,College independent-study course in Math. Credit: 3S.,English,,"The Independent Study Catalog, 1995 structured course listing.",78,medium,text catalog parser,Postsecondary,need-education-postsecondary,68,,Elementary statistics,1995,Upper Iowa University,high,220,need-education,84,Education / Postsecondary / Mathematics / Statistics,15,pg-service-college-mathematics-statistics-page-005,220,Elementary statistics,item-course-005470,,"Verify the current institution, equivalent course, delivery method, tuition and accreditation.",COURSE-005470,service,Historical education service listing — current availability requires verification,historical_education_service,12,Historical availability uncertainty,Provisional heuristic; recalculate from User Profile and current service evidence.,The Independent Study Catalog 1995.pdf,English,,220,The Independent Study Catalog,SRC-EDU-ISC-1995,,Upper Iowa University,Institution: Upper Iowa University; level: College; department: Math; credit: 3S; division: L,42,Elementary statistics,,pg-service-college-mathematics-statistics,"['human-consumer', 'human-needs', 'need-education', 'need-education-postsecondary', 'pg-service-college-mathematics-statistics', 'pg-service-college-mathematics-statistics-page-005', 'item-course-005470']",
True,Historical 1995 service catalog; contact institution or successor to verify.,1995,College — Mathematics / Statistics,pg-service-college-mathematics-statistics,Math,,College independent-study course in Math. Credit: 3S.,English,,"The Independent Study Catalog, 1995 structured course listing.",78,medium,text catalog parser,Postsecondary,need-education-postsecondary,75,,Quantitative methods,1995,Upper Iowa University,high,109,need-education,84,Education / Postsecondary / Mathematics / Statistics,15,pg-service-college-mathematics-statistics-page-005,109,Quantitative methods,item-course-005471,,"Verify the current institution, equivalent course, delivery method, tuition and accreditation.",COURSE-005471,service,Historical education service listing — current availability requires verification,historical_education_service,12,Historical availability uncertainty,Provisional heuristic; recalculate from User Profile and current service evidence.,The Independent Study Catalog 1995.pdf,English,,109,The Independent Study Catalog,SRC-EDU-ISC-1995,,Upper Iowa University,Institution: Upper Iowa University; level: College; department: Math; credit: 3S; division: L,42,Quantitative methods,,pg-service-college-mathematics-statistics,"['human-consumer', 'human-needs', 'need-education', 'need-education-postsecondary', 'pg-service-college-mathematics-statistics', 'pg-service-college-mathematics-statistics-page-005', 'item-course-005471']",
True,Historical 1995 service catalog; contact institution or successor to verify.,1995,College — Science / Environment,pg-service-college-science-environment,Political Science,,College independent-study course in Political Science. Credit: 3S.,English,,"The Independent Study Catalog, 1995 structured course listing.",78,medium,text catalog parser,Postsecondary,need-education-postsecondary,78,,American constitutional law,1995,Upper Iowa University,high,I 411,need-education,84,Education / Postsecondary / Science / Environment,15,pg-service-college-science-environment-page-011,I 411,American constitutional law,item-course-005472,,"Verify the current institution, equivalent course, delivery method, tuition and accreditation.",COURSE-005472,service,Historical education service listing — current availability requires verification,historical_education_service,12,Historical availability uncertainty,Provisional heuristic; recalculate from User Profile and current service evidence.,The Independent Study Catalog 1995.pdf,English,,I 411,The Independent Study Catalog,SRC-EDU-ISC-1995,,Upper Iowa University,Institution: Upper Iowa University; level: College; department: Political Science; credit: 3S; division: U,42,American constitutional law,,pg-service-college-science-environment,"['human-consumer', 'human-needs', 'need-education', 'need-education-postsecondary', 'pg-service-college-science-environment', 'pg-service-college-science-environment-page-011', 'item-course-005472']",
True,Historical 1995 service catalog; contact institution or successor to verify.,1995,College — Science / Environment,pg-service-college-science-environment,Political Science,,College independent-study course in Political Science. Credit: 3S.,English,,"The Independent Study Catalog, 1995 structured course listing.",78,medium,text catalog parser,Postsecondary,need-education-postsecondary,70,,American constitutional law,1995,Upper Iowa University,high,II 412,need-education,84,Education / Postsecondary / Science / Environment,15,pg-service-college-science-environment-page-011,II 412,American constitutional law,item-course-005473,,"Verify the current institution, equivalent course, delivery method, tuition and accreditation.",COURSE-005473,service,Historical education service listing — current availability requires verification,historical_education_service,12,Historical availability uncertainty,Provisional heuristic; recalculate from User Profile and current service evidence.,The Independent Study Catalog 1995.pdf,English,,II 412,The Independent Study Catalog,SRC-EDU-ISC-1995,,Upper Iowa University,Institution: Upper Iowa University; level: College; department: Political Science; credit: 3S; division: U,42,American constitutional law,,pg-service-college-science-environment,"['human-consumer', 'human-needs', 'need-education', 'need-education-postsecondary', 'pg-service-college-science-environment', 'pg-service-college-science-environment-page-011', 'item-course-005473']",
True,Historical 1995 service catalog; contact institution or successor to verify.,1995,College — Science / Environment,pg-service-college-science-environment,Political Science,,College independent-study course in Political Science. Credit: 3S.,English,,"The Independent Study Catalog, 1995 structured course listing.",78,medium,text catalog parser,Postsecondary,need-education-postsecondary,73,,Legislative process,1995,Upper Iowa University,high,362,need-education,84,Education / Postsecondary / Science / Environment,15,pg-service-college-science-environment-page-011,362,Legislative process,item-course-005474,,"Verify the current institution, equivalent course, delivery method, tuition and accreditation.",COURSE-005474,service,Historical education service listing — current availability requires verification,historical_education_service,12,Historical availability uncertainty,Provisional heuristic; recalculate from User Profile and current service evidence.,The Independent Study Catalog 1995.pdf,English,,362,The Independent Study Catalog,SRC-EDU-ISC-1995,,Upper Iowa University,Institution: Upper Iowa University; level: College; department: Political Science; credit: 3S; division: L,42,Legislative process,,pg-service-college-science-environment,"['human-consumer', 'human-needs', 'need-education', 'need-education-postsecondary', 'pg-service-college-science-environment', 'pg-service-college-science-environment-page-011', 'item-course-005474']",
True,Historical 1995 service catalog; contact institution or successor to verify.,1995,College — Science / Environment,pg-service-college-science-environment,Political Science,,College independent-study course in Political Science. Credit: 3S.,English,,"The Independent Study Catalog, 1995 structured course listing.",78,medium,text catalog parser,Postsecondary,need-education-postsecondary,71,,State and local government,1995,Upper Iowa University,high,230,need-education,84,Education / Postsecondary / Science / Environment,15,pg-service-college-science-environment-page-011,230,State and local government,item-course-005475,,"Verify the current institution, equivalent course, delivery method, tuition and accreditation.",COURSE-005475,service,Historical education service listing — current availability requires verification,historical_education_service,12,Historical availability uncertainty,Provisional heuristic; recalculate from User Profile and current service evidence.,The Independent Study Catalog 1995.pdf,English,,230,The Independent Study Catalog,SRC-EDU-ISC-1995,,Upper Iowa University,Institution: Upper Iowa University; level: College; department: Political Science; credit: 3S; division: U,42,State and local government,,pg-service-college-science-environment,"['human-consumer', 'human-needs', 'need-education', 'need-education-postsecondary', 'pg-service-college-science-environment', 'pg-service-college-science-environment-page-011', 'item-course-005475']",
True,Historical 1995 service catalog; contact institution or successor to verify.,1995,College — Science / Environment,pg-service-college-science-environment,Political Science,,"College independent-study course in Political Science. Credit: 3S, VI.",English,,"The Independent Study Catalog, 1995 structured course listing.",78,medium,text catalog parser,Postsecondary,need-education-postsecondary,75,,United States government,1995,Upper Iowa University,high,100,need-education,84,Education / Postsecondary / Science / Environment,15,pg-service-college-science-environment-page-011,100,United States government,item-course-005476,,"Verify the current institution, equivalent course, delivery method, tuition and accreditation.",COURSE-005476,service,Historical education service listing — current availability requires verification,historical_education_service,12,Historical availability uncertainty,Provisional heuristic; recalculate from User Profile and current service evidence.,The Independent Study Catalog 1995.pdf,English,,100,The Independent Study Catalog,SRC-EDU-ISC-1995,,Upper Iowa University,"Institution: Upper Iowa University; level: College; department: Political Science; credit: 3S, VI; division: L",42,United States government,,pg-service-college-science-environment,"['human-consumer', 'human-needs', 'need-education', 'need-education-postsecondary', 'pg-service-college-science-environment', 'pg-service-college-science-environment-page-011', 'item-course-005476']",
True,Historical 1995 service catalog; contact institution or successor to verify.,1995,College — Psychology / Sociology / Human Services,pg-service-college-psychology-sociology-human-services,Psychology,,College independent-study course in Psychology. Credit: 3S.,English,,"The Independent Study Catalog, 1995 structured course listing.",78,medium,text catalog parser,Postsecondary,need-education-postsecondary,79,,Abnormal psychology,1995,Upper Iowa University,high,360,need-education,84,Education / Postsecondary / Psychology / Sociology / Human Services,15,pg-service-college-psychology-sociology-human-services-page-010,360,Abnormal psychology,item-course-005477,,"Verify the current institution, equivalent course, delivery method, tuition and accreditation.",COURSE-005477,service,Historical education service listing — current availability requires verification,historical_education_service,12,Historical availability uncertainty,Provisional heuristic; recalculate from User Profile and current service evidence.,The Independent Study Catalog 1995.pdf,English,,360,The Independent Study Catalog,SRC-EDU-ISC-1995,,Upper Iowa University,Institution: Upper Iowa University; level: College; department: Psychology; credit: 3S; division: U,42,Abnormal psychology,,pg-service-college-psychology-sociology-human-services,"['human-consumer', 'human-needs', 'need-education', 'need-education-postsecondary', 'pg-service-college-psychology-sociology-human-services', 'pg-service-college-psychology-sociology-human-services-page-010', 'item-course-005477']",
True,Historical 1995 service catalog; contact institution or successor to verify.,1995,College — Psychology / Sociology / Human Services,pg-service-college-psychology-sociology-human-services,Psychology,,College independent-study course in Psychology. Credit: 3S.,English,,"The Independent Study Catalog, 1995 structured course listing.",78,medium,text catalog parser,Postsecondary,need-education-postsecondary,68,,Evaluating behavioral research,1995,Upper Iowa University,high,373,need-education,84,Education / Postsecondary / Psychology / Sociology / Human Services,15,pg-service-college-psychology-sociology-human-services-page-010,373,Evaluating behavioral research,item-course-005478,,"Verify the current institution, equivalent course, delivery method, tuition and accreditation.",COURSE-005478,service,Historical education service listing — current availability requires verification,historical_education_service,12,Historical availability uncertainty,Provisional heuristic; recalculate from User Profile and current service evidence.,The Independent Study Catalog 1995.pdf,English,,373,The Independent Study Catalog,SRC-EDU-ISC-1995,,Upper Iowa University,Institution: Upper Iowa University; level: College; department: Psychology; credit: 3S; division: U,42,Evaluating behavioral research,,pg-service-college-psychology-sociology-human-services,"['human-consumer', 'human-needs', 'need-education', 'need-education-postsecondary', 'pg-service-college-psychology-sociology-human-services', 'pg-service-college-psychology-sociology-human-services-page-010', 'item-course-005478']",
True,Historical 1995 service catalog; contact institution or successor to verify.,1995,College — Psychology / Sociology / Human Services,pg-service-college-psychology-sociology-human-services,Psychology,,"College independent-study course in Psychology. Credit: 3S, VI.",English,,"The Independent Study Catalog, 1995 structured course listing.",78,medium,text catalog parser,Postsecondary,need-education-postsecondary,73,,General psychology,1995,Upper Iowa University,high,190,need-education,84,Education / Postsecondary / Psychology / Sociology / Human Services,15,pg-service-college-psychology-sociology-human-services-page-010,190,General psychology,item-course-005479,,"Verify the current institution, equivalent course, delivery method, tuition and accreditation.",COURSE-005479,service,Historical education service listing — current availability requires verification,historical_education_service,12,Historical availability uncertainty,Provisional heuristic; recalculate from User Profile and current service evidence.,The Independent Study Catalog 1995.pdf,English,,190,The Independent Study Catalog,SRC-EDU-ISC-1995,,Upper Iowa University,"Institution: Upper Iowa University; level: College; department: Psychology; credit: 3S, VI; division: L",42,General psychology,,pg-service-college-psychology-sociology-human-services,"['human-consumer', 'human-needs', 'need-education', 'need-education-postsecondary', 'pg-service-college-psychology-sociology-human-services', 'pg-service-college-psychology-sociology-human-services-page-010', 'item-course-005479']",
True,Historical 1995 service catalog; contact institution or successor to verify.,1995,College — Psychology / Sociology / Human Services,pg-service-college-psychology-sociology-human-services,Psychology,,College independent-study course in Psychology. Credit: 3S.,English,,"The Independent Study Catalog, 1995 structured course listing.",78,medium,text catalog parser,Postsecondary,need-education-postsecondary,79,,Introduction to human services,1995,Upper Iowa University,high,221,need-education,84,Education / Postsecondary / Psychology / Sociology / Human Services,15,pg-service-college-psychology-sociology-human-services-page-010,221,Introduction to human services,item-course-005480,,"Verify the current institution, equivalent course, delivery method, tuition and accreditation.",COURSE-005480,service,Historical education service listing — current availability requires verification,historical_education_service,12,Historical availability uncertainty,Provisional heuristic; recalculate from User Profile and current service evidence.,The Independent Study Catalog 1995.pdf,English,,221,The Independent Study Catalog,SRC-EDU-ISC-1995,,Upper Iowa University,Institution: Upper Iowa University; level: College; department: Psychology; credit: 3S; division: L,42,Introduction to human services,,pg-service-college-psychology-sociology-human-services,"['human-consumer', 'human-needs', 'need-education', 'need-education-postsecondary', 'pg-service-college-psychology-sociology-human-services', 'pg-service-college-psychology-sociology-human-services-page-010', 'item-course-005480']",
True,Historical 1995 service catalog; contact institution or successor to verify.,1995,College — Business / Economics / Finance,pg-service-college-business-economics-finance,Public Administration,,College independent-study course in Public Administration. Credit: 3S.,English,,"The Independent Study Catalog, 1995 structured course listing.",78,medium,text catalog parser,Postsecondary,need-education-postsecondary,79,,Administrative law,1995,Upper Iowa University,high,445,need-education,84,Education / Postsecondary / Business / Economics / Finance,15,pg-service-college-business-economics-finance-page-020,445,Administrative law,item-course-005481,,"Verify the current institution, equivalent course, delivery method, tuition and accreditation.",COURSE-005481,service,Historical education service listing — current availability requires verification,historical_education_service,12,Historical availability uncertainty,Provisional heuristic; recalculate from User Profile and current service evidence.,The Independent Study Catalog 1995.pdf,English,,445,The Independent Study Catalog,SRC-EDU-ISC-1995,,Upper Iowa University,Institution: Upper Iowa University; level: College; department: Public Administration; credit: 3S; division: U,42,Administrative law,,pg-service-college-business-economics-finance,"['human-consumer', 'human-needs', 'need-education', 'need-education-postsecondary', 'pg-service-college-business-economics-finance', 'pg-service-college-business-economics-finance-page-020', 'item-course-005481']",
True,Historical 1995 service catalog; contact institution or successor to verify.,1995,College — Business / Economics / Finance,pg-service-college-business-economics-finance,Public Administration,,College independent-study course in Public Administration. Credit: 3S.,English,,"The Independent Study Catalog, 1995 structured course listing.",78,medium,text catalog parser,Postsecondary,need-education-postsecondary,71,,Cases in public administration,1995,Upper Iowa University,high,430,need-education,84,Education / Postsecondary / Business / Economics / Finance,15,pg-service-college-business-economics-finance-page-020,430,Cases in public administration,item-course-005482,,"Verify the current institution, equivalent course, delivery method, tuition and accreditation.",COURSE-005482,service,Historical education service listing — current availability requires verification,historical_education_service,12,Historical availability uncertainty,Provisional heuristic; recalculate from User Profile and current service evidence.,The Independent Study Catalog 1995.pdf,English,,430,The Independent Study Catalog,SRC-EDU-ISC-1995,,Upper Iowa University,Institution: Upper Iowa University; level: College; department: Public Administration; credit: 3S; division: U,42,Cases in public administration,,pg-service-college-business-economics-finance,"['human-consumer', 'human-needs', 'need-education', 'need-education-postsecondary', 'pg-service-college-business-economics-finance', 'pg-service-college-business-economics-finance-page-020', 'item-course-005482']",
True,Historical 1995 service catalog; contact institution or successor to verify.,1995,College — Business / Economics / Finance,pg-service-college-business-economics-finance,Public Administration,,College independent-study course in Public Administration. Credit: 3S.,English,,"The Independent Study Catalog, 1995 structured course listing.",78,medium,text catalog parser,Postsecondary,need-education-postsecondary,75,,Urban management,1995,Upper Iowa University,high,371,need-education,84,Education / Postsecondary / Business / Economics / Finance,15,pg-service-college-business-economics-finance-page-020,371,Urban management,item-course-005483,,"Verify the current institution, equivalent course, delivery method, tuition and accreditation.",COURSE-005483,service,Historical education service listing — current availability requires verification,historical_education_service,12,Historical availability uncertainty,Provisional heuristic; recalculate from User Profile and current service evidence.,The Independent Study Catalog 1995.pdf,English,,371,The Independent Study Catalog,SRC-EDU-ISC-1995,,Upper Iowa University,Institution: Upper Iowa University; level: College; department: Public Administration; credit: 3S; division: U,42,Urban management,,pg-service-college-business-economics-finance,"['human-consumer', 'human-needs', 'need-education', 'need-education-postsecondary', 'pg-service-college-business-economics-finance', 'pg-service-college-business-economics-finance-page-020', 'item-course-005483']",
True,Historical 1995 service catalog; contact institution or successor to verify.,1995,College — General / Interdisciplinary,pg-service-college-general-interdisciplinary,Sociologi/,,College independent-study course in Sociologi/. Credit: 3S.,English,,"The Independent Study Catalog, 1995 structured course listing.",78,medium,text catalog parser,Postsecondary,need-education-postsecondary,75,,Cultural and racial minorities,1995,Upper Iowa University,high,240,need-education,84,Education / Postsecondary / General / Interdisciplinary,15,pg-service-college-general-interdisciplinary-page-012,240,Cultural and racial minorities,item-course-005484,,"Verify the current institution, equivalent course, delivery method, tuition and accreditation.",COURSE-005484,service,Historical education service listing — current availability requires verification,historical_education_service,12,Historical availability uncertainty,Provisional heuristic; recalculate from User Profile and current service evidence.,The Independent Study Catalog 1995.pdf,English,,240,The Independent Study Catalog,SRC-EDU-ISC-1995,,Upper Iowa University,Institution: Upper Iowa University; level: College; department: Sociologi/; credit: 3S; division: L,42,Cultural and racial minorities,,pg-service-college-general-interdisciplinary,"['human-consumer', 'human-needs', 'need-education', 'need-education-postsecondary', 'pg-service-college-general-interdisciplinary', 'pg-service-college-general-interdisciplinary-page-012', 'item-course-005484']",
True,Historical 1995 service catalog; contact institution or successor to verify.,1995,College — General / Interdisciplinary,pg-service-college-general-interdisciplinary,Sociologi/,,College independent-study course in Sociologi/. Credit: 3S.,English,,"The Independent Study Catalog, 1995 structured course listing.",78,medium,text catalog parser,Postsecondary,need-education-postsecondary,77,,Social problems,1995,Upper Iowa University,high,220,need-education,84,Education / Postsecondary / General / Interdisciplinary,15,pg-service-college-general-interdisciplinary-page-013,220,Social problems,item-course-005485,,"Verify the current institution, equivalent course, delivery method, tuition and accreditation.",COURSE-005485,service,Historical education service listing — current availability requires verification,historical_education_service,12,Historical availability uncertainty,Provisional heuristic; recalculate from User Profile and current service evidence.,The Independent Study Catalog 1995.pdf,English,,220,The Independent Study Catalog,SRC-EDU-ISC-1995,,Upper Iowa University,Institution: Upper Iowa University; level: College; department: Sociologi/; credit: 3S; division: L,42,Social problems,,pg-service-college-general-interdisciplinary,"['human-consumer', 'human-needs', 'need-education', 'need-education-postsecondary', 'pg-service-college-general-interdisciplinary', 'pg-service-college-general-interdisciplinary-page-013', 'item-course-005485']",
True,Historical 1995 service catalog; contact institution or successor to verify.,1995,College — Languages,pg-service-college-languages,Spanish,,"College independent-study course in Spanish. Credit: 3S, VI.",English,,"The Independent Study Catalog, 1995 structured course listing.",78,medium,text catalog parser,Postsecondary,need-education-postsecondary,80,,Spanish,1995,Upper Iowa University,high,I 101,need-education,84,Education / Postsecondary / Languages,15,pg-service-college-languages-page-007,I 101,Spanish,item-course-005486,,"Verify the current institution, equivalent course, delivery method, tuition and accreditation.",COURSE-005486,service,Historical education service listing — current availability requires verification,historical_education_service,12,Historical availability uncertainty,Provisional heuristic; recalculate from User Profile and current service evidence.,The Independent Study Catalog 1995.pdf,English,,I 101,The Independent Study Catalog,SRC-EDU-ISC-1995,,Upper Iowa University,"Institution: Upper Iowa University; level: College; department: Spanish; credit: 3S, VI; division: L",42,Spanish,,pg-service-college-languages,"['human-consumer', 'human-needs', 'need-education', 'need-education-postsecondary', 'pg-service-college-languages', 'pg-service-college-languages-page-007', 'item-course-005486']",
True,Historical 1995 service catalog; contact institution or successor to verify.,1995,College — Languages,pg-service-college-languages,Spanish,,College independent-study course in Spanish. Credit: 3S.,English,,"The Independent Study Catalog, 1995 structured course listing.",78,medium,text catalog parser,Postsecondary,need-education-postsecondary,68,,Spanish,1995,Upper Iowa University,high,II 102,need-education,84,Education / Postsecondary / Languages,15,pg-service-college-languages-page-007,II 102,Spanish,item-course-005487,,"Verify the current institution, equivalent course, delivery method, tuition and accreditation.",COURSE-005487,service,Historical education service listing — current availability requires verification,historical_education_service,12,Historical availability uncertainty,Provisional heuristic; recalculate from User Profile and current service evidence.,The Independent Study Catalog 1995.pdf,English,,II 102,The Independent Study Catalog,SRC-EDU-ISC-1995,,Upper Iowa University,Institution: Upper Iowa University; level: College; department: Spanish; credit: 3S; division: L,42,Spanish,,pg-service-college-languages,"['human-consumer', 'human-needs', 'need-education', 'need-education-postsecondary', 'pg-service-college-languages', 'pg-service-college-languages-page-007', 'item-course-005487']",
True,Historical 1995 service catalog; contact institution or successor to verify.,1995,High School — English / Communication / Journalism,pg-service-high-school-english-communication-journalism,English,,High School independent-study course in English. Credit: IS.,English,,"The Independent Study Catalog, 1995 structured course listing.",78,medium,text catalog parser,Basic Education,need-education-basic-education,71,,Better letters,1995,US Department of Agriculture Graduate School,high,101,need-education,84,Education / Basic Education / English / Communication / Journalism,15,pg-service-high-school-english-communication-journalism-page-002,101,Better letters,item-course-005488,,"Verify the current institution, equivalent course, delivery method, tuition and accreditation.",COURSE-005488,service,Historical education service listing — current availability requires verification,historical_education_service,12,Historical availability uncertainty,Provisional heuristic; recalculate from User Profile and current service evidence.,The Independent Study Catalog 1995.pdf,English,,101,The Independent Study Catalog,SRC-EDU-ISC-1995,,US Department of Agriculture Graduate School,Institution: US Department of Agriculture Graduate School; level: High School; department: English; credit: IS; division: ,42,Better letters,,pg-service-high-school-english-communication-journalism,"['human-consumer', 'human-needs', 'need-education', 'need-education-basic-education', 'pg-service-high-school-english-communication-journalism', 'pg-service-high-school-english-communication-journalism-page-002', 'item-course-005488']",
True,Historical 1995 service catalog; contact institution or successor to verify.,1995,College — Business / Economics / Finance,pg-service-college-business-economics-finance,Accounting,,College independent-study course in Accounting. Credit: IS.,English,,"The Independent Study Catalog, 1995 structured course listing.",78,medium,text catalog parser,Postsecondary,need-education-postsecondary,79,,Cost accounting,1995,US Department of Agriculture Graduate School,high,I 250,need-education,84,Education / Postsecondary / Business / Economics / Finance,15,pg-service-college-business-economics-finance-page-020,I 250,Cost accounting,item-course-005489,,"Verify the current institution, equivalent course, delivery method, tuition and accreditation.",COURSE-005489,service,Historical education service listing — current availability requires verification,historical_education_service,12,Historical availability uncertainty,Provisional heuristic; recalculate from User Profile and current service evidence.,The Independent Study Catalog 1995.pdf,English,,I 250,The Independent Study Catalog,SRC-EDU-ISC-1995,,US Department of Agriculture Graduate School,Institution: US Department of Agriculture Graduate School; level: College; department: Accounting; credit: IS; division: U,42,Cost accounting,,pg-service-college-business-economics-finance,"['human-consumer', 'human-needs', 'need-education', 'need-education-postsecondary', 'pg-service-college-business-economics-finance', 'pg-service-college-business-economics-finance-page-020', 'item-course-005489']",
True,Historical 1995 service catalog; contact institution or successor to verify.,1995,College — Business / Economics / Finance,pg-service-college-business-economics-finance,Accounting,,College independent-study course in Accounting. Credit: IS.,English,,"The Independent Study Catalog, 1995 structured course listing.",78,medium,text catalog parser,Postsecondary,need-education-postsecondary,79,,Cost accounting,1995,US Department of Agriculture Graduate School,high,II 251,need-education,84,Education / Postsecondary / Business / Economics / Finance,15,pg-service-college-business-economics-finance-page-020,II 251,Cost accounting,item-course-005490,,"Verify the current institution, equivalent course, delivery method, tuition and accreditation.",COURSE-005490,service,Historical education service listing — current availability requires verification,historical_education_service,12,Historical availability uncertainty,Provisional heuristic; recalculate from User Profile and current service evidence.,The Independent Study Catalog 1995.pdf,English,,II 251,The Independent Study Catalog,SRC-EDU-ISC-1995,,US Department of Agriculture Graduate School,Institution: US Department of Agriculture Graduate School; level: College; department: Accounting; credit: IS; division: U,42,Cost accounting,,pg-service-college-business-economics-finance,"['human-consumer', 'human-needs', 'need-education', 'need-education-postsecondary', 'pg-service-college-business-economics-finance', 'pg-service-college-business-economics-finance-page-020', 'item-course-005490']",
True,Historical 1995 service catalog; contact institution or successor to verify.,1995,College — Business / Economics / Finance,pg-service-college-business-economics-finance,Accounting,,College independent-study course in Accounting. Credit: IS.,English,,"The Independent Study Catalog, 1995 structured course listing.",78,medium,text catalog parser,Postsecondary,need-education-postsecondary,72,,Cost accounting,1995,US Department of Agriculture Graduate School,high,III 252,need-education,84,Education / Postsecondary / Business / Economics / Finance,15,pg-service-college-business-economics-finance-page-020,III 252,Cost accounting,item-course-005491,,"Verify the current institution, equivalent course, delivery method, tuition and accreditation.",COURSE-005491,service,Historical education service listing — current availability requires verification,historical_education_service,12,Historical availability uncertainty,Provisional heuristic; recalculate from User Profile and current service evidence.,The Independent Study Catalog 1995.pdf,English,,III 252,The Independent Study Catalog,SRC-EDU-ISC-1995,,US Department of Agriculture Graduate School,Institution: US Department of Agriculture Graduate School; level: College; department: Accounting; credit: IS; division: U,42,Cost accounting,,pg-service-college-business-economics-finance,"['human-consumer', 'human-needs', 'need-education', 'need-education-postsecondary', 'pg-service-college-business-economics-finance', 'pg-service-college-business-economics-finance-page-020', 'item-course-005491']",
True,Historical 1995 service catalog; contact institution or successor to verify.,1995,College — Business / Economics / Finance,pg-service-college-business-economics-finance,Accounting,,College independent-study course in Accounting. Credit: 3S.,English,,"The Independent Study Catalog, 1995 structured course listing.",78,medium,text catalog parser,Postsecondary,need-education-postsecondary,68,,Internal auditing,1995,US Department of Agriculture Graduate School,high,II 302,need-education,84,Education / Postsecondary / Business / Economics / Finance,15,pg-service-college-business-economics-finance-page-020,II 302,Internal auditing,item-course-005492,,"Verify the current institution, equivalent course, delivery method, tuition and accreditation.",COURSE-005492,service,Historical education service listing — current availability requires verification,historical_education_service,12,Historical availability uncertainty,Provisional heuristic; recalculate from User Profile and current service evidence.,The Independent Study Catalog 1995.pdf,English,,II 302,The Independent Study Catalog,SRC-EDU-ISC-1995,,US Department of Agriculture Graduate School,Institution: US Department of Agriculture Graduate School; level: College; department: Accounting; credit: 3S; division: U,42,Internal auditing,,pg-service-college-business-economics-finance,"['human-consumer', 'human-needs', 'need-education', 'need-education-postsecondary', 'pg-service-college-business-economics-finance', 'pg-service-college-business-economics-finance-page-020', 'item-course-005492']",
True,Historical 1995 service catalog; contact institution or successor to verify.,1995,College — Business / Economics / Finance,pg-service-college-business-economics-finance,Accounting,,College independent-study course in Accounting. Credit: 2S.,English,,"The Independent Study Catalog, 1995 structured course listing.",78,medium,text catalog parser,Postsecondary,need-education-postsecondary,75,,Principles of accounting,1995,US Department of Agriculture Graduate School,high,I 101,need-education,84,Education / Postsecondary / Business / Economics / Finance,15,pg-service-college-business-economics-finance-page-021,I 101,Principles of accounting,item-course-005493,,"Verify the current institution, equivalent course, delivery method, tuition and accreditation.",COURSE-005493,service,Historical education service listing — current availability requires verification,historical_education_service,12,Historical availability uncertainty,Provisional heuristic; recalculate from User Profile and current service evidence.,The Independent Study Catalog 1995.pdf,English,,I 101,The Independent Study Catalog,SRC-EDU-ISC-1995,,US Department of Agriculture Graduate School,Institution: US Department of Agriculture Graduate School; level: College; department: Accounting; credit: 2S; division: L,42,Principles of accounting,,pg-service-college-business-economics-finance,"['human-consumer', 'human-needs', 'need-education', 'need-education-postsecondary', 'pg-service-college-business-economics-finance', 'pg-service-college-business-economics-finance-page-021', 'item-course-005493']",
True,Historical 1995 service catalog; contact institution or successor to verify.,1995,College — Business / Economics / Finance,pg-service-college-business-economics-finance,Accounting,,College independent-study course in Accounting. Credit: 2S.,English,,"The Independent Study Catalog, 1995 structured course listing.",78,medium,text catalog parser,Postsecondary,need-education-postsecondary,79,,Principles of accounting,1995,US Department of Agriculture Graduate School,high,II 102,need-education,84,Education / Postsecondary / Business / Economics / Finance,15,pg-service-college-business-economics-finance-page-021,II 102,Principles of accounting,item-course-005494,,"Verify the current institution, equivalent course, delivery method, tuition and accreditation.",COURSE-005494,service,Historical education service listing — current availability requires verification,historical_education_service,12,Historical availability uncertainty,Provisional heuristic; recalculate from User Profile and current service evidence.,The Independent Study Catalog 1995.pdf,English,,II 102,The Independent Study Catalog,SRC-EDU-ISC-1995,,US Department of Agriculture Graduate School,Institution: US Department of Agriculture Graduate School; level: College; department: Accounting; credit: 2S; division: L,42,Principles of accounting,,pg-service-college-business-economics-finance,"['human-consumer', 'human-needs', 'need-education', 'need-education-postsecondary', 'pg-service-college-business-economics-finance', 'pg-service-college-business-economics-finance-page-021', 'item-course-005494']",
True,Historical 1995 service catalog; contact institution or successor to verify.,1995,College — Business / Economics / Finance,pg-service-college-business-economics-finance,Accounting,,College independent-study course in Accounting. Credit: 2S.,English,,"The Independent Study Catalog, 1995 structured course listing.",78,medium,text catalog parser,Postsecondary,need-education-postsecondary,78,,Principles of accounting,1995,US Department of Agriculture Graduate School,high,III 103,need-education,84,Education / Postsecondary / Business / Economics / Finance,15,pg-service-college-business-economics-finance-page-021,III 103,Principles of accounting,item-course-005495,,"Verify the current institution, equivalent course, delivery method, tuition and accreditation.",COURSE-005495,service,Historical education service listing — current availability requires verification,historical_education_service,12,Historical availability uncertainty,Provisional heuristic; recalculate from User Profile and current service evidence.,The Independent Study Catalog 1995.pdf,English,,III 103,The Independent Study Catalog,SRC-EDU-ISC-1995,,US Department of Agriculture Graduate School,Institution: US Department of Agriculture Graduate School; level: College; department: Accounting; credit: 2S; division: L,42,Principles of accounting,,pg-service-college-business-economics-finance,"['human-consumer', 'human-needs', 'need-education', 'need-education-postsecondary', 'pg-service-college-business-economics-finance', 'pg-service-college-business-economics-finance-page-021', 'item-course-005495']",
True,Historical 1995 service catalog; contact institution or successor to verify.,1995,College — Business / Economics / Finance,pg-service-college-business-economics-finance,Accounting,,College independent-study course in Accounting. Credit: IS.,English,,"The Independent Study Catalog, 1995 structured course listing.",78,medium,text catalog parser,Postsecondary,need-education-postsecondary,71,,REA accounting-electric,1995,US Department of Agriculture Graduate School,high,211,need-education,84,Education / Postsecondary / Business / Economics / Finance,15,pg-service-college-business-economics-finance-page-021,211,REA accounting-electric,item-course-005496,,"Verify the current institution, equivalent course, delivery method, tuition and accreditation.",COURSE-005496,service,Historical education service listing — current availability requires verification,historical_education_service,12,Historical availability uncertainty,Provisional heuristic; recalculate from User Profile and current service evidence.,The Independent Study Catalog 1995.pdf,English,,211,The Independent Study Catalog,SRC-EDU-ISC-1995,,US Department of Agriculture Graduate School,Institution: US Department of Agriculture Graduate School; level: College; department: Accounting; credit: IS; division: U,42,REA accounting-electric,,pg-service-college-business-economics-finance,"['human-consumer', 'human-needs', 'need-education', 'need-education-postsecondary', 'pg-service-college-business-economics-finance', 'pg-service-college-business-economics-finance-page-021', 'item-course-005496']",
True,Historical 1995 service catalog; contact institution or successor to verify.,1995,College — Computing / Engineering / Technology,pg-service-college-computing-engineering-technology,Civil Engineering,,College independent-study course in Civil Engineering. Credit: 3S.,English,,"The Independent Study Catalog, 1995 structured course listing.",78,medium,text catalog parser,Postsecondary,need-education-postsecondary,72,,Hydrology,1995,US Department of Agriculture Graduate School,high,I 501,need-education,84,Education / Postsecondary / Computing / Engineering / Technology,15,pg-service-college-computing-engineering-technology-page-003,I 501,Hydrology,item-course-005497,,"Verify the current institution, equivalent course, delivery method, tuition and accreditation.",COURSE-005497,service,Historical education service listing — current availability requires verification,historical_education_service,12,Historical availability uncertainty,Provisional heuristic; recalculate from User Profile and current service evidence.,The Independent Study Catalog 1995.pdf,English,,I 501,The Independent Study Catalog,SRC-EDU-ISC-1995,,US Department of Agriculture Graduate School,Institution: US Department of Agriculture Graduate School; level: College; department: Civil Engineering; credit: 3S; division: U,42,Hydrology,,pg-service-college-computing-engineering-technology,"['human-consumer', 'human-needs', 'need-education', 'need-education-postsecondary', 'pg-service-college-computing-engineering-technology', 'pg-service-college-computing-engineering-technology-page-003', 'item-course-005497']",
True,Historical 1995 service catalog; contact institution or successor to verify.,1995,College — Computing / Engineering / Technology,pg-service-college-computing-engineering-technology,Civil Engineering,,College independent-study course in Civil Engineering. Credit: 3S.,English,,"The Independent Study Catalog, 1995 structured course listing.",78,medium,text catalog parser,Postsecondary,need-education-postsecondary,80,,Hydrology,1995,US Department of Agriculture Graduate School,high,II 502,need-education,84,Education / Postsecondary / Computing / Engineering / Technology,15,pg-service-college-computing-engineering-technology-page-003,II 502,Hydrology,item-course-005498,,"Verify the current institution, equivalent course, delivery method, tuition and accreditation.",COURSE-005498,service,Historical education service listing — current availability requires verification,historical_education_service,12,Historical availability uncertainty,Provisional heuristic; recalculate from User Profile and current service evidence.,The Independent Study Catalog 1995.pdf,English,,II 502,The Independent Study Catalog,SRC-EDU-ISC-1995,,US Department of Agriculture Graduate School,Institution: US Department of Agriculture Graduate School; level: College; department: Civil Engineering; credit: 3S; division: U,42,Hydrology,,pg-service-college-computing-engineering-technology,"['human-consumer', 'human-needs', 'need-education', 'need-education-postsecondary', 'pg-service-college-computing-engineering-technology', 'pg-service-college-computing-engineering-technology-page-003', 'item-course-005498']",
True,Historical 1995 service catalog; contact institution or successor to verify.,1995,College — English / Communication / Journalism,pg-service-college-english-communication-journalism,Communications,,College independent-study course in Communications. Credit: 3S.,English,,"The Independent Study Catalog, 1995 structured course listing.",78,medium,text catalog parser,Postsecondary,need-education-postsecondary,78,,Advanced practice in editing,1995,US Department of Agriculture Graduate School,high,310,need-education,84,Education / Postsecondary / English / Communication / Journalism,15,pg-service-college-english-communication-journalism-page-013,310,Advanced practice in editing,item-course-005499,,"Verify the current institution, equivalent course, delivery method, tuition and accreditation.",COURSE-005499,service,Historical education service listing — current availability requires verification,historical_education_service,12,Historical availability uncertainty,Provisional heuristic; recalculate from User Profile and current service evidence.,The Independent Study Catalog 1995.pdf,English,,310,The Independent Study Catalog,SRC-EDU-ISC-1995,,US Department of Agriculture Graduate School,Institution: US Department of Agriculture Graduate School; level: College; department: Communications; credit: 3S; division: U,42,Advanced practice in editing,,pg-service-college-english-communication-journalism,"['human-consumer', 'human-needs', 'need-education', 'need-education-postsecondary', 'pg-service-college-english-communication-journalism', 'pg-service-college-english-communication-journalism-page-013', 'item-course-005499']",
True,Historical 1995 service catalog; contact institution or successor to verify.,1995,College — English / Communication / Journalism,pg-service-college-english-communication-journalism,Communications,,College independent-study course in Communications. Credit: 3S.,English,,"The Independent Study Catalog, 1995 structured course listing.",78,medium,text catalog parser,Postsecondary,need-education-postsecondary,80,,Applied indexing,1995,US Department of Agriculture Graduate School,high,361,need-education,84,Education / Postsecondary / English / Communication / Journalism,15,pg-service-college-english-communication-journalism-page-013,361,Applied indexing,item-course-005500,,"Verify the current institution, equivalent course, delivery method, tuition and accreditation.",COURSE-005500,service,Historical education service listing — current availability requires verification,historical_education_service,12,Historical availability uncertainty,Provisional heuristic; recalculate from User Profile and current service evidence.,The Independent Study Catalog 1995.pdf,English,,361,The Independent Study Catalog,SRC-EDU-ISC-1995,,US Department of Agriculture Graduate School,Institution: US Department of Agriculture Graduate School; level: College; department: Communications; credit: 3S; division: U,42,Applied indexing,,pg-service-college-english-communication-journalism,"['human-consumer', 'human-needs', 'need-education', 'need-education-postsecondary', 'pg-service-college-english-communication-journalism', 'pg-service-college-english-communication-journalism-page-013', 'item-course-005500']",
True,Historical 1995 service catalog; contact institution or successor to verify.,1995,College — English / Communication / Journalism,pg-service-college-english-communication-journalism,Communications,,College independent-study course in Communications. Credit: 3S.,English,,"The Independent Study Catalog, 1995 structured course listing.",78,medium,text catalog parser,Postsecondary,need-education-postsecondary,70,,Basic indexing,1995,US Department of Agriculture Graduate School,high,360,need-education,84,Education / Postsecondary / English / Communication / Journalism,15,pg-service-college-english-communication-journalism-page-013,360,Basic indexing,item-course-005501,,"Verify the current institution, equivalent course, delivery method, tuition and accreditation.",COURSE-005501,service,Historical education service listing — current availability requires verification,historical_education_service,12,Historical availability uncertainty,Provisional heuristic; recalculate from User Profile and current service evidence.,The Independent Study Catalog 1995.pdf,English,,360,The Independent Study Catalog,SRC-EDU-ISC-1995,,US Department of Agriculture Graduate School,Institution: US Department of Agriculture Graduate School; level: College; department: Communications; credit: 3S; division: L,42,Basic indexing,,pg-service-college-english-communication-journalism,"['human-consumer', 'human-needs', 'need-education', 'need-education-postsecondary', 'pg-service-college-english-communication-journalism', 'pg-service-college-english-communication-journalism-page-013', 'item-course-005501']",
True,Historical 1995 service catalog; contact institution or successor to verify.,1995,College — Computing / Engineering / Technology,pg-service-college-computing-engineering-technology,Communications,,College independent-study course in Communications. Credit: 3S.,English,,"The Independent Study Catalog, 1995 structured course listing.",78,medium,text catalog parser,Postsecondary,need-education-postsecondary,77,,Data communications technology,1995,US Department of Agriculture Graduate School,high,125,need-education,84,Education / Postsecondary / Computing / Engineering / Technology,15,pg-service-college-computing-engineering-technology-page-003,125,Data communications technology,item-course-005502,,"Verify the current institution, equivalent course, delivery method, tuition and accreditation.",COURSE-005502,service,Historical education service listing — current availability requires verification,historical_education_service,12,Historical availability uncertainty,Provisional heuristic; recalculate from User Profile and current service evidence.,The Independent Study Catalog 1995.pdf,English,,125,The Independent Study Catalog,SRC-EDU-ISC-1995,,US Department of Agriculture Graduate School,Institution: US Department of Agriculture Graduate School; level: College; department: Communications; credit: 3S; division: L,42,Data communications technology,,pg-service-college-computing-engineering-technology,"['human-consumer', 'human-needs', 'need-education', 'need-education-postsecondary', 'pg-service-college-computing-engineering-technology', 'pg-service-college-computing-engineering-technology-page-003', 'item-course-005502']",
True,Historical 1995 service catalog; contact institution or successor to verify.,1995,College — English / Communication / Journalism,pg-service-college-english-communication-journalism,Communications,,College independent-study course in Communications. Credit: 3S.,English,,"The Independent Study Catalog, 1995 structured course listing.",78,medium,text catalog parser,Postsecondary,need-education-postsecondary,79,,Intermediate editing,1995,US Department of Agriculture Graduate School,high,230,need-education,84,Education / Postsecondary / English / Communication / Journalism,15,pg-service-college-english-communication-journalism-page-013,230,Intermediate editing,item-course-005503,,"Verify the current institution, equivalent course, delivery method, tuition and accreditation.",COURSE-005503,service,Historical education service listing — current availability requires verification,historical_education_service,12,Historical availability uncertainty,Provisional heuristic; recalculate from User Profile and current service evidence.,The Independent Study Catalog 1995.pdf,English,,230,The Independent Study Catalog,SRC-EDU-ISC-1995,,US Department of Agriculture Graduate School,Institution: US Department of Agriculture Graduate School; level: College; department: Communications; credit: 3S; division: L,42,Intermediate editing,,pg-service-college-english-communication-journalism,"['human-consumer', 'human-needs', 'need-education', 'need-education-postsecondary', 'pg-service-college-english-communication-journalism', 'pg-service-college-english-communication-journalism-page-013', 'item-course-005503']",
True,Historical 1995 service catalog; contact institution or successor to verify.,1995,College — English / Communication / Journalism,pg-service-college-english-communication-journalism,Communications,,College independent-study course in Communications. Credit: 3S.,English,,"The Independent Study Catalog, 1995 structured course listing.",78,medium,text catalog parser,Postsecondary,need-education-postsecondary,69,,Proofreading,1995,US Department of Agriculture Graduate School,high,160,need-education,84,Education / Postsecondary / English / Communication / Journalism,15,pg-service-college-english-communication-journalism-page-013,160,Proofreading,item-course-005504,,"Verify the current institution, equivalent course, delivery method, tuition and accreditation.",COURSE-005504,service,Historical education service listing — current availability requires verification,historical_education_service,12,Historical availability uncertainty,Provisional heuristic; recalculate from User Profile and current service evidence.,The Independent Study Catalog 1995.pdf,English,,160,The Independent Study Catalog,SRC-EDU-ISC-1995,,US Department of Agriculture Graduate School,Institution: US Department of Agriculture Graduate School; level: College; department: Communications; credit: 3S; division: L,42,Proofreading,,pg-service-college-english-communication-journalism,"['human-consumer', 'human-needs', 'need-education', 'need-education-postsecondary', 'pg-service-college-english-communication-journalism', 'pg-service-college-english-communication-journalism-page-013', 'item-course-005504']",
True,Historical 1995 service catalog; contact institution or successor to verify.,1995,College — Business / Economics / Finance,pg-service-college-business-economics-finance,Communications,,College independent-study course in Communications. Credit: 3S.,English,,"The Independent Study Catalog, 1995 structured course listing.",78,medium,text catalog parser,Postsecondary,need-education-postsecondary,80,,Publishing management,1995,US Department of Agriculture Graduate School,high,375,need-education,84,Education / Postsecondary / Business / Economics / Finance,15,pg-service-college-business-economics-finance-page-021,375,Publishing management,item-course-005505,,"Verify the current institution, equivalent course, delivery method, tuition and accreditation.",COURSE-005505,service,Historical education service listing — current availability requires verification,historical_education_service,12,Historical availability uncertainty,Provisional heuristic; recalculate from User Profile and current service evidence.,The Independent Study Catalog 1995.pdf,English,,375,The Independent Study Catalog,SRC-EDU-ISC-1995,,US Department of Agriculture Graduate School,Institution: US Department of Agriculture Graduate School; level: College; department: Communications; credit: 3S; division: U,42,Publishing management,,pg-service-college-business-economics-finance,"['human-consumer', 'human-needs', 'need-education', 'need-education-postsecondary', 'pg-service-college-business-economics-finance', 'pg-service-college-business-economics-finance-page-021', 'item-course-005505']",
True,Historical 1995 service catalog; contact institution or successor to verify.,1995,College — English / Communication / Journalism,pg-service-college-english-communication-journalism,Communications,,College independent-study course in Communications. Credit: 3S.,English,,"The Independent Study Catalog, 1995 structured course listing.",78,medium,text catalog parser,Postsecondary,need-education-postsecondary,68,,Technical editing,1995,US Department of Agriculture Graduate School,high,350,need-education,84,Education / Postsecondary / English / Communication / Journalism,15,pg-service-college-english-communication-journalism-page-013,350,Technical editing,item-course-005506,,"Verify the current institution, equivalent course, delivery method, tuition and accreditation.",COURSE-005506,service,Historical education service listing — current availability requires verification,historical_education_service,12,Historical availability uncertainty,Provisional heuristic; recalculate from User Profile and current service evidence.,The Independent Study Catalog 1995.pdf,English,,350,The Independent Study Catalog,SRC-EDU-ISC-1995,,US Department of Agriculture Graduate School,Institution: US Department of Agriculture Graduate School; level: College; department: Communications; credit: 3S; division: U,42,Technical editing,,pg-service-college-english-communication-journalism,"['human-consumer', 'human-needs', 'need-education', 'need-education-postsecondary', 'pg-service-college-english-communication-journalism', 'pg-service-college-english-communication-journalism-page-013', 'item-course-005506']",
True,Historical 1995 service catalog; contact institution or successor to verify.,1995,College — Computing / Engineering / Technology,pg-service-college-computing-engineering-technology,Introduction to information systems,,"College independent-study course in Introduction to information systems. Credit: 2S, CI.",English,,"The Independent Study Catalog, 1995 structured course listing.",78,medium,text catalog parser,Postsecondary,need-education-postsecondary,74,,technology,1995,US Department of Agriculture Graduate School,high,110,need-education,84,Education / Postsecondary / Computing / Engineering / Technology,15,pg-service-college-computing-engineering-technology-page-003,110,technology,item-course-005507,,"Verify the current institution, equivalent course, delivery method, tuition and accreditation.",COURSE-005507,service,Historical education service listing — current availability requires verification,historical_education_service,12,Historical availability uncertainty,Provisional heuristic; recalculate from User Profile and current service evidence.,The Independent Study Catalog 1995.pdf,English,,110,The Independent Study Catalog,SRC-EDU-ISC-1995,,US Department of Agriculture Graduate School,"Institution: US Department of Agriculture Graduate School; level: College; department: Introduction to information systems; credit: 2S, CI; division: L",42,technology,,pg-service-college-computing-engineering-technology,"['human-consumer', 'human-needs', 'need-education', 'need-education-postsecondary', 'pg-service-college-computing-engineering-technology', 'pg-service-college-computing-engineering-technology-page-003', 'item-course-005507']",
True,Historical 1995 service catalog; contact institution or successor to verify.,1995,College — Computing / Engineering / Technology,pg-service-college-computing-engineering-technology,Introduction to information systems,,College independent-study course in Introduction to information systems. Credit: 3S.,English,,"The Independent Study Catalog, 1995 structured course listing.",78,medium,text catalog parser,Postsecondary,need-education-postsecondary,75,,Electronic* Technology Basic electronics,1995,US Department of Agriculture Graduate School,high,201,need-education,84,Education / Postsecondary / Computing / Engineering / Technology,15,pg-service-college-computing-engineering-technology-page-003,201,Electronic* Technology Basic electronics,item-course-005508,,"Verify the current institution, equivalent course, delivery method, tuition and accreditation.",COURSE-005508,service,Historical education service listing — current availability requires verification,historical_education_service,12,Historical availability uncertainty,Provisional heuristic; recalculate from User Profile and current service evidence.,The Independent Study Catalog 1995.pdf,English,,201,The Independent Study Catalog,SRC-EDU-ISC-1995,,US Department of Agriculture Graduate School,Institution: US Department of Agriculture Graduate School; level: College; department: Introduction to information systems; credit: 3S; division: L,42,Electronic* Technology Basic electronics,,pg-service-college-computing-engineering-technology,"['human-consumer', 'human-needs', 'need-education', 'need-education-postsecondary', 'pg-service-college-computing-engineering-technology', 'pg-service-college-computing-engineering-technology-page-003', 'item-course-005508']",
True,Historical 1995 service catalog; contact institution or successor to verify.,1995,College — Computing / Engineering / Technology,pg-service-college-computing-engineering-technology,Engineering Technology,,College independent-study course in Engineering Technology. Credit: 3S.,English,,"The Independent Study Catalog, 1995 structured course listing.",78,medium,text catalog parser,Postsecondary,need-education-postsecondary,75,,Basic electricity,1995,US Department of Agriculture Graduate School,high,101,need-education,84,Education / Postsecondary / Computing / Engineering / Technology,15,pg-service-college-computing-engineering-technology-page-003,101,Basic electricity,item-course-005509,,"Verify the current institution, equivalent course, delivery method, tuition and accreditation.",COURSE-005509,service,Historical education service listing — current availability requires verification,historical_education_service,12,Historical availability uncertainty,Provisional heuristic; recalculate from User Profile and current service evidence.,The Independent Study Catalog 1995.pdf,English,,101,The Independent Study Catalog,SRC-EDU-ISC-1995,,US Department of Agriculture Graduate School,Institution: US Department of Agriculture Graduate School; level: College; department: Engineering Technology; credit: 3S; division: L,42,Basic electricity,,pg-service-college-computing-engineering-technology,"['human-consumer', 'human-needs', 'need-education', 'need-education-postsecondary', 'pg-service-college-computing-engineering-technology', 'pg-service-college-computing-engineering-technology-page-003', 'item-course-005509']",
True,Historical 1995 service catalog; contact institution or successor to verify.,1995,College — Computing / Engineering / Technology,pg-service-college-computing-engineering-technology,Engineering Technology,,College independent-study course in Engineering Technology. Credit: 2S.,English,,"The Independent Study Catalog, 1995 structured course listing.",78,medium,text catalog parser,Postsecondary,need-education-postsecondary,71,,Engineering mechanics I (statics),1995,US Department of Agriculture Graduate School,high,208,need-education,84,Education / Postsecondary / Computing / Engineering / Technology,15,pg-service-college-computing-engineering-technology-page-003,208,Engineering mechanics I (statics),item-course-005510,,"Verify the current institution, equivalent course, delivery method, tuition and accreditation.",COURSE-005510,service,Historical education service listing — current availability requires verification,historical_education_service,12,Historical availability uncertainty,Provisional heuristic; recalculate from User Profile and current service evidence.,The Independent Study Catalog 1995.pdf,English,,208,The Independent Study Catalog,SRC-EDU-ISC-1995,,US Department of Agriculture Graduate School,Institution: US Department of Agriculture Graduate School; level: College; department: Engineering Technology; credit: 2S; division: L,42,Engineering mechanics I (statics),,pg-service-college-computing-engineering-technology,"['human-consumer', 'human-needs', 'need-education', 'need-education-postsecondary', 'pg-service-college-computing-engineering-technology', 'pg-service-college-computing-engineering-technology-page-003', 'item-course-005510']",
True,Historical 1995 service catalog; contact institution or successor to verify.,1995,College — Computing / Engineering / Technology,pg-service-college-computing-engineering-technology,Engineering Technology,,College independent-study course in Engineering Technology. Credit: 2S.,English,,"The Independent Study Catalog, 1995 structured course listing.",78,medium,text catalog parser,Postsecondary,need-education-postsecondary,73,,Hydraulics I: hydrostatic,1995,US Department of Agriculture Graduate School,high,204,need-education,84,Education / Postsecondary / Computing / Engineering / Technology,15,pg-service-college-computing-engineering-technology-page-003,204,Hydraulics I: hydrostatic,item-course-005511,,"Verify the current institution, equivalent course, delivery method, tuition and accreditation.",COURSE-005511,service,Historical education service listing — current availability requires verification,historical_education_service,12,Historical availability uncertainty,Provisional heuristic; recalculate from User Profile and current service evidence.,The Independent Study Catalog 1995.pdf,English,,204,The Independent Study Catalog,SRC-EDU-ISC-1995,,US Department of Agriculture Graduate School,Institution: US Department of Agriculture Graduate School; level: College; department: Engineering Technology; credit: 2S; division: L,42,Hydraulics I: hydrostatic,,pg-service-college-computing-engineering-technology,"['human-consumer', 'human-needs', 'need-education', 'need-education-postsecondary', 'pg-service-college-computing-engineering-technology', 'pg-service-college-computing-engineering-technology-page-003', 'item-course-005511']",
True,Historical 1995 service catalog; contact institution or successor to verify.,1995,College — Computing / Engineering / Technology,pg-service-college-computing-engineering-technology,Engineering Technology,,College independent-study course in Engineering Technology. Credit: 2S.,English,,"The Independent Study Catalog, 1995 structured course listing.",78,medium,text catalog parser,Postsecondary,need-education-postsecondary,74,,Solid state fundamentals,1995,US Department of Agriculture Graduate School,high,102,need-education,84,Education / Postsecondary / Computing / Engineering / Technology,15,pg-service-college-computing-engineering-technology-page-003,102,Solid state fundamentals,item-course-005512,,"Verify the current institution, equivalent course, delivery method, tuition and accreditation.",COURSE-005512,service,Historical education service listing — current availability requires verification,historical_education_service,12,Historical availability uncertainty,Provisional heuristic; recalculate from User Profile and current service evidence.,The Independent Study Catalog 1995.pdf,English,,102,The Independent Study Catalog,SRC-EDU-ISC-1995,,US Department of Agriculture Graduate School,Institution: US Department of Agriculture Graduate School; level: College; department: Engineering Technology; credit: 2S; division: L,42,Solid state fundamentals,,pg-service-college-computing-engineering-technology,"['human-consumer', 'human-needs', 'need-education', 'need-education-postsecondary', 'pg-service-college-computing-engineering-technology', 'pg-service-college-computing-engineering-technology-page-003', 'item-course-005512']",
True,Historical 1995 service catalog; contact institution or successor to verify.,1995,College — Computing / Engineering / Technology,pg-service-college-computing-engineering-technology,Engineering Technology,,College independent-study course in Engineering Technology. Credit: 3S.,English,,"The Independent Study Catalog, 1995 structured course listing.",78,medium,text catalog parser,Postsecondary,need-education-postsecondary,68,,Strength of materials,1995,US Department of Agriculture Graduate School,high,206,need-education,84,Education / Postsecondary / Computing / Engineering / Technology,15,pg-service-college-computing-engineering-technology-page-003,206,Strength of materials,item-course-005513,,"Verify the current institution, equivalent course, delivery method, tuition and accreditation.",COURSE-005513,service,Historical education service listing — current availability requires verification,historical_education_service,12,Historical availability uncertainty,Provisional heuristic; recalculate from User Profile and current service evidence.,The Independent Study Catalog 1995.pdf,English,,206,The Independent Study Catalog,SRC-EDU-ISC-1995,,US Department of Agriculture Graduate School,Institution: US Department of Agriculture Graduate School; level: College; department: Engineering Technology; credit: 3S; division: L,42,Strength of materials,,pg-service-college-computing-engineering-technology,"['human-consumer', 'human-needs', 'need-education', 'need-education-postsecondary', 'pg-service-college-computing-engineering-technology', 'pg-service-college-computing-engineering-technology-page-003', 'item-course-005513']",
True,Historical 1995 service catalog; contact institution or successor to verify.,1995,College — English / Communication / Journalism,pg-service-college-english-communication-journalism,English,,College independent-study course in English. Credit: IS.,English,,"The Independent Study Catalog, 1995 structured course listing.",78,medium,text catalog parser,Postsecondary,need-education-postsecondary,70,,Report writing,1995,US Department of Agriculture Graduate School,high,201,need-education,84,Education / Postsecondary / English / Communication / Journalism,15,pg-service-college-english-communication-journalism-page-013,201,Report writing,item-course-005514,,"Verify the current institution, equivalent course, delivery method, tuition and accreditation.",COURSE-005514,service,Historical education service listing — current availability requires verification,historical_education_service,12,Historical availability uncertainty,Provisional heuristic; recalculate from User Profile and current service evidence.,The Independent Study Catalog 1995.pdf,English,,201,The Independent Study Catalog,SRC-EDU-ISC-1995,,US Department of Agriculture Graduate School,Institution: US Department of Agriculture Graduate School; level: College; department: English; credit: IS; division: L,42,Report writing,,pg-service-college-english-communication-journalism,"['human-consumer', 'human-needs', 'need-education', 'need-education-postsecondary', 'pg-service-college-english-communication-journalism', 'pg-service-college-english-communication-journalism-page-013', 'item-course-005514']",
True,Historical 1995 service catalog; contact institution or successor to verify.,1995,College — Science / Environment,pg-service-college-science-environment,Library Sciences,,College independent-study course in Library Sciences. Credit: IS.,English,,"The Independent Study Catalog, 1995 structured course listing.",78,medium,text catalog parser,Postsecondary,need-education-postsecondary,77,,Basic reference services and tools,1995,US Department of Agriculture Graduate School,high,245,need-education,84,Education / Postsecondary / Science / Environment,15,pg-service-college-science-environment-page-011,245,Basic reference services and tools,item-course-005515,,"Verify the current institution, equivalent course, delivery method, tuition and accreditation.",COURSE-005515,service,Historical education service listing — current availability requires verification,historical_education_service,12,Historical availability uncertainty,Provisional heuristic; recalculate from User Profile and current service evidence.,The Independent Study Catalog 1995.pdf,English,,245,The Independent Study Catalog,SRC-EDU-ISC-1995,,US Department of Agriculture Graduate School,Institution: US Department of Agriculture Graduate School; level: College; department: Library Sciences; credit: IS; division: L,42,Basic reference services and tools,,pg-service-college-science-environment,"['human-consumer', 'human-needs', 'need-education', 'need-education-postsecondary', 'pg-service-college-science-environment', 'pg-service-college-science-environment-page-011', 'item-course-005515']",
True,Historical 1995 service catalog; contact institution or successor to verify.,1995,College — Science / Environment,pg-service-college-science-environment,Library Sciences,,College independent-study course in Library Sciences. Credit: 2S.,English,,"The Independent Study Catalog, 1995 structured course listing.",78,medium,text catalog parser,Postsecondary,need-education-postsecondary,75,,Introduction to bibliographies,1995,US Department of Agriculture Graduate School,high,325,need-education,84,Education / Postsecondary / Science / Environment,15,pg-service-college-science-environment-page-011,325,Introduction to bibliographies,item-course-005516,,"Verify the current institution, equivalent course, delivery method, tuition and accreditation.",COURSE-005516,service,Historical education service listing — current availability requires verification,historical_education_service,12,Historical availability uncertainty,Provisional heuristic; recalculate from User Profile and current service evidence.,The Independent Study Catalog 1995.pdf,English,,325,The Independent Study Catalog,SRC-EDU-ISC-1995,,US Department of Agriculture Graduate School,Institution: US Department of Agriculture Graduate School; level: College; department: Library Sciences; credit: 2S; division: U,42,Introduction to bibliographies,,pg-service-college-science-environment,"['human-consumer', 'human-needs', 'need-education', 'need-education-postsecondary', 'pg-service-college-science-environment', 'pg-service-college-science-environment-page-011', 'item-course-005516']",
True,Historical 1995 service catalog; contact institution or successor to verify.,1995,College — General / Interdisciplinary,pg-service-college-general-interdisciplinary,Evaluating and reporting on internal,,College independent-study course in Evaluating and reporting on internal. Credit: IS.,English,,"The Independent Study Catalog, 1995 structured course listing.",78,medium,text catalog parser,Postsecondary,need-education-postsecondary,75,,control systems,1995,US Department of Agriculture Graduate School,high,202,need-education,84,Education / Postsecondary / General / Interdisciplinary,15,pg-service-college-general-interdisciplinary-page-013,202,control systems,item-course-005517,,"Verify the current institution, equivalent course, delivery method, tuition and accreditation.",COURSE-005517,service,Historical education service listing — current availability requires verification,historical_education_service,12,Historical availability uncertainty,Provisional heuristic; recalculate from User Profile and current service evidence.,The Independent Study Catalog 1995.pdf,English,,202,The Independent Study Catalog,SRC-EDU-ISC-1995,,US Department of Agriculture Graduate School,Institution: US Department of Agriculture Graduate School; level: College; department: Evaluating and reporting on internal; credit: IS; division: L,42,control systems,,pg-service-college-general-interdisciplinary,"['human-consumer', 'human-needs', 'need-education', 'need-education-postsecondary', 'pg-service-college-general-interdisciplinary', 'pg-service-college-general-interdisciplinary-page-013', 'item-course-005517']",
True,Historical 1995 service catalog; contact institution or successor to verify.,1995,College — General / Interdisciplinary,pg-service-college-general-interdisciplinary,Evaluating and reporting on internal,,College independent-study course in Evaluating and reporting on internal. Credit: 2S.,English,,"The Independent Study Catalog, 1995 structured course listing.",78,medium,text catalog parser,Postsecondary,need-education-postsecondary,70,,Federal personnel procedures,1995,US Department of Agriculture Graduate School,high,130,need-education,84,Education / Postsecondary / General / Interdisciplinary,15,pg-service-college-general-interdisciplinary-page-013,130,Federal personnel procedures,item-course-005518,,"Verify the current institution, equivalent course, delivery method, tuition and accreditation.",COURSE-005518,service,Historical education service listing — current availability requires verification,historical_education_service,12,Historical availability uncertainty,Provisional heuristic; recalculate from User Profile and current service evidence.,The Independent Study Catalog 1995.pdf,English,,130,The Independent Study Catalog,SRC-EDU-ISC-1995,,US Department of Agriculture Graduate School,Institution: US Department of Agriculture Graduate School; level: College; department: Evaluating and reporting on internal; credit: 2S; division: L,42,Federal personnel procedures,,pg-service-college-general-interdisciplinary,"['human-consumer', 'human-needs', 'need-education', 'need-education-postsecondary', 'pg-service-college-general-interdisciplinary', 'pg-service-college-general-interdisciplinary-page-013', 'item-course-005518']",
True,Historical 1995 service catalog; contact institution or successor to verify.,1995,College — General / Interdisciplinary,pg-service-college-general-interdisciplinary,Evaluating and reporting on internal,,College independent-study course in Evaluating and reporting on internal. Credit: 2S.,English,,"The Independent Study Catalog, 1995 structured course listing.",78,medium,text catalog parser,Postsecondary,need-education-postsecondary,78,,Modern supervisory practice,1995,US Department of Agriculture Graduate School,high,201,need-education,84,Education / Postsecondary / General / Interdisciplinary,15,pg-service-college-general-interdisciplinary-page-013,201,Modern supervisory practice,item-course-005519,,"Verify the current institution, equivalent course, delivery method, tuition and accreditation.",COURSE-005519,service,Historical education service listing — current availability requires verification,historical_education_service,12,Historical availability uncertainty,Provisional heuristic; recalculate from User Profile and current service evidence.,The Independent Study Catalog 1995.pdf,English,,201,The Independent Study Catalog,SRC-EDU-ISC-1995,,US Department of Agriculture Graduate School,Institution: US Department of Agriculture Graduate School; level: College; department: Evaluating and reporting on internal; credit: 2S; division: L,42,Modern supervisory practice,,pg-service-college-general-interdisciplinary,"['human-consumer', 'human-needs', 'need-education', 'need-education-postsecondary', 'pg-service-college-general-interdisciplinary', 'pg-service-college-general-interdisciplinary-page-013', 'item-course-005519']",
True,Historical 1995 service catalog; contact institution or successor to verify.,1995,College — Business / Economics / Finance,pg-service-college-business-economics-finance,Evaluating and reporting on internal,,College independent-study course in Evaluating and reporting on internal. Credit: 3S.,English,,"The Independent Study Catalog, 1995 structured course listing.",78,medium,text catalog parser,Postsecondary,need-education-postsecondary,79,,Storm water management,1995,US Department of Agriculture Graduate School,high,410,need-education,84,Education / Postsecondary / Business / Economics / Finance,15,pg-service-college-business-economics-finance-page-021,410,Storm water management,item-course-005520,,"Verify the current institution, equivalent course, delivery method, tuition and accreditation.",COURSE-005520,service,Historical education service listing — current availability requires verification,historical_education_service,12,Historical availability uncertainty,Provisional heuristic; recalculate from User Profile and current service evidence.,The Independent Study Catalog 1995.pdf,English,,410,The Independent Study Catalog,SRC-EDU-ISC-1995,,US Department of Agriculture Graduate School,Institution: US Department of Agriculture Graduate School; level: College; department: Evaluating and reporting on internal; credit: 3S; division: U,42,Storm water management,,pg-service-college-business-economics-finance,"['human-consumer', 'human-needs', 'need-education', 'need-education-postsecondary', 'pg-service-college-business-economics-finance', 'pg-service-college-business-economics-finance-page-021', 'item-course-005520']",
True,Historical 1995 service catalog; contact institution or successor to verify.,1995,College — General / Interdisciplinary,pg-service-college-general-interdisciplinary,Evaluating and reporting on internal,,College independent-study course in Evaluating and reporting on internal. Credit: 2S.,English,,"The Independent Study Catalog, 1995 structured course listing.",78,medium,text catalog parser,Postsecondary,need-education-postsecondary,80,,Success-oriented supervision,1995,US Department of Agriculture Graduate School,high,202,need-education,84,Education / Postsecondary / General / Interdisciplinary,15,pg-service-college-general-interdisciplinary-page-013,202,Success-oriented supervision,item-course-005521,,"Verify the current institution, equivalent course, delivery method, tuition and accreditation.",COURSE-005521,service,Historical education service listing — current availability requires verification,historical_education_service,12,Historical availability uncertainty,Provisional heuristic; recalculate from User Profile and current service evidence.,The Independent Study Catalog 1995.pdf,English,,202,The Independent Study Catalog,SRC-EDU-ISC-1995,,US Department of Agriculture Graduate School,Institution: US Department of Agriculture Graduate School; level: College; department: Evaluating and reporting on internal; credit: 2S; division: L,42,Success-oriented supervision,,pg-service-college-general-interdisciplinary,"['human-consumer', 'human-needs', 'need-education', 'need-education-postsecondary', 'pg-service-college-general-interdisciplinary', 'pg-service-college-general-interdisciplinary-page-013', 'item-course-005521']",
True,Historical 1995 service catalog; contact institution or successor to verify.,1995,College — Business / Economics / Finance,pg-service-college-business-economics-finance,Evaluating and reporting on internal,,"College independent-study course in Evaluating and reporting on internal. Credit: 2S, CI.",English,,"The Independent Study Catalog, 1995 structured course listing.",78,medium,text catalog parser,Postsecondary,need-education-postsecondary,69,,Time management,1995,US Department of Agriculture Graduate School,high,101,need-education,84,Education / Postsecondary / Business / Economics / Finance,15,pg-service-college-business-economics-finance-page-021,101,Time management,item-course-005522,,"Verify the current institution, equivalent course, delivery method, tuition and accreditation.",COURSE-005522,service,Historical education service listing — current availability requires verification,historical_education_service,12,Historical availability uncertainty,Provisional heuristic; recalculate from User Profile and current service evidence.,The Independent Study Catalog 1995.pdf,English,,101,The Independent Study Catalog,SRC-EDU-ISC-1995,,US Department of Agriculture Graduate School,"Institution: US Department of Agriculture Graduate School; level: College; department: Evaluating and reporting on internal; credit: 2S, CI; division: L",42,Time management,,pg-service-college-business-economics-finance,"['human-consumer', 'human-needs', 'need-education', 'need-education-postsecondary', 'pg-service-college-business-economics-finance', 'pg-service-college-business-economics-finance-page-021', 'item-course-005522']",
True,Historical 1995 service catalog; contact institution or successor to verify.,1995,College — Mathematics / Statistics,pg-service-college-mathematics-statistics,Mathematics,,College independent-study course in Mathematics. Credit: 2S.,English,,"The Independent Study Catalog, 1995 structured course listing.",78,medium,text catalog parser,Postsecondary,need-education-postsecondary,72,,Analytic geometry,1995,US Department of Agriculture Graduate School,high,105,need-education,84,Education / Postsecondary / Mathematics / Statistics,15,pg-service-college-mathematics-statistics-page-005,105,Analytic geometry,item-course-005523,,"Verify the current institution, equivalent course, delivery method, tuition and accreditation.",COURSE-005523,service,Historical education service listing — current availability requires verification,historical_education_service,12,Historical availability uncertainty,Provisional heuristic; recalculate from User Profile and current service evidence.,The Independent Study Catalog 1995.pdf,English,,105,The Independent Study Catalog,SRC-EDU-ISC-1995,,US Department of Agriculture Graduate School,Institution: US Department of Agriculture Graduate School; level: College; department: Mathematics; credit: 2S; division: L,42,Analytic geometry,,pg-service-college-mathematics-statistics,"['human-consumer', 'human-needs', 'need-education', 'need-education-postsecondary', 'pg-service-college-mathematics-statistics', 'pg-service-college-mathematics-statistics-page-005', 'item-course-005523']",
True,Historical 1995 service catalog; contact institution or successor to verify.,1995,College — Mathematics / Statistics,pg-service-college-mathematics-statistics,Mathematics,,College independent-study course in Mathematics. Credit: 2S.,English,,"The Independent Study Catalog, 1995 structured course listing.",78,medium,text catalog parser,Postsecondary,need-education-postsecondary,79,,Basic mathematics,1995,US Department of Agriculture Graduate School,high,101,need-education,84,Education / Postsecondary / Mathematics / Statistics,15,pg-service-college-mathematics-statistics-page-005,101,Basic mathematics,item-course-005524,,"Verify the current institution, equivalent course, delivery method, tuition and accreditation.",COURSE-005524,service,Historical education service listing — current availability requires verification,historical_education_service,12,Historical availability uncertainty,Provisional heuristic; recalculate from User Profile and current service evidence.,The Independent Study Catalog 1995.pdf,English,,101,The Independent Study Catalog,SRC-EDU-ISC-1995,,US Department of Agriculture Graduate School,Institution: US Department of Agriculture Graduate School; level: College; department: Mathematics; credit: 2S; division: L,42,Basic mathematics,,pg-service-college-mathematics-statistics,"['human-consumer', 'human-needs', 'need-education', 'need-education-postsecondary', 'pg-service-college-mathematics-statistics', 'pg-service-college-mathematics-statistics-page-005', 'item-course-005524']",
True,Historical 1995 service catalog; contact institution or successor to verify.,1995,College — Mathematics / Statistics,pg-service-college-mathematics-statistics,Mathematics,,College independent-study course in Mathematics. Credit: 2S.,English,,"The Independent Study Catalog, 1995 structured course listing.",78,medium,text catalog parser,Postsecondary,need-education-postsecondary,80,,Calculus I (differential),1995,US Department of Agriculture Graduate School,high,210,need-education,84,Education / Postsecondary / Mathematics / Statistics,15,pg-service-college-mathematics-statistics-page-005,210,Calculus I (differential),item-course-005525,,"Verify the current institution, equivalent course, delivery method, tuition and accreditation.",COURSE-005525,service,Historical education service listing — current availability requires verification,historical_education_service,12,Historical availability uncertainty,Provisional heuristic; recalculate from User Profile and current service evidence.,The Independent Study Catalog 1995.pdf,English,,210,The Independent Study Catalog,SRC-EDU-ISC-1995,,US Department of Agriculture Graduate School,Institution: US Department of Agriculture Graduate School; level: College; department: Mathematics; credit: 2S; division: L,42,Calculus I (differential),,pg-service-college-mathematics-statistics,"['human-consumer', 'human-needs', 'need-education', 'need-education-postsecondary', 'pg-service-college-mathematics-statistics', 'pg-service-college-mathematics-statistics-page-005', 'item-course-005525']",
True,Historical 1995 service catalog; contact institution or successor to verify.,1995,College — Mathematics / Statistics,pg-service-college-mathematics-statistics,Mathematics,,College independent-study course in Mathematics. Credit: 3S.,English,,"The Independent Study Catalog, 1995 structured course listing.",78,medium,text catalog parser,Postsecondary,need-education-postsecondary,68,,Calculus II (integral),1995,US Department of Agriculture Graduate School,high,211,need-education,84,Education / Postsecondary / Mathematics / Statistics,15,pg-service-college-mathematics-statistics-page-005,211,Calculus II (integral),item-course-005526,,"Verify the current institution, equivalent course, delivery method, tuition and accreditation.",COURSE-005526,service,Historical education service listing — current availability requires verification,historical_education_service,12,Historical availability uncertainty,Provisional heuristic; recalculate from User Profile and current service evidence.,The Independent Study Catalog 1995.pdf,English,,211,The Independent Study Catalog,SRC-EDU-ISC-1995,,US Department of Agriculture Graduate School,Institution: US Department of Agriculture Graduate School; level: College; department: Mathematics; credit: 3S; division: L,42,Calculus II (integral),,pg-service-college-mathematics-statistics,"['human-consumer', 'human-needs', 'need-education', 'need-education-postsecondary', 'pg-service-college-mathematics-statistics', 'pg-service-college-mathematics-statistics-page-005', 'item-course-005526']",
True,Historical 1995 service catalog; contact institution or successor to verify.,1995,College — Mathematics / Statistics,pg-service-college-mathematics-statistics,Mathematics,,College independent-study course in Mathematics. Credit: 3S.,English,,"The Independent Study Catalog, 1995 structured course listing.",78,medium,text catalog parser,Postsecondary,need-education-postsecondary,73,,College algebra,1995,US Department of Agriculture Graduate School,high,250,need-education,84,Education / Postsecondary / Mathematics / Statistics,15,pg-service-college-mathematics-statistics-page-005,250,College algebra,item-course-005527,,"Verify the current institution, equivalent course, delivery method, tuition and accreditation.",COURSE-005527,service,Historical education service listing — current availability requires verification,historical_education_service,12,Historical availability uncertainty,Provisional heuristic; recalculate from User Profile and current service evidence.,The Independent Study Catalog 1995.pdf,English,,250,The Independent Study Catalog,SRC-EDU-ISC-1995,,US Department of Agriculture Graduate School,Institution: US Department of Agriculture Graduate School; level: College; department: Mathematics; credit: 3S; division: L,42,College algebra,,pg-service-college-mathematics-statistics,"['human-consumer', 'human-needs', 'need-education', 'need-education-postsecondary', 'pg-service-college-mathematics-statistics', 'pg-service-college-mathematics-statistics-page-005', 'item-course-005527']",
True,Historical 1995 service catalog; contact institution or successor to verify.,1995,College — Mathematics / Statistics,pg-service-college-mathematics-statistics,Mathematics,,College independent-study course in Mathematics. Credit: 2S.,English,,"The Independent Study Catalog, 1995 structured course listing.",78,medium,text catalog parser,Postsecondary,need-education-postsecondary,76,,Trigonometry,1995,US Department of Agriculture Graduate School,high,103,need-education,84,Education / Postsecondary / Mathematics / Statistics,15,pg-service-college-mathematics-statistics-page-005,103,Trigonometry,item-course-005528,,"Verify the current institution, equivalent course, delivery method, tuition and accreditation.",COURSE-005528,service,Historical education service listing — current availability requires verification,historical_education_service,12,Historical availability uncertainty,Provisional heuristic; recalculate from User Profile and current service evidence.,The Independent Study Catalog 1995.pdf,English,,103,The Independent Study Catalog,SRC-EDU-ISC-1995,,US Department of Agriculture Graduate School,Institution: US Department of Agriculture Graduate School; level: College; department: Mathematics; credit: 2S; division: L,42,Trigonometry,,pg-service-college-mathematics-statistics,"['human-consumer', 'human-needs', 'need-education', 'need-education-postsecondary', 'pg-service-college-mathematics-statistics', 'pg-service-college-mathematics-statistics-page-005', 'item-course-005528']",
True,Historical 1995 service catalog; contact institution or successor to verify.,1995,College — General / Interdisciplinary,pg-service-college-general-interdisciplinary,Meteorology,,College independent-study course in Meteorology. Credit: 3S.,English,,"The Independent Study Catalog, 1995 structured course listing.",78,medium,text catalog parser,Postsecondary,need-education-postsecondary,77,,Dynamic meteorology,1995,US Department of Agriculture Graduate School,high,I 361,need-education,84,Education / Postsecondary / General / Interdisciplinary,15,pg-service-college-general-interdisciplinary-page-013,I 361,Dynamic meteorology,item-course-005529,,"Verify the current institution, equivalent course, delivery method, tuition and accreditation.",COURSE-005529,service,Historical education service listing — current availability requires verification,historical_education_service,12,Historical availability uncertainty,Provisional heuristic; recalculate from User Profile and current service evidence.,The Independent Study Catalog 1995.pdf,English,,I 361,The Independent Study Catalog,SRC-EDU-ISC-1995,,US Department of Agriculture Graduate School,Institution: US Department of Agriculture Graduate School; level: College; department: Meteorology; credit: 3S; division: U,42,Dynamic meteorology,,pg-service-college-general-interdisciplinary,"['human-consumer', 'human-needs', 'need-education', 'need-education-postsecondary', 'pg-service-college-general-interdisciplinary', 'pg-service-college-general-interdisciplinary-page-013', 'item-course-005529']",
True,Historical 1995 service catalog; contact institution or successor to verify.,1995,College — General / Interdisciplinary,pg-service-college-general-interdisciplinary,Meteorology,,College independent-study course in Meteorology. Credit: 3S.,English,,"The Independent Study Catalog, 1995 structured course listing.",78,medium,text catalog parser,Postsecondary,need-education-postsecondary,77,,Dynamic meteorology,1995,US Department of Agriculture Graduate School,high,II 362,need-education,84,Education / Postsecondary / General / Interdisciplinary,15,pg-service-college-general-interdisciplinary-page-013,II 362,Dynamic meteorology,item-course-005530,,"Verify the current institution, equivalent course, delivery method, tuition and accreditation.",COURSE-005530,service,Historical education service listing — current availability requires verification,historical_education_service,12,Historical availability uncertainty,Provisional heuristic; recalculate from User Profile and current service evidence.,The Independent Study Catalog 1995.pdf,English,,II 362,The Independent Study Catalog,SRC-EDU-ISC-1995,,US Department of Agriculture Graduate School,Institution: US Department of Agriculture Graduate School; level: College; department: Meteorology; credit: 3S; division: U,42,Dynamic meteorology,,pg-service-college-general-interdisciplinary,"['human-consumer', 'human-needs', 'need-education', 'need-education-postsecondary', 'pg-service-college-general-interdisciplinary', 'pg-service-college-general-interdisciplinary-page-013', 'item-course-005530']",
True,Historical 1995 service catalog; contact institution or successor to verify.,1995,College — Business / Economics / Finance,pg-service-college-business-economics-finance,Paralegal Studies,,College independent-study course in Paralegal Studies. Credit: 2S.,English,,"The Independent Study Catalog, 1995 structured course listing.",78,medium,text catalog parser,Postsecondary,need-education-postsecondary,73,,Business law,1995,US Department of Agriculture Graduate School,high,II 121,need-education,84,Education / Postsecondary / Business / Economics / Finance,15,pg-service-college-business-economics-finance-page-020,II 121,Business law,item-course-005531,,"Verify the current institution, equivalent course, delivery method, tuition and accreditation.",COURSE-005531,service,Historical education service listing — current availability requires verification,historical_education_service,12,Historical availability uncertainty,Provisional heuristic; recalculate from User Profile and current service evidence.,The Independent Study Catalog 1995.pdf,English,,II 121,The Independent Study Catalog,SRC-EDU-ISC-1995,,US Department of Agriculture Graduate School,Institution: US Department of Agriculture Graduate School; level: College; department: Paralegal Studies; credit: 2S; division: L,42,Business law,,pg-service-college-business-economics-finance,"['human-consumer', 'human-needs', 'need-education', 'need-education-postsecondary', 'pg-service-college-business-economics-finance', 'pg-service-college-business-economics-finance-page-020', 'item-course-005531']",
True,Historical 1995 service catalog; contact institution or successor to verify.,1995,College — General / Interdisciplinary,pg-service-college-general-interdisciplinary,Paralegal Studies,,College independent-study course in Paralegal Studies. Credit: 2S.,English,,"The Independent Study Catalog, 1995 structured course listing.",78,medium,text catalog parser,Postsecondary,need-education-postsecondary,77,,Certificate course,1995,US Department of Agriculture Graduate School,high,599,need-education,84,Education / Postsecondary / General / Interdisciplinary,15,pg-service-college-general-interdisciplinary-page-013,599,Certificate course,item-course-005532,,"Verify the current institution, equivalent course, delivery method, tuition and accreditation.",COURSE-005532,service,Historical education service listing — current availability requires verification,historical_education_service,12,Historical availability uncertainty,Provisional heuristic; recalculate from User Profile and current service evidence.,The Independent Study Catalog 1995.pdf,English,,599,The Independent Study Catalog,SRC-EDU-ISC-1995,,US Department of Agriculture Graduate School,Institution: US Department of Agriculture Graduate School; level: College; department: Paralegal Studies; credit: 2S; division: L,42,Certificate course,,pg-service-college-general-interdisciplinary,"['human-consumer', 'human-needs', 'need-education', 'need-education-postsecondary', 'pg-service-college-general-interdisciplinary', 'pg-service-college-general-interdisciplinary-page-013', 'item-course-005532']",
True,Historical 1995 service catalog; contact institution or successor to verify.,1995,College — History / Geography / Government / Law,pg-service-college-history-geography-government-law,Paralegal Studies,,College independent-study course in Paralegal Studies. Credit: 3S.,English,,"The Independent Study Catalog, 1995 structured course listing.",78,medium,text catalog parser,Postsecondary,need-education-postsecondary,75,,Constitutional law,1995,US Department of Agriculture Graduate School,high,251,need-education,84,Education / Postsecondary / History / Geography / Government / Law,15,pg-service-college-history-geography-government-law-page-009,251,Constitutional law,item-course-005533,,"Verify the current institution, equivalent course, delivery method, tuition and accreditation.",COURSE-005533,service,Historical education service listing — current availability requires verification,historical_education_service,12,Historical availability uncertainty,Provisional heuristic; recalculate from User Profile and current service evidence.,The Independent Study Catalog 1995.pdf,English,,251,The Independent Study Catalog,SRC-EDU-ISC-1995,,US Department of Agriculture Graduate School,Institution: US Department of Agriculture Graduate School; level: College; department: Paralegal Studies; credit: 3S; division: L,42,Constitutional law,,pg-service-college-history-geography-government-law,"['human-consumer', 'human-needs', 'need-education', 'need-education-postsecondary', 'pg-service-college-history-geography-government-law', 'pg-service-college-history-geography-government-law-page-009', 'item-course-005533']",
True,Historical 1995 service catalog; contact institution or successor to verify.,1995,College — History / Geography / Government / Law,pg-service-college-history-geography-government-law,Paralegal Studies,,College independent-study course in Paralegal Studies. Credit: 3S.,English,,"The Independent Study Catalog, 1995 structured course listing.",78,medium,text catalog parser,Postsecondary,need-education-postsecondary,80,,Consumer law,1995,US Department of Agriculture Graduate School,high,235,need-education,84,Education / Postsecondary / History / Geography / Government / Law,15,pg-service-college-history-geography-government-law-page-009,235,Consumer law,item-course-005534,,"Verify the current institution, equivalent course, delivery method, tuition and accreditation.",COURSE-005534,service,Historical education service listing — current availability requires verification,historical_education_service,12,Historical availability uncertainty,Provisional heuristic; recalculate from User Profile and current service evidence.,The Independent Study Catalog 1995.pdf,English,,235,The Independent Study Catalog,SRC-EDU-ISC-1995,,US Department of Agriculture Graduate School,Institution: US Department of Agriculture Graduate School; level: College; department: Paralegal Studies; credit: 3S; division: L,42,Consumer law,,pg-service-college-history-geography-government-law,"['human-consumer', 'human-needs', 'need-education', 'need-education-postsecondary', 'pg-service-college-history-geography-government-law', 'pg-service-college-history-geography-government-law-page-009', 'item-course-005534']",
True,Historical 1995 service catalog; contact institution or successor to verify.,1995,College — History / Geography / Government / Law,pg-service-college-history-geography-government-law,Paralegal Studies,,College independent-study course in Paralegal Studies. Credit: 2S.,English,,"The Independent Study Catalog, 1995 structured course listing.",78,medium,text catalog parser,Postsecondary,need-education-postsecondary,76,,Criminal law,1995,US Department of Agriculture Graduate School,high,135,need-education,84,Education / Postsecondary / History / Geography / Government / Law,15,pg-service-college-history-geography-government-law-page-009,135,Criminal law,item-course-005535,,"Verify the current institution, equivalent course, delivery method, tuition and accreditation.",COURSE-005535,service,Historical education service listing — current availability requires verification,historical_education_service,12,Historical availability uncertainty,Provisional heuristic; recalculate from User Profile and current service evidence.,The Independent Study Catalog 1995.pdf,English,,135,The Independent Study Catalog,SRC-EDU-ISC-1995,,US Department of Agriculture Graduate School,Institution: US Department of Agriculture Graduate School; level: College; department: Paralegal Studies; credit: 2S; division: L,42,Criminal law,,pg-service-college-history-geography-government-law,"['human-consumer', 'human-needs', 'need-education', 'need-education-postsecondary', 'pg-service-college-history-geography-government-law', 'pg-service-college-history-geography-government-law-page-009', 'item-course-005535']",
True,Historical 1995 service catalog; contact institution or successor to verify.,1995,College — History / Geography / Government / Law,pg-service-college-history-geography-government-law,Paralegal Studies,,College independent-study course in Paralegal Studies. Credit: 3S.,English,,"The Independent Study Catalog, 1995 structured course listing.",78,medium,text catalog parser,Postsecondary,need-education-postsecondary,77,,Family law,1995,US Department of Agriculture Graduate School,high,150,need-education,84,Education / Postsecondary / History / Geography / Government / Law,15,pg-service-college-history-geography-government-law-page-009,150,Family law,item-course-005536,,"Verify the current institution, equivalent course, delivery method, tuition and accreditation.",COURSE-005536,service,Historical education service listing — current availability requires verification,historical_education_service,12,Historical availability uncertainty,Provisional heuristic; recalculate from User Profile and current service evidence.,The Independent Study Catalog 1995.pdf,English,,150,The Independent Study Catalog,SRC-EDU-ISC-1995,,US Department of Agriculture Graduate School,Institution: US Department of Agriculture Graduate School; level: College; department: Paralegal Studies; credit: 3S; division: L,42,Family law,,pg-service-college-history-geography-government-law,"['human-consumer', 'human-needs', 'need-education', 'need-education-postsecondary', 'pg-service-college-history-geography-government-law', 'pg-service-college-history-geography-government-law-page-009', 'item-course-005536']",
True,Historical 1995 service catalog; contact institution or successor to verify.,1995,College — Health / Nursing / Emergency Services,pg-service-college-health-nursing-emergency-services,Paralegal Studies,,College independent-study course in Paralegal Studies. Credit: 2S.,English,,"The Independent Study Catalog, 1995 structured course listing.",78,medium,text catalog parser,Postsecondary,need-education-postsecondary,71,,Financing long-term health care,1995,US Department of Agriculture Graduate School,high,325,need-education,84,Education / Postsecondary / Health / Nursing / Emergency Services,15,pg-service-college-health-nursing-emergency-services-page-004,325,Financing long-term health care,item-course-005537,,"Verify the current institution, equivalent course, delivery method, tuition and accreditation.",COURSE-005537,service,Historical education service listing — current availability requires verification,historical_education_service,12,Historical availability uncertainty,Provisional heuristic; recalculate from User Profile and current service evidence.,The Independent Study Catalog 1995.pdf,English,,325,The Independent Study Catalog,SRC-EDU-ISC-1995,,US Department of Agriculture Graduate School,Institution: US Department of Agriculture Graduate School; level: College; department: Paralegal Studies; credit: 2S; division: L,42,Financing long-term health care,,pg-service-college-health-nursing-emergency-services,"['human-consumer', 'human-needs', 'need-education', 'need-education-postsecondary', 'pg-service-college-health-nursing-emergency-services', 'pg-service-college-health-nursing-emergency-services-page-004', 'item-course-005537']",
True,Historical 1995 service catalog; contact institution or successor to verify.,1995,College — History / Geography / Government / Law,pg-service-college-history-geography-government-law,Paralegal Studies,,College independent-study course in Paralegal Studies. Credit: 3S.,English,,"The Independent Study Catalog, 1995 structured course listing.",78,medium,text catalog parser,Postsecondary,need-education-postsecondary,74,,Housing law,1995,US Department of Agriculture Graduate School,high,230,need-education,84,Education / Postsecondary / History / Geography / Government / Law,15,pg-service-college-history-geography-government-law-page-010,230,Housing law,item-course-005538,,"Verify the current institution, equivalent course, delivery method, tuition and accreditation.",COURSE-005538,service,Historical education service listing — current availability requires verification,historical_education_service,12,Historical availability uncertainty,Provisional heuristic; recalculate from User Profile and current service evidence.,The Independent Study Catalog 1995.pdf,English,,230,The Independent Study Catalog,SRC-EDU-ISC-1995,,US Department of Agriculture Graduate School,Institution: US Department of Agriculture Graduate School; level: College; department: Paralegal Studies; credit: 3S; division: L,42,Housing law,,pg-service-college-history-geography-government-law,"['human-consumer', 'human-needs', 'need-education', 'need-education-postsecondary', 'pg-service-college-history-geography-government-law', 'pg-service-college-history-geography-government-law-page-010', 'item-course-005538']",
True,Historical 1995 service catalog; contact institution or successor to verify.,1995,College — History / Geography / Government / Law,pg-service-college-history-geography-government-law,Paralegal Studies,,College independent-study course in Paralegal Studies. Credit: 3S.,English,,"The Independent Study Catalog, 1995 structured course listing.",78,medium,text catalog parser,Postsecondary,need-education-postsecondary,77,,Introduction to elder law,1995,US Department of Agriculture Graduate School,high,115,need-education,84,Education / Postsecondary / History / Geography / Government / Law,15,pg-service-college-history-geography-government-law-page-010,115,Introduction to elder law,item-course-005539,,"Verify the current institution, equivalent course, delivery method, tuition and accreditation.",COURSE-005539,service,Historical education service listing — current availability requires verification,historical_education_service,12,Historical availability uncertainty,Provisional heuristic; recalculate from User Profile and current service evidence.,The Independent Study Catalog 1995.pdf,English,,115,The Independent Study Catalog,SRC-EDU-ISC-1995,,US Department of Agriculture Graduate School,Institution: US Department of Agriculture Graduate School; level: College; department: Paralegal Studies; credit: 3S; division: L,42,Introduction to elder law,,pg-service-college-history-geography-government-law,"['human-consumer', 'human-needs', 'need-education', 'need-education-postsecondary', 'pg-service-college-history-geography-government-law', 'pg-service-college-history-geography-government-law-page-010', 'item-course-005539']",
True,Historical 1995 service catalog; contact institution or successor to verify.,1995,College — History / Geography / Government / Law,pg-service-college-history-geography-government-law,Paralegal Studies,,College independent-study course in Paralegal Studies. Credit: 3S.,English,,"The Independent Study Catalog, 1995 structured course listing.",78,medium,text catalog parser,Postsecondary,need-education-postsecondary,69,,Legal research in elder law,1995,US Department of Agriculture Graduate School,high,215,need-education,84,Education / Postsecondary / History / Geography / Government / Law,15,pg-service-college-history-geography-government-law-page-010,215,Legal research in elder law,item-course-005540,,"Verify the current institution, equivalent course, delivery method, tuition and accreditation.",COURSE-005540,service,Historical education service listing — current availability requires verification,historical_education_service,12,Historical availability uncertainty,Provisional heuristic; recalculate from User Profile and current service evidence.,The Independent Study Catalog 1995.pdf,English,,215,The Independent Study Catalog,SRC-EDU-ISC-1995,,US Department of Agriculture Graduate School,Institution: US Department of Agriculture Graduate School; level: College; department: Paralegal Studies; credit: 3S; division: L,42,Legal research in elder law,,pg-service-college-history-geography-government-law,"['human-consumer', 'human-needs', 'need-education', 'need-education-postsecondary', 'pg-service-college-history-geography-government-law', 'pg-service-college-history-geography-government-law-page-010', 'item-course-005540']",
True,Historical 1995 service catalog; contact institution or successor to verify.,1995,College — English / Communication / Journalism,pg-service-college-english-communication-journalism,Paralegal Studies,,College independent-study course in Paralegal Studies. Credit: 3S.,English,,"The Independent Study Catalog, 1995 structured course listing.",78,medium,text catalog parser,Postsecondary,need-education-postsecondary,68,,Legal writing,1995,US Department of Agriculture Graduate School,high,220,need-education,84,Education / Postsecondary / English / Communication / Journalism,15,pg-service-college-english-communication-journalism-page-013,220,Legal writing,item-course-005541,,"Verify the current institution, equivalent course, delivery method, tuition and accreditation.",COURSE-005541,service,Historical education service listing — current availability requires verification,historical_education_service,12,Historical availability uncertainty,Provisional heuristic; recalculate from User Profile and current service evidence.,The Independent Study Catalog 1995.pdf,English,,220,The Independent Study Catalog,SRC-EDU-ISC-1995,,US Department of Agriculture Graduate School,Institution: US Department of Agriculture Graduate School; level: College; department: Paralegal Studies; credit: 3S; division: L,42,Legal writing,,pg-service-college-english-communication-journalism,"['human-consumer', 'human-needs', 'need-education', 'need-education-postsecondary', 'pg-service-college-english-communication-journalism', 'pg-service-college-english-communication-journalism-page-013', 'item-course-005541']",
True,Historical 1995 service catalog; contact institution or successor to verify.,1995,College — General / Interdisciplinary,pg-service-college-general-interdisciplinary,Paralegal Studies,,College independent-study course in Paralegal Studies. Credit: 2S.,English,,"The Independent Study Catalog, 1995 structured course listing.",78,medium,text catalog parser,Postsecondary,need-education-postsecondary,70,,Litigation,1995,US Department of Agriculture Graduate School,high,345,need-education,84,Education / Postsecondary / General / Interdisciplinary,15,pg-service-college-general-interdisciplinary-page-013,345,Litigation,item-course-005542,,"Verify the current institution, equivalent course, delivery method, tuition and accreditation.",COURSE-005542,service,Historical education service listing — current availability requires verification,historical_education_service,12,Historical availability uncertainty,Provisional heuristic; recalculate from User Profile and current service evidence.,The Independent Study Catalog 1995.pdf,English,,345,The Independent Study Catalog,SRC-EDU-ISC-1995,,US Department of Agriculture Graduate School,Institution: US Department of Agriculture Graduate School; level: College; department: Paralegal Studies; credit: 2S; division: L,42,Litigation,,pg-service-college-general-interdisciplinary,"['human-consumer', 'human-needs', 'need-education', 'need-education-postsecondary', 'pg-service-college-general-interdisciplinary', 'pg-service-college-general-interdisciplinary-page-013', 'item-course-005542']",
True,Historical 1995 service catalog; contact institution or successor to verify.,1995,College — Business / Economics / Finance,pg-service-college-business-economics-finance,Paralegal Studies,,College independent-study course in Paralegal Studies. Credit: 2S.,English,,"The Independent Study Catalog, 1995 structured course listing.",78,medium,text catalog parser,Postsecondary,need-education-postsecondary,68,,Medicare /Medigap insurance,1995,US Department of Agriculture Graduate School,high,320,need-education,84,Education / Postsecondary / Business / Economics / Finance,15,pg-service-college-business-economics-finance-page-020,320,Medicare /Medigap insurance,item-course-005543,,"Verify the current institution, equivalent course, delivery method, tuition and accreditation.",COURSE-005543,service,Historical education service listing — current availability requires verification,historical_education_service,12,Historical availability uncertainty,Provisional heuristic; recalculate from User Profile and current service evidence.,The Independent Study Catalog 1995.pdf,English,,320,The Independent Study Catalog,SRC-EDU-ISC-1995,,US Department of Agriculture Graduate School,Institution: US Department of Agriculture Graduate School; level: College; department: Paralegal Studies; credit: 2S; division: L,42,Medicare /Medigap insurance,,pg-service-college-business-economics-finance,"['human-consumer', 'human-needs', 'need-education', 'need-education-postsecondary', 'pg-service-college-business-economics-finance', 'pg-service-college-business-economics-finance-page-020', 'item-course-005543']",
True,Historical 1995 service catalog; contact institution or successor to verify.,1995,College — Health / Nursing / Emergency Services,pg-service-college-health-nursing-emergency-services,Paralegal Studies,,College independent-study course in Paralegal Studies. Credit: 3S.,English,,"The Independent Study Catalog, 1995 structured course listing.",78,medium,text catalog parser,Postsecondary,need-education-postsecondary,79,,Nursing home law,1995,US Department of Agriculture Graduate School,high,225,need-education,84,Education / Postsecondary / Health / Nursing / Emergency Services,15,pg-service-college-health-nursing-emergency-services-page-004,225,Nursing home law,item-course-005544,,"Verify the current institution, equivalent course, delivery method, tuition and accreditation.",COURSE-005544,service,Historical education service listing — current availability requires verification,historical_education_service,12,Historical availability uncertainty,Provisional heuristic; recalculate from User Profile and current service evidence.,The Independent Study Catalog 1995.pdf,English,,225,The Independent Study Catalog,SRC-EDU-ISC-1995,,US Department of Agriculture Graduate School,Institution: US Department of Agriculture Graduate School; level: College; department: Paralegal Studies; credit: 3S; division: L,42,Nursing home law,,pg-service-college-health-nursing-emergency-services,"['human-consumer', 'human-needs', 'need-education', 'need-education-postsecondary', 'pg-service-college-health-nursing-emergency-services', 'pg-service-college-health-nursing-emergency-services-page-004', 'item-course-005544']",
True,Historical 1995 service catalog; contact institution or successor to verify.,1995,College — History / Geography / Government / Law,pg-service-college-history-geography-government-law,Paralegal Studies,,College independent-study course in Paralegal Studies. Credit: 3S.,English,,"The Independent Study Catalog, 1995 structured course listing.",78,medium,text catalog parser,Postsecondary,need-education-postsecondary,76,,Pensions and employment law,1995,US Department of Agriculture Graduate School,high,330,need-education,84,Education / Postsecondary / History / Geography / Government / Law,15,pg-service-college-history-geography-government-law-page-010,330,Pensions and employment law,item-course-005545,,"Verify the current institution, equivalent course, delivery method, tuition and accreditation.",COURSE-005545,service,Historical education service listing — current availability requires verification,historical_education_service,12,Historical availability uncertainty,Provisional heuristic; recalculate from User Profile and current service evidence.,The Independent Study Catalog 1995.pdf,English,,330,The Independent Study Catalog,SRC-EDU-ISC-1995,,US Department of Agriculture Graduate School,Institution: US Department of Agriculture Graduate School; level: College; department: Paralegal Studies; credit: 3S; division: L,42,Pensions and employment law,,pg-service-college-history-geography-government-law,"['human-consumer', 'human-needs', 'need-education', 'need-education-postsecondary', 'pg-service-college-history-geography-government-law', 'pg-service-college-history-geography-government-law-page-010', 'item-course-005545']",
True,Historical 1995 service catalog; contact institution or successor to verify.,1995,College — History / Geography / Government / Law,pg-service-college-history-geography-government-law,Paralegal Studies,,College independent-study course in Paralegal Studies. Credit: 2S.,English,,"The Independent Study Catalog, 1995 structured course listing.",78,medium,text catalog parser,Postsecondary,need-education-postsecondary,76,,Protective services law,1995,US Department of Agriculture Graduate School,high,315,need-education,84,Education / Postsecondary / History / Geography / Government / Law,15,pg-service-college-history-geography-government-law-page-010,315,Protective services law,item-course-005546,,"Verify the current institution, equivalent course, delivery method, tuition and accreditation.",COURSE-005546,service,Historical education service listing — current availability requires verification,historical_education_service,12,Historical availability uncertainty,Provisional heuristic; recalculate from User Profile and current service evidence.,The Independent Study Catalog 1995.pdf,English,,315,The Independent Study Catalog,SRC-EDU-ISC-1995,,US Department of Agriculture Graduate School,Institution: US Department of Agriculture Graduate School; level: College; department: Paralegal Studies; credit: 2S; division: L,42,Protective services law,,pg-service-college-history-geography-government-law,"['human-consumer', 'human-needs', 'need-education', 'need-education-postsecondary', 'pg-service-college-history-geography-government-law', 'pg-service-college-history-geography-government-law-page-010', 'item-course-005546']",
True,Historical 1995 service catalog; contact institution or successor to verify.,1995,College — General / Interdisciplinary,pg-service-college-general-interdisciplinary,Paralegal Studies,,College independent-study course in Paralegal Studies. Credit: 3S.,English,,"The Independent Study Catalog, 1995 structured course listing.",78,medium,text catalog parser,Postsecondary,need-education-postsecondary,70,,Public benefits,1995,US Department of Agriculture Graduate School,high,355,need-education,84,Education / Postsecondary / General / Interdisciplinary,15,pg-service-college-general-interdisciplinary-page-013,355,Public benefits,item-course-005547,,"Verify the current institution, equivalent course, delivery method, tuition and accreditation.",COURSE-005547,service,Historical education service listing — current availability requires verification,historical_education_service,12,Historical availability uncertainty,Provisional heuristic; recalculate from User Profile and current service evidence.,The Independent Study Catalog 1995.pdf,English,,355,The Independent Study Catalog,SRC-EDU-ISC-1995,,US Department of Agriculture Graduate School,Institution: US Department of Agriculture Graduate School; level: College; department: Paralegal Studies; credit: 3S; division: L,42,Public benefits,,pg-service-college-general-interdisciplinary,"['human-consumer', 'human-needs', 'need-education', 'need-education-postsecondary', 'pg-service-college-general-interdisciplinary', 'pg-service-college-general-interdisciplinary-page-013', 'item-course-005547']",
True,Historical 1995 service catalog; contact institution or successor to verify.,1995,College — General / Interdisciplinary,pg-service-college-general-interdisciplinary,Paralegal Studies,,College independent-study course in Paralegal Studies. Credit: 3S.,English,,"The Independent Study Catalog, 1995 structured course listing.",78,medium,text catalog parser,Postsecondary,need-education-postsecondary,71,,Real estate transactions,1995,US Department of Agriculture Graduate School,high,350,need-education,84,Education / Postsecondary / General / Interdisciplinary,15,pg-service-college-general-interdisciplinary-page-013,350,Real estate transactions,item-course-005548,,"Verify the current institution, equivalent course, delivery method, tuition and accreditation.",COURSE-005548,service,Historical education service listing — current availability requires verification,historical_education_service,12,Historical availability uncertainty,Provisional heuristic; recalculate from User Profile and current service evidence.,The Independent Study Catalog 1995.pdf,English,,350,The Independent Study Catalog,SRC-EDU-ISC-1995,,US Department of Agriculture Graduate School,Institution: US Department of Agriculture Graduate School; level: College; department: Paralegal Studies; credit: 3S; division: L,42,Real estate transactions,,pg-service-college-general-interdisciplinary,"['human-consumer', 'human-needs', 'need-education', 'need-education-postsecondary', 'pg-service-college-general-interdisciplinary', 'pg-service-college-general-interdisciplinary-page-013', 'item-course-005548']",
True,Historical 1995 service catalog; contact institution or successor to verify.,1995,College — General / Interdisciplinary,pg-service-college-general-interdisciplinary,Social Security and Supplemental Security,,College independent-study course in Social Security and Supplemental Security. Credit: 3S.,English,,"The Independent Study Catalog, 1995 structured course listing.",78,medium,text catalog parser,Postsecondary,need-education-postsecondary,73,,income,1995,US Department of Agriculture Graduate School,high,300,need-education,84,Education / Postsecondary / General / Interdisciplinary,15,pg-service-college-general-interdisciplinary-page-013,300,income,item-course-005549,,"Verify the current institution, equivalent course, delivery method, tuition and accreditation.",COURSE-005549,service,Historical education service listing — current availability requires verification,historical_education_service,12,Historical availability uncertainty,Provisional heuristic; recalculate from User Profile and current service evidence.,The Independent Study Catalog 1995.pdf,English,,300,The Independent Study Catalog,SRC-EDU-ISC-1995,,US Department of Agriculture Graduate School,Institution: US Department of Agriculture Graduate School; level: College; department: Social Security and Supplemental Security; credit: 3S; division: L,42,income,,pg-service-college-general-interdisciplinary,"['human-consumer', 'human-needs', 'need-education', 'need-education-postsecondary', 'pg-service-college-general-interdisciplinary', 'pg-service-college-general-interdisciplinary-page-013', 'item-course-005549']",
True,Historical 1995 service catalog; contact institution or successor to verify.,1995,College — General / Interdisciplinary,pg-service-college-general-interdisciplinary,General / Interdisciplinary,,College independent-study course in General / Interdisciplinary. Credit: 2S.,English,,"The Independent Study Catalog, 1995 structured course listing.",78,medium,text catalog parser,Postsecondary,need-education-postsecondary,72,,Privacy Act,1995,US Department of Agriculture Graduate School,high,335,need-education,84,Education / Postsecondary / General / Interdisciplinary,15,pg-service-college-general-interdisciplinary-page-013,335,Privacy Act,item-course-005550,,"Verify the current institution, equivalent course, delivery method, tuition and accreditation.",COURSE-005550,service,Historical education service listing — current availability requires verification,historical_education_service,12,Historical availability uncertainty,Provisional heuristic; recalculate from User Profile and current service evidence.,The Independent Study Catalog 1995.pdf,English,,335,The Independent Study Catalog,SRC-EDU-ISC-1995,,US Department of Agriculture Graduate School,Institution: US Department of Agriculture Graduate School; level: College; department: General / Interdisciplinary; credit: 2S; division: L,42,Privacy Act,,pg-service-college-general-interdisciplinary,"['human-consumer', 'human-needs', 'need-education', 'need-education-postsecondary', 'pg-service-college-general-interdisciplinary', 'pg-service-college-general-interdisciplinary-page-013', 'item-course-005550']",
True,Historical 1995 service catalog; contact institution or successor to verify.,1995,College — General / Interdisciplinary,pg-service-college-general-interdisciplinary,General / Interdisciplinary,,College independent-study course in General / Interdisciplinary. Credit: 3S.,English,,"The Independent Study Catalog, 1995 structured course listing.",78,medium,text catalog parser,Postsecondary,need-education-postsecondary,76,,Torts,1995,US Department of Agriculture Graduate School,high,240,need-education,84,Education / Postsecondary / General / Interdisciplinary,15,pg-service-college-general-interdisciplinary-page-013,240,Torts,item-course-005551,,"Verify the current institution, equivalent course, delivery method, tuition and accreditation.",COURSE-005551,service,Historical education service listing — current availability requires verification,historical_education_service,12,Historical availability uncertainty,Provisional heuristic; recalculate from User Profile and current service evidence.,The Independent Study Catalog 1995.pdf,English,,240,The Independent Study Catalog,SRC-EDU-ISC-1995,,US Department of Agriculture Graduate School,Institution: US Department of Agriculture Graduate School; level: College; department: General / Interdisciplinary; credit: 3S; division: L,42,Torts,,pg-service-college-general-interdisciplinary,"['human-consumer', 'human-needs', 'need-education', 'need-education-postsecondary', 'pg-service-college-general-interdisciplinary', 'pg-service-college-general-interdisciplinary-page-013', 'item-course-005551']",
True,Historical 1995 service catalog; contact institution or successor to verify.,1995,College — Science / Environment,pg-service-college-science-environment,Physics,,College independent-study course in Physics. Credit: 3S.,English,,"The Independent Study Catalog, 1995 structured course listing.",78,medium,text catalog parser,Postsecondary,need-education-postsecondary,79,,General physics,1995,US Department of Agriculture Graduate School,high,I 201,need-education,84,Education / Postsecondary / Science / Environment,15,pg-service-college-science-environment-page-011,I 201,General physics,item-course-005552,,"Verify the current institution, equivalent course, delivery method, tuition and accreditation.",COURSE-005552,service,Historical education service listing — current availability requires verification,historical_education_service,12,Historical availability uncertainty,Provisional heuristic; recalculate from User Profile and current service evidence.,The Independent Study Catalog 1995.pdf,English,,I 201,The Independent Study Catalog,SRC-EDU-ISC-1995,,US Department of Agriculture Graduate School,Institution: US Department of Agriculture Graduate School; level: College; department: Physics; credit: 3S; division: U,42,General physics,,pg-service-college-science-environment,"['human-consumer', 'human-needs', 'need-education', 'need-education-postsecondary', 'pg-service-college-science-environment', 'pg-service-college-science-environment-page-011', 'item-course-005552']",
True,Historical 1995 service catalog; contact institution or successor to verify.,1995,College — Science / Environment,pg-service-college-science-environment,Physics,,College independent-study course in Physics. Credit: 3S.,English,,"The Independent Study Catalog, 1995 structured course listing.",78,medium,text catalog parser,Postsecondary,need-education-postsecondary,70,,General physics,1995,US Department of Agriculture Graduate School,high,II 202,need-education,84,Education / Postsecondary / Science / Environment,15,pg-service-college-science-environment-page-011,II 202,General physics,item-course-005553,,"Verify the current institution, equivalent course, delivery method, tuition and accreditation.",COURSE-005553,service,Historical education service listing — current availability requires verification,historical_education_service,12,Historical availability uncertainty,Provisional heuristic; recalculate from User Profile and current service evidence.,The Independent Study Catalog 1995.pdf,English,,II 202,The Independent Study Catalog,SRC-EDU-ISC-1995,,US Department of Agriculture Graduate School,Institution: US Department of Agriculture Graduate School; level: College; department: Physics; credit: 3S; division: U,42,General physics,,pg-service-college-science-environment,"['human-consumer', 'human-needs', 'need-education', 'need-education-postsecondary', 'pg-service-college-science-environment', 'pg-service-college-science-environment-page-011', 'item-course-005553']",
True,Historical 1995 service catalog; contact institution or successor to verify.,1995,College — Mathematics / Statistics,pg-service-college-mathematics-statistics,Statistics,,College independent-study course in Statistics. Credit: 3S.,English,,"The Independent Study Catalog, 1995 structured course listing.",78,medium,text catalog parser,Postsecondary,need-education-postsecondary,78,,Advanced agricultural statistics,1995,US Department of Agriculture Graduate School,high,401,need-education,84,Education / Postsecondary / Mathematics / Statistics,15,pg-service-college-mathematics-statistics-page-005,401,Advanced agricultural statistics,item-course-005554,,"Verify the current institution, equivalent course, delivery method, tuition and accreditation.",COURSE-005554,service,Historical education service listing — current availability requires verification,historical_education_service,12,Historical availability uncertainty,Provisional heuristic; recalculate from User Profile and current service evidence.,The Independent Study Catalog 1995.pdf,English,,401,The Independent Study Catalog,SRC-EDU-ISC-1995,,US Department of Agriculture Graduate School,Institution: US Department of Agriculture Graduate School; level: College; department: Statistics; credit: 3S; division: U,42,Advanced agricultural statistics,,pg-service-college-mathematics-statistics,"['human-consumer', 'human-needs', 'need-education', 'need-education-postsecondary', 'pg-service-college-mathematics-statistics', 'pg-service-college-mathematics-statistics-page-005', 'item-course-005554']",
True,Historical 1995 service catalog; contact institution or successor to verify.,1995,College — Mathematics / Statistics,pg-service-college-mathematics-statistics,Statistics,,College independent-study course in Statistics. Credit: 3S.,English,,"The Independent Study Catalog, 1995 structured course listing.",78,medium,text catalog parser,Postsecondary,need-education-postsecondary,69,,Elements of statistics,1995,US Department of Agriculture Graduate School,high,350,need-education,84,Education / Postsecondary / Mathematics / Statistics,15,pg-service-college-mathematics-statistics-page-005,350,Elements of statistics,item-course-005555,,"Verify the current institution, equivalent course, delivery method, tuition and accreditation.",COURSE-005555,service,Historical education service listing — current availability requires verification,historical_education_service,12,Historical availability uncertainty,Provisional heuristic; recalculate from User Profile and current service evidence.,The Independent Study Catalog 1995.pdf,English,,350,The Independent Study Catalog,SRC-EDU-ISC-1995,,US Department of Agriculture Graduate School,Institution: US Department of Agriculture Graduate School; level: College; department: Statistics; credit: 3S; division: U,42,Elements of statistics,,pg-service-college-mathematics-statistics,"['human-consumer', 'human-needs', 'need-education', 'need-education-postsecondary', 'pg-service-college-mathematics-statistics', 'pg-service-college-mathematics-statistics-page-005', 'item-course-005555']",
True,Historical 1995 service catalog; contact institution or successor to verify.,1995,Graduate — Science / Environment,pg-service-graduate-science-environment,Library Sciences,,Graduate independent-study course in Library Sciences. Credit: 3S.,English,,"The Independent Study Catalog, 1995 structured course listing.",78,medium,text catalog parser,Postsecondary,need-education-postsecondary,71,,Use of archives and manuscripts,1995,US Department of Agriculture Graduate School,high,511,need-education,84,Education / Postsecondary / Science / Environment,15,pg-service-graduate-science-environment-page-001,511,Use of archives and manuscripts,item-course-005556,,"Verify the current institution, equivalent course, delivery method, tuition and accreditation.",COURSE-005556,service,Historical education service listing — current availability requires verification,historical_education_service,12,Historical availability uncertainty,Provisional heuristic; recalculate from User Profile and current service evidence.,The Independent Study Catalog 1995.pdf,English,,511,The Independent Study Catalog,SRC-EDU-ISC-1995,,US Department of Agriculture Graduate School,Institution: US Department of Agriculture Graduate School; level: Graduate; department: Library Sciences; credit: 3S; division: ,42,Use of archives and manuscripts,,pg-service-graduate-science-environment,"['human-consumer', 'human-needs', 'need-education', 'need-education-postsecondary', 'pg-service-graduate-science-environment', 'pg-service-graduate-science-environment-page-001', 'item-course-005556']",
True,Historical 1995 service catalog; contact institution or successor to verify.,1995,Graduate — Mathematics / Statistics,pg-service-graduate-mathematics-statistics,Statistics,,Graduate independent-study course in Statistics. Credit: 4S.,English,,"The Independent Study Catalog, 1995 structured course listing.",78,medium,text catalog parser,Postsecondary,need-education-postsecondary,70,,Sample survey methods,1995,US Department of Agriculture Graduate School,high,501,need-education,84,Education / Postsecondary / Mathematics / Statistics,15,pg-service-graduate-mathematics-statistics-page-001,501,Sample survey methods,item-course-005557,,"Verify the current institution, equivalent course, delivery method, tuition and accreditation.",COURSE-005557,service,Historical education service listing — current availability requires verification,historical_education_service,12,Historical availability uncertainty,Provisional heuristic; recalculate from User Profile and current service evidence.,The Independent Study Catalog 1995.pdf,English,,501,The Independent Study Catalog,SRC-EDU-ISC-1995,,US Department of Agriculture Graduate School,Institution: US Department of Agriculture Graduate School; level: Graduate; department: Statistics; credit: 4S; division: ,42,Sample survey methods,,pg-service-graduate-mathematics-statistics,"['human-consumer', 'human-needs', 'need-education', 'need-education-postsecondary', 'pg-service-graduate-mathematics-statistics', 'pg-service-graduate-mathematics-statistics-page-001', 'item-course-005557']",
True,Historical 1995 service catalog; contact institution or successor to verify.,1995,Noncredit — English / Communication / Journalism,pg-service-noncredit-english-communication-journalism,English,,Noncredit independent-study course in English. Credit: NC.,English,,"The Independent Study Catalog, 1995 structured course listing.",78,medium,text catalog parser,Skills Training,need-education-skills-training,78,,Clarifying words that confuse,1995,US Department of Agriculture Graduate School,high,034,need-education,84,Education / Skills Training / English / Communication / Journalism,15,pg-service-noncredit-english-communication-journalism-page-001,034,Clarifying words that confuse,item-course-005558,,"Verify the current institution, equivalent course, delivery method, tuition and accreditation.",COURSE-005558,service,Historical education service listing — current availability requires verification,historical_education_service,12,Historical availability uncertainty,Provisional heuristic; recalculate from User Profile and current service evidence.,The Independent Study Catalog 1995.pdf,English,,034,The Independent Study Catalog,SRC-EDU-ISC-1995,,US Department of Agriculture Graduate School,Institution: US Department of Agriculture Graduate School; level: Noncredit; department: English; credit: NC; division: ,42,Clarifying words that confuse,,pg-service-noncredit-english-communication-journalism,"['human-consumer', 'human-needs', 'need-education', 'need-education-skills-training', 'pg-service-noncredit-english-communication-journalism', 'pg-service-noncredit-english-communication-journalism-page-001', 'item-course-005558']",
True,Historical 1995 service catalog; contact institution or successor to verify.,1995,Noncredit — English / Communication / Journalism,pg-service-noncredit-english-communication-journalism,English,,Noncredit independent-study course in English. Credit: NC.,English,,"The Independent Study Catalog, 1995 structured course listing.",78,medium,text catalog parser,Skills Training,need-education-skills-training,70,,Expansion of vocabulary,1995,US Department of Agriculture Graduate School,high,036,need-education,84,Education / Skills Training / English / Communication / Journalism,15,pg-service-noncredit-english-communication-journalism-page-001,036,Expansion of vocabulary,item-course-005559,,"Verify the current institution, equivalent course, delivery method, tuition and accreditation.",COURSE-005559,service,Historical education service listing — current availability requires verification,historical_education_service,12,Historical availability uncertainty,Provisional heuristic; recalculate from User Profile and current service evidence.,The Independent Study Catalog 1995.pdf,English,,036,The Independent Study Catalog,SRC-EDU-ISC-1995,,US Department of Agriculture Graduate School,Institution: US Department of Agriculture Graduate School; level: Noncredit; department: English; credit: NC; division: ,42,Expansion of vocabulary,,pg-service-noncredit-english-communication-journalism,"['human-consumer', 'human-needs', 'need-education', 'need-education-skills-training', 'pg-service-noncredit-english-communication-journalism', 'pg-service-noncredit-english-communication-journalism-page-001', 'item-course-005559']",
True,Historical 1995 service catalog; contact institution or successor to verify.,1995,Noncredit — English / Communication / Journalism,pg-service-noncredit-english-communication-journalism,English,,Noncredit independent-study course in English. Credit: NC.,English,,"The Independent Study Catalog, 1995 structured course listing.",78,medium,text catalog parser,Skills Training,need-education-skills-training,73,,Writing sentences /paragraphs,1995,US Department of Agriculture Graduate School,high,040,need-education,84,Education / Skills Training / English / Communication / Journalism,15,pg-service-noncredit-english-communication-journalism-page-001,040,Writing sentences /paragraphs,item-course-005560,,"Verify the current institution, equivalent course, delivery method, tuition and accreditation.",COURSE-005560,service,Historical education service listing — current availability requires verification,historical_education_service,12,Historical availability uncertainty,Provisional heuristic; recalculate from User Profile and current service evidence.,The Independent Study Catalog 1995.pdf,English,,040,The Independent Study Catalog,SRC-EDU-ISC-1995,,US Department of Agriculture Graduate School,Institution: US Department of Agriculture Graduate School; level: Noncredit; department: English; credit: NC; division: ,42,Writing sentences /paragraphs,,pg-service-noncredit-english-communication-journalism,"['human-consumer', 'human-needs', 'need-education', 'need-education-skills-training', 'pg-service-noncredit-english-communication-journalism', 'pg-service-noncredit-english-communication-journalism-page-001', 'item-course-005560']",
True,Historical 1995 service catalog; contact institution or successor to verify.,1995,College — Business / Economics / Finance,pg-service-college-business-economics-finance,Accounting,,College independent-study course in Accounting. Credit: 4Q.,English,,"The Independent Study Catalog, 1995 structured course listing.",78,medium,text catalog parser,Postsecondary,need-education-postsecondary,75,,Cost accounting,1995,Utah State University,high,I 331,need-education,84,Education / Postsecondary / Business / Economics / Finance,15,pg-service-college-business-economics-finance-page-021,I 331,Cost accounting,item-course-005561,,"Verify the current institution, equivalent course, delivery method, tuition and accreditation.",COURSE-005561,service,Historical education service listing — current availability requires verification,historical_education_service,12,Historical availability uncertainty,Provisional heuristic; recalculate from User Profile and current service evidence.,The Independent Study Catalog 1995.pdf,English,,I 331,The Independent Study Catalog,SRC-EDU-ISC-1995,,Utah State University,Institution: Utah State University; level: College; department: Accounting; credit: 4Q; division: U,42,Cost accounting,,pg-service-college-business-economics-finance,"['human-consumer', 'human-needs', 'need-education', 'need-education-postsecondary', 'pg-service-college-business-economics-finance', 'pg-service-college-business-economics-finance-page-021', 'item-course-005561']",
True,Historical 1995 service catalog; contact institution or successor to verify.,1995,College — Education / Teaching,pg-service-college-education-teaching,Agricultural Education,,College independent-study course in Agricultural Education. Credit: 3Q.,English,,"The Independent Study Catalog, 1995 structured course listing.",78,medium,text catalog parser,Postsecondary,need-education-postsecondary,70,,Foundations of adult education,1995,Utah State University,high,530,need-education,84,Education / Postsecondary / Education / Teaching,15,pg-service-college-education-teaching-page-004,530,Foundations of adult education,item-course-005562,,"Verify the current institution, equivalent course, delivery method, tuition and accreditation.",COURSE-005562,service,Historical education service listing — current availability requires verification,historical_education_service,12,Historical availability uncertainty,Provisional heuristic; recalculate from User Profile and current service evidence.,The Independent Study Catalog 1995.pdf,English,,530,The Independent Study Catalog,SRC-EDU-ISC-1995,,Utah State University,Institution: Utah State University; level: College; department: Agricultural Education; credit: 3Q; division: U,42,Foundations of adult education,,pg-service-college-education-teaching,"['human-consumer', 'human-needs', 'need-education', 'need-education-postsecondary', 'pg-service-college-education-teaching', 'pg-service-college-education-teaching-page-004', 'item-course-005562']",
True,Historical 1995 service catalog; contact institution or successor to verify.,1995,College — Science / Environment,pg-service-college-science-environment,Animal Sciences,,College independent-study course in Animal Sciences. Credit: 4Q.,English,,"The Independent Study Catalog, 1995 structured course listing.",78,medium,text catalog parser,Postsecondary,need-education-postsecondary,76,,Animal feeds and feeding,1995,Utah State University,high,245,need-education,84,Education / Postsecondary / Science / Environment,15,pg-service-college-science-environment-page-011,245,Animal feeds and feeding,item-course-005563,,"Verify the current institution, equivalent course, delivery method, tuition and accreditation.",COURSE-005563,service,Historical education service listing — current availability requires verification,historical_education_service,12,Historical availability uncertainty,Provisional heuristic; recalculate from User Profile and current service evidence.,The Independent Study Catalog 1995.pdf,English,,245,The Independent Study Catalog,SRC-EDU-ISC-1995,,Utah State University,Institution: Utah State University; level: College; department: Animal Sciences; credit: 4Q; division: L,42,Animal feeds and feeding,,pg-service-college-science-environment,"['human-consumer', 'human-needs', 'need-education', 'need-education-postsecondary', 'pg-service-college-science-environment', 'pg-service-college-science-environment-page-011', 'item-course-005563']",
True,Historical 1995 service catalog; contact institution or successor to verify.,1995,College — Science / Environment,pg-service-college-science-environment,Animal Sciences,,College independent-study course in Animal Sciences. Credit: 3Q.,English,,"The Independent Study Catalog, 1995 structured course listing.",78,medium,text catalog parser,Postsecondary,need-education-postsecondary,71,,Horse production practice,1995,Utah State University,high,219,need-education,84,Education / Postsecondary / Science / Environment,15,pg-service-college-science-environment-page-011,219,Horse production practice,item-course-005564,,"Verify the current institution, equivalent course, delivery method, tuition and accreditation.",COURSE-005564,service,Historical education service listing — current availability requires verification,historical_education_service,12,Historical availability uncertainty,Provisional heuristic; recalculate from User Profile and current service evidence.,The Independent Study Catalog 1995.pdf,English,,219,The Independent Study Catalog,SRC-EDU-ISC-1995,,Utah State University,Institution: Utah State University; level: College; department: Animal Sciences; credit: 3Q; division: L,42,Horse production practice,,pg-service-college-science-environment,"['human-consumer', 'human-needs', 'need-education', 'need-education-postsecondary', 'pg-service-college-science-environment', 'pg-service-college-science-environment-page-011', 'item-course-005564']",
True,Historical 1995 service catalog; contact institution or successor to verify.,1995,College — Science / Environment,pg-service-college-science-environment,Animal Sciences,,College independent-study course in Animal Sciences. Credit: 3Q.,English,,"The Independent Study Catalog, 1995 structured course listing.",78,medium,text catalog parser,Postsecondary,need-education-postsecondary,73,,Principles of animal breeding,1995,Utah State University,high,456,need-education,84,Education / Postsecondary / Science / Environment,15,pg-service-college-science-environment-page-011,456,Principles of animal breeding,item-course-005565,,"Verify the current institution, equivalent course, delivery method, tuition and accreditation.",COURSE-005565,service,Historical education service listing — current availability requires verification,historical_education_service,12,Historical availability uncertainty,Provisional heuristic; recalculate from User Profile and current service evidence.,The Independent Study Catalog 1995.pdf,English,,456,The Independent Study Catalog,SRC-EDU-ISC-1995,,Utah State University,Institution: Utah State University; level: College; department: Animal Sciences; credit: 3Q; division: U,42,Principles of animal breeding,,pg-service-college-science-environment,"['human-consumer', 'human-needs', 'need-education', 'need-education-postsecondary', 'pg-service-college-science-environment', 'pg-service-college-science-environment-page-011', 'item-course-005565']",
True,Historical 1995 service catalog; contact institution or successor to verify.,1995,College — Psychology / Sociology / Human Services,pg-service-college-psychology-sociology-human-services,Anthropology,,College independent-study course in Anthropology. Credit: 5Q.,English,,"The Independent Study Catalog, 1995 structured course listing.",78,medium,text catalog parser,Postsecondary,need-education-postsecondary,73,,Introduction to anthropology,1995,Utah State University,high,101,need-education,84,Education / Postsecondary / Psychology / Sociology / Human Services,15,pg-service-college-psychology-sociology-human-services-page-010,101,Introduction to anthropology,item-course-005566,,"Verify the current institution, equivalent course, delivery method, tuition and accreditation.",COURSE-005566,service,Historical education service listing — current availability requires verification,historical_education_service,12,Historical availability uncertainty,Provisional heuristic; recalculate from User Profile and current service evidence.,The Independent Study Catalog 1995.pdf,English,,101,The Independent Study Catalog,SRC-EDU-ISC-1995,,Utah State University,Institution: Utah State University; level: College; department: Anthropology; credit: 5Q; division: L,42,Introduction to anthropology,,pg-service-college-psychology-sociology-human-services,"['human-consumer', 'human-needs', 'need-education', 'need-education-postsecondary', 'pg-service-college-psychology-sociology-human-services', 'pg-service-college-psychology-sociology-human-services-page-010', 'item-course-005566']",
True,Historical 1995 service catalog; contact institution or successor to verify.,1995,College — Psychology / Sociology / Human Services,pg-service-college-psychology-sociology-human-services,Anthropology,,College independent-study course in Anthropology. Credit: 5Q.,English,,"The Independent Study Catalog, 1995 structured course listing.",78,medium,text catalog parser,Postsecondary,need-education-postsecondary,71,,Peoples and cultures,1995,Utah State University,high,150,need-education,84,Education / Postsecondary / Psychology / Sociology / Human Services,15,pg-service-college-psychology-sociology-human-services-page-010,150,Peoples and cultures,item-course-005567,,"Verify the current institution, equivalent course, delivery method, tuition and accreditation.",COURSE-005567,service,Historical education service listing — current availability requires verification,historical_education_service,12,Historical availability uncertainty,Provisional heuristic; recalculate from User Profile and current service evidence.,The Independent Study Catalog 1995.pdf,English,,150,The Independent Study Catalog,SRC-EDU-ISC-1995,,Utah State University,Institution: Utah State University; level: College; department: Anthropology; credit: 5Q; division: L,42,Peoples and cultures,,pg-service-college-psychology-sociology-human-services,"['human-consumer', 'human-needs', 'need-education', 'need-education-postsecondary', 'pg-service-college-psychology-sociology-human-services', 'pg-service-college-psychology-sociology-human-services-page-010', 'item-course-005567']",
True,Historical 1995 service catalog; contact institution or successor to verify.,1995,College — Arts / Music / Theatre,pg-service-college-arts-music-theatre,Art,,"College independent-study course in Art. Credit: 3Q, VI.",English,,"The Independent Study Catalog, 1995 structured course listing.",78,medium,text catalog parser,Postsecondary,need-education-postsecondary,79,,Exploring art,1995,Utah State University,high,101,need-education,84,Education / Postsecondary / Arts / Music / Theatre,15,pg-service-college-arts-music-theatre-page-003,101,Exploring art,item-course-005568,,"Verify the current institution, equivalent course, delivery method, tuition and accreditation.",COURSE-005568,service,Historical education service listing — current availability requires verification,historical_education_service,12,Historical availability uncertainty,Provisional heuristic; recalculate from User Profile and current service evidence.,The Independent Study Catalog 1995.pdf,English,,101,The Independent Study Catalog,SRC-EDU-ISC-1995,,Utah State University,"Institution: Utah State University; level: College; department: Art; credit: 3Q, VI; division: L",42,Exploring art,,pg-service-college-arts-music-theatre,"['human-consumer', 'human-needs', 'need-education', 'need-education-postsecondary', 'pg-service-college-arts-music-theatre', 'pg-service-college-arts-music-theatre-page-003', 'item-course-005568']",
True,Historical 1995 service catalog; contact institution or successor to verify.,1995,College — Science / Environment,pg-service-college-science-environment,Biology,,College independent-study course in Biology. Credit: 3Q.,English,,"The Independent Study Catalog, 1995 structured course listing.",78,medium,text catalog parser,Postsecondary,need-education-postsecondary,72,,Communicable disease control,1995,Utah State University,high,512,need-education,84,Education / Postsecondary / Science / Environment,15,pg-service-college-science-environment-page-011,512,Communicable disease control,item-course-005569,,"Verify the current institution, equivalent course, delivery method, tuition and accreditation.",COURSE-005569,service,Historical education service listing — current availability requires verification,historical_education_service,12,Historical availability uncertainty,Provisional heuristic; recalculate from User Profile and current service evidence.,The Independent Study Catalog 1995.pdf,English,,512,The Independent Study Catalog,SRC-EDU-ISC-1995,,Utah State University,Institution: Utah State University; level: College; department: Biology; credit: 3Q; division: U,42,Communicable disease control,,pg-service-college-science-environment,"['human-consumer', 'human-needs', 'need-education', 'need-education-postsecondary', 'pg-service-college-science-environment', 'pg-service-college-science-environment-page-011', 'item-course-005569']",
True,Historical 1995 service catalog; contact institution or successor to verify.,1995,College — Science / Environment,pg-service-college-science-environment,Biology,,"College independent-study course in Biology. Credit: 4Q, AC.",English,,"The Independent Study Catalog, 1995 structured course listing.",78,medium,text catalog parser,Postsecondary,need-education-postsecondary,68,,Elementary microbiology,1995,Utah State University,high,111,need-education,84,Education / Postsecondary / Science / Environment,15,pg-service-college-science-environment-page-011,111,Elementary microbiology,item-course-005570,,"Verify the current institution, equivalent course, delivery method, tuition and accreditation.",COURSE-005570,service,Historical education service listing — current availability requires verification,historical_education_service,12,Historical availability uncertainty,Provisional heuristic; recalculate from User Profile and current service evidence.,The Independent Study Catalog 1995.pdf,English,,111,The Independent Study Catalog,SRC-EDU-ISC-1995,,Utah State University,"Institution: Utah State University; level: College; department: Biology; credit: 4Q, AC; division: L",42,Elementary microbiology,,pg-service-college-science-environment,"['human-consumer', 'human-needs', 'need-education', 'need-education-postsecondary', 'pg-service-college-science-environment', 'pg-service-college-science-environment-page-011', 'item-course-005570']",
True,Historical 1995 service catalog; contact institution or successor to verify.,1995,College — Science / Environment,pg-service-college-science-environment,Biology,,College independent-study course in Biology. Credit: 3Q.,English,,"The Independent Study Catalog, 1995 structured course listing.",78,medium,text catalog parser,Postsecondary,need-education-postsecondary,70,,Fundamentals of epidemiology,1995,Utah State University,high,530,need-education,84,Education / Postsecondary / Science / Environment,15,pg-service-college-science-environment-page-011,530,Fundamentals of epidemiology,item-course-005571,,"Verify the current institution, equivalent course, delivery method, tuition and accreditation.",COURSE-005571,service,Historical education service listing — current availability requires verification,historical_education_service,12,Historical availability uncertainty,Provisional heuristic; recalculate from User Profile and current service evidence.,The Independent Study Catalog 1995.pdf,English,,530,The Independent Study Catalog,SRC-EDU-ISC-1995,,Utah State University,Institution: Utah State University; level: College; department: Biology; credit: 3Q; division: U,42,Fundamentals of epidemiology,,pg-service-college-science-environment,"['human-consumer', 'human-needs', 'need-education', 'need-education-postsecondary', 'pg-service-college-science-environment', 'pg-service-college-science-environment-page-011', 'item-course-005571']",
True,Historical 1995 service catalog; contact institution or successor to verify.,1995,College — Science / Environment,pg-service-college-science-environment,Biology,,"College independent-study course in Biology. Credit: 5Q, AC, LK.",English,,"The Independent Study Catalog, 1995 structured course listing.",78,medium,text catalog parser,Postsecondary,need-education-postsecondary,72,,Human physiology,1995,Utah State University,high,130,need-education,84,Education / Postsecondary / Science / Environment,15,pg-service-college-science-environment-page-011,130,Human physiology,item-course-005572,,"Verify the current institution, equivalent course, delivery method, tuition and accreditation.",COURSE-005572,service,Historical education service listing — current availability requires verification,historical_education_service,12,Historical availability uncertainty,Provisional heuristic; recalculate from User Profile and current service evidence.,The Independent Study Catalog 1995.pdf,English,,130,The Independent Study Catalog,SRC-EDU-ISC-1995,,Utah State University,"Institution: Utah State University; level: College; department: Biology; credit: 5Q, AC, LK; division: L",42,Human physiology,,pg-service-college-science-environment,"['human-consumer', 'human-needs', 'need-education', 'need-education-postsecondary', 'pg-service-college-science-environment', 'pg-service-college-science-environment-page-011', 'item-course-005572']",
True,Historical 1995 service catalog; contact institution or successor to verify.,1995,College — Science / Environment,pg-service-college-science-environment,Biology,,College independent-study course in Biology. Credit: 2Q.,English,,"The Independent Study Catalog, 1995 structured course listing.",78,medium,text catalog parser,Postsecondary,need-education-postsecondary,77,,Personal health,1995,Utah State University,high,115,need-education,84,Education / Postsecondary / Science / Environment,15,pg-service-college-science-environment-page-011,115,Personal health,item-course-005573,,"Verify the current institution, equivalent course, delivery method, tuition and accreditation.",COURSE-005573,service,Historical education service listing — current availability requires verification,historical_education_service,12,Historical availability uncertainty,Provisional heuristic; recalculate from User Profile and current service evidence.,The Independent Study Catalog 1995.pdf,English,,115,The Independent Study Catalog,SRC-EDU-ISC-1995,,Utah State University,Institution: Utah State University; level: College; department: Biology; credit: 2Q; division: L,42,Personal health,,pg-service-college-science-environment,"['human-consumer', 'human-needs', 'need-education', 'need-education-postsecondary', 'pg-service-college-science-environment', 'pg-service-college-science-environment-page-011', 'item-course-005573']",
True,Historical 1995 service catalog; contact institution or successor to verify.,1995,College — Science / Environment,pg-service-college-science-environment,Biology,,College independent-study course in Biology. Credit: 4Q.,English,,"The Independent Study Catalog, 1995 structured course listing.",78,medium,text catalog parser,Postsecondary,need-education-postsecondary,70,,Principles of biology,1995,Utah State University,high,100,need-education,84,Education / Postsecondary / Science / Environment,15,pg-service-college-science-environment-page-011,100,Principles of biology,item-course-005574,,"Verify the current institution, equivalent course, delivery method, tuition and accreditation.",COURSE-005574,service,Historical education service listing — current availability requires verification,historical_education_service,12,Historical availability uncertainty,Provisional heuristic; recalculate from User Profile and current service evidence.,The Independent Study Catalog 1995.pdf,English,,100,The Independent Study Catalog,SRC-EDU-ISC-1995,,Utah State University,Institution: Utah State University; level: College; department: Biology; credit: 4Q; division: L,42,Principles of biology,,pg-service-college-science-environment,"['human-consumer', 'human-needs', 'need-education', 'need-education-postsecondary', 'pg-service-college-science-environment', 'pg-service-college-science-environment-page-011', 'item-course-005574']",
True,Historical 1995 service catalog; contact institution or successor to verify.,1995,College — Business / Economics / Finance,pg-service-college-business-economics-finance,Business Administration,,College independent-study course in Business Administration. Credit: 4Q.,English,,"The Independent Study Catalog, 1995 structured course listing.",78,medium,text catalog parser,Postsecondary,need-education-postsecondary,73,,Consumer behavior,1995,Utah State University,high,451,need-education,84,Education / Postsecondary / Business / Economics / Finance,15,pg-service-college-business-economics-finance-page-021,451,Consumer behavior,item-course-005575,,"Verify the current institution, equivalent course, delivery method, tuition and accreditation.",COURSE-005575,service,Historical education service listing — current availability requires verification,historical_education_service,12,Historical availability uncertainty,Provisional heuristic; recalculate from User Profile and current service evidence.,The Independent Study Catalog 1995.pdf,English,,451,The Independent Study Catalog,SRC-EDU-ISC-1995,,Utah State University,Institution: Utah State University; level: College; department: Business Administration; credit: 4Q; division: U,42,Consumer behavior,,pg-service-college-business-economics-finance,"['human-consumer', 'human-needs', 'need-education', 'need-education-postsecondary', 'pg-service-college-business-economics-finance', 'pg-service-college-business-economics-finance-page-021', 'item-course-005575']",
True,Historical 1995 service catalog; contact institution or successor to verify.,1995,College — Business / Economics / Finance,pg-service-college-business-economics-finance,Business Administration,,College independent-study course in Business Administration. Credit: 4Q.,English,,"The Independent Study Catalog, 1995 structured course listing.",78,medium,text catalog parser,Postsecondary,need-education-postsecondary,77,,Corporate finance,1995,Utah State University,high,340,need-education,84,Education / Postsecondary / Business / Economics / Finance,15,pg-service-college-business-economics-finance-page-021,340,Corporate finance,item-course-005576,,"Verify the current institution, equivalent course, delivery method, tuition and accreditation.",COURSE-005576,service,Historical education service listing — current availability requires verification,historical_education_service,12,Historical availability uncertainty,Provisional heuristic; recalculate from User Profile and current service evidence.,The Independent Study Catalog 1995.pdf,English,,340,The Independent Study Catalog,SRC-EDU-ISC-1995,,Utah State University,Institution: Utah State University; level: College; department: Business Administration; credit: 4Q; division: U,42,Corporate finance,,pg-service-college-business-economics-finance,"['human-consumer', 'human-needs', 'need-education', 'need-education-postsecondary', 'pg-service-college-business-economics-finance', 'pg-service-college-business-economics-finance-page-021', 'item-course-005576']",
True,Historical 1995 service catalog; contact institution or successor to verify.,1995,College — Business / Economics / Finance,pg-service-college-business-economics-finance,Entrepreneur/new venture management,,College independent-study course in Entrepreneur/new venture management. Credit: 4Q.,English,,"The Independent Study Catalog, 1995 structured course listing.",78,medium,text catalog parser,Postsecondary,need-education-postsecondary,74,,Fundamentals of marketing,1995,Utah State University,high,350,need-education,84,Education / Postsecondary / Business / Economics / Finance,15,pg-service-college-business-economics-finance-page-021,350,Fundamentals of marketing,item-course-005577,,"Verify the current institution, equivalent course, delivery method, tuition and accreditation.",COURSE-005577,service,Historical education service listing — current availability requires verification,historical_education_service,12,Historical availability uncertainty,Provisional heuristic; recalculate from User Profile and current service evidence.,The Independent Study Catalog 1995.pdf,English,,350,The Independent Study Catalog,SRC-EDU-ISC-1995,,Utah State University,Institution: Utah State University; level: College; department: Entrepreneur/new venture management; credit: 4Q; division: U,42,Fundamentals of marketing,,pg-service-college-business-economics-finance,"['human-consumer', 'human-needs', 'need-education', 'need-education-postsecondary', 'pg-service-college-business-economics-finance', 'pg-service-college-business-economics-finance-page-021', 'item-course-005577']",
True,Historical 1995 service catalog; contact institution or successor to verify.,1995,College — Business / Economics / Finance,pg-service-college-business-economics-finance,Entrepreneur/new venture management,,College independent-study course in Entrepreneur/new venture management. Credit: 3Q.,English,,"The Independent Study Catalog, 1995 structured course listing.",78,medium,text catalog parser,Postsecondary,need-education-postsecondary,79,,Introduction to business,1995,Utah State University,high,135,need-education,84,Education / Postsecondary / Business / Economics / Finance,15,pg-service-college-business-economics-finance-page-021,135,Introduction to business,item-course-005578,,"Verify the current institution, equivalent course, delivery method, tuition and accreditation.",COURSE-005578,service,Historical education service listing — current availability requires verification,historical_education_service,12,Historical availability uncertainty,Provisional heuristic; recalculate from User Profile and current service evidence.,The Independent Study Catalog 1995.pdf,English,,135,The Independent Study Catalog,SRC-EDU-ISC-1995,,Utah State University,Institution: Utah State University; level: College; department: Entrepreneur/new venture management; credit: 3Q; division: L,42,Introduction to business,,pg-service-college-business-economics-finance,"['human-consumer', 'human-needs', 'need-education', 'need-education-postsecondary', 'pg-service-college-business-economics-finance', 'pg-service-college-business-economics-finance-page-021', 'item-course-005578']",
True,Historical 1995 service catalog; contact institution or successor to verify.,1995,College — Business / Economics / Finance,pg-service-college-business-economics-finance,Entrepreneur/new venture management,,College independent-study course in Entrepreneur/new venture management. Credit: 4Q.,English,,"The Independent Study Catalog, 1995 structured course listing.",78,medium,text catalog parser,Postsecondary,need-education-postsecondary,68,,Operations research,1995,Utah State University,high,308,need-education,84,Education / Postsecondary / Business / Economics / Finance,15,pg-service-college-business-economics-finance-page-021,308,Operations research,item-course-005579,,"Verify the current institution, equivalent course, delivery method, tuition and accreditation.",COURSE-005579,service,Historical education service listing — current availability requires verification,historical_education_service,12,Historical availability uncertainty,Provisional heuristic; recalculate from User Profile and current service evidence.,The Independent Study Catalog 1995.pdf,English,,308,The Independent Study Catalog,SRC-EDU-ISC-1995,,Utah State University,Institution: Utah State University; level: College; department: Entrepreneur/new venture management; credit: 4Q; division: U,42,Operations research,,pg-service-college-business-economics-finance,"['human-consumer', 'human-needs', 'need-education', 'need-education-postsecondary', 'pg-service-college-business-economics-finance', 'pg-service-college-business-economics-finance-page-021', 'item-course-005579']",
True,Historical 1995 service catalog; contact institution or successor to verify.,1995,College — Business / Economics / Finance,pg-service-college-business-economics-finance,Entrepreneur/new venture management,,College independent-study course in Entrepreneur/new venture management. Credit: 4Q.,English,,"The Independent Study Catalog, 1995 structured course listing.",78,medium,text catalog parser,Postsecondary,need-education-postsecondary,71,,Product management,1995,Utah State University,high,370,need-education,84,Education / Postsecondary / Business / Economics / Finance,15,pg-service-college-business-economics-finance-page-021,370,Product management,item-course-005580,,"Verify the current institution, equivalent course, delivery method, tuition and accreditation.",COURSE-005580,service,Historical education service listing — current availability requires verification,historical_education_service,12,Historical availability uncertainty,Provisional heuristic; recalculate from User Profile and current service evidence.,The Independent Study Catalog 1995.pdf,English,,370,The Independent Study Catalog,SRC-EDU-ISC-1995,,Utah State University,Institution: Utah State University; level: College; department: Entrepreneur/new venture management; credit: 4Q; division: U,42,Product management,,pg-service-college-business-economics-finance,"['human-consumer', 'human-needs', 'need-education', 'need-education-postsecondary', 'pg-service-college-business-economics-finance', 'pg-service-college-business-economics-finance-page-021', 'item-course-005580']",
True,Historical 1995 service catalog; contact institution or successor to verify.,1995,College — Business / Economics / Finance,pg-service-college-business-economics-finance,Entrepreneur/new venture management,,College independent-study course in Entrepreneur/new venture management. Credit: 4Q.,English,,"The Independent Study Catalog, 1995 structured course listing.",78,medium,text catalog parser,Postsecondary,need-education-postsecondary,79,,Retailing management,1995,Utah State University,high,454,need-education,84,Education / Postsecondary / Business / Economics / Finance,15,pg-service-college-business-economics-finance-page-021,454,Retailing management,item-course-005581,,"Verify the current institution, equivalent course, delivery method, tuition and accreditation.",COURSE-005581,service,Historical education service listing — current availability requires verification,historical_education_service,12,Historical availability uncertainty,Provisional heuristic; recalculate from User Profile and current service evidence.,The Independent Study Catalog 1995.pdf,English,,454,The Independent Study Catalog,SRC-EDU-ISC-1995,,Utah State University,Institution: Utah State University; level: College; department: Entrepreneur/new venture management; credit: 4Q; division: U,42,Retailing management,,pg-service-college-business-economics-finance,"['human-consumer', 'human-needs', 'need-education', 'need-education-postsecondary', 'pg-service-college-business-economics-finance', 'pg-service-college-business-economics-finance-page-021', 'item-course-005581']",
True,Historical 1995 service catalog; contact institution or successor to verify.,1995,College — Business / Economics / Finance,pg-service-college-business-economics-finance,Entrepreneur/new venture management,,College independent-study course in Entrepreneur/new venture management. Credit: 3Q.,English,,"The Independent Study Catalog, 1995 structured course listing.",78,medium,text catalog parser,Postsecondary,need-education-postsecondary,80,,Small business management,1995,Utah State University,high,235,need-education,84,Education / Postsecondary / Business / Economics / Finance,15,pg-service-college-business-economics-finance-page-021,235,Small business management,item-course-005582,,"Verify the current institution, equivalent course, delivery method, tuition and accreditation.",COURSE-005582,service,Historical education service listing — current availability requires verification,historical_education_service,12,Historical availability uncertainty,Provisional heuristic; recalculate from User Profile and current service evidence.,The Independent Study Catalog 1995.pdf,English,,235,The Independent Study Catalog,SRC-EDU-ISC-1995,,Utah State University,Institution: Utah State University; level: College; department: Entrepreneur/new venture management; credit: 3Q; division: L,42,Small business management,,pg-service-college-business-economics-finance,"['human-consumer', 'human-needs', 'need-education', 'need-education-postsecondary', 'pg-service-college-business-economics-finance', 'pg-service-college-business-economics-finance-page-021', 'item-course-005582']",
True,Historical 1995 service catalog; contact institution or successor to verify.,1995,College — Business / Economics / Finance,pg-service-college-business-economics-finance,Business Education,,College independent-study course in Business Education. Credit: 3Q.,English,,"The Independent Study Catalog, 1995 structured course listing.",78,medium,text catalog parser,Postsecondary,need-education-postsecondary,80,,Managing personal finances,1995,Utah State University,high,314,need-education,84,Education / Postsecondary / Business / Economics / Finance,15,pg-service-college-business-economics-finance-page-021,314,Managing personal finances,item-course-005583,,"Verify the current institution, equivalent course, delivery method, tuition and accreditation.",COURSE-005583,service,Historical education service listing — current availability requires verification,historical_education_service,12,Historical availability uncertainty,Provisional heuristic; recalculate from User Profile and current service evidence.,The Independent Study Catalog 1995.pdf,English,,314,The Independent Study Catalog,SRC-EDU-ISC-1995,,Utah State University,Institution: Utah State University; level: College; department: Business Education; credit: 3Q; division: U,42,Managing personal finances,,pg-service-college-business-economics-finance,"['human-consumer', 'human-needs', 'need-education', 'need-education-postsecondary', 'pg-service-college-business-economics-finance', 'pg-service-college-business-economics-finance-page-021', 'item-course-005583']",
True,Historical 1995 service catalog; contact institution or successor to verify.,1995,College — Business / Economics / Finance,pg-service-college-business-economics-finance,Business Education,,College independent-study course in Business Education. Credit: 3Q.,English,,"The Independent Study Catalog, 1995 structured course listing.",78,medium,text catalog parser,Postsecondary,need-education-postsecondary,70,,Office systems management,1995,Utah State University,high,541,need-education,84,Education / Postsecondary / Business / Economics / Finance,15,pg-service-college-business-economics-finance-page-021,541,Office systems management,item-course-005584,,"Verify the current institution, equivalent course, delivery method, tuition and accreditation.",COURSE-005584,service,Historical education service listing — current availability requires verification,historical_education_service,12,Historical availability uncertainty,Provisional heuristic; recalculate from User Profile and current service evidence.,The Independent Study Catalog 1995.pdf,English,,541,The Independent Study Catalog,SRC-EDU-ISC-1995,,Utah State University,Institution: Utah State University; level: College; department: Business Education; credit: 3Q; division: U,42,Office systems management,,pg-service-college-business-economics-finance,"['human-consumer', 'human-needs', 'need-education', 'need-education-postsecondary', 'pg-service-college-business-economics-finance', 'pg-service-college-business-economics-finance-page-021', 'item-course-005584']",
True,Historical 1995 service catalog; contact institution or successor to verify.,1995,College — Business / Economics / Finance,pg-service-college-business-economics-finance,Business Education,,College independent-study course in Business Education. Credit: VC.,English,,"The Independent Study Catalog, 1995 structured course listing.",78,medium,text catalog parser,Postsecondary,need-education-postsecondary,80,,Secretary exam review,1995,Utah State University,high,385,need-education,84,Education / Postsecondary / Business / Economics / Finance,15,pg-service-college-business-economics-finance-page-021,385,Secretary exam review,item-course-005585,,"Verify the current institution, equivalent course, delivery method, tuition and accreditation.",COURSE-005585,service,Historical education service listing — current availability requires verification,historical_education_service,12,Historical availability uncertainty,Provisional heuristic; recalculate from User Profile and current service evidence.,The Independent Study Catalog 1995.pdf,English,,385,The Independent Study Catalog,SRC-EDU-ISC-1995,,Utah State University,Institution: Utah State University; level: College; department: Business Education; credit: VC; division: U,42,Secretary exam review,,pg-service-college-business-economics-finance,"['human-consumer', 'human-needs', 'need-education', 'need-education-postsecondary', 'pg-service-college-business-economics-finance', 'pg-service-college-business-economics-finance-page-021', 'item-course-005585']",
True,Historical 1995 service catalog; contact institution or successor to verify.,1995,College — Science / Environment,pg-service-college-science-environment,Chemistry,,College independent-study course in Chemistry. Credit: 5Q.,English,,"The Independent Study Catalog, 1995 structured course listing.",78,medium,text catalog parser,Postsecondary,need-education-postsecondary,78,,Introduction to chemistry,1995,Utah State University,high,101,need-education,84,Education / Postsecondary / Science / Environment,15,pg-service-college-science-environment-page-011,101,Introduction to chemistry,item-course-005586,,"Verify the current institution, equivalent course, delivery method, tuition and accreditation.",COURSE-005586,service,Historical education service listing — current availability requires verification,historical_education_service,12,Historical availability uncertainty,Provisional heuristic; recalculate from User Profile and current service evidence.,The Independent Study Catalog 1995.pdf,English,,101,The Independent Study Catalog,SRC-EDU-ISC-1995,,Utah State University,Institution: Utah State University; level: College; department: Chemistry; credit: 5Q; division: L,42,Introduction to chemistry,,pg-service-college-science-environment,"['human-consumer', 'human-needs', 'need-education', 'need-education-postsecondary', 'pg-service-college-science-environment', 'pg-service-college-science-environment-page-011', 'item-course-005586']",
True,Historical 1995 service catalog; contact institution or successor to verify.,1995,College — Psychology / Sociology / Human Services,pg-service-college-psychology-sociology-human-services,Child and Family Studies,,College independent-study course in Child and Family Studies. Credit: 3Q.,English,,"The Independent Study Catalog, 1995 structured course listing.",78,medium,text catalog parser,Postsecondary,need-education-postsecondary,79,,Guidance of children,1995,Utah State University,high,260,need-education,84,Education / Postsecondary / Psychology / Sociology / Human Services,15,pg-service-college-psychology-sociology-human-services-page-010,260,Guidance of children,item-course-005587,,"Verify the current institution, equivalent course, delivery method, tuition and accreditation.",COURSE-005587,service,Historical education service listing — current availability requires verification,historical_education_service,12,Historical availability uncertainty,Provisional heuristic; recalculate from User Profile and current service evidence.,The Independent Study Catalog 1995.pdf,English,,260,The Independent Study Catalog,SRC-EDU-ISC-1995,,Utah State University,Institution: Utah State University; level: College; department: Child and Family Studies; credit: 3Q; division: L,42,Guidance of children,,pg-service-college-psychology-sociology-human-services,"['human-consumer', 'human-needs', 'need-education', 'need-education-postsecondary', 'pg-service-college-psychology-sociology-human-services', 'pg-service-college-psychology-sociology-human-services-page-010', 'item-course-005587']",
True,Historical 1995 service catalog; contact institution or successor to verify.,1995,College — Computing / Engineering / Technology,pg-service-college-computing-engineering-technology,Civil and Environmental Engineering,,College independent-study course in Civil and Environmental Engineering. Credit: 4Q.,English,,"The Independent Study Catalog, 1995 structured course listing.",78,medium,text catalog parser,Postsecondary,need-education-postsecondary,76,,Applied hydraulics,1995,Utah State University,high,550,need-education,84,Education / Postsecondary / Computing / Engineering / Technology,15,pg-service-college-computing-engineering-technology-page-004,550,Applied hydraulics,item-course-005588,,"Verify the current institution, equivalent course, delivery method, tuition and accreditation.",COURSE-005588,service,Historical education service listing — current availability requires verification,historical_education_service,12,Historical availability uncertainty,Provisional heuristic; recalculate from User Profile and current service evidence.,The Independent Study Catalog 1995.pdf,English,,550,The Independent Study Catalog,SRC-EDU-ISC-1995,,Utah State University,Institution: Utah State University; level: College; department: Civil and Environmental Engineering; credit: 4Q; division: U,42,Applied hydraulics,,pg-service-college-computing-engineering-technology,"['human-consumer', 'human-needs', 'need-education', 'need-education-postsecondary', 'pg-service-college-computing-engineering-technology', 'pg-service-college-computing-engineering-technology-page-004', 'item-course-005588']",
True,Historical 1995 service catalog; contact institution or successor to verify.,1995,College — Computing / Engineering / Technology,pg-service-college-computing-engineering-technology,Civil and Environmental Engineering,,College independent-study course in Civil and Environmental Engineering. Credit: 3Q.,English,,"The Independent Study Catalog, 1995 structured course listing.",78,medium,text catalog parser,Postsecondary,need-education-postsecondary,70,,Elementary fluid mechanics,1995,Utah State University,high,350,need-education,84,Education / Postsecondary / Computing / Engineering / Technology,15,pg-service-college-computing-engineering-technology-page-004,350,Elementary fluid mechanics,item-course-005589,,"Verify the current institution, equivalent course, delivery method, tuition and accreditation.",COURSE-005589,service,Historical education service listing — current availability requires verification,historical_education_service,12,Historical availability uncertainty,Provisional heuristic; recalculate from User Profile and current service evidence.,The Independent Study Catalog 1995.pdf,English,,350,The Independent Study Catalog,SRC-EDU-ISC-1995,,Utah State University,Institution: Utah State University; level: College; department: Civil and Environmental Engineering; credit: 3Q; division: U,42,Elementary fluid mechanics,,pg-service-college-computing-engineering-technology,"['human-consumer', 'human-needs', 'need-education', 'need-education-postsecondary', 'pg-service-college-computing-engineering-technology', 'pg-service-college-computing-engineering-technology-page-004', 'item-course-005589']",
True,Historical 1995 service catalog; contact institution or successor to verify.,1995,College — Computing / Engineering / Technology,pg-service-college-computing-engineering-technology,Civil and Environmental Engineering,,College independent-study course in Civil and Environmental Engineering. Credit: 5Q.,English,,"The Independent Study Catalog, 1995 structured course listing.",78,medium,text catalog parser,Postsecondary,need-education-postsecondary,80,,Engineering hydraulics,1995,Utah State University,high,553,need-education,84,Education / Postsecondary / Computing / Engineering / Technology,15,pg-service-college-computing-engineering-technology-page-004,553,Engineering hydraulics,item-course-005590,,"Verify the current institution, equivalent course, delivery method, tuition and accreditation.",COURSE-005590,service,Historical education service listing — current availability requires verification,historical_education_service,12,Historical availability uncertainty,Provisional heuristic; recalculate from User Profile and current service evidence.,The Independent Study Catalog 1995.pdf,English,,553,The Independent Study Catalog,SRC-EDU-ISC-1995,,Utah State University,Institution: Utah State University; level: College; department: Civil and Environmental Engineering; credit: 5Q; division: U,42,Engineering hydraulics,,pg-service-college-computing-engineering-technology,"['human-consumer', 'human-needs', 'need-education', 'need-education-postsecondary', 'pg-service-college-computing-engineering-technology', 'pg-service-college-computing-engineering-technology-page-004', 'item-course-005590']",
True,Historical 1995 service catalog; contact institution or successor to verify.,1995,College — Business / Economics / Finance,pg-service-college-business-economics-finance,Economics,,College independent-study course in Economics. Credit: 4Q.,English,,"The Independent Study Catalog, 1995 structured course listing.",78,medium,text catalog parser,Postsecondary,need-education-postsecondary,76,,Intermediate microeconomics,1995,Utah State University,high,501,need-education,84,Education / Postsecondary / Business / Economics / Finance,15,pg-service-college-business-economics-finance-page-021,501,Intermediate microeconomics,item-course-005591,,"Verify the current institution, equivalent course, delivery method, tuition and accreditation.",COURSE-005591,service,Historical education service listing — current availability requires verification,historical_education_service,12,Historical availability uncertainty,Provisional heuristic; recalculate from User Profile and current service evidence.,The Independent Study Catalog 1995.pdf,English,,501,The Independent Study Catalog,SRC-EDU-ISC-1995,,Utah State University,Institution: Utah State University; level: College; department: Economics; credit: 4Q; division: U,42,Intermediate microeconomics,,pg-service-college-business-economics-finance,"['human-consumer', 'human-needs', 'need-education', 'need-education-postsecondary', 'pg-service-college-business-economics-finance', 'pg-service-college-business-economics-finance-page-021', 'item-course-005591']",
True,Historical 1995 service catalog; contact institution or successor to verify.,1995,College — Education / Teaching,pg-service-college-education-teaching,Elementary Education,,"College independent-study course in Elementary Education. Credit: 3Q, AC.",English,,"The Independent Study Catalog, 1995 structured course listing.",78,medium,text catalog parser,Postsecondary,need-education-postsecondary,79,,Teaching reading,1995,Utah State University,high,310,need-education,84,Education / Postsecondary / Education / Teaching,15,pg-service-college-education-teaching-page-004,310,Teaching reading,item-course-005592,,"Verify the current institution, equivalent course, delivery method, tuition and accreditation.",COURSE-005592,service,Historical education service listing — current availability requires verification,historical_education_service,12,Historical availability uncertainty,Provisional heuristic; recalculate from User Profile and current service evidence.,The Independent Study Catalog 1995.pdf,English,,310,The Independent Study Catalog,SRC-EDU-ISC-1995,,Utah State University,"Institution: Utah State University; level: College; department: Elementary Education; credit: 3Q, AC; division: U",42,Teaching reading,,pg-service-college-education-teaching,"['human-consumer', 'human-needs', 'need-education', 'need-education-postsecondary', 'pg-service-college-education-teaching', 'pg-service-college-education-teaching-page-004', 'item-course-005592']",
True,Historical 1995 service catalog; contact institution or successor to verify.,1995,College — English / Communication / Journalism,pg-service-college-english-communication-journalism,English,,College independent-study course in English. Credit: 3Q.,English,,"The Independent Study Catalog, 1995 structured course listing.",78,medium,text catalog parser,Postsecondary,need-education-postsecondary,73,,Children's literature,1995,Utah State University,high,416,need-education,84,Education / Postsecondary / English / Communication / Journalism,15,pg-service-college-english-communication-journalism-page-013,416,Children's literature,item-course-005593,,"Verify the current institution, equivalent course, delivery method, tuition and accreditation.",COURSE-005593,service,Historical education service listing — current availability requires verification,historical_education_service,12,Historical availability uncertainty,Provisional heuristic; recalculate from User Profile and current service evidence.,The Independent Study Catalog 1995.pdf,English,,416,The Independent Study Catalog,SRC-EDU-ISC-1995,,Utah State University,Institution: Utah State University; level: College; department: English; credit: 3Q; division: U,42,Children's literature,,pg-service-college-english-communication-journalism,"['human-consumer', 'human-needs', 'need-education', 'need-education-postsecondary', 'pg-service-college-english-communication-journalism', 'pg-service-college-english-communication-journalism-page-013', 'item-course-005593']",
True,Historical 1995 service catalog; contact institution or successor to verify.,1995,College — English / Communication / Journalism,pg-service-college-english-communication-journalism,English,,College independent-study course in English. Credit: 3Q.,English,,"The Independent Study Catalog, 1995 structured course listing.",78,medium,text catalog parser,Postsecondary,need-education-postsecondary,69,,Elements of grammar,1995,Utah State University,high,109,need-education,84,Education / Postsecondary / English / Communication / Journalism,15,pg-service-college-english-communication-journalism-page-013,109,Elements of grammar,item-course-005594,,"Verify the current institution, equivalent course, delivery method, tuition and accreditation.",COURSE-005594,service,Historical education service listing — current availability requires verification,historical_education_service,12,Historical availability uncertainty,Provisional heuristic; recalculate from User Profile and current service evidence.,The Independent Study Catalog 1995.pdf,English,,109,The Independent Study Catalog,SRC-EDU-ISC-1995,,Utah State University,Institution: Utah State University; level: College; department: English; credit: 3Q; division: L,42,Elements of grammar,,pg-service-college-english-communication-journalism,"['human-consumer', 'human-needs', 'need-education', 'need-education-postsecondary', 'pg-service-college-english-communication-journalism', 'pg-service-college-english-communication-journalism-page-013', 'item-course-005594']",
True,Historical 1995 service catalog; contact institution or successor to verify.,1995,College — Science / Environment,pg-service-college-science-environment,Fisheries and Wildlife,,College independent-study course in Fisheries and Wildlife. Credit: 5Q.,English,,"The Independent Study Catalog, 1995 structured course listing.",78,medium,text catalog parser,Postsecondary,need-education-postsecondary,73,,General ecology,1995,Utah State University,high,284,need-education,84,Education / Postsecondary / Science / Environment,15,pg-service-college-science-environment-page-011,284,General ecology,item-course-005595,,"Verify the current institution, equivalent course, delivery method, tuition and accreditation.",COURSE-005595,service,Historical education service listing — current availability requires verification,historical_education_service,12,Historical availability uncertainty,Provisional heuristic; recalculate from User Profile and current service evidence.,The Independent Study Catalog 1995.pdf,English,,284,The Independent Study Catalog,SRC-EDU-ISC-1995,,Utah State University,Institution: Utah State University; level: College; department: Fisheries and Wildlife; credit: 5Q; division: L,42,General ecology,,pg-service-college-science-environment,"['human-consumer', 'human-needs', 'need-education', 'need-education-postsecondary', 'pg-service-college-science-environment', 'pg-service-college-science-environment-page-011', 'item-course-005595']",
True,Historical 1995 service catalog; contact institution or successor to verify.,1995,College — Science / Environment,pg-service-college-science-environment,Fisheries and Wildlife,,College independent-study course in Fisheries and Wildlife. Credit: 5Q.,English,,"The Independent Study Catalog, 1995 structured course listing.",78,medium,text catalog parser,Postsecondary,need-education-postsecondary,73,,General fishery biology,1995,Utah State University,high,350,need-education,84,Education / Postsecondary / Science / Environment,15,pg-service-college-science-environment-page-011,350,General fishery biology,item-course-005596,,"Verify the current institution, equivalent course, delivery method, tuition and accreditation.",COURSE-005596,service,Historical education service listing — current availability requires verification,historical_education_service,12,Historical availability uncertainty,Provisional heuristic; recalculate from User Profile and current service evidence.,The Independent Study Catalog 1995.pdf,English,,350,The Independent Study Catalog,SRC-EDU-ISC-1995,,Utah State University,Institution: Utah State University; level: College; department: Fisheries and Wildlife; credit: 5Q; division: U,42,General fishery biology,,pg-service-college-science-environment,"['human-consumer', 'human-needs', 'need-education', 'need-education-postsecondary', 'pg-service-college-science-environment', 'pg-service-college-science-environment-page-011', 'item-course-005596']",
True,Historical 1995 service catalog; contact institution or successor to verify.,1995,College — General / Interdisciplinary,pg-service-college-general-interdisciplinary,Fisheries and Wildlife,,College independent-study course in Fisheries and Wildlife. Credit: 4Q.,English,,"The Independent Study Catalog, 1995 structured course listing.",78,medium,text catalog parser,Postsecondary,need-education-postsecondary,72,,Oceanography,1995,Utah State University,high,260,need-education,84,Education / Postsecondary / General / Interdisciplinary,15,pg-service-college-general-interdisciplinary-page-013,260,Oceanography,item-course-005597,,"Verify the current institution, equivalent course, delivery method, tuition and accreditation.",COURSE-005597,service,Historical education service listing — current availability requires verification,historical_education_service,12,Historical availability uncertainty,Provisional heuristic; recalculate from User Profile and current service evidence.,The Independent Study Catalog 1995.pdf,English,,260,The Independent Study Catalog,SRC-EDU-ISC-1995,,Utah State University,Institution: Utah State University; level: College; department: Fisheries and Wildlife; credit: 4Q; division: L,42,Oceanography,,pg-service-college-general-interdisciplinary,"['human-consumer', 'human-needs', 'need-education', 'need-education-postsecondary', 'pg-service-college-general-interdisciplinary', 'pg-service-college-general-interdisciplinary-page-013', 'item-course-005597']",
True,Historical 1995 service catalog; contact institution or successor to verify.,1995,College — Languages,pg-service-college-languages,French,,"College independent-study course in French. Credit: 5Q, AC.",English,,"The Independent Study Catalog, 1995 structured course listing.",78,medium,text catalog parser,Postsecondary,need-education-postsecondary,74,,Elementary French,1995,Utah State University,high,101,need-education,84,Education / Postsecondary / Languages,15,pg-service-college-languages-page-007,101,Elementary French,item-course-005598,,"Verify the current institution, equivalent course, delivery method, tuition and accreditation.",COURSE-005598,service,Historical education service listing — current availability requires verification,historical_education_service,12,Historical availability uncertainty,Provisional heuristic; recalculate from User Profile and current service evidence.,The Independent Study Catalog 1995.pdf,English,,101,The Independent Study Catalog,SRC-EDU-ISC-1995,,Utah State University,"Institution: Utah State University; level: College; department: French; credit: 5Q, AC; division: L",42,Elementary French,,pg-service-college-languages,"['human-consumer', 'human-needs', 'need-education', 'need-education-postsecondary', 'pg-service-college-languages', 'pg-service-college-languages-page-007', 'item-course-005598']",
True,Historical 1995 service catalog; contact institution or successor to verify.,1995,College — Languages,pg-service-college-languages,French,,"College independent-study course in French. Credit: 5Q, AC.",English,,"The Independent Study Catalog, 1995 structured course listing.",78,medium,text catalog parser,Postsecondary,need-education-postsecondary,72,,Elementary French,1995,Utah State University,high,102,need-education,84,Education / Postsecondary / Languages,15,pg-service-college-languages-page-007,102,Elementary French,item-course-005599,,"Verify the current institution, equivalent course, delivery method, tuition and accreditation.",COURSE-005599,service,Historical education service listing — current availability requires verification,historical_education_service,12,Historical availability uncertainty,Provisional heuristic; recalculate from User Profile and current service evidence.,The Independent Study Catalog 1995.pdf,English,,102,The Independent Study Catalog,SRC-EDU-ISC-1995,,Utah State University,"Institution: Utah State University; level: College; department: French; credit: 5Q, AC; division: L",42,Elementary French,,pg-service-college-languages,"['human-consumer', 'human-needs', 'need-education', 'need-education-postsecondary', 'pg-service-college-languages', 'pg-service-college-languages-page-007', 'item-course-005599']",
True,Historical 1995 service catalog; contact institution or successor to verify.,1995,College — Languages,pg-service-college-languages,French,,"College independent-study course in French. Credit: 5Q, AC.",English,,"The Independent Study Catalog, 1995 structured course listing.",78,medium,text catalog parser,Postsecondary,need-education-postsecondary,78,,Elementary French,1995,Utah State University,high,103,need-education,84,Education / Postsecondary / Languages,15,pg-service-college-languages-page-007,103,Elementary French,item-course-005600,,"Verify the current institution, equivalent course, delivery method, tuition and accreditation.",COURSE-005600,service,Historical education service listing — current availability requires verification,historical_education_service,12,Historical availability uncertainty,Provisional heuristic; recalculate from User Profile and current service evidence.,The Independent Study Catalog 1995.pdf,English,,103,The Independent Study Catalog,SRC-EDU-ISC-1995,,Utah State University,"Institution: Utah State University; level: College; department: French; credit: 5Q, AC; division: L",42,Elementary French,,pg-service-college-languages,"['human-consumer', 'human-needs', 'need-education', 'need-education-postsecondary', 'pg-service-college-languages', 'pg-service-college-languages-page-007', 'item-course-005600']",
True,Historical 1995 service catalog; contact institution or successor to verify.,1995,College — Languages,pg-service-college-languages,French,,College independent-study course in French. Credit: 3Q.,English,,"The Independent Study Catalog, 1995 structured course listing.",78,medium,text catalog parser,Postsecondary,need-education-postsecondary,70,,Intermediate French,1995,Utah State University,high,202,need-education,84,Education / Postsecondary / Languages,15,pg-service-college-languages-page-007,202,Intermediate French,item-course-005601,,"Verify the current institution, equivalent course, delivery method, tuition and accreditation.",COURSE-005601,service,Historical education service listing — current availability requires verification,historical_education_service,12,Historical availability uncertainty,Provisional heuristic; recalculate from User Profile and current service evidence.,The Independent Study Catalog 1995.pdf,English,,202,The Independent Study Catalog,SRC-EDU-ISC-1995,,Utah State University,Institution: Utah State University; level: College; department: French; credit: 3Q; division: L,42,Intermediate French,,pg-service-college-languages,"['human-consumer', 'human-needs', 'need-education', 'need-education-postsecondary', 'pg-service-college-languages', 'pg-service-college-languages-page-007', 'item-course-005601']",
True,Historical 1995 service catalog; contact institution or successor to verify.,1995,College — Languages,pg-service-college-languages,French,,College independent-study course in French. Credit: 3Q.,English,,"The Independent Study Catalog, 1995 structured course listing.",78,medium,text catalog parser,Postsecondary,need-education-postsecondary,74,,Intermediate French,1995,Utah State University,high,230,need-education,84,Education / Postsecondary / Languages,15,pg-service-college-languages-page-007,230,Intermediate French,item-course-005602,,"Verify the current institution, equivalent course, delivery method, tuition and accreditation.",COURSE-005602,service,Historical education service listing — current availability requires verification,historical_education_service,12,Historical availability uncertainty,Provisional heuristic; recalculate from User Profile and current service evidence.,The Independent Study Catalog 1995.pdf,English,,230,The Independent Study Catalog,SRC-EDU-ISC-1995,,Utah State University,Institution: Utah State University; level: College; department: French; credit: 3Q; division: L,42,Intermediate French,,pg-service-college-languages,"['human-consumer', 'human-needs', 'need-education', 'need-education-postsecondary', 'pg-service-college-languages', 'pg-service-college-languages-page-007', 'item-course-005602']",
True,Historical 1995 service catalog; contact institution or successor to verify.,1995,College — Languages,pg-service-college-languages,French,,"College independent-study course in French. Credit: 5Q, AC.",English,,"The Independent Study Catalog, 1995 structured course listing.",78,medium,text catalog parser,Postsecondary,need-education-postsecondary,71,,Intermediate French,1995,Utah State University,high,201,need-education,84,Education / Postsecondary / Languages,15,pg-service-college-languages-page-007,201,Intermediate French,item-course-005603,,"Verify the current institution, equivalent course, delivery method, tuition and accreditation.",COURSE-005603,service,Historical education service listing — current availability requires verification,historical_education_service,12,Historical availability uncertainty,Provisional heuristic; recalculate from User Profile and current service evidence.,The Independent Study Catalog 1995.pdf,English,,201,The Independent Study Catalog,SRC-EDU-ISC-1995,,Utah State University,"Institution: Utah State University; level: College; department: French; credit: 5Q, AC; division: L",42,Intermediate French,,pg-service-college-languages,"['human-consumer', 'human-needs', 'need-education', 'need-education-postsecondary', 'pg-service-college-languages', 'pg-service-college-languages-page-007', 'item-course-005603']",
True,Historical 1995 service catalog; contact institution or successor to verify.,1995,College — History / Geography / Government / Law,pg-service-college-history-geography-government-law,Geography,,College independent-study course in Geography. Credit: 3Q.,English,,"The Independent Study Catalog, 1995 structured course listing.",78,medium,text catalog parser,Postsecondary,need-education-postsecondary,78,,Geography of Anglo- America,1995,Utah State University,high,307,need-education,84,Education / Postsecondary / History / Geography / Government / Law,15,pg-service-college-history-geography-government-law-page-010,307,Geography of Anglo- America,item-course-005604,,"Verify the current institution, equivalent course, delivery method, tuition and accreditation.",COURSE-005604,service,Historical education service listing — current availability requires verification,historical_education_service,12,Historical availability uncertainty,Provisional heuristic; recalculate from User Profile and current service evidence.,The Independent Study Catalog 1995.pdf,English,,307,The Independent Study Catalog,SRC-EDU-ISC-1995,,Utah State University,Institution: Utah State University; level: College; department: Geography; credit: 3Q; division: U,42,Geography of Anglo- America,,pg-service-college-history-geography-government-law,"['human-consumer', 'human-needs', 'need-education', 'need-education-postsecondary', 'pg-service-college-history-geography-government-law', 'pg-service-college-history-geography-government-law-page-010', 'item-course-005604']",
True,Historical 1995 service catalog; contact institution or successor to verify.,1995,College — History / Geography / Government / Law,pg-service-college-history-geography-government-law,Geography,,College independent-study course in Geography. Credit: 3Q.,English,,"The Independent Study Catalog, 1995 structured course listing.",78,medium,text catalog parser,Postsecondary,need-education-postsecondary,72,,Geography of Europe,1995,Utah State University,high,325,need-education,84,Education / Postsecondary / History / Geography / Government / Law,15,pg-service-college-history-geography-government-law-page-010,325,Geography of Europe,item-course-005605,,"Verify the current institution, equivalent course, delivery method, tuition and accreditation.",COURSE-005605,service,Historical education service listing — current availability requires verification,historical_education_service,12,Historical availability uncertainty,Provisional heuristic; recalculate from User Profile and current service evidence.,The Independent Study Catalog 1995.pdf,English,,325,The Independent Study Catalog,SRC-EDU-ISC-1995,,Utah State University,Institution: Utah State University; level: College; department: Geography; credit: 3Q; division: U,42,Geography of Europe,,pg-service-college-history-geography-government-law,"['human-consumer', 'human-needs', 'need-education', 'need-education-postsecondary', 'pg-service-college-history-geography-government-law', 'pg-service-college-history-geography-government-law-page-010', 'item-course-005605']",
True,Historical 1995 service catalog; contact institution or successor to verify.,1995,College — History / Geography / Government / Law,pg-service-college-history-geography-government-law,Geography,,College independent-study course in Geography. Credit: 5Q.,English,,"The Independent Study Catalog, 1995 structured course listing.",78,medium,text catalog parser,Postsecondary,need-education-postsecondary,78,,Physical geography,1995,Utah State University,high,113,need-education,84,Education / Postsecondary / History / Geography / Government / Law,15,pg-service-college-history-geography-government-law-page-010,113,Physical geography,item-course-005606,,"Verify the current institution, equivalent course, delivery method, tuition and accreditation.",COURSE-005606,service,Historical education service listing — current availability requires verification,historical_education_service,12,Historical availability uncertainty,Provisional heuristic; recalculate from User Profile and current service evidence.,The Independent Study Catalog 1995.pdf,English,,113,The Independent Study Catalog,SRC-EDU-ISC-1995,,Utah State University,Institution: Utah State University; level: College; department: Geography; credit: 5Q; division: L,42,Physical geography,,pg-service-college-history-geography-government-law,"['human-consumer', 'human-needs', 'need-education', 'need-education-postsecondary', 'pg-service-college-history-geography-government-law', 'pg-service-college-history-geography-government-law-page-010', 'item-course-005606']",
True,Historical 1995 service catalog; contact institution or successor to verify.,1995,College — History / Geography / Government / Law,pg-service-college-history-geography-government-law,Geography,,College independent-study course in Geography. Credit: 5Q.,English,,"The Independent Study Catalog, 1995 structured course listing.",78,medium,text catalog parser,Postsecondary,need-education-postsecondary,73,,World regional geography,1995,Utah State University,high,103,need-education,84,Education / Postsecondary / History / Geography / Government / Law,15,pg-service-college-history-geography-government-law-page-010,103,World regional geography,item-course-005607,,"Verify the current institution, equivalent course, delivery method, tuition and accreditation.",COURSE-005607,service,Historical education service listing — current availability requires verification,historical_education_service,12,Historical availability uncertainty,Provisional heuristic; recalculate from User Profile and current service evidence.,The Independent Study Catalog 1995.pdf,English,,103,The Independent Study Catalog,SRC-EDU-ISC-1995,,Utah State University,Institution: Utah State University; level: College; department: Geography; credit: 5Q; division: L,42,World regional geography,,pg-service-college-history-geography-government-law,"['human-consumer', 'human-needs', 'need-education', 'need-education-postsecondary', 'pg-service-college-history-geography-government-law', 'pg-service-college-history-geography-government-law-page-010', 'item-course-005607']",
True,Historical 1995 service catalog; contact institution or successor to verify.,1995,College — Science / Environment,pg-service-college-science-environment,Geology,,College independent-study course in Geology. Credit: 4Q.,English,,"The Independent Study Catalog, 1995 structured course listing.",78,medium,text catalog parser,Postsecondary,need-education-postsecondary,69,,1 listorical geology,1995,Utah State University,high,206,need-education,84,Education / Postsecondary / Science / Environment,15,pg-service-college-science-environment-page-011,206,1 listorical geology,item-course-005608,,"Verify the current institution, equivalent course, delivery method, tuition and accreditation.",COURSE-005608,service,Historical education service listing — current availability requires verification,historical_education_service,12,Historical availability uncertainty,Provisional heuristic; recalculate from User Profile and current service evidence.,The Independent Study Catalog 1995.pdf,English,,206,The Independent Study Catalog,SRC-EDU-ISC-1995,,Utah State University,Institution: Utah State University; level: College; department: Geology; credit: 4Q; division: L,42,1 listorical geology,,pg-service-college-science-environment,"['human-consumer', 'human-needs', 'need-education', 'need-education-postsecondary', 'pg-service-college-science-environment', 'pg-service-college-science-environment-page-011', 'item-course-005608']",
True,Historical 1995 service catalog; contact institution or successor to verify.,1995,College — Science / Environment,pg-service-college-science-environment,Geology,,"College independent-study course in Geology. Credit: 5Q, LK.",English,,"The Independent Study Catalog, 1995 structured course listing.",78,medium,text catalog parser,Postsecondary,need-education-postsecondary,76,,Introductory geology,1995,Utah State University,high,101,need-education,84,Education / Postsecondary / Science / Environment,15,pg-service-college-science-environment-page-011,101,Introductory geology,item-course-005609,,"Verify the current institution, equivalent course, delivery method, tuition and accreditation.",COURSE-005609,service,Historical education service listing — current availability requires verification,historical_education_service,12,Historical availability uncertainty,Provisional heuristic; recalculate from User Profile and current service evidence.,The Independent Study Catalog 1995.pdf,English,,101,The Independent Study Catalog,SRC-EDU-ISC-1995,,Utah State University,"Institution: Utah State University; level: College; department: Geology; credit: 5Q, LK; division: L",42,Introductory geology,,pg-service-college-science-environment,"['human-consumer', 'human-needs', 'need-education', 'need-education-postsecondary', 'pg-service-college-science-environment', 'pg-service-college-science-environment-page-011', 'item-course-005609']",
True,Historical 1995 service catalog; contact institution or successor to verify.,1995,College — Health / Nursing / Emergency Services,pg-service-college-health-nursing-emergency-services,"Health, Physical Education, and Recreation",,"College independent-study course in Health, Physical Education, and Recreation. Credit: 3Q.",English,,"The Independent Study Catalog, 1995 structured course listing.",78,medium,text catalog parser,Postsecondary,need-education-postsecondary,68,,Dynamic fitness,1995,Utah State University,high,300,need-education,84,Education / Postsecondary / Health / Nursing / Emergency Services,15,pg-service-college-health-nursing-emergency-services-page-004,300,Dynamic fitness,item-course-005610,,"Verify the current institution, equivalent course, delivery method, tuition and accreditation.",COURSE-005610,service,Historical education service listing — current availability requires verification,historical_education_service,12,Historical availability uncertainty,Provisional heuristic; recalculate from User Profile and current service evidence.,The Independent Study Catalog 1995.pdf,English,,300,The Independent Study Catalog,SRC-EDU-ISC-1995,,Utah State University,"Institution: Utah State University; level: College; department: Health, Physical Education, and Recreation; credit: 3Q; division: U",42,Dynamic fitness,,pg-service-college-health-nursing-emergency-services,"['human-consumer', 'human-needs', 'need-education', 'need-education-postsecondary', 'pg-service-college-health-nursing-emergency-services', 'pg-service-college-health-nursing-emergency-services-page-004', 'item-course-005610']",
True,Historical 1995 service catalog; contact institution or successor to verify.,1995,College — Health / Nursing / Emergency Services,pg-service-college-health-nursing-emergency-services,"Health, Physical Education, and Recreation",,"College independent-study course in Health, Physical Education, and Recreation. Credit: 3Q.",English,,"The Independent Study Catalog, 1995 structured course listing.",78,medium,text catalog parser,Postsecondary,need-education-postsecondary,79,,School health program,1995,Utah State University,high,304,need-education,84,Education / Postsecondary / Health / Nursing / Emergency Services,15,pg-service-college-health-nursing-emergency-services-page-004,304,School health program,item-course-005611,,"Verify the current institution, equivalent course, delivery method, tuition and accreditation.",COURSE-005611,service,Historical education service listing — current availability requires verification,historical_education_service,12,Historical availability uncertainty,Provisional heuristic; recalculate from User Profile and current service evidence.,The Independent Study Catalog 1995.pdf,English,,304,The Independent Study Catalog,SRC-EDU-ISC-1995,,Utah State University,"Institution: Utah State University; level: College; department: Health, Physical Education, and Recreation; credit: 3Q; division: U",42,School health program,,pg-service-college-health-nursing-emergency-services,"['human-consumer', 'human-needs', 'need-education', 'need-education-postsecondary', 'pg-service-college-health-nursing-emergency-services', 'pg-service-college-health-nursing-emergency-services-page-004', 'item-course-005611']",
True,Historical 1995 service catalog; contact institution or successor to verify.,1995,College — History / Geography / Government / Law,pg-service-college-history-geography-government-law,History,,College independent-study course in History. Credit: 5Q.,English,,"The Independent Study Catalog, 1995 structured course listing.",78,medium,text catalog parser,Postsecondary,need-education-postsecondary,68,,American civilization,1995,Utah State University,high,170,need-education,84,Education / Postsecondary / History / Geography / Government / Law,15,pg-service-college-history-geography-government-law-page-010,170,American civilization,item-course-005612,,"Verify the current institution, equivalent course, delivery method, tuition and accreditation.",COURSE-005612,service,Historical education service listing — current availability requires verification,historical_education_service,12,Historical availability uncertainty,Provisional heuristic; recalculate from User Profile and current service evidence.,The Independent Study Catalog 1995.pdf,English,,170,The Independent Study Catalog,SRC-EDU-ISC-1995,,Utah State University,Institution: Utah State University; level: College; department: History; credit: 5Q; division: L,42,American civilization,,pg-service-college-history-geography-government-law,"['human-consumer', 'human-needs', 'need-education', 'need-education-postsecondary', 'pg-service-college-history-geography-government-law', 'pg-service-college-history-geography-government-law-page-010', 'item-course-005612']",
True,Historical 1995 service catalog; contact institution or successor to verify.,1995,College — History / Geography / Government / Law,pg-service-college-history-geography-government-law,History,,College independent-study course in History. Credit: 3Q.,English,,"The Independent Study Catalog, 1995 structured course listing.",78,medium,text catalog parser,Postsecondary,need-education-postsecondary,70,,Civil War and Reconstruction,1995,Utah State University,high,438,need-education,84,Education / Postsecondary / History / Geography / Government / Law,15,pg-service-college-history-geography-government-law-page-010,438,Civil War and Reconstruction,item-course-005613,,"Verify the current institution, equivalent course, delivery method, tuition and accreditation.",COURSE-005613,service,Historical education service listing — current availability requires verification,historical_education_service,12,Historical availability uncertainty,Provisional heuristic; recalculate from User Profile and current service evidence.,The Independent Study Catalog 1995.pdf,English,,438,The Independent Study Catalog,SRC-EDU-ISC-1995,,Utah State University,Institution: Utah State University; level: College; department: History; credit: 3Q; division: U,42,Civil War and Reconstruction,,pg-service-college-history-geography-government-law,"['human-consumer', 'human-needs', 'need-education', 'need-education-postsecondary', 'pg-service-college-history-geography-government-law', 'pg-service-college-history-geography-government-law-page-010', 'item-course-005613']",
True,Historical 1995 service catalog; contact institution or successor to verify.,1995,College — History / Geography / Government / Law,pg-service-college-history-geography-government-law,History,,College independent-study course in History. Credit: 3Q.,English,,"The Independent Study Catalog, 1995 structured course listing.",78,medium,text catalog parser,Postsecondary,need-education-postsecondary,79,,Comparative civilizations: ancient and medieval,1995,Utah State University,high,101,need-education,84,Education / Postsecondary / History / Geography / Government / Law,15,pg-service-college-history-geography-government-law-page-010,101,Comparative civilizations: ancient and medieval,item-course-005614,,"Verify the current institution, equivalent course, delivery method, tuition and accreditation.",COURSE-005614,service,Historical education service listing — current availability requires verification,historical_education_service,12,Historical availability uncertainty,Provisional heuristic; recalculate from User Profile and current service evidence.,The Independent Study Catalog 1995.pdf,English,,101,The Independent Study Catalog,SRC-EDU-ISC-1995,,Utah State University,Institution: Utah State University; level: College; department: History; credit: 3Q; division: L,42,Comparative civilizations: ancient and medieval,,pg-service-college-history-geography-government-law,"['human-consumer', 'human-needs', 'need-education', 'need-education-postsecondary', 'pg-service-college-history-geography-government-law', 'pg-service-college-history-geography-government-law-page-010', 'item-course-005614']",
True,Historical 1995 service catalog; contact institution or successor to verify.,1995,College — General / Interdisciplinary,pg-service-college-general-interdisciplinary,Human Development,,College independent-study course in Human Development. Credit: VC.,English,,"The Independent Study Catalog, 1995 structured course listing.",78,medium,text catalog parser,Postsecondary,need-education-postsecondary,69,,Human development,1995,Utah State University,high,110,need-education,84,Education / Postsecondary / General / Interdisciplinary,15,pg-service-college-general-interdisciplinary-page-013,110,Human development,item-course-005615,,"Verify the current institution, equivalent course, delivery method, tuition and accreditation.",COURSE-005615,service,Historical education service listing — current availability requires verification,historical_education_service,12,Historical availability uncertainty,Provisional heuristic; recalculate from User Profile and current service evidence.,The Independent Study Catalog 1995.pdf,English,,110,The Independent Study Catalog,SRC-EDU-ISC-1995,,Utah State University,Institution: Utah State University; level: College; department: Human Development; credit: VC; division: L,42,Human development,,pg-service-college-general-interdisciplinary,"['human-consumer', 'human-needs', 'need-education', 'need-education-postsecondary', 'pg-service-college-general-interdisciplinary', 'pg-service-college-general-interdisciplinary-page-013', 'item-course-005615']",
True,Historical 1995 service catalog; contact institution or successor to verify.,1995,College — Health / Nursing / Emergency Services,pg-service-college-health-nursing-emergency-services,Introduction to occupational safety and,,College independent-study course in Introduction to occupational safety and. Credit: 3Q.,English,,"The Independent Study Catalog, 1995 structured course listing.",78,medium,text catalog parser,Postsecondary,need-education-postsecondary,79,,health,1995,Utah State University,high,349,need-education,84,Education / Postsecondary / Health / Nursing / Emergency Services,15,pg-service-college-health-nursing-emergency-services-page-004,349,health,item-course-005616,,"Verify the current institution, equivalent course, delivery method, tuition and accreditation.",COURSE-005616,service,Historical education service listing — current availability requires verification,historical_education_service,12,Historical availability uncertainty,Provisional heuristic; recalculate from User Profile and current service evidence.,The Independent Study Catalog 1995.pdf,English,,349,The Independent Study Catalog,SRC-EDU-ISC-1995,,Utah State University,Institution: Utah State University; level: College; department: Introduction to occupational safety and; credit: 3Q; division: U,42,health,,pg-service-college-health-nursing-emergency-services,"['human-consumer', 'human-needs', 'need-education', 'need-education-postsecondary', 'pg-service-college-health-nursing-emergency-services', 'pg-service-college-health-nursing-emergency-services-page-004', 'item-course-005616']",
True,Historical 1995 service catalog; contact institution or successor to verify.,1995,College — Education / Teaching,pg-service-college-education-teaching,Instructional Media,,College independent-study course in Instructional Media. Credit: 3Q.,English,,"The Independent Study Catalog, 1995 structured course listing.",78,medium,text catalog parser,Postsecondary,need-education-postsecondary,76,,Use of libraries,1995,Utah State University,high,100,need-education,84,Education / Postsecondary / Education / Teaching,15,pg-service-college-education-teaching-page-004,100,Use of libraries,item-course-005617,,"Verify the current institution, equivalent course, delivery method, tuition and accreditation.",COURSE-005617,service,Historical education service listing — current availability requires verification,historical_education_service,12,Historical availability uncertainty,Provisional heuristic; recalculate from User Profile and current service evidence.,The Independent Study Catalog 1995.pdf,English,,100,The Independent Study Catalog,SRC-EDU-ISC-1995,,Utah State University,Institution: Utah State University; level: College; department: Instructional Media; credit: 3Q; division: L,42,Use of libraries,,pg-service-college-education-teaching,"['human-consumer', 'human-needs', 'need-education', 'need-education-postsecondary', 'pg-service-college-education-teaching', 'pg-service-college-education-teaching-page-004', 'item-course-005617']",
True,Historical 1995 service catalog; contact institution or successor to verify.,1995,College — Mathematics / Statistics,pg-service-college-mathematics-statistics,Mathematics,,College independent-study course in Mathematics. Credit: 5Q.,English,,"The Independent Study Catalog, 1995 structured course listing.",78,medium,text catalog parser,Postsecondary,need-education-postsecondary,73,,College algebra,1995,Utah State University,high,105,need-education,84,Education / Postsecondary / Mathematics / Statistics,15,pg-service-college-mathematics-statistics-page-005,105,College algebra,item-course-005618,,"Verify the current institution, equivalent course, delivery method, tuition and accreditation.",COURSE-005618,service,Historical education service listing — current availability requires verification,historical_education_service,12,Historical availability uncertainty,Provisional heuristic; recalculate from User Profile and current service evidence.,The Independent Study Catalog 1995.pdf,English,,105,The Independent Study Catalog,SRC-EDU-ISC-1995,,Utah State University,Institution: Utah State University; level: College; department: Mathematics; credit: 5Q; division: L,42,College algebra,,pg-service-college-mathematics-statistics,"['human-consumer', 'human-needs', 'need-education', 'need-education-postsecondary', 'pg-service-college-mathematics-statistics', 'pg-service-college-mathematics-statistics-page-005', 'item-course-005618']",
True,Historical 1995 service catalog; contact institution or successor to verify.,1995,College — Mathematics / Statistics,pg-service-college-mathematics-statistics,Mathematics,,College independent-study course in Mathematics. Credit: 5Q.,English,,"The Independent Study Catalog, 1995 structured course listing.",78,medium,text catalog parser,Postsecondary,need-education-postsecondary,77,,Introduction to college algebra,1995,Utah State University,high,101,need-education,84,Education / Postsecondary / Mathematics / Statistics,15,pg-service-college-mathematics-statistics-page-005,101,Introduction to college algebra,item-course-005619,,"Verify the current institution, equivalent course, delivery method, tuition and accreditation.",COURSE-005619,service,Historical education service listing — current availability requires verification,historical_education_service,12,Historical availability uncertainty,Provisional heuristic; recalculate from User Profile and current service evidence.,The Independent Study Catalog 1995.pdf,English,,101,The Independent Study Catalog,SRC-EDU-ISC-1995,,Utah State University,Institution: Utah State University; level: College; department: Mathematics; credit: 5Q; division: L,42,Introduction to college algebra,,pg-service-college-mathematics-statistics,"['human-consumer', 'human-needs', 'need-education', 'need-education-postsecondary', 'pg-service-college-mathematics-statistics', 'pg-service-college-mathematics-statistics-page-005', 'item-course-005619']",
True,Historical 1995 service catalog; contact institution or successor to verify.,1995,College — Mathematics / Statistics,pg-service-college-mathematics-statistics,Mathematics,,College independent-study course in Mathematics. Credit: 3Q.,English,,"The Independent Study Catalog, 1995 structured course listing.",78,medium,text catalog parser,Postsecondary,need-education-postsecondary,73,,Plane trigonometry,1995,Utah State University,high,106,need-education,84,Education / Postsecondary / Mathematics / Statistics,15,pg-service-college-mathematics-statistics-page-005,106,Plane trigonometry,item-course-005620,,"Verify the current institution, equivalent course, delivery method, tuition and accreditation.",COURSE-005620,service,Historical education service listing — current availability requires verification,historical_education_service,12,Historical availability uncertainty,Provisional heuristic; recalculate from User Profile and current service evidence.,The Independent Study Catalog 1995.pdf,English,,106,The Independent Study Catalog,SRC-EDU-ISC-1995,,Utah State University,Institution: Utah State University; level: College; department: Mathematics; credit: 3Q; division: L,42,Plane trigonometry,,pg-service-college-mathematics-statistics,"['human-consumer', 'human-needs', 'need-education', 'need-education-postsecondary', 'pg-service-college-mathematics-statistics', 'pg-service-college-mathematics-statistics-page-005', 'item-course-005620']",
True,Historical 1995 service catalog; contact institution or successor to verify.,1995,College — Arts / Music / Theatre,pg-service-college-arts-music-theatre,Music,,"College independent-study course in Music. Credit: 3Q, AC.",English,,"The Independent Study Catalog, 1995 structured course listing.",78,medium,text catalog parser,Postsecondary,need-education-postsecondary,70,,Enjoying music,1995,Utah State University,high,101,need-education,84,Education / Postsecondary / Arts / Music / Theatre,15,pg-service-college-arts-music-theatre-page-003,101,Enjoying music,item-course-005621,,"Verify the current institution, equivalent course, delivery method, tuition and accreditation.",COURSE-005621,service,Historical education service listing — current availability requires verification,historical_education_service,12,Historical availability uncertainty,Provisional heuristic; recalculate from User Profile and current service evidence.,The Independent Study Catalog 1995.pdf,English,,101,The Independent Study Catalog,SRC-EDU-ISC-1995,,Utah State University,"Institution: Utah State University; level: College; department: Music; credit: 3Q, AC; division: L",42,Enjoying music,,pg-service-college-arts-music-theatre,"['human-consumer', 'human-needs', 'need-education', 'need-education-postsecondary', 'pg-service-college-arts-music-theatre', 'pg-service-college-arts-music-theatre-page-003', 'item-course-005621']",
True,Historical 1995 service catalog; contact institution or successor to verify.,1995,College — Arts / Music / Theatre,pg-service-college-arts-music-theatre,Music,,"College independent-study course in Music. Credit: 3Q, AC.",English,,"The Independent Study Catalog, 1995 structured course listing.",78,medium,text catalog parser,Postsecondary,need-education-postsecondary,72,,Music fundamentals,1995,Utah State University,high,102,need-education,84,Education / Postsecondary / Arts / Music / Theatre,15,pg-service-college-arts-music-theatre-page-003,102,Music fundamentals,item-course-005622,,"Verify the current institution, equivalent course, delivery method, tuition and accreditation.",COURSE-005622,service,Historical education service listing — current availability requires verification,historical_education_service,12,Historical availability uncertainty,Provisional heuristic; recalculate from User Profile and current service evidence.,The Independent Study Catalog 1995.pdf,English,,102,The Independent Study Catalog,SRC-EDU-ISC-1995,,Utah State University,"Institution: Utah State University; level: College; department: Music; credit: 3Q, AC; division: L",42,Music fundamentals,,pg-service-college-arts-music-theatre,"['human-consumer', 'human-needs', 'need-education', 'need-education-postsecondary', 'pg-service-college-arts-music-theatre', 'pg-service-college-arts-music-theatre-page-003', 'item-course-005622']",
True,Historical 1995 service catalog; contact institution or successor to verify.,1995,College — Science / Environment,pg-service-college-science-environment,Nutrition and Food Science,,College independent-study course in Nutrition and Food Science. Credit: 3Q.,English,,"The Independent Study Catalog, 1995 structured course listing.",78,medium,text catalog parser,Postsecondary,need-education-postsecondary,77,,Human nutrition,1995,Utah State University,high,540,need-education,84,Education / Postsecondary / Science / Environment,15,pg-service-college-science-environment-page-011,540,Human nutrition,item-course-005623,,"Verify the current institution, equivalent course, delivery method, tuition and accreditation.",COURSE-005623,service,Historical education service listing — current availability requires verification,historical_education_service,12,Historical availability uncertainty,Provisional heuristic; recalculate from User Profile and current service evidence.,The Independent Study Catalog 1995.pdf,English,,540,The Independent Study Catalog,SRC-EDU-ISC-1995,,Utah State University,Institution: Utah State University; level: College; department: Nutrition and Food Science; credit: 3Q; division: U,42,Human nutrition,,pg-service-college-science-environment,"['human-consumer', 'human-needs', 'need-education', 'need-education-postsecondary', 'pg-service-college-science-environment', 'pg-service-college-science-environment-page-011', 'item-course-005623']",
True,Historical 1995 service catalog; contact institution or successor to verify.,1995,College — Science / Environment,pg-service-college-science-environment,Nutrition and Food Science,,College independent-study course in Nutrition and Food Science. Credit: 3Q.,English,,"The Independent Study Catalog, 1995 structured course listing.",78,medium,text catalog parser,Postsecondary,need-education-postsecondary,72,,Nutrition for people,1995,Utah State University,high,122,need-education,84,Education / Postsecondary / Science / Environment,15,pg-service-college-science-environment-page-011,122,Nutrition for people,item-course-005624,,"Verify the current institution, equivalent course, delivery method, tuition and accreditation.",COURSE-005624,service,Historical education service listing — current availability requires verification,historical_education_service,12,Historical availability uncertainty,Provisional heuristic; recalculate from User Profile and current service evidence.,The Independent Study Catalog 1995.pdf,English,,122,The Independent Study Catalog,SRC-EDU-ISC-1995,,Utah State University,Institution: Utah State University; level: College; department: Nutrition and Food Science; credit: 3Q; division: L,42,Nutrition for people,,pg-service-college-science-environment,"['human-consumer', 'human-needs', 'need-education', 'need-education-postsecondary', 'pg-service-college-science-environment', 'pg-service-college-science-environment-page-011', 'item-course-005624']",
True,Historical 1995 service catalog; contact institution or successor to verify.,1995,College — General / Interdisciplinary,pg-service-college-general-interdisciplinary,Philosophy,,College independent-study course in Philosophy. Credit: 5Q.,English,,"The Independent Study Catalog, 1995 structured course listing.",78,medium,text catalog parser,Postsecondary,need-education-postsecondary,78,,Deductive logic,1995,Utah State University,high,210,need-education,84,Education / Postsecondary / General / Interdisciplinary,15,pg-service-college-general-interdisciplinary-page-013,210,Deductive logic,item-course-005625,,"Verify the current institution, equivalent course, delivery method, tuition and accreditation.",COURSE-005625,service,Historical education service listing — current availability requires verification,historical_education_service,12,Historical availability uncertainty,Provisional heuristic; recalculate from User Profile and current service evidence.,The Independent Study Catalog 1995.pdf,English,,210,The Independent Study Catalog,SRC-EDU-ISC-1995,,Utah State University,Institution: Utah State University; level: College; department: Philosophy; credit: 5Q; division: L,42,Deductive logic,,pg-service-college-general-interdisciplinary,"['human-consumer', 'human-needs', 'need-education', 'need-education-postsecondary', 'pg-service-college-general-interdisciplinary', 'pg-service-college-general-interdisciplinary-page-013', 'item-course-005625']",
True,Historical 1995 service catalog; contact institution or successor to verify.,1995,College — Science / Environment,pg-service-college-science-environment,Plant Science,,College independent-study course in Plant Science. Credit: 4Q.,English,,"The Independent Study Catalog, 1995 structured course listing.",78,medium,text catalog parser,Postsecondary,need-education-postsecondary,70,,Fruit production,1995,Utah State University,high,450,need-education,84,Education / Postsecondary / Science / Environment,15,pg-service-college-science-environment-page-011,450,Fruit production,item-course-005626,,"Verify the current institution, equivalent course, delivery method, tuition and accreditation.",COURSE-005626,service,Historical education service listing — current availability requires verification,historical_education_service,12,Historical availability uncertainty,Provisional heuristic; recalculate from User Profile and current service evidence.,The Independent Study Catalog 1995.pdf,English,,450,The Independent Study Catalog,SRC-EDU-ISC-1995,,Utah State University,Institution: Utah State University; level: College; department: Plant Science; credit: 4Q; division: U,42,Fruit production,,pg-service-college-science-environment,"['human-consumer', 'human-needs', 'need-education', 'need-education-postsecondary', 'pg-service-college-science-environment', 'pg-service-college-science-environment-page-011', 'item-course-005626']",
True,Historical 1995 service catalog; contact institution or successor to verify.,1995,College — Science / Environment,pg-service-college-science-environment,Plant Science,,College independent-study course in Plant Science. Credit: 4Q.,English,,"The Independent Study Catalog, 1995 structured course listing.",78,medium,text catalog parser,Postsecondary,need-education-postsecondary,80,,Introduction to plant science,1995,Utah State University,high,100,need-education,84,Education / Postsecondary / Science / Environment,15,pg-service-college-science-environment-page-011,100,Introduction to plant science,item-course-005627,,"Verify the current institution, equivalent course, delivery method, tuition and accreditation.",COURSE-005627,service,Historical education service listing — current availability requires verification,historical_education_service,12,Historical availability uncertainty,Provisional heuristic; recalculate from User Profile and current service evidence.,The Independent Study Catalog 1995.pdf,English,,100,The Independent Study Catalog,SRC-EDU-ISC-1995,,Utah State University,Institution: Utah State University; level: College; department: Plant Science; credit: 4Q; division: L,42,Introduction to plant science,,pg-service-college-science-environment,"['human-consumer', 'human-needs', 'need-education', 'need-education-postsecondary', 'pg-service-college-science-environment', 'pg-service-college-science-environment-page-011', 'item-course-005627']",
True,Historical 1995 service catalog; contact institution or successor to verify.,1995,College — Psychology / Sociology / Human Services,pg-service-college-psychology-sociology-human-services,Psychology,,College independent-study course in Psychology. Credit: 3Q.,English,,"The Independent Study Catalog, 1995 structured course listing.",78,medium,text catalog parser,Postsecondary,need-education-postsecondary,79,,Abnormal psychology,1995,Utah State University,high,321,need-education,84,Education / Postsecondary / Psychology / Sociology / Human Services,15,pg-service-college-psychology-sociology-human-services-page-010,321,Abnormal psychology,item-course-005628,,"Verify the current institution, equivalent course, delivery method, tuition and accreditation.",COURSE-005628,service,Historical education service listing — current availability requires verification,historical_education_service,12,Historical availability uncertainty,Provisional heuristic; recalculate from User Profile and current service evidence.,The Independent Study Catalog 1995.pdf,English,,321,The Independent Study Catalog,SRC-EDU-ISC-1995,,Utah State University,Institution: Utah State University; level: College; department: Psychology; credit: 3Q; division: U,42,Abnormal psychology,,pg-service-college-psychology-sociology-human-services,"['human-consumer', 'human-needs', 'need-education', 'need-education-postsecondary', 'pg-service-college-psychology-sociology-human-services', 'pg-service-college-psychology-sociology-human-services-page-010', 'item-course-005628']",
True,Historical 1995 service catalog; contact institution or successor to verify.,1995,College — Psychology / Sociology / Human Services,pg-service-college-psychology-sociology-human-services,Psychology,,College independent-study course in Psychology. Credit: 3Q.,English,,"The Independent Study Catalog, 1995 structured course listing.",78,medium,text catalog parser,Postsecondary,need-education-postsecondary,79,,Career exploration,1995,Utah State University,high,122,need-education,84,Education / Postsecondary / Psychology / Sociology / Human Services,15,pg-service-college-psychology-sociology-human-services-page-010,122,Career exploration,item-course-005629,,"Verify the current institution, equivalent course, delivery method, tuition and accreditation.",COURSE-005629,service,Historical education service listing — current availability requires verification,historical_education_service,12,Historical availability uncertainty,Provisional heuristic; recalculate from User Profile and current service evidence.,The Independent Study Catalog 1995.pdf,English,,122,The Independent Study Catalog,SRC-EDU-ISC-1995,,Utah State University,Institution: Utah State University; level: College; department: Psychology; credit: 3Q; division: L,42,Career exploration,,pg-service-college-psychology-sociology-human-services,"['human-consumer', 'human-needs', 'need-education', 'need-education-postsecondary', 'pg-service-college-psychology-sociology-human-services', 'pg-service-college-psychology-sociology-human-services-page-010', 'item-course-005629']",
True,Historical 1995 service catalog; contact institution or successor to verify.,1995,College — Psychology / Sociology / Human Services,pg-service-college-psychology-sociology-human-services,Psychology,,College independent-study course in Psychology. Credit: 5Q.,English,,"The Independent Study Catalog, 1995 structured course listing.",78,medium,text catalog parser,Postsecondary,need-education-postsecondary,80,,General psychology,1995,Utah State University,high,101,need-education,84,Education / Postsecondary / Psychology / Sociology / Human Services,15,pg-service-college-psychology-sociology-human-services-page-010,101,General psychology,item-course-005630,,"Verify the current institution, equivalent course, delivery method, tuition and accreditation.",COURSE-005630,service,Historical education service listing — current availability requires verification,historical_education_service,12,Historical availability uncertainty,Provisional heuristic; recalculate from User Profile and current service evidence.,The Independent Study Catalog 1995.pdf,English,,101,The Independent Study Catalog,SRC-EDU-ISC-1995,,Utah State University,Institution: Utah State University; level: College; department: Psychology; credit: 5Q; division: L,42,General psychology,,pg-service-college-psychology-sociology-human-services,"['human-consumer', 'human-needs', 'need-education', 'need-education-postsecondary', 'pg-service-college-psychology-sociology-human-services', 'pg-service-college-psychology-sociology-human-services-page-010', 'item-course-005630']",
True,Historical 1995 service catalog; contact institution or successor to verify.,1995,College — Psychology / Sociology / Human Services,pg-service-college-psychology-sociology-human-services,Social Work,,College independent-study course in Social Work. Credit: 3Q.,English,,"The Independent Study Catalog, 1995 structured course listing.",78,medium,text catalog parser,Postsecondary,need-education-postsecondary,78,,Child welfare,1995,Utah State University,high,335,need-education,84,Education / Postsecondary / Psychology / Sociology / Human Services,15,pg-service-college-psychology-sociology-human-services-page-010,335,Child welfare,item-course-005631,,"Verify the current institution, equivalent course, delivery method, tuition and accreditation.",COURSE-005631,service,Historical education service listing — current availability requires verification,historical_education_service,12,Historical availability uncertainty,Provisional heuristic; recalculate from User Profile and current service evidence.,The Independent Study Catalog 1995.pdf,English,,335,The Independent Study Catalog,SRC-EDU-ISC-1995,,Utah State University,Institution: Utah State University; level: College; department: Social Work; credit: 3Q; division: U,42,Child welfare,,pg-service-college-psychology-sociology-human-services,"['human-consumer', 'human-needs', 'need-education', 'need-education-postsecondary', 'pg-service-college-psychology-sociology-human-services', 'pg-service-college-psychology-sociology-human-services-page-010', 'item-course-005631']",
True,Historical 1995 service catalog; contact institution or successor to verify.,1995,College — Psychology / Sociology / Human Services,pg-service-college-psychology-sociology-human-services,Social Work,,College independent-study course in Social Work. Credit: 3Q.,English,,"The Independent Study Catalog, 1995 structured course listing.",78,medium,text catalog parser,Postsecondary,need-education-postsecondary,78,,Introduction to social welfare,1995,Utah State University,high,105,need-education,84,Education / Postsecondary / Psychology / Sociology / Human Services,15,pg-service-college-psychology-sociology-human-services-page-010,105,Introduction to social welfare,item-course-005632,,"Verify the current institution, equivalent course, delivery method, tuition and accreditation.",COURSE-005632,service,Historical education service listing — current availability requires verification,historical_education_service,12,Historical availability uncertainty,Provisional heuristic; recalculate from User Profile and current service evidence.,The Independent Study Catalog 1995.pdf,English,,105,The Independent Study Catalog,SRC-EDU-ISC-1995,,Utah State University,Institution: Utah State University; level: College; department: Social Work; credit: 3Q; division: L,42,Introduction to social welfare,,pg-service-college-psychology-sociology-human-services,"['human-consumer', 'human-needs', 'need-education', 'need-education-postsecondary', 'pg-service-college-psychology-sociology-human-services', 'pg-service-college-psychology-sociology-human-services-page-010', 'item-course-005632']",
True,Historical 1995 service catalog; contact institution or successor to verify.,1995,College — Psychology / Sociology / Human Services,pg-service-college-psychology-sociology-human-services,Sociology,,College independent-study course in Sociology. Credit: 3Q.,English,,"The Independent Study Catalog, 1995 structured course listing.",78,medium,text catalog parser,Postsecondary,need-education-postsecondary,80,,Criminology,1995,Utah State University,high,342,need-education,84,Education / Postsecondary / Psychology / Sociology / Human Services,15,pg-service-college-psychology-sociology-human-services-page-010,342,Criminology,item-course-005633,,"Verify the current institution, equivalent course, delivery method, tuition and accreditation.",COURSE-005633,service,Historical education service listing — current availability requires verification,historical_education_service,12,Historical availability uncertainty,Provisional heuristic; recalculate from User Profile and current service evidence.,The Independent Study Catalog 1995.pdf,English,,342,The Independent Study Catalog,SRC-EDU-ISC-1995,,Utah State University,Institution: Utah State University; level: College; department: Sociology; credit: 3Q; division: U,42,Criminology,,pg-service-college-psychology-sociology-human-services,"['human-consumer', 'human-needs', 'need-education', 'need-education-postsecondary', 'pg-service-college-psychology-sociology-human-services', 'pg-service-college-psychology-sociology-human-services-page-010', 'item-course-005633']",
True,Historical 1995 service catalog; contact institution or successor to verify.,1995,College — Psychology / Sociology / Human Services,pg-service-college-psychology-sociology-human-services,Sociology,,College independent-study course in Sociology. Credit: 5Q.,English,,"The Independent Study Catalog, 1995 structured course listing.",78,medium,text catalog parser,Postsecondary,need-education-postsecondary,71,,Introductory sociology,1995,Utah State University,high,101,need-education,84,Education / Postsecondary / Psychology / Sociology / Human Services,15,pg-service-college-psychology-sociology-human-services-page-010,101,Introductory sociology,item-course-005634,,"Verify the current institution, equivalent course, delivery method, tuition and accreditation.",COURSE-005634,service,Historical education service listing — current availability requires verification,historical_education_service,12,Historical availability uncertainty,Provisional heuristic; recalculate from User Profile and current service evidence.,The Independent Study Catalog 1995.pdf,English,,101,The Independent Study Catalog,SRC-EDU-ISC-1995,,Utah State University,Institution: Utah State University; level: College; department: Sociology; credit: 5Q; division: L,42,Introductory sociology,,pg-service-college-psychology-sociology-human-services,"['human-consumer', 'human-needs', 'need-education', 'need-education-postsecondary', 'pg-service-college-psychology-sociology-human-services', 'pg-service-college-psychology-sociology-human-services-page-010', 'item-course-005634']",
True,Historical 1995 service catalog; contact institution or successor to verify.,1995,College — Psychology / Sociology / Human Services,pg-service-college-psychology-sociology-human-services,Sociology,,College independent-study course in Sociology. Credit: 3Q.,English,,"The Independent Study Catalog, 1995 structured course listing.",78,medium,text catalog parser,Postsecondary,need-education-postsecondary,70,,Juvenile delinquency,1995,Utah State University,high,341,need-education,84,Education / Postsecondary / Psychology / Sociology / Human Services,15,pg-service-college-psychology-sociology-human-services-page-010,341,Juvenile delinquency,item-course-005635,,"Verify the current institution, equivalent course, delivery method, tuition and accreditation.",COURSE-005635,service,Historical education service listing — current availability requires verification,historical_education_service,12,Historical availability uncertainty,Provisional heuristic; recalculate from User Profile and current service evidence.,The Independent Study Catalog 1995.pdf,English,,341,The Independent Study Catalog,SRC-EDU-ISC-1995,,Utah State University,Institution: Utah State University; level: College; department: Sociology; credit: 3Q; division: U,42,Juvenile delinquency,,pg-service-college-psychology-sociology-human-services,"['human-consumer', 'human-needs', 'need-education', 'need-education-postsecondary', 'pg-service-college-psychology-sociology-human-services', 'pg-service-college-psychology-sociology-human-services-page-010', 'item-course-005635']",
True,Historical 1995 service catalog; contact institution or successor to verify.,1995,College — Psychology / Sociology / Human Services,pg-service-college-psychology-sociology-human-services,Sociology,,College independent-study course in Sociology. Credit: 3Q.,English,,"The Independent Study Catalog, 1995 structured course listing.",78,medium,text catalog parser,Postsecondary,need-education-postsecondary,74,,Population and society,1995,Utah State University,high,320,need-education,84,Education / Postsecondary / Psychology / Sociology / Human Services,15,pg-service-college-psychology-sociology-human-services-page-010,320,Population and society,item-course-005636,,"Verify the current institution, equivalent course, delivery method, tuition and accreditation.",COURSE-005636,service,Historical education service listing — current availability requires verification,historical_education_service,12,Historical availability uncertainty,Provisional heuristic; recalculate from User Profile and current service evidence.,The Independent Study Catalog 1995.pdf,English,,320,The Independent Study Catalog,SRC-EDU-ISC-1995,,Utah State University,Institution: Utah State University; level: College; department: Sociology; credit: 3Q; division: U,42,Population and society,,pg-service-college-psychology-sociology-human-services,"['human-consumer', 'human-needs', 'need-education', 'need-education-postsecondary', 'pg-service-college-psychology-sociology-human-services', 'pg-service-college-psychology-sociology-human-services-page-010', 'item-course-005636']",
True,Historical 1995 service catalog; contact institution or successor to verify.,1995,College — Science / Environment,pg-service-college-science-environment,Soil Science,,College independent-study course in Soil Science. Credit: 4Q.,English,,"The Independent Study Catalog, 1995 structured course listing.",78,medium,text catalog parser,Postsecondary,need-education-postsecondary,74,,General soils,1995,Utah State University,high,358,need-education,84,Education / Postsecondary / Science / Environment,15,pg-service-college-science-environment-page-011,358,General soils,item-course-005637,,"Verify the current institution, equivalent course, delivery method, tuition and accreditation.",COURSE-005637,service,Historical education service listing — current availability requires verification,historical_education_service,12,Historical availability uncertainty,Provisional heuristic; recalculate from User Profile and current service evidence.,The Independent Study Catalog 1995.pdf,English,,358,The Independent Study Catalog,SRC-EDU-ISC-1995,,Utah State University,Institution: Utah State University; level: College; department: Soil Science; credit: 4Q; division: U,42,General soils,,pg-service-college-science-environment,"['human-consumer', 'human-needs', 'need-education', 'need-education-postsecondary', 'pg-service-college-science-environment', 'pg-service-college-science-environment-page-011', 'item-course-005637']",
True,Historical 1995 service catalog; contact institution or successor to verify.,1995,College — Science / Environment,pg-service-college-science-environment,Soil Science,,College independent-study course in Soil Science. Credit: 3Q.,English,,"The Independent Study Catalog, 1995 structured course listing.",78,medium,text catalog parser,Postsecondary,need-education-postsecondary,73,,"Soils, water and environment",1995,Utah State University,high,200,need-education,84,Education / Postsecondary / Science / Environment,15,pg-service-college-science-environment-page-011,200,"Soils, water and environment",item-course-005638,,"Verify the current institution, equivalent course, delivery method, tuition and accreditation.",COURSE-005638,service,Historical education service listing — current availability requires verification,historical_education_service,12,Historical availability uncertainty,Provisional heuristic; recalculate from User Profile and current service evidence.,The Independent Study Catalog 1995.pdf,English,,200,The Independent Study Catalog,SRC-EDU-ISC-1995,,Utah State University,Institution: Utah State University; level: College; department: Soil Science; credit: 3Q; division: L,42,"Soils, water and environment",,pg-service-college-science-environment,"['human-consumer', 'human-needs', 'need-education', 'need-education-postsecondary', 'pg-service-college-science-environment', 'pg-service-college-science-environment-page-011', 'item-course-005638']",
True,Historical 1995 service catalog; contact institution or successor to verify.,1995,College — Languages,pg-service-college-languages,Spanish,,"College independent-study course in Spanish. Credit: 3Q, AC.",English,,"The Independent Study Catalog, 1995 structured course listing.",78,medium,text catalog parser,Postsecondary,need-education-postsecondary,78,,Advanced grammar,1995,Utah State University,high,304,need-education,84,Education / Postsecondary / Languages,15,pg-service-college-languages-page-007,304,Advanced grammar,item-course-005639,,"Verify the current institution, equivalent course, delivery method, tuition and accreditation.",COURSE-005639,service,Historical education service listing — current availability requires verification,historical_education_service,12,Historical availability uncertainty,Provisional heuristic; recalculate from User Profile and current service evidence.,The Independent Study Catalog 1995.pdf,English,,304,The Independent Study Catalog,SRC-EDU-ISC-1995,,Utah State University,"Institution: Utah State University; level: College; department: Spanish; credit: 3Q, AC; division: U",42,Advanced grammar,,pg-service-college-languages,"['human-consumer', 'human-needs', 'need-education', 'need-education-postsecondary', 'pg-service-college-languages', 'pg-service-college-languages-page-007', 'item-course-005639']",
True,Historical 1995 service catalog; contact institution or successor to verify.,1995,College — Languages,pg-service-college-languages,Spanish,,"College independent-study course in Spanish. Credit: 3Q, AC.",English,,"The Independent Study Catalog, 1995 structured course listing.",78,medium,text catalog parser,Postsecondary,need-education-postsecondary,69,,Advanced grammar,1995,Utah State University,high,305,need-education,84,Education / Postsecondary / Languages,15,pg-service-college-languages-page-007,305,Advanced grammar,item-course-005640,,"Verify the current institution, equivalent course, delivery method, tuition and accreditation.",COURSE-005640,service,Historical education service listing — current availability requires verification,historical_education_service,12,Historical availability uncertainty,Provisional heuristic; recalculate from User Profile and current service evidence.,The Independent Study Catalog 1995.pdf,English,,305,The Independent Study Catalog,SRC-EDU-ISC-1995,,Utah State University,"Institution: Utah State University; level: College; department: Spanish; credit: 3Q, AC; division: U",42,Advanced grammar,,pg-service-college-languages,"['human-consumer', 'human-needs', 'need-education', 'need-education-postsecondary', 'pg-service-college-languages', 'pg-service-college-languages-page-007', 'item-course-005640']",
True,Historical 1995 service catalog; contact institution or successor to verify.,1995,College — Languages,pg-service-college-languages,Spanish,,"College independent-study course in Spanish. Credit: 5Q, AC.",English,,"The Independent Study Catalog, 1995 structured course listing.",78,medium,text catalog parser,Postsecondary,need-education-postsecondary,80,,Elementary Spanish,1995,Utah State University,high,101,need-education,84,Education / Postsecondary / Languages,15,pg-service-college-languages-page-007,101,Elementary Spanish,item-course-005641,,"Verify the current institution, equivalent course, delivery method, tuition and accreditation.",COURSE-005641,service,Historical education service listing — current availability requires verification,historical_education_service,12,Historical availability uncertainty,Provisional heuristic; recalculate from User Profile and current service evidence.,The Independent Study Catalog 1995.pdf,English,,101,The Independent Study Catalog,SRC-EDU-ISC-1995,,Utah State University,"Institution: Utah State University; level: College; department: Spanish; credit: 5Q, AC; division: L",42,Elementary Spanish,,pg-service-college-languages,"['human-consumer', 'human-needs', 'need-education', 'need-education-postsecondary', 'pg-service-college-languages', 'pg-service-college-languages-page-007', 'item-course-005641']",
True,Historical 1995 service catalog; contact institution or successor to verify.,1995,College — Languages,pg-service-college-languages,Spanish,,"College independent-study course in Spanish. Credit: 5Q, AC.",English,,"The Independent Study Catalog, 1995 structured course listing.",78,medium,text catalog parser,Postsecondary,need-education-postsecondary,77,,Elementary Spanish,1995,Utah State University,high,102,need-education,84,Education / Postsecondary / Languages,15,pg-service-college-languages-page-007,102,Elementary Spanish,item-course-005642,,"Verify the current institution, equivalent course, delivery method, tuition and accreditation.",COURSE-005642,service,Historical education service listing — current availability requires verification,historical_education_service,12,Historical availability uncertainty,Provisional heuristic; recalculate from User Profile and current service evidence.,The Independent Study Catalog 1995.pdf,English,,102,The Independent Study Catalog,SRC-EDU-ISC-1995,,Utah State University,"Institution: Utah State University; level: College; department: Spanish; credit: 5Q, AC; division: L",42,Elementary Spanish,,pg-service-college-languages,"['human-consumer', 'human-needs', 'need-education', 'need-education-postsecondary', 'pg-service-college-languages', 'pg-service-college-languages-page-007', 'item-course-005642']",
True,Historical 1995 service catalog; contact institution or successor to verify.,1995,College — Languages,pg-service-college-languages,Spanish,,"College independent-study course in Spanish. Credit: 5Q, AC.",English,,"The Independent Study Catalog, 1995 structured course listing.",78,medium,text catalog parser,Postsecondary,need-education-postsecondary,70,,Elementary Spanish,1995,Utah State University,high,103,need-education,84,Education / Postsecondary / Languages,15,pg-service-college-languages-page-007,103,Elementary Spanish,item-course-005643,,"Verify the current institution, equivalent course, delivery method, tuition and accreditation.",COURSE-005643,service,Historical education service listing — current availability requires verification,historical_education_service,12,Historical availability uncertainty,Provisional heuristic; recalculate from User Profile and current service evidence.,The Independent Study Catalog 1995.pdf,English,,103,The Independent Study Catalog,SRC-EDU-ISC-1995,,Utah State University,"Institution: Utah State University; level: College; department: Spanish; credit: 5Q, AC; division: L",42,Elementary Spanish,,pg-service-college-languages,"['human-consumer', 'human-needs', 'need-education', 'need-education-postsecondary', 'pg-service-college-languages', 'pg-service-college-languages-page-007', 'item-course-005643']",
True,Historical 1995 service catalog; contact institution or successor to verify.,1995,College — Languages,pg-service-college-languages,Spanish,,"College independent-study course in Spanish. Credit: 5Q, AC.",English,,"The Independent Study Catalog, 1995 structured course listing.",78,medium,text catalog parser,Postsecondary,need-education-postsecondary,71,,Intermediate Spanish,1995,Utah State University,high,201,need-education,84,Education / Postsecondary / Languages,15,pg-service-college-languages-page-007,201,Intermediate Spanish,item-course-005644,,"Verify the current institution, equivalent course, delivery method, tuition and accreditation.",COURSE-005644,service,Historical education service listing — current availability requires verification,historical_education_service,12,Historical availability uncertainty,Provisional heuristic; recalculate from User Profile and current service evidence.,The Independent Study Catalog 1995.pdf,English,,201,The Independent Study Catalog,SRC-EDU-ISC-1995,,Utah State University,"Institution: Utah State University; level: College; department: Spanish; credit: 5Q, AC; division: L",42,Intermediate Spanish,,pg-service-college-languages,"['human-consumer', 'human-needs', 'need-education', 'need-education-postsecondary', 'pg-service-college-languages', 'pg-service-college-languages-page-007', 'item-course-005644']",
True,Historical 1995 service catalog; contact institution or successor to verify.,1995,College — Languages,pg-service-college-languages,Spanish,,"College independent-study course in Spanish. Credit: 5Q, AC.",English,,"The Independent Study Catalog, 1995 structured course listing.",78,medium,text catalog parser,Postsecondary,need-education-postsecondary,77,,Intermediate Spanish,1995,Utah State University,high,202,need-education,84,Education / Postsecondary / Languages,15,pg-service-college-languages-page-007,202,Intermediate Spanish,item-course-005645,,"Verify the current institution, equivalent course, delivery method, tuition and accreditation.",COURSE-005645,service,Historical education service listing — current availability requires verification,historical_education_service,12,Historical availability uncertainty,Provisional heuristic; recalculate from User Profile and current service evidence.,The Independent Study Catalog 1995.pdf,English,,202,The Independent Study Catalog,SRC-EDU-ISC-1995,,Utah State University,"Institution: Utah State University; level: College; department: Spanish; credit: 5Q, AC; division: L",42,Intermediate Spanish,,pg-service-college-languages,"['human-consumer', 'human-needs', 'need-education', 'need-education-postsecondary', 'pg-service-college-languages', 'pg-service-college-languages-page-007', 'item-course-005645']",
True,Historical 1995 service catalog; contact institution or successor to verify.,1995,College — Business / Economics / Finance,pg-service-college-business-economics-finance,Statistics,,College independent-study course in Statistics. Credit: 5Q.,English,,"The Independent Study Catalog, 1995 structured course listing.",78,medium,text catalog parser,Postsecondary,need-education-postsecondary,69,,Business statistics,1995,Utah State University,high,230,need-education,84,Education / Postsecondary / Business / Economics / Finance,15,pg-service-college-business-economics-finance-page-021,230,Business statistics,item-course-005646,,"Verify the current institution, equivalent course, delivery method, tuition and accreditation.",COURSE-005646,service,Historical education service listing — current availability requires verification,historical_education_service,12,Historical availability uncertainty,Provisional heuristic; recalculate from User Profile and current service evidence.,The Independent Study Catalog 1995.pdf,English,,230,The Independent Study Catalog,SRC-EDU-ISC-1995,,Utah State University,Institution: Utah State University; level: College; department: Statistics; credit: 5Q; division: L,42,Business statistics,,pg-service-college-business-economics-finance,"['human-consumer', 'human-needs', 'need-education', 'need-education-postsecondary', 'pg-service-college-business-economics-finance', 'pg-service-college-business-economics-finance-page-021', 'item-course-005646']",
True,Historical 1995 service catalog; contact institution or successor to verify.,1995,College — Mathematics / Statistics,pg-service-college-mathematics-statistics,Statistics,,College independent-study course in Statistics. Credit: 4Q.,English,,"The Independent Study Catalog, 1995 structured course listing.",78,medium,text catalog parser,Postsecondary,need-education-postsecondary,72,,Introduction to statistics,1995,Utah State University,high,201,need-education,84,Education / Postsecondary / Mathematics / Statistics,15,pg-service-college-mathematics-statistics-page-005,201,Introduction to statistics,item-course-005647,,"Verify the current institution, equivalent course, delivery method, tuition and accreditation.",COURSE-005647,service,Historical education service listing — current availability requires verification,historical_education_service,12,Historical availability uncertainty,Provisional heuristic; recalculate from User Profile and current service evidence.,The Independent Study Catalog 1995.pdf,English,,201,The Independent Study Catalog,SRC-EDU-ISC-1995,,Utah State University,Institution: Utah State University; level: College; department: Statistics; credit: 4Q; division: L,42,Introduction to statistics,,pg-service-college-mathematics-statistics,"['human-consumer', 'human-needs', 'need-education', 'need-education-postsecondary', 'pg-service-college-mathematics-statistics', 'pg-service-college-mathematics-statistics-page-005', 'item-course-005647']",
True,Historical 1995 service catalog; contact institution or successor to verify.,1995,College — Business / Economics / Finance,pg-service-college-business-economics-finance,Accounting,,College independent-study course in Accounting. Credit: 3S.,English,,"The Independent Study Catalog, 1995 structured course listing.",78,medium,text catalog parser,Postsecondary,need-education-postsecondary,77,,Intermediate accounting,1995,Utah State University,high,I 330X,need-education,84,Education / Postsecondary / Business / Economics / Finance,15,pg-service-college-business-economics-finance-page-021,I 330X,Intermediate accounting,item-course-005648,,"Verify the current institution, equivalent course, delivery method, tuition and accreditation.",COURSE-005648,service,Historical education service listing — current availability requires verification,historical_education_service,12,Historical availability uncertainty,Provisional heuristic; recalculate from User Profile and current service evidence.,The Independent Study Catalog 1995.pdf,English,,I 330X,The Independent Study Catalog,SRC-EDU-ISC-1995,,Utah State University,Institution: Utah State University; level: College; department: Accounting; credit: 3S; division: L,42,Intermediate accounting,,pg-service-college-business-economics-finance,"['human-consumer', 'human-needs', 'need-education', 'need-education-postsecondary', 'pg-service-college-business-economics-finance', 'pg-service-college-business-economics-finance-page-021', 'item-course-005648']",
True,Historical 1995 service catalog; contact institution or successor to verify.,1995,College — Business / Economics / Finance,pg-service-college-business-economics-finance,Introduction to the administration of,,College independent-study course in Introduction to the administration of. Credit: 3S.,English,,"The Independent Study Catalog, 1995 structured course listing.",78,medium,text catalog parser,Postsecondary,need-education-postsecondary,69,,criminal justice,1995,Utah State University,high,101,need-education,84,Education / Postsecondary / Business / Economics / Finance,15,pg-service-college-business-economics-finance-page-021,101,criminal justice,item-course-005649,,"Verify the current institution, equivalent course, delivery method, tuition and accreditation.",COURSE-005649,service,Historical education service listing — current availability requires verification,historical_education_service,12,Historical availability uncertainty,Provisional heuristic; recalculate from User Profile and current service evidence.,The Independent Study Catalog 1995.pdf,English,,101,The Independent Study Catalog,SRC-EDU-ISC-1995,,Utah State University,Institution: Utah State University; level: College; department: Introduction to the administration of; credit: 3S; division: L,42,criminal justice,,pg-service-college-business-economics-finance,"['human-consumer', 'human-needs', 'need-education', 'need-education-postsecondary', 'pg-service-college-business-economics-finance', 'pg-service-college-business-economics-finance-page-021', 'item-course-005649']",
True,Historical 1995 service catalog; contact institution or successor to verify.,1995,College — English / Communication / Journalism,pg-service-college-english-communication-journalism,English,,College independent-study course in English. Credit: 3S.,English,,"The Independent Study Catalog, 1995 structured course listing.",78,medium,text catalog parser,Postsecondary,need-education-postsecondary,80,,Advanced writing,1995,Utah State University,high,301,need-education,84,Education / Postsecondary / English / Communication / Journalism,15,pg-service-college-english-communication-journalism-page-013,301,Advanced writing,item-course-005650,,"Verify the current institution, equivalent course, delivery method, tuition and accreditation.",COURSE-005650,service,Historical education service listing — current availability requires verification,historical_education_service,12,Historical availability uncertainty,Provisional heuristic; recalculate from User Profile and current service evidence.,The Independent Study Catalog 1995.pdf,English,,301,The Independent Study Catalog,SRC-EDU-ISC-1995,,Utah State University,Institution: Utah State University; level: College; department: English; credit: 3S; division: U,42,Advanced writing,,pg-service-college-english-communication-journalism,"['human-consumer', 'human-needs', 'need-education', 'need-education-postsecondary', 'pg-service-college-english-communication-journalism', 'pg-service-college-english-communication-journalism-page-013', 'item-course-005650']",
True,Historical 1995 service catalog; contact institution or successor to verify.,1995,College — Science / Environment,pg-service-college-science-environment,Food Science and Human Nutrition,,College independent-study course in Food Science and Human Nutrition. Credit: 3S.,English,,"The Independent Study Catalog, 1995 structured course listing.",78,medium,text catalog parser,Postsecondary,need-education-postsecondary,75,,Human nutrition,1995,Utah State University,high,233,need-education,84,Education / Postsecondary / Science / Environment,15,pg-service-college-science-environment-page-011,233,Human nutrition,item-course-005651,,"Verify the current institution, equivalent course, delivery method, tuition and accreditation.",COURSE-005651,service,Historical education service listing — current availability requires verification,historical_education_service,12,Historical availability uncertainty,Provisional heuristic; recalculate from User Profile and current service evidence.,The Independent Study Catalog 1995.pdf,English,,233,The Independent Study Catalog,SRC-EDU-ISC-1995,,Utah State University,Institution: Utah State University; level: College; department: Food Science and Human Nutrition; credit: 3S; division: L,42,Human nutrition,,pg-service-college-science-environment,"['human-consumer', 'human-needs', 'need-education', 'need-education-postsecondary', 'pg-service-college-science-environment', 'pg-service-college-science-environment-page-011', 'item-course-005651']",
True,Historical 1995 service catalog; contact institution or successor to verify.,1995,College — Psychology / Sociology / Human Services,pg-service-college-psychology-sociology-human-services,Anthropology,,College independent-study course in Anthropology. Credit: 5Q.,English,,"The Independent Study Catalog, 1995 structured course listing.",78,medium,text catalog parser,Postsecondary,need-education-postsecondary,69,,Introduction to anthropology,1995,Weber State University,high,101,need-education,84,Education / Postsecondary / Psychology / Sociology / Human Services,15,pg-service-college-psychology-sociology-human-services-page-010,101,Introduction to anthropology,item-course-005652,,"Verify the current institution, equivalent course, delivery method, tuition and accreditation.",COURSE-005652,service,Historical education service listing — current availability requires verification,historical_education_service,12,Historical availability uncertainty,Provisional heuristic; recalculate from User Profile and current service evidence.,The Independent Study Catalog 1995.pdf,English,,101,The Independent Study Catalog,SRC-EDU-ISC-1995,,Weber State University,Institution: Weber State University; level: College; department: Anthropology; credit: 5Q; division: L,42,Introduction to anthropology,,pg-service-college-psychology-sociology-human-services,"['human-consumer', 'human-needs', 'need-education', 'need-education-postsecondary', 'pg-service-college-psychology-sociology-human-services', 'pg-service-college-psychology-sociology-human-services-page-010', 'item-course-005652']",
True,Historical 1995 service catalog; contact institution or successor to verify.,1995,College — Business / Economics / Finance,pg-service-college-business-economics-finance,"Past, present, and future uses of plants",,"College independent-study course in Past, present, and future uses of plants. Credit: 4Q.",English,,"The Independent Study Catalog, 1995 structured course listing.",78,medium,text catalog parser,Postsecondary,need-education-postsecondary,70,,Business Ad?ninistration Applications in business,1995,Weber State University,high,170,need-education,84,Education / Postsecondary / Business / Economics / Finance,15,pg-service-college-business-economics-finance-page-021,170,Business Ad?ninistration Applications in business,item-course-005653,,"Verify the current institution, equivalent course, delivery method, tuition and accreditation.",COURSE-005653,service,Historical education service listing — current availability requires verification,historical_education_service,12,Historical availability uncertainty,Provisional heuristic; recalculate from User Profile and current service evidence.,The Independent Study Catalog 1995.pdf,English,,170,The Independent Study Catalog,SRC-EDU-ISC-1995,,Weber State University,"Institution: Weber State University; level: College; department: Past, present, and future uses of plants; credit: 4Q; division: L",42,Business Ad?ninistration Applications in business,,pg-service-college-business-economics-finance,"['human-consumer', 'human-needs', 'need-education', 'need-education-postsecondary', 'pg-service-college-business-economics-finance', 'pg-service-college-business-economics-finance-page-021', 'item-course-005653']",
True,Historical 1995 service catalog; contact institution or successor to verify.,1995,College — Business / Economics / Finance,pg-service-college-business-economics-finance,"Past, present, and future uses of plants",,"College independent-study course in Past, present, and future uses of plants. Credit: 4Q.",English,,"The Independent Study Catalog, 1995 structured course listing.",78,medium,text catalog parser,Postsecondary,need-education-postsecondary,71,,Introduction to business,1995,Weber State University,high,101,need-education,84,Education / Postsecondary / Business / Economics / Finance,15,pg-service-college-business-economics-finance-page-021,101,Introduction to business,item-course-005654,,"Verify the current institution, equivalent course, delivery method, tuition and accreditation.",COURSE-005654,service,Historical education service listing — current availability requires verification,historical_education_service,12,Historical availability uncertainty,Provisional heuristic; recalculate from User Profile and current service evidence.,The Independent Study Catalog 1995.pdf,English,,101,The Independent Study Catalog,SRC-EDU-ISC-1995,,Weber State University,"Institution: Weber State University; level: College; department: Past, present, and future uses of plants; credit: 4Q; division: L",42,Introduction to business,,pg-service-college-business-economics-finance,"['human-consumer', 'human-needs', 'need-education', 'need-education-postsecondary', 'pg-service-college-business-economics-finance', 'pg-service-college-business-economics-finance-page-021', 'item-course-005654']",
True,Historical 1995 service catalog; contact institution or successor to verify.,1995,College — Science / Environment,pg-service-college-science-environment,Chemistry,,College independent-study course in Chemistry. Credit: 5Q.,English,,"The Independent Study Catalog, 1995 structured course listing.",78,medium,text catalog parser,Postsecondary,need-education-postsecondary,73,,Introduction to chemistry,1995,Weber State University,high,PS101,need-education,84,Education / Postsecondary / Science / Environment,15,pg-service-college-science-environment-page-011,PS101,Introduction to chemistry,item-course-005655,,"Verify the current institution, equivalent course, delivery method, tuition and accreditation.",COURSE-005655,service,Historical education service listing — current availability requires verification,historical_education_service,12,Historical availability uncertainty,Provisional heuristic; recalculate from User Profile and current service evidence.,The Independent Study Catalog 1995.pdf,English,,PS101,The Independent Study Catalog,SRC-EDU-ISC-1995,,Weber State University,Institution: Weber State University; level: College; department: Chemistry; credit: 5Q; division: L,42,Introduction to chemistry,,pg-service-college-science-environment,"['human-consumer', 'human-needs', 'need-education', 'need-education-postsecondary', 'pg-service-college-science-environment', 'pg-service-college-science-environment-page-011', 'item-course-005655']",
True,Historical 1995 service catalog; contact institution or successor to verify.,1995,College — Psychology / Sociology / Human Services,pg-service-college-psychology-sociology-human-services,Child and Family Studies,,College independent-study course in Child and Family Studies. Credit: 5Q.,English,,"The Independent Study Catalog, 1995 structured course listing.",78,medium,text catalog parser,Postsecondary,need-education-postsecondary,71,,Human development,1995,Weber State University,high,SSI 50,need-education,84,Education / Postsecondary / Psychology / Sociology / Human Services,15,pg-service-college-psychology-sociology-human-services-page-010,SSI 50,Human development,item-course-005656,,"Verify the current institution, equivalent course, delivery method, tuition and accreditation.",COURSE-005656,service,Historical education service listing — current availability requires verification,historical_education_service,12,Historical availability uncertainty,Provisional heuristic; recalculate from User Profile and current service evidence.,The Independent Study Catalog 1995.pdf,English,,SSI 50,The Independent Study Catalog,SRC-EDU-ISC-1995,,Weber State University,Institution: Weber State University; level: College; department: Child and Family Studies; credit: 5Q; division: L,42,Human development,,pg-service-college-psychology-sociology-human-services,"['human-consumer', 'human-needs', 'need-education', 'need-education-postsecondary', 'pg-service-college-psychology-sociology-human-services', 'pg-service-college-psychology-sociology-human-services-page-010', 'item-course-005656']",
True,Historical 1995 service catalog; contact institution or successor to verify.,1995,College — General / Interdisciplinary,pg-service-college-general-interdisciplinary,Criminal Justice,,College independent-study course in Criminal Justice. Credit: 5Q.,English,,"The Independent Study Catalog, 1995 structured course listing.",78,medium,text catalog parser,Postsecondary,need-education-postsecondary,69,,Criminal justice,1995,Weber State University,high,SSI 01,need-education,84,Education / Postsecondary / General / Interdisciplinary,15,pg-service-college-general-interdisciplinary-page-013,SSI 01,Criminal justice,item-course-005657,,"Verify the current institution, equivalent course, delivery method, tuition and accreditation.",COURSE-005657,service,Historical education service listing — current availability requires verification,historical_education_service,12,Historical availability uncertainty,Provisional heuristic; recalculate from User Profile and current service evidence.,The Independent Study Catalog 1995.pdf,English,,SSI 01,The Independent Study Catalog,SRC-EDU-ISC-1995,,Weber State University,Institution: Weber State University; level: College; department: Criminal Justice; credit: 5Q; division: L,42,Criminal justice,,pg-service-college-general-interdisciplinary,"['human-consumer', 'human-needs', 'need-education', 'need-education-postsecondary', 'pg-service-college-general-interdisciplinary', 'pg-service-college-general-interdisciplinary-page-013', 'item-course-005657']",
True,Historical 1995 service catalog; contact institution or successor to verify.,1995,College — English / Communication / Journalism,pg-service-college-english-communication-journalism,English,,College independent-study course in English. Credit: 4Q.,English,,"The Independent Study Catalog, 1995 structured course listing.",78,medium,text catalog parser,Postsecondary,need-education-postsecondary,70,,College writing,1995,Weber State University,high,EN111,need-education,84,Education / Postsecondary / English / Communication / Journalism,15,pg-service-college-english-communication-journalism-page-013,EN111,College writing,item-course-005658,,"Verify the current institution, equivalent course, delivery method, tuition and accreditation.",COURSE-005658,service,Historical education service listing — current availability requires verification,historical_education_service,12,Historical availability uncertainty,Provisional heuristic; recalculate from User Profile and current service evidence.,The Independent Study Catalog 1995.pdf,English,,EN111,The Independent Study Catalog,SRC-EDU-ISC-1995,,Weber State University,Institution: Weber State University; level: College; department: English; credit: 4Q; division: L,42,College writing,,pg-service-college-english-communication-journalism,"['human-consumer', 'human-needs', 'need-education', 'need-education-postsecondary', 'pg-service-college-english-communication-journalism', 'pg-service-college-english-communication-journalism-page-013', 'item-course-005658']",
True,Historical 1995 service catalog; contact institution or successor to verify.,1995,College — English / Communication / Journalism,pg-service-college-english-communication-journalism,English,,College independent-study course in English. Credit: 4Q.,English,,"The Independent Study Catalog, 1995 structured course listing.",78,medium,text catalog parser,Postsecondary,need-education-postsecondary,69,,College writing,1995,Weber State University,high,EN112,need-education,84,Education / Postsecondary / English / Communication / Journalism,15,pg-service-college-english-communication-journalism-page-013,EN112,College writing,item-course-005659,,"Verify the current institution, equivalent course, delivery method, tuition and accreditation.",COURSE-005659,service,Historical education service listing — current availability requires verification,historical_education_service,12,Historical availability uncertainty,Provisional heuristic; recalculate from User Profile and current service evidence.,The Independent Study Catalog 1995.pdf,English,,EN112,The Independent Study Catalog,SRC-EDU-ISC-1995,,Weber State University,Institution: Weber State University; level: College; department: English; credit: 4Q; division: L,42,College writing,,pg-service-college-english-communication-journalism,"['human-consumer', 'human-needs', 'need-education', 'need-education-postsecondary', 'pg-service-college-english-communication-journalism', 'pg-service-college-english-communication-journalism-page-013', 'item-course-005659']",
True,Historical 1995 service catalog; contact institution or successor to verify.,1995,College — English / Communication / Journalism,pg-service-college-english-communication-journalism,English,,College independent-study course in English. Credit: 3Q.,English,,"The Independent Study Catalog, 1995 structured course listing.",78,medium,text catalog parser,Postsecondary,need-education-postsecondary,70,,Developmental writing level,1995,Weber State University,high,II 096A,need-education,84,Education / Postsecondary / English / Communication / Journalism,15,pg-service-college-english-communication-journalism-page-013,II 096A,Developmental writing level,item-course-005660,,"Verify the current institution, equivalent course, delivery method, tuition and accreditation.",COURSE-005660,service,Historical education service listing — current availability requires verification,historical_education_service,12,Historical availability uncertainty,Provisional heuristic; recalculate from User Profile and current service evidence.,The Independent Study Catalog 1995.pdf,English,,II 096A,The Independent Study Catalog,SRC-EDU-ISC-1995,,Weber State University,Institution: Weber State University; level: College; department: English; credit: 3Q; division: L,42,Developmental writing level,,pg-service-college-english-communication-journalism,"['human-consumer', 'human-needs', 'need-education', 'need-education-postsecondary', 'pg-service-college-english-communication-journalism', 'pg-service-college-english-communication-journalism-page-013', 'item-course-005660']",
True,Historical 1995 service catalog; contact institution or successor to verify.,1995,College — English / Communication / Journalism,pg-service-college-english-communication-journalism,English,,College independent-study course in English. Credit: 3Q.,English,,"The Independent Study Catalog, 1995 structured course listing.",78,medium,text catalog parser,Postsecondary,need-education-postsecondary,79,,Fiction writing,1995,Weber State University,high,225,need-education,84,Education / Postsecondary / English / Communication / Journalism,15,pg-service-college-english-communication-journalism-page-013,225,Fiction writing,item-course-005661,,"Verify the current institution, equivalent course, delivery method, tuition and accreditation.",COURSE-005661,service,Historical education service listing — current availability requires verification,historical_education_service,12,Historical availability uncertainty,Provisional heuristic; recalculate from User Profile and current service evidence.,The Independent Study Catalog 1995.pdf,English,,225,The Independent Study Catalog,SRC-EDU-ISC-1995,,Weber State University,Institution: Weber State University; level: College; department: English; credit: 3Q; division: L,42,Fiction writing,,pg-service-college-english-communication-journalism,"['human-consumer', 'human-needs', 'need-education', 'need-education-postsecondary', 'pg-service-college-english-communication-journalism', 'pg-service-college-english-communication-journalism-page-013', 'item-course-005661']",
True,Historical 1995 service catalog; contact institution or successor to verify.,1995,College — English / Communication / Journalism,pg-service-college-english-communication-journalism,English,,College independent-study course in English. Credit: 3Q.,English,,"The Independent Study Catalog, 1995 structured course listing.",78,medium,text catalog parser,Postsecondary,need-education-postsecondary,80,,Introduction to fiction,1995,Weber State University,high,HL232,need-education,84,Education / Postsecondary / English / Communication / Journalism,15,pg-service-college-english-communication-journalism-page-013,HL232,Introduction to fiction,item-course-005662,,"Verify the current institution, equivalent course, delivery method, tuition and accreditation.",COURSE-005662,service,Historical education service listing — current availability requires verification,historical_education_service,12,Historical availability uncertainty,Provisional heuristic; recalculate from User Profile and current service evidence.,The Independent Study Catalog 1995.pdf,English,,HL232,The Independent Study Catalog,SRC-EDU-ISC-1995,,Weber State University,Institution: Weber State University; level: College; department: English; credit: 3Q; division: L,42,Introduction to fiction,,pg-service-college-english-communication-journalism,"['human-consumer', 'human-needs', 'need-education', 'need-education-postsecondary', 'pg-service-college-english-communication-journalism', 'pg-service-college-english-communication-journalism-page-013', 'item-course-005662']",
True,Historical 1995 service catalog; contact institution or successor to verify.,1995,College — English / Communication / Journalism,pg-service-college-english-communication-journalism,English,,College independent-study course in English. Credit: 3Q.,English,,"The Independent Study Catalog, 1995 structured course listing.",78,medium,text catalog parser,Postsecondary,need-education-postsecondary,76,,Technical writing,1995,Weber State University,high,210,need-education,84,Education / Postsecondary / English / Communication / Journalism,15,pg-service-college-english-communication-journalism-page-013,210,Technical writing,item-course-005663,,"Verify the current institution, equivalent course, delivery method, tuition and accreditation.",COURSE-005663,service,Historical education service listing — current availability requires verification,historical_education_service,12,Historical availability uncertainty,Provisional heuristic; recalculate from User Profile and current service evidence.,The Independent Study Catalog 1995.pdf,English,,210,The Independent Study Catalog,SRC-EDU-ISC-1995,,Weber State University,Institution: Weber State University; level: College; department: English; credit: 3Q; division: L,42,Technical writing,,pg-service-college-english-communication-journalism,"['human-consumer', 'human-needs', 'need-education', 'need-education-postsecondary', 'pg-service-college-english-communication-journalism', 'pg-service-college-english-communication-journalism-page-013', 'item-course-005663']",
True,Historical 1995 service catalog; contact institution or successor to verify.,1995,College — English / Communication / Journalism,pg-service-college-english-communication-journalism,English,,College independent-study course in English. Credit: 2Q.,English,,"The Independent Study Catalog, 1995 structured course listing.",78,medium,text catalog parser,Postsecondary,need-education-postsecondary,80,,Vocabulary building,1995,Weber State University,high,107,need-education,84,Education / Postsecondary / English / Communication / Journalism,15,pg-service-college-english-communication-journalism-page-013,107,Vocabulary building,item-course-005664,,"Verify the current institution, equivalent course, delivery method, tuition and accreditation.",COURSE-005664,service,Historical education service listing — current availability requires verification,historical_education_service,12,Historical availability uncertainty,Provisional heuristic; recalculate from User Profile and current service evidence.,The Independent Study Catalog 1995.pdf,English,,107,The Independent Study Catalog,SRC-EDU-ISC-1995,,Weber State University,Institution: Weber State University; level: College; department: English; credit: 2Q; division: L,42,Vocabulary building,,pg-service-college-english-communication-journalism,"['human-consumer', 'human-needs', 'need-education', 'need-education-postsecondary', 'pg-service-college-english-communication-journalism', 'pg-service-college-english-communication-journalism-page-013', 'item-course-005664']",
True,Historical 1995 service catalog; contact institution or successor to verify.,1995,College — Business / Economics / Finance,pg-service-college-business-economics-finance,Finance,,College independent-study course in Finance. Credit: 4Q.,English,,"The Independent Study Catalog, 1995 structured course listing.",78,medium,text catalog parser,Postsecondary,need-education-postsecondary,72,,Personal finance,1995,Weber State University,high,PD101,need-education,84,Education / Postsecondary / Business / Economics / Finance,15,pg-service-college-business-economics-finance-page-021,PD101,Personal finance,item-course-005665,,"Verify the current institution, equivalent course, delivery method, tuition and accreditation.",COURSE-005665,service,Historical education service listing — current availability requires verification,historical_education_service,12,Historical availability uncertainty,Provisional heuristic; recalculate from User Profile and current service evidence.,The Independent Study Catalog 1995.pdf,English,,PD101,The Independent Study Catalog,SRC-EDU-ISC-1995,,Weber State University,Institution: Weber State University; level: College; department: Finance; credit: 4Q; division: L,42,Personal finance,,pg-service-college-business-economics-finance,"['human-consumer', 'human-needs', 'need-education', 'need-education-postsecondary', 'pg-service-college-business-economics-finance', 'pg-service-college-business-economics-finance-page-021', 'item-course-005665']",
True,Historical 1995 service catalog; contact institution or successor to verify.,1995,College — History / Geography / Government / Law,pg-service-college-history-geography-government-law,Geography,,College independent-study course in Geography. Credit: 4Q.,English,,"The Independent Study Catalog, 1995 structured course listing.",78,medium,text catalog parser,Postsecondary,need-education-postsecondary,79,,Introduction to meteorology,1995,Weber State University,high,PS113,need-education,84,Education / Postsecondary / History / Geography / Government / Law,15,pg-service-college-history-geography-government-law-page-010,PS113,Introduction to meteorology,item-course-005666,,"Verify the current institution, equivalent course, delivery method, tuition and accreditation.",COURSE-005666,service,Historical education service listing — current availability requires verification,historical_education_service,12,Historical availability uncertainty,Provisional heuristic; recalculate from User Profile and current service evidence.,The Independent Study Catalog 1995.pdf,English,,PS113,The Independent Study Catalog,SRC-EDU-ISC-1995,,Weber State University,Institution: Weber State University; level: College; department: Geography; credit: 4Q; division: L,42,Introduction to meteorology,,pg-service-college-history-geography-government-law,"['human-consumer', 'human-needs', 'need-education', 'need-education-postsecondary', 'pg-service-college-history-geography-government-law', 'pg-service-college-history-geography-government-law-page-010', 'item-course-005666']",
True,Historical 1995 service catalog; contact institution or successor to verify.,1995,College — History / Geography / Government / Law,pg-service-college-history-geography-government-law,Geography,,College independent-study course in Geography. Credit: 5Q.,English,,"The Independent Study Catalog, 1995 structured course listing.",78,medium,text catalog parser,Postsecondary,need-education-postsecondary,68,,Physical geography,1995,Weber State University,high,PS101,need-education,84,Education / Postsecondary / History / Geography / Government / Law,15,pg-service-college-history-geography-government-law-page-010,PS101,Physical geography,item-course-005667,,"Verify the current institution, equivalent course, delivery method, tuition and accreditation.",COURSE-005667,service,Historical education service listing — current availability requires verification,historical_education_service,12,Historical availability uncertainty,Provisional heuristic; recalculate from User Profile and current service evidence.,The Independent Study Catalog 1995.pdf,English,,PS101,The Independent Study Catalog,SRC-EDU-ISC-1995,,Weber State University,Institution: Weber State University; level: College; department: Geography; credit: 5Q; division: L,42,Physical geography,,pg-service-college-history-geography-government-law,"['human-consumer', 'human-needs', 'need-education', 'need-education-postsecondary', 'pg-service-college-history-geography-government-law', 'pg-service-college-history-geography-government-law-page-010', 'item-course-005667']",
True,Historical 1995 service catalog; contact institution or successor to verify.,1995,College — Science / Environment,pg-service-college-science-environment,Health Sciences,,College independent-study course in Health Sciences. Credit: 5Q.,English,,"The Independent Study Catalog, 1995 structured course listing.",78,medium,text catalog parser,Postsecondary,need-education-postsecondary,77,,Pathology for paramedics,1995,Weber State University,high,115,need-education,84,Education / Postsecondary / Science / Environment,15,pg-service-college-science-environment-page-011,115,Pathology for paramedics,item-course-005668,,"Verify the current institution, equivalent course, delivery method, tuition and accreditation.",COURSE-005668,service,Historical education service listing — current availability requires verification,historical_education_service,12,Historical availability uncertainty,Provisional heuristic; recalculate from User Profile and current service evidence.,The Independent Study Catalog 1995.pdf,English,,115,The Independent Study Catalog,SRC-EDU-ISC-1995,,Weber State University,Institution: Weber State University; level: College; department: Health Sciences; credit: 5Q; division: L,42,Pathology for paramedics,,pg-service-college-science-environment,"['human-consumer', 'human-needs', 'need-education', 'need-education-postsecondary', 'pg-service-college-science-environment', 'pg-service-college-science-environment-page-011', 'item-course-005668']",
True,Historical 1995 service catalog; contact institution or successor to verify.,1995,College — Science / Environment,pg-service-college-science-environment,Health Sciences,,College independent-study course in Health Sciences. Credit: 4Q.,English,,"The Independent Study Catalog, 1995 structured course listing.",78,medium,text catalog parser,Postsecondary,need-education-postsecondary,74,,Pathophysiology,1995,Weber State University,high,230,need-education,84,Education / Postsecondary / Science / Environment,15,pg-service-college-science-environment-page-011,230,Pathophysiology,item-course-005669,,"Verify the current institution, equivalent course, delivery method, tuition and accreditation.",COURSE-005669,service,Historical education service listing — current availability requires verification,historical_education_service,12,Historical availability uncertainty,Provisional heuristic; recalculate from User Profile and current service evidence.,The Independent Study Catalog 1995.pdf,English,,230,The Independent Study Catalog,SRC-EDU-ISC-1995,,Weber State University,Institution: Weber State University; level: College; department: Health Sciences; credit: 4Q; division: L,42,Pathophysiology,,pg-service-college-science-environment,"['human-consumer', 'human-needs', 'need-education', 'need-education-postsecondary', 'pg-service-college-science-environment', 'pg-service-college-science-environment-page-011', 'item-course-005669']",
True,Historical 1995 service catalog; contact institution or successor to verify.,1995,College — Health / Nursing / Emergency Services,pg-service-college-health-nursing-emergency-services,"Health, Physical Education, and Recreation",,"College independent-study course in Health, Physical Education, and Recreation. Credit: 2Q.",English,,"The Independent Study Catalog, 1995 structured course listing.",78,medium,text catalog parser,Postsecondary,need-education-postsecondary,68,,Fitness for life concepts,1995,Weber State University,high,108,need-education,84,Education / Postsecondary / Health / Nursing / Emergency Services,15,pg-service-college-health-nursing-emergency-services-page-004,108,Fitness for life concepts,item-course-005670,,"Verify the current institution, equivalent course, delivery method, tuition and accreditation.",COURSE-005670,service,Historical education service listing — current availability requires verification,historical_education_service,12,Historical availability uncertainty,Provisional heuristic; recalculate from User Profile and current service evidence.,The Independent Study Catalog 1995.pdf,English,,108,The Independent Study Catalog,SRC-EDU-ISC-1995,,Weber State University,"Institution: Weber State University; level: College; department: Health, Physical Education, and Recreation; credit: 2Q; division: L",42,Fitness for life concepts,,pg-service-college-health-nursing-emergency-services,"['human-consumer', 'human-needs', 'need-education', 'need-education-postsecondary', 'pg-service-college-health-nursing-emergency-services', 'pg-service-college-health-nursing-emergency-services-page-004', 'item-course-005670']",
True,Historical 1995 service catalog; contact institution or successor to verify.,1995,College — Health / Nursing / Emergency Services,pg-service-college-health-nursing-emergency-services,"Health, Physical Education, and Recreation",,"College independent-study course in Health, Physical Education, and Recreation. Credit: 2Q.",English,,"The Independent Study Catalog, 1995 structured course listing.",78,medium,text catalog parser,Postsecondary,need-education-postsecondary,73,,Healthy lifestyles,1995,Weber State University,high,HE101,need-education,84,Education / Postsecondary / Health / Nursing / Emergency Services,15,pg-service-college-health-nursing-emergency-services-page-004,HE101,Healthy lifestyles,item-course-005671,,"Verify the current institution, equivalent course, delivery method, tuition and accreditation.",COURSE-005671,service,Historical education service listing — current availability requires verification,historical_education_service,12,Historical availability uncertainty,Provisional heuristic; recalculate from User Profile and current service evidence.,The Independent Study Catalog 1995.pdf,English,,HE101,The Independent Study Catalog,SRC-EDU-ISC-1995,,Weber State University,"Institution: Weber State University; level: College; department: Health, Physical Education, and Recreation; credit: 2Q; division: L",42,Healthy lifestyles,,pg-service-college-health-nursing-emergency-services,"['human-consumer', 'human-needs', 'need-education', 'need-education-postsecondary', 'pg-service-college-health-nursing-emergency-services', 'pg-service-college-health-nursing-emergency-services-page-004', 'item-course-005671']",
True,Historical 1995 service catalog; contact institution or successor to verify.,1995,College — History / Geography / Government / Law,pg-service-college-history-geography-government-law,History,,College independent-study course in History. Credit: 5Q.,English,,"The Independent Study Catalog, 1995 structured course listing.",78,medium,text catalog parser,Postsecondary,need-education-postsecondary,74,,American civilization,1995,Weber State University,high,SSI 70,need-education,84,Education / Postsecondary / History / Geography / Government / Law,15,pg-service-college-history-geography-government-law-page-010,SSI 70,American civilization,item-course-005672,,"Verify the current institution, equivalent course, delivery method, tuition and accreditation.",COURSE-005672,service,Historical education service listing — current availability requires verification,historical_education_service,12,Historical availability uncertainty,Provisional heuristic; recalculate from User Profile and current service evidence.,The Independent Study Catalog 1995.pdf,English,,SSI 70,The Independent Study Catalog,SRC-EDU-ISC-1995,,Weber State University,Institution: Weber State University; level: College; department: History; credit: 5Q; division: L,42,American civilization,,pg-service-college-history-geography-government-law,"['human-consumer', 'human-needs', 'need-education', 'need-education-postsecondary', 'pg-service-college-history-geography-government-law', 'pg-service-college-history-geography-government-law-page-010', 'item-course-005672']",
True,Historical 1995 service catalog; contact institution or successor to verify.,1995,College — History / Geography / Government / Law,pg-service-college-history-geography-government-law,History,,College independent-study course in History. Credit: 5Q.,English,,"The Independent Study Catalog, 1995 structured course listing.",78,medium,text catalog parser,Postsecondary,need-education-postsecondary,68,,History of Africa,1995,Weber State University,high,374,need-education,84,Education / Postsecondary / History / Geography / Government / Law,15,pg-service-college-history-geography-government-law-page-010,374,History of Africa,item-course-005673,,"Verify the current institution, equivalent course, delivery method, tuition and accreditation.",COURSE-005673,service,Historical education service listing — current availability requires verification,historical_education_service,12,Historical availability uncertainty,Provisional heuristic; recalculate from User Profile and current service evidence.,The Independent Study Catalog 1995.pdf,English,,374,The Independent Study Catalog,SRC-EDU-ISC-1995,,Weber State University,Institution: Weber State University; level: College; department: History; credit: 5Q; division: U,42,History of Africa,,pg-service-college-history-geography-government-law,"['human-consumer', 'human-needs', 'need-education', 'need-education-postsecondary', 'pg-service-college-history-geography-government-law', 'pg-service-college-history-geography-government-law-page-010', 'item-course-005673']",
True,Historical 1995 service catalog; contact institution or successor to verify.,1995,College — History / Geography / Government / Law,pg-service-college-history-geography-government-law,History,,College independent-study course in History. Credit: 5Q.,English,,"The Independent Study Catalog, 1995 structured course listing.",78,medium,text catalog parser,Postsecondary,need-education-postsecondary,76,,History of the Far East,1995,Weber State University,high,470,need-education,84,Education / Postsecondary / History / Geography / Government / Law,15,pg-service-college-history-geography-government-law-page-010,470,History of the Far East,item-course-005674,,"Verify the current institution, equivalent course, delivery method, tuition and accreditation.",COURSE-005674,service,Historical education service listing — current availability requires verification,historical_education_service,12,Historical availability uncertainty,Provisional heuristic; recalculate from User Profile and current service evidence.,The Independent Study Catalog 1995.pdf,English,,470,The Independent Study Catalog,SRC-EDU-ISC-1995,,Weber State University,Institution: Weber State University; level: College; department: History; credit: 5Q; division: U,42,History of the Far East,,pg-service-college-history-geography-government-law,"['human-consumer', 'human-needs', 'need-education', 'need-education-postsecondary', 'pg-service-college-history-geography-government-law', 'pg-service-college-history-geography-government-law-page-010', 'item-course-005674']",
True,Historical 1995 service catalog; contact institution or successor to verify.,1995,College — History / Geography / Government / Law,pg-service-college-history-geography-government-law,History,,College independent-study course in History. Credit: 5Q.,English,,"The Independent Study Catalog, 1995 structured course listing.",78,medium,text catalog parser,Postsecondary,need-education-postsecondary,79,,History of the Middle East,1995,Weber State University,high,473,need-education,84,Education / Postsecondary / History / Geography / Government / Law,15,pg-service-college-history-geography-government-law-page-010,473,History of the Middle East,item-course-005675,,"Verify the current institution, equivalent course, delivery method, tuition and accreditation.",COURSE-005675,service,Historical education service listing — current availability requires verification,historical_education_service,12,Historical availability uncertainty,Provisional heuristic; recalculate from User Profile and current service evidence.,The Independent Study Catalog 1995.pdf,English,,473,The Independent Study Catalog,SRC-EDU-ISC-1995,,Weber State University,Institution: Weber State University; level: College; department: History; credit: 5Q; division: U,42,History of the Middle East,,pg-service-college-history-geography-government-law,"['human-consumer', 'human-needs', 'need-education', 'need-education-postsecondary', 'pg-service-college-history-geography-government-law', 'pg-service-college-history-geography-government-law-page-010', 'item-course-005675']",
True,Historical 1995 service catalog; contact institution or successor to verify.,1995,College — History / Geography / Government / Law,pg-service-college-history-geography-government-law,History,,College independent-study course in History. Credit: 4Q.,English,,"The Independent Study Catalog, 1995 structured course listing.",78,medium,text catalog parser,Postsecondary,need-education-postsecondary,68,,"The history of world societies, 1400-1871",1995,Weber State University,high,SSI 02,need-education,84,Education / Postsecondary / History / Geography / Government / Law,15,pg-service-college-history-geography-government-law-page-010,SSI 02,"The history of world societies, 1400-1871",item-course-005676,,"Verify the current institution, equivalent course, delivery method, tuition and accreditation.",COURSE-005676,service,Historical education service listing — current availability requires verification,historical_education_service,12,Historical availability uncertainty,Provisional heuristic; recalculate from User Profile and current service evidence.,The Independent Study Catalog 1995.pdf,English,,SSI 02,The Independent Study Catalog,SRC-EDU-ISC-1995,,Weber State University,Institution: Weber State University; level: College; department: History; credit: 4Q; division: L,42,"The history of world societies, 1400-1871",,pg-service-college-history-geography-government-law,"['human-consumer', 'human-needs', 'need-education', 'need-education-postsecondary', 'pg-service-college-history-geography-government-law', 'pg-service-college-history-geography-government-law-page-010', 'item-course-005676']",
True,Historical 1995 service catalog; contact institution or successor to verify.,1995,College — History / Geography / Government / Law,pg-service-college-history-geography-government-law,History,,College independent-study course in History. Credit: 4Q.,English,,"The Independent Study Catalog, 1995 structured course listing.",78,medium,text catalog parser,Postsecondary,need-education-postsecondary,78,,"The history of world societies, 1871 to present",1995,Weber State University,high,SS103,need-education,84,Education / Postsecondary / History / Geography / Government / Law,15,pg-service-college-history-geography-government-law-page-010,SS103,"The history of world societies, 1871 to present",item-course-005677,,"Verify the current institution, equivalent course, delivery method, tuition and accreditation.",COURSE-005677,service,Historical education service listing — current availability requires verification,historical_education_service,12,Historical availability uncertainty,Provisional heuristic; recalculate from User Profile and current service evidence.,The Independent Study Catalog 1995.pdf,English,,SS103,The Independent Study Catalog,SRC-EDU-ISC-1995,,Weber State University,Institution: Weber State University; level: College; department: History; credit: 4Q; division: L,42,"The history of world societies, 1871 to present",,pg-service-college-history-geography-government-law,"['human-consumer', 'human-needs', 'need-education', 'need-education-postsecondary', 'pg-service-college-history-geography-government-law', 'pg-service-college-history-geography-government-law-page-010', 'item-course-005677']",
True,Historical 1995 service catalog; contact institution or successor to verify.,1995,College — General / Interdisciplinary,pg-service-college-general-interdisciplinary,General / Interdisciplinary,,College independent-study course in General / Interdisciplinary. Credit: 5Q.,English,,"The Independent Study Catalog, 1995 structured course listing.",78,medium,text catalog parser,Postsecondary,need-education-postsecondary,69,,Twentieth-century Europe,1995,Weber State University,high,433,need-education,84,Education / Postsecondary / General / Interdisciplinary,15,pg-service-college-general-interdisciplinary-page-013,433,Twentieth-century Europe,item-course-005678,,"Verify the current institution, equivalent course, delivery method, tuition and accreditation.",COURSE-005678,service,Historical education service listing — current availability requires verification,historical_education_service,12,Historical availability uncertainty,Provisional heuristic; recalculate from User Profile and current service evidence.,The Independent Study Catalog 1995.pdf,English,,433,The Independent Study Catalog,SRC-EDU-ISC-1995,,Weber State University,Institution: Weber State University; level: College; department: General / Interdisciplinary; credit: 5Q; division: U,42,Twentieth-century Europe,,pg-service-college-general-interdisciplinary,"['human-consumer', 'human-needs', 'need-education', 'need-education-postsecondary', 'pg-service-college-general-interdisciplinary', 'pg-service-college-general-interdisciplinary-page-013', 'item-course-005678']",
True,Historical 1995 service catalog; contact institution or successor to verify.,1995,College — History / Geography / Government / Law,pg-service-college-history-geography-government-law,General / Interdisciplinary,,College independent-study course in General / Interdisciplinary. Credit: 3Q.,English,,"The Independent Study Catalog, 1995 structured course listing.",78,medium,text catalog parser,Postsecondary,need-education-postsecondary,80,,Utah history,1995,Weber State University,high,428,need-education,84,Education / Postsecondary / History / Geography / Government / Law,15,pg-service-college-history-geography-government-law-page-010,428,Utah history,item-course-005679,,"Verify the current institution, equivalent course, delivery method, tuition and accreditation.",COURSE-005679,service,Historical education service listing — current availability requires verification,historical_education_service,12,Historical availability uncertainty,Provisional heuristic; recalculate from User Profile and current service evidence.,The Independent Study Catalog 1995.pdf,English,,428,The Independent Study Catalog,SRC-EDU-ISC-1995,,Weber State University,Institution: Weber State University; level: College; department: General / Interdisciplinary; credit: 3Q; division: U,42,Utah history,,pg-service-college-history-geography-government-law,"['human-consumer', 'human-needs', 'need-education', 'need-education-postsecondary', 'pg-service-college-history-geography-government-law', 'pg-service-college-history-geography-government-law-page-010', 'item-course-005679']",
True,Historical 1995 service catalog; contact institution or successor to verify.,1995,College — Arts / Music / Theatre,pg-service-college-arts-music-theatre,Interior Design,,College independent-study course in Interior Design. Credit: 4Q.,English,,"The Independent Study Catalog, 1995 structured course listing.",78,medium,text catalog parser,Postsecondary,need-education-postsecondary,80,,Design for living,1995,Weber State University,high,PD105,need-education,84,Education / Postsecondary / Arts / Music / Theatre,15,pg-service-college-arts-music-theatre-page-003,PD105,Design for living,item-course-005680,,"Verify the current institution, equivalent course, delivery method, tuition and accreditation.",COURSE-005680,service,Historical education service listing — current availability requires verification,historical_education_service,12,Historical availability uncertainty,Provisional heuristic; recalculate from User Profile and current service evidence.,The Independent Study Catalog 1995.pdf,English,,PD105,The Independent Study Catalog,SRC-EDU-ISC-1995,,Weber State University,Institution: Weber State University; level: College; department: Interior Design; credit: 4Q; division: L,42,Design for living,,pg-service-college-arts-music-theatre,"['human-consumer', 'human-needs', 'need-education', 'need-education-postsecondary', 'pg-service-college-arts-music-theatre', 'pg-service-college-arts-music-theatre-page-003', 'item-course-005680']",
True,Historical 1995 service catalog; contact institution or successor to verify.,1995,College — Mathematics / Statistics,pg-service-college-mathematics-statistics,Mathematics,,College independent-study course in Mathematics. Credit: 5Q.,English,,"The Independent Study Catalog, 1995 structured course listing.",78,medium,text catalog parser,Postsecondary,need-education-postsecondary,69,,College algebra,1995,Weber State University,high,107,need-education,84,Education / Postsecondary / Mathematics / Statistics,15,pg-service-college-mathematics-statistics-page-005,107,College algebra,item-course-005681,,"Verify the current institution, equivalent course, delivery method, tuition and accreditation.",COURSE-005681,service,Historical education service listing — current availability requires verification,historical_education_service,12,Historical availability uncertainty,Provisional heuristic; recalculate from User Profile and current service evidence.,The Independent Study Catalog 1995.pdf,English,,107,The Independent Study Catalog,SRC-EDU-ISC-1995,,Weber State University,Institution: Weber State University; level: College; department: Mathematics; credit: 5Q; division: L,42,College algebra,,pg-service-college-mathematics-statistics,"['human-consumer', 'human-needs', 'need-education', 'need-education-postsecondary', 'pg-service-college-mathematics-statistics', 'pg-service-college-mathematics-statistics-page-005', 'item-course-005681']",
True,Historical 1995 service catalog; contact institution or successor to verify.,1995,College — Arts / Music / Theatre,pg-service-college-arts-music-theatre,Music,,"College independent-study course in Music. Credit: 5Q, AC.",English,,"The Independent Study Catalog, 1995 structured course listing.",78,medium,text catalog parser,Postsecondary,need-education-postsecondary,73,,Introduction to music,1995,Weber State University,high,HU101,need-education,84,Education / Postsecondary / Arts / Music / Theatre,15,pg-service-college-arts-music-theatre-page-003,HU101,Introduction to music,item-course-005682,,"Verify the current institution, equivalent course, delivery method, tuition and accreditation.",COURSE-005682,service,Historical education service listing — current availability requires verification,historical_education_service,12,Historical availability uncertainty,Provisional heuristic; recalculate from User Profile and current service evidence.,The Independent Study Catalog 1995.pdf,English,,HU101,The Independent Study Catalog,SRC-EDU-ISC-1995,,Weber State University,"Institution: Weber State University; level: College; department: Music; credit: 5Q, AC; division: L",42,Introduction to music,,pg-service-college-arts-music-theatre,"['human-consumer', 'human-needs', 'need-education', 'need-education-postsecondary', 'pg-service-college-arts-music-theatre', 'pg-service-college-arts-music-theatre-page-003', 'item-course-005682']",
True,Historical 1995 service catalog; contact institution or successor to verify.,1995,College — General / Interdisciplinary,pg-service-college-general-interdisciplinary,Philosophy,,College independent-study course in Philosophy. Credit: 5Q.,English,,"The Independent Study Catalog, 1995 structured course listing.",78,medium,text catalog parser,Postsecondary,need-education-postsecondary,72,,Introduction to philosophy,1995,Weber State University,high,HU101,need-education,84,Education / Postsecondary / General / Interdisciplinary,15,pg-service-college-general-interdisciplinary-page-013,HU101,Introduction to philosophy,item-course-005683,,"Verify the current institution, equivalent course, delivery method, tuition and accreditation.",COURSE-005683,service,Historical education service listing — current availability requires verification,historical_education_service,12,Historical availability uncertainty,Provisional heuristic; recalculate from User Profile and current service evidence.,The Independent Study Catalog 1995.pdf,English,,HU101,The Independent Study Catalog,SRC-EDU-ISC-1995,,Weber State University,Institution: Weber State University; level: College; department: Philosophy; credit: 5Q; division: L,42,Introduction to philosophy,,pg-service-college-general-interdisciplinary,"['human-consumer', 'human-needs', 'need-education', 'need-education-postsecondary', 'pg-service-college-general-interdisciplinary', 'pg-service-college-general-interdisciplinary-page-013', 'item-course-005683']",
True,Historical 1995 service catalog; contact institution or successor to verify.,1995,College — Psychology / Sociology / Human Services,pg-service-college-psychology-sociology-human-services,Psychology,,College independent-study course in Psychology. Credit: 5Q.,English,,"The Independent Study Catalog, 1995 structured course listing.",78,medium,text catalog parser,Postsecondary,need-education-postsecondary,68,,Abnormal psychology,1995,Weber State University,high,345,need-education,84,Education / Postsecondary / Psychology / Sociology / Human Services,15,pg-service-college-psychology-sociology-human-services-page-010,345,Abnormal psychology,item-course-005684,,"Verify the current institution, equivalent course, delivery method, tuition and accreditation.",COURSE-005684,service,Historical education service listing — current availability requires verification,historical_education_service,12,Historical availability uncertainty,Provisional heuristic; recalculate from User Profile and current service evidence.,The Independent Study Catalog 1995.pdf,English,,345,The Independent Study Catalog,SRC-EDU-ISC-1995,,Weber State University,Institution: Weber State University; level: College; department: Psychology; credit: 5Q; division: U,42,Abnormal psychology,,pg-service-college-psychology-sociology-human-services,"['human-consumer', 'human-needs', 'need-education', 'need-education-postsecondary', 'pg-service-college-psychology-sociology-human-services', 'pg-service-college-psychology-sociology-human-services-page-010', 'item-course-005684']",
True,Historical 1995 service catalog; contact institution or successor to verify.,1995,College — Psychology / Sociology / Human Services,pg-service-college-psychology-sociology-human-services,Psychology,,College independent-study course in Psychology. Credit: 5Q.,English,,"The Independent Study Catalog, 1995 structured course listing.",78,medium,text catalog parser,Postsecondary,need-education-postsecondary,74,,Advanced general psychology,1995,Weber State University,high,400,need-education,84,Education / Postsecondary / Psychology / Sociology / Human Services,15,pg-service-college-psychology-sociology-human-services-page-010,400,Advanced general psychology,item-course-005685,,"Verify the current institution, equivalent course, delivery method, tuition and accreditation.",COURSE-005685,service,Historical education service listing — current availability requires verification,historical_education_service,12,Historical availability uncertainty,Provisional heuristic; recalculate from User Profile and current service evidence.,The Independent Study Catalog 1995.pdf,English,,400,The Independent Study Catalog,SRC-EDU-ISC-1995,,Weber State University,Institution: Weber State University; level: College; department: Psychology; credit: 5Q; division: U,42,Advanced general psychology,,pg-service-college-psychology-sociology-human-services,"['human-consumer', 'human-needs', 'need-education', 'need-education-postsecondary', 'pg-service-college-psychology-sociology-human-services', 'pg-service-college-psychology-sociology-human-services-page-010', 'item-course-005685']",
True,Historical 1995 service catalog; contact institution or successor to verify.,1995,College — English / Communication / Journalism,pg-service-college-english-communication-journalism,Interpersonal relations and communications,,College independent-study course in Interpersonal relations and communications. Credit: 5Q.,English,,"The Independent Study Catalog, 1995 structured course listing.",78,medium,text catalog parser,Postsecondary,need-education-postsecondary,68,,Introduction to psychology,1995,Weber State University,high,SSI 01,need-education,84,Education / Postsecondary / English / Communication / Journalism,15,pg-service-college-english-communication-journalism-page-013,SSI 01,Introduction to psychology,item-course-005686,,"Verify the current institution, equivalent course, delivery method, tuition and accreditation.",COURSE-005686,service,Historical education service listing — current availability requires verification,historical_education_service,12,Historical availability uncertainty,Provisional heuristic; recalculate from User Profile and current service evidence.,The Independent Study Catalog 1995.pdf,English,,SSI 01,The Independent Study Catalog,SRC-EDU-ISC-1995,,Weber State University,Institution: Weber State University; level: College; department: Interpersonal relations and communications; credit: 5Q; division: L,42,Introduction to psychology,,pg-service-college-english-communication-journalism,"['human-consumer', 'human-needs', 'need-education', 'need-education-postsecondary', 'pg-service-college-english-communication-journalism', 'pg-service-college-english-communication-journalism-page-013', 'item-course-005686']",
True,Historical 1995 service catalog; contact institution or successor to verify.,1995,College — English / Communication / Journalism,pg-service-college-english-communication-journalism,Interpersonal relations and communications,,College independent-study course in Interpersonal relations and communications. Credit: 3Q.,English,,"The Independent Study Catalog, 1995 structured course listing.",78,medium,text catalog parser,Postsecondary,need-education-postsecondary,69,,Psychology of adjustment,1995,Weber State University,high,154,need-education,84,Education / Postsecondary / English / Communication / Journalism,15,pg-service-college-english-communication-journalism-page-013,154,Psychology of adjustment,item-course-005687,,"Verify the current institution, equivalent course, delivery method, tuition and accreditation.",COURSE-005687,service,Historical education service listing — current availability requires verification,historical_education_service,12,Historical availability uncertainty,Provisional heuristic; recalculate from User Profile and current service evidence.,The Independent Study Catalog 1995.pdf,English,,154,The Independent Study Catalog,SRC-EDU-ISC-1995,,Weber State University,Institution: Weber State University; level: College; department: Interpersonal relations and communications; credit: 3Q; division: L,42,Psychology of adjustment,,pg-service-college-english-communication-journalism,"['human-consumer', 'human-needs', 'need-education', 'need-education-postsecondary', 'pg-service-college-english-communication-journalism', 'pg-service-college-english-communication-journalism-page-013', 'item-course-005687']",
True,Historical 1995 service catalog; contact institution or successor to verify.,1995,College — English / Communication / Journalism,pg-service-college-english-communication-journalism,Interpersonal relations and communications,,College independent-study course in Interpersonal relations and communications. Credit: 3Q.,English,,"The Independent Study Catalog, 1995 structured course listing.",78,medium,text catalog parser,Postsecondary,need-education-postsecondary,69,,Social psychology,1995,Weber State University,high,446,need-education,84,Education / Postsecondary / English / Communication / Journalism,15,pg-service-college-english-communication-journalism-page-013,446,Social psychology,item-course-005688,,"Verify the current institution, equivalent course, delivery method, tuition and accreditation.",COURSE-005688,service,Historical education service listing — current availability requires verification,historical_education_service,12,Historical availability uncertainty,Provisional heuristic; recalculate from User Profile and current service evidence.,The Independent Study Catalog 1995.pdf,English,,446,The Independent Study Catalog,SRC-EDU-ISC-1995,,Weber State University,Institution: Weber State University; level: College; department: Interpersonal relations and communications; credit: 3Q; division: U,42,Social psychology,,pg-service-college-english-communication-journalism,"['human-consumer', 'human-needs', 'need-education', 'need-education-postsecondary', 'pg-service-college-english-communication-journalism', 'pg-service-college-english-communication-journalism-page-013', 'item-course-005688']",
True,Historical 1995 service catalog; contact institution or successor to verify.,1995,College — English / Communication / Journalism,pg-service-college-english-communication-journalism,Interpersonal relations and communications,,College independent-study course in Interpersonal relations and communications. Credit: 3Q.,English,,"The Independent Study Catalog, 1995 structured course listing.",78,medium,text catalog parser,Postsecondary,need-education-postsecondary,69,,Theories of personality,1995,Weber State University,high,343,need-education,84,Education / Postsecondary / English / Communication / Journalism,15,pg-service-college-english-communication-journalism-page-013,343,Theories of personality,item-course-005689,,"Verify the current institution, equivalent course, delivery method, tuition and accreditation.",COURSE-005689,service,Historical education service listing — current availability requires verification,historical_education_service,12,Historical availability uncertainty,Provisional heuristic; recalculate from User Profile and current service evidence.,The Independent Study Catalog 1995.pdf,English,,343,The Independent Study Catalog,SRC-EDU-ISC-1995,,Weber State University,Institution: Weber State University; level: College; department: Interpersonal relations and communications; credit: 3Q; division: U,42,Theories of personality,,pg-service-college-english-communication-journalism,"['human-consumer', 'human-needs', 'need-education', 'need-education-postsecondary', 'pg-service-college-english-communication-journalism', 'pg-service-college-english-communication-journalism-page-013', 'item-course-005689']",
True,Historical 1995 service catalog; contact institution or successor to verify.,1995,College — Computing / Engineering / Technology,pg-service-college-computing-engineering-technology,Sales and Service Technology,,College independent-study course in Sales and Service Technology. Credit: 5Q.,English,,"The Independent Study Catalog, 1995 structured course listing.",78,medium,text catalog parser,Postsecondary,need-education-postsecondary,79,,Advertising methods,1995,Weber State University,high,244,need-education,84,Education / Postsecondary / Computing / Engineering / Technology,15,pg-service-college-computing-engineering-technology-page-004,244,Advertising methods,item-course-005690,,"Verify the current institution, equivalent course, delivery method, tuition and accreditation.",COURSE-005690,service,Historical education service listing — current availability requires verification,historical_education_service,12,Historical availability uncertainty,Provisional heuristic; recalculate from User Profile and current service evidence.,The Independent Study Catalog 1995.pdf,English,,244,The Independent Study Catalog,SRC-EDU-ISC-1995,,Weber State University,Institution: Weber State University; level: College; department: Sales and Service Technology; credit: 5Q; division: L,42,Advertising methods,,pg-service-college-computing-engineering-technology,"['human-consumer', 'human-needs', 'need-education', 'need-education-postsecondary', 'pg-service-college-computing-engineering-technology', 'pg-service-college-computing-engineering-technology-page-004', 'item-course-005690']",
True,Historical 1995 service catalog; contact institution or successor to verify.,1995,College — General / Interdisciplinary,pg-service-college-general-interdisciplinary,Commodity markets and futures trading,,"College independent-study course in Commodity markets and futures trading. Credit: 2S, VI.",English,,"The Independent Study Catalog, 1995 structured course listing.",78,medium,text catalog parser,Postsecondary,need-education-postsecondary,79,,Market logic,1995,Western Illinois University,high,459,need-education,84,Education / Postsecondary / General / Interdisciplinary,15,pg-service-college-general-interdisciplinary-page-013,459,Market logic,item-course-005691,,"Verify the current institution, equivalent course, delivery method, tuition and accreditation.",COURSE-005691,service,Historical education service listing — current availability requires verification,historical_education_service,12,Historical availability uncertainty,Provisional heuristic; recalculate from User Profile and current service evidence.,The Independent Study Catalog 1995.pdf,English,,459,The Independent Study Catalog,SRC-EDU-ISC-1995,,Western Illinois University,"Institution: Western Illinois University; level: College; department: Commodity markets and futures trading; credit: 2S, VI; division: U",42,Market logic,,pg-service-college-general-interdisciplinary,"['human-consumer', 'human-needs', 'need-education', 'need-education-postsecondary', 'pg-service-college-general-interdisciplinary', 'pg-service-college-general-interdisciplinary-page-013', 'item-course-005691']",
True,Historical 1995 service catalog; contact institution or successor to verify.,1995,College — Science / Environment,pg-service-college-science-environment,Biological Sciences,,"College independent-study course in Biological Sciences. Credit: 4S, LK, CI.",English,,"The Independent Study Catalog, 1995 structured course listing.",78,medium,text catalog parser,Postsecondary,need-education-postsecondary,77,,Human biology,1995,Western Illinois University,high,304,need-education,84,Education / Postsecondary / Science / Environment,15,pg-service-college-science-environment-page-012,304,Human biology,item-course-005692,,"Verify the current institution, equivalent course, delivery method, tuition and accreditation.",COURSE-005692,service,Historical education service listing — current availability requires verification,historical_education_service,12,Historical availability uncertainty,Provisional heuristic; recalculate from User Profile and current service evidence.,The Independent Study Catalog 1995.pdf,English,,304,The Independent Study Catalog,SRC-EDU-ISC-1995,,Western Illinois University,"Institution: Western Illinois University; level: College; department: Biological Sciences; credit: 4S, LK, CI; division: U",42,Human biology,,pg-service-college-science-environment,"['human-consumer', 'human-needs', 'need-education', 'need-education-postsecondary', 'pg-service-college-science-environment', 'pg-service-college-science-environment-page-012', 'item-course-005692']",
True,Historical 1995 service catalog; contact institution or successor to verify.,1995,College — Science / Environment,pg-service-college-science-environment,Biological Sciences,,"College independent-study course in Biological Sciences. Credit: 3S, VI.",English,,"The Independent Study Catalog, 1995 structured course listing.",78,medium,text catalog parser,Postsecondary,need-education-postsecondary,80,,Ichthyology,1995,Western Illinois University,high,414,need-education,84,Education / Postsecondary / Science / Environment,15,pg-service-college-science-environment-page-012,414,Ichthyology,item-course-005693,,"Verify the current institution, equivalent course, delivery method, tuition and accreditation.",COURSE-005693,service,Historical education service listing — current availability requires verification,historical_education_service,12,Historical availability uncertainty,Provisional heuristic; recalculate from User Profile and current service evidence.,The Independent Study Catalog 1995.pdf,English,,414,The Independent Study Catalog,SRC-EDU-ISC-1995,,Western Illinois University,"Institution: Western Illinois University; level: College; department: Biological Sciences; credit: 3S, VI; division: U",42,Ichthyology,,pg-service-college-science-environment,"['human-consumer', 'human-needs', 'need-education', 'need-education-postsecondary', 'pg-service-college-science-environment', 'pg-service-college-science-environment-page-012', 'item-course-005693']",
True,Historical 1995 service catalog; contact institution or successor to verify.,1995,College — Science / Environment,pg-service-college-science-environment,Biological Sciences,,College independent-study course in Biological Sciences. Credit: 3S.,English,,"The Independent Study Catalog, 1995 structured course listing.",78,medium,text catalog parser,Postsecondary,need-education-postsecondary,75,,Immunology,1995,Western Illinois University,high,434,need-education,84,Education / Postsecondary / Science / Environment,15,pg-service-college-science-environment-page-012,434,Immunology,item-course-005694,,"Verify the current institution, equivalent course, delivery method, tuition and accreditation.",COURSE-005694,service,Historical education service listing — current availability requires verification,historical_education_service,12,Historical availability uncertainty,Provisional heuristic; recalculate from User Profile and current service evidence.,The Independent Study Catalog 1995.pdf,English,,434,The Independent Study Catalog,SRC-EDU-ISC-1995,,Western Illinois University,Institution: Western Illinois University; level: College; department: Biological Sciences; credit: 3S; division: U,42,Immunology,,pg-service-college-science-environment,"['human-consumer', 'human-needs', 'need-education', 'need-education-postsecondary', 'pg-service-college-science-environment', 'pg-service-college-science-environment-page-012', 'item-course-005694']",
True,Historical 1995 service catalog; contact institution or successor to verify.,1995,College — Science / Environment,pg-service-college-science-environment,Biological Sciences,,"College independent-study course in Biological Sciences. Credit: 3S, VI, CI.",English,,"The Independent Study Catalog, 1995 structured course listing.",78,medium,text catalog parser,Postsecondary,need-education-postsecondary,75,,The biology of aging,1995,Western Illinois University,high,420,need-education,84,Education / Postsecondary / Science / Environment,15,pg-service-college-science-environment-page-012,420,The biology of aging,item-course-005695,,"Verify the current institution, equivalent course, delivery method, tuition and accreditation.",COURSE-005695,service,Historical education service listing — current availability requires verification,historical_education_service,12,Historical availability uncertainty,Provisional heuristic; recalculate from User Profile and current service evidence.,The Independent Study Catalog 1995.pdf,English,,420,The Independent Study Catalog,SRC-EDU-ISC-1995,,Western Illinois University,"Institution: Western Illinois University; level: College; department: Biological Sciences; credit: 3S, VI, CI; division: U",42,The biology of aging,,pg-service-college-science-environment,"['human-consumer', 'human-needs', 'need-education', 'need-education-postsecondary', 'pg-service-college-science-environment', 'pg-service-college-science-environment-page-012', 'item-course-005695']",
True,Historical 1995 service catalog; contact institution or successor to verify.,1995,College — English / Communication / Journalism,pg-service-college-english-communication-journalism,Communication,,College independent-study course in Communication. Credit: 3S.,English,,"The Independent Study Catalog, 1995 structured course listing.",78,medium,text catalog parser,Postsecondary,need-education-postsecondary,77,,Broadcasting and society,1995,Western Illinois University,high,323,need-education,84,Education / Postsecondary / English / Communication / Journalism,15,pg-service-college-english-communication-journalism-page-013,323,Broadcasting and society,item-course-005696,,"Verify the current institution, equivalent course, delivery method, tuition and accreditation.",COURSE-005696,service,Historical education service listing — current availability requires verification,historical_education_service,12,Historical availability uncertainty,Provisional heuristic; recalculate from User Profile and current service evidence.,The Independent Study Catalog 1995.pdf,English,,323,The Independent Study Catalog,SRC-EDU-ISC-1995,,Western Illinois University,Institution: Western Illinois University; level: College; department: Communication; credit: 3S; division: U,42,Broadcasting and society,,pg-service-college-english-communication-journalism,"['human-consumer', 'human-needs', 'need-education', 'need-education-postsecondary', 'pg-service-college-english-communication-journalism', 'pg-service-college-english-communication-journalism-page-013', 'item-course-005696']",
True,Historical 1995 service catalog; contact institution or successor to verify.,1995,College — Business / Economics / Finance,pg-service-college-business-economics-finance,Economics,,College independent-study course in Economics. Credit: 3S.,English,,"The Independent Study Catalog, 1995 structured course listing.",78,medium,text catalog parser,Postsecondary,need-education-postsecondary,75,,"Money, banking, and credit",1995,Western Illinois University,high,325,need-education,84,Education / Postsecondary / Business / Economics / Finance,15,pg-service-college-business-economics-finance-page-021,325,"Money, banking, and credit",item-course-005697,,"Verify the current institution, equivalent course, delivery method, tuition and accreditation.",COURSE-005697,service,Historical education service listing — current availability requires verification,historical_education_service,12,Historical availability uncertainty,Provisional heuristic; recalculate from User Profile and current service evidence.,The Independent Study Catalog 1995.pdf,English,,325,The Independent Study Catalog,SRC-EDU-ISC-1995,,Western Illinois University,Institution: Western Illinois University; level: College; department: Economics; credit: 3S; division: U,42,"Money, banking, and credit",,pg-service-college-business-economics-finance,"['human-consumer', 'human-needs', 'need-education', 'need-education-postsecondary', 'pg-service-college-business-economics-finance', 'pg-service-college-business-economics-finance-page-021', 'item-course-005697']",
True,Historical 1995 service catalog; contact institution or successor to verify.,1995,College — English / Communication / Journalism,pg-service-college-english-communication-journalism,English,,College independent-study course in English. Credit: 3S.,English,,"The Independent Study Catalog, 1995 structured course listing.",78,medium,text catalog parser,Postsecondary,need-education-postsecondary,68,,Modern English grammar,1995,Western Illinois University,high,370,need-education,84,Education / Postsecondary / English / Communication / Journalism,15,pg-service-college-english-communication-journalism-page-013,370,Modern English grammar,item-course-005698,,"Verify the current institution, equivalent course, delivery method, tuition and accreditation.",COURSE-005698,service,Historical education service listing — current availability requires verification,historical_education_service,12,Historical availability uncertainty,Provisional heuristic; recalculate from User Profile and current service evidence.,The Independent Study Catalog 1995.pdf,English,,370,The Independent Study Catalog,SRC-EDU-ISC-1995,,Western Illinois University,Institution: Western Illinois University; level: College; department: English; credit: 3S; division: U,42,Modern English grammar,,pg-service-college-english-communication-journalism,"['human-consumer', 'human-needs', 'need-education', 'need-education-postsecondary', 'pg-service-college-english-communication-journalism', 'pg-service-college-english-communication-journalism-page-013', 'item-course-005698']",
True,Historical 1995 service catalog; contact institution or successor to verify.,1995,College — English / Communication / Journalism,pg-service-college-english-communication-journalism,English,,"College independent-study course in English. Credit: 3S, AC, CI.",English,,"The Independent Study Catalog, 1995 structured course listing.",78,medium,text catalog parser,Postsecondary,need-education-postsecondary,78,,Modern drama,1995,Western Illinois University,high,360,need-education,84,Education / Postsecondary / English / Communication / Journalism,15,pg-service-college-english-communication-journalism-page-013,360,Modern drama,item-course-005699,,"Verify the current institution, equivalent course, delivery method, tuition and accreditation.",COURSE-005699,service,Historical education service listing — current availability requires verification,historical_education_service,12,Historical availability uncertainty,Provisional heuristic; recalculate from User Profile and current service evidence.,The Independent Study Catalog 1995.pdf,English,,360,The Independent Study Catalog,SRC-EDU-ISC-1995,,Western Illinois University,"Institution: Western Illinois University; level: College; department: English; credit: 3S, AC, CI; division: U",42,Modern drama,,pg-service-college-english-communication-journalism,"['human-consumer', 'human-needs', 'need-education', 'need-education-postsecondary', 'pg-service-college-english-communication-journalism', 'pg-service-college-english-communication-journalism-page-013', 'item-course-005699']",
True,Historical 1995 service catalog; contact institution or successor to verify.,1995,College — English / Communication / Journalism,pg-service-college-english-communication-journalism,English,,College independent-study course in English. Credit: 3S.,English,,"The Independent Study Catalog, 1995 structured course listing.",78,medium,text catalog parser,Postsecondary,need-education-postsecondary,77,,Personal nonfiction,1995,Western Illinois University,high,400,need-education,84,Education / Postsecondary / English / Communication / Journalism,15,pg-service-college-english-communication-journalism-page-013,400,Personal nonfiction,item-course-005700,,"Verify the current institution, equivalent course, delivery method, tuition and accreditation.",COURSE-005700,service,Historical education service listing — current availability requires verification,historical_education_service,12,Historical availability uncertainty,Provisional heuristic; recalculate from User Profile and current service evidence.,The Independent Study Catalog 1995.pdf,English,,400,The Independent Study Catalog,SRC-EDU-ISC-1995,,Western Illinois University,Institution: Western Illinois University; level: College; department: English; credit: 3S; division: U,42,Personal nonfiction,,pg-service-college-english-communication-journalism,"['human-consumer', 'human-needs', 'need-education', 'need-education-postsecondary', 'pg-service-college-english-communication-journalism', 'pg-service-college-english-communication-journalism-page-013', 'item-course-005700']",
True,Historical 1995 service catalog; contact institution or successor to verify.,1995,College — English / Communication / Journalism,pg-service-college-english-communication-journalism,English,,College independent-study course in English. Credit: 3S.,English,,"The Independent Study Catalog, 1995 structured course listing.",78,medium,text catalog parser,Postsecondary,need-education-postsecondary,78,,Scientific and technical writing,1995,Western Illinois University,high,381,need-education,84,Education / Postsecondary / English / Communication / Journalism,15,pg-service-college-english-communication-journalism-page-013,381,Scientific and technical writing,item-course-005701,,"Verify the current institution, equivalent course, delivery method, tuition and accreditation.",COURSE-005701,service,Historical education service listing — current availability requires verification,historical_education_service,12,Historical availability uncertainty,Provisional heuristic; recalculate from User Profile and current service evidence.,The Independent Study Catalog 1995.pdf,English,,381,The Independent Study Catalog,SRC-EDU-ISC-1995,,Western Illinois University,Institution: Western Illinois University; level: College; department: English; credit: 3S; division: U,42,Scientific and technical writing,,pg-service-college-english-communication-journalism,"['human-consumer', 'human-needs', 'need-education', 'need-education-postsecondary', 'pg-service-college-english-communication-journalism', 'pg-service-college-english-communication-journalism-page-013', 'item-course-005701']",
True,Historical 1995 service catalog; contact institution or successor to verify.,1995,College — English / Communication / Journalism,pg-service-college-english-communication-journalism,English,,College independent-study course in English. Credit: 3S.,English,,"The Independent Study Catalog, 1995 structured course listing.",78,medium,text catalog parser,Postsecondary,need-education-postsecondary,79,,Studies in American drama,1995,Western Illinois University,high,341,need-education,84,Education / Postsecondary / English / Communication / Journalism,15,pg-service-college-english-communication-journalism-page-014,341,Studies in American drama,item-course-005702,,"Verify the current institution, equivalent course, delivery method, tuition and accreditation.",COURSE-005702,service,Historical education service listing — current availability requires verification,historical_education_service,12,Historical availability uncertainty,Provisional heuristic; recalculate from User Profile and current service evidence.,The Independent Study Catalog 1995.pdf,English,,341,The Independent Study Catalog,SRC-EDU-ISC-1995,,Western Illinois University,Institution: Western Illinois University; level: College; department: English; credit: 3S; division: U,42,Studies in American drama,,pg-service-college-english-communication-journalism,"['human-consumer', 'human-needs', 'need-education', 'need-education-postsecondary', 'pg-service-college-english-communication-journalism', 'pg-service-college-english-communication-journalism-page-014', 'item-course-005702']",
True,Historical 1995 service catalog; contact institution or successor to verify.,1995,College — English / Communication / Journalism,pg-service-college-english-communication-journalism,Studies in nineteenth-century British,,College independent-study course in Studies in nineteenth-century British. Credit: 3S.,English,,"The Independent Study Catalog, 1995 structured course listing.",78,medium,text catalog parser,Postsecondary,need-education-postsecondary,70,,literature,1995,Western Illinois University,high,319,need-education,84,Education / Postsecondary / English / Communication / Journalism,15,pg-service-college-english-communication-journalism-page-013,319,literature,item-course-005703,,"Verify the current institution, equivalent course, delivery method, tuition and accreditation.",COURSE-005703,service,Historical education service listing — current availability requires verification,historical_education_service,12,Historical availability uncertainty,Provisional heuristic; recalculate from User Profile and current service evidence.,The Independent Study Catalog 1995.pdf,English,,319,The Independent Study Catalog,SRC-EDU-ISC-1995,,Western Illinois University,Institution: Western Illinois University; level: College; department: Studies in nineteenth-century British; credit: 3S; division: U,42,literature,,pg-service-college-english-communication-journalism,"['human-consumer', 'human-needs', 'need-education', 'need-education-postsecondary', 'pg-service-college-english-communication-journalism', 'pg-service-college-english-communication-journalism-page-013', 'item-course-005703']",
True,Historical 1995 service catalog; contact institution or successor to verify.,1995,College — English / Communication / Journalism,pg-service-college-english-communication-journalism,English and Journalism,,"College independent-study course in English and Journalism. Credit: 3S, AC.",English,,"The Independent Study Catalog, 1995 structured course listing.",78,medium,text catalog parser,Postsecondary,need-education-postsecondary,79,,Literature of the Americas,1995,Western Illinois University,high,400,need-education,84,Education / Postsecondary / English / Communication / Journalism,15,pg-service-college-english-communication-journalism-page-013,400,Literature of the Americas,item-course-005704,,"Verify the current institution, equivalent course, delivery method, tuition and accreditation.",COURSE-005704,service,Historical education service listing — current availability requires verification,historical_education_service,12,Historical availability uncertainty,Provisional heuristic; recalculate from User Profile and current service evidence.,The Independent Study Catalog 1995.pdf,English,,400,The Independent Study Catalog,SRC-EDU-ISC-1995,,Western Illinois University,"Institution: Western Illinois University; level: College; department: English and Journalism; credit: 3S, AC; division: U",42,Literature of the Americas,,pg-service-college-english-communication-journalism,"['human-consumer', 'human-needs', 'need-education', 'need-education-postsecondary', 'pg-service-college-english-communication-journalism', 'pg-service-college-english-communication-journalism-page-013', 'item-course-005704']",
True,Historical 1995 service catalog; contact institution or successor to verify.,1995,College — English / Communication / Journalism,pg-service-college-english-communication-journalism,English and Journalism,,"College independent-study course in English and Journalism. Credit: 3S, VI.",English,,"The Independent Study Catalog, 1995 structured course listing.",78,medium,text catalog parser,Postsecondary,need-education-postsecondary,69,,Reviewing and criticism,1995,Western Illinois University,high,405,need-education,84,Education / Postsecondary / English / Communication / Journalism,15,pg-service-college-english-communication-journalism-page-013,405,Reviewing and criticism,item-course-005705,,"Verify the current institution, equivalent course, delivery method, tuition and accreditation.",COURSE-005705,service,Historical education service listing — current availability requires verification,historical_education_service,12,Historical availability uncertainty,Provisional heuristic; recalculate from User Profile and current service evidence.,The Independent Study Catalog 1995.pdf,English,,405,The Independent Study Catalog,SRC-EDU-ISC-1995,,Western Illinois University,"Institution: Western Illinois University; level: College; department: English and Journalism; credit: 3S, VI; division: U",42,Reviewing and criticism,,pg-service-college-english-communication-journalism,"['human-consumer', 'human-needs', 'need-education', 'need-education-postsecondary', 'pg-service-college-english-communication-journalism', 'pg-service-college-english-communication-journalism-page-013', 'item-course-005705']",
True,Historical 1995 service catalog; contact institution or successor to verify.,1995,College — English / Communication / Journalism,pg-service-college-english-communication-journalism,English and Journalism,,"College independent-study course in English and Journalism. Credit: 3S, AC, VI.",English,,"The Independent Study Catalog, 1995 structured course listing.",78,medium,text catalog parser,Postsecondary,need-education-postsecondary,70,,Shakespeare,1995,Western Illinois University,high,412,need-education,84,Education / Postsecondary / English / Communication / Journalism,15,pg-service-college-english-communication-journalism-page-014,412,Shakespeare,item-course-005706,,"Verify the current institution, equivalent course, delivery method, tuition and accreditation.",COURSE-005706,service,Historical education service listing — current availability requires verification,historical_education_service,12,Historical availability uncertainty,Provisional heuristic; recalculate from User Profile and current service evidence.,The Independent Study Catalog 1995.pdf,English,,412,The Independent Study Catalog,SRC-EDU-ISC-1995,,Western Illinois University,"Institution: Western Illinois University; level: College; department: English and Journalism; credit: 3S, AC, VI; division: U",42,Shakespeare,,pg-service-college-english-communication-journalism,"['human-consumer', 'human-needs', 'need-education', 'need-education-postsecondary', 'pg-service-college-english-communication-journalism', 'pg-service-college-english-communication-journalism-page-014', 'item-course-005706']",
True,Historical 1995 service catalog; contact institution or successor to verify.,1995,College — English / Communication / Journalism,pg-service-college-english-communication-journalism,English and Journalism,,"College independent-study course in English and Journalism. Credit: 3S, VI.",English,,"The Independent Study Catalog, 1995 structured course listing.",78,medium,text catalog parser,Postsecondary,need-education-postsecondary,74,,Studies in American poetry,1995,Western Illinois University,high,335,need-education,84,Education / Postsecondary / English / Communication / Journalism,15,pg-service-college-english-communication-journalism-page-014,335,Studies in American poetry,item-course-005707,,"Verify the current institution, equivalent course, delivery method, tuition and accreditation.",COURSE-005707,service,Historical education service listing — current availability requires verification,historical_education_service,12,Historical availability uncertainty,Provisional heuristic; recalculate from User Profile and current service evidence.,The Independent Study Catalog 1995.pdf,English,,335,The Independent Study Catalog,SRC-EDU-ISC-1995,,Western Illinois University,"Institution: Western Illinois University; level: College; department: English and Journalism; credit: 3S, VI; division: U",42,Studies in American poetry,,pg-service-college-english-communication-journalism,"['human-consumer', 'human-needs', 'need-education', 'need-education-postsecondary', 'pg-service-college-english-communication-journalism', 'pg-service-college-english-communication-journalism-page-014', 'item-course-005707']",
True,Historical 1995 service catalog; contact institution or successor to verify.,1995,College — English / Communication / Journalism,pg-service-college-english-communication-journalism,Foreign Languages and Literatures,,"College independent-study course in Foreign Languages and Literatures. Credit: 4S, AC, VI.",English,,"The Independent Study Catalog, 1995 structured course listing.",78,medium,text catalog parser,Postsecondary,need-education-postsecondary,76,,Elementary French,1995,Western Illinois University,high,I 121,need-education,84,Education / Postsecondary / English / Communication / Journalism,15,pg-service-college-english-communication-journalism-page-013,I 121,Elementary French,item-course-005708,,"Verify the current institution, equivalent course, delivery method, tuition and accreditation.",COURSE-005708,service,Historical education service listing — current availability requires verification,historical_education_service,12,Historical availability uncertainty,Provisional heuristic; recalculate from User Profile and current service evidence.,The Independent Study Catalog 1995.pdf,English,,I 121,The Independent Study Catalog,SRC-EDU-ISC-1995,,Western Illinois University,"Institution: Western Illinois University; level: College; department: Foreign Languages and Literatures; credit: 4S, AC, VI; division: L",42,Elementary French,,pg-service-college-english-communication-journalism,"['human-consumer', 'human-needs', 'need-education', 'need-education-postsecondary', 'pg-service-college-english-communication-journalism', 'pg-service-college-english-communication-journalism-page-013', 'item-course-005708']",
True,Historical 1995 service catalog; contact institution or successor to verify.,1995,College — English / Communication / Journalism,pg-service-college-english-communication-journalism,Foreign Languages and Literatures,,"College independent-study course in Foreign Languages and Literatures. Credit: 4S, AC, VI.",English,,"The Independent Study Catalog, 1995 structured course listing.",78,medium,text catalog parser,Postsecondary,need-education-postsecondary,68,,Elementary French,1995,Western Illinois University,high,II 122,need-education,84,Education / Postsecondary / English / Communication / Journalism,15,pg-service-college-english-communication-journalism-page-013,II 122,Elementary French,item-course-005709,,"Verify the current institution, equivalent course, delivery method, tuition and accreditation.",COURSE-005709,service,Historical education service listing — current availability requires verification,historical_education_service,12,Historical availability uncertainty,Provisional heuristic; recalculate from User Profile and current service evidence.,The Independent Study Catalog 1995.pdf,English,,II 122,The Independent Study Catalog,SRC-EDU-ISC-1995,,Western Illinois University,"Institution: Western Illinois University; level: College; department: Foreign Languages and Literatures; credit: 4S, AC, VI; division: L",42,Elementary French,,pg-service-college-english-communication-journalism,"['human-consumer', 'human-needs', 'need-education', 'need-education-postsecondary', 'pg-service-college-english-communication-journalism', 'pg-service-college-english-communication-journalism-page-013', 'item-course-005709']",
True,Historical 1995 service catalog; contact institution or successor to verify.,1995,College — English / Communication / Journalism,pg-service-college-english-communication-journalism,Foreign Languages and Literatures,,"College independent-study course in Foreign Languages and Literatures. Credit: 4S, AC, VI.",English,,"The Independent Study Catalog, 1995 structured course listing.",78,medium,text catalog parser,Postsecondary,need-education-postsecondary,78,,Elementary Spanish,1995,Western Illinois University,high,I 121,need-education,84,Education / Postsecondary / English / Communication / Journalism,15,pg-service-college-english-communication-journalism-page-013,I 121,Elementary Spanish,item-course-005710,,"Verify the current institution, equivalent course, delivery method, tuition and accreditation.",COURSE-005710,service,Historical education service listing — current availability requires verification,historical_education_service,12,Historical availability uncertainty,Provisional heuristic; recalculate from User Profile and current service evidence.,The Independent Study Catalog 1995.pdf,English,,I 121,The Independent Study Catalog,SRC-EDU-ISC-1995,,Western Illinois University,"Institution: Western Illinois University; level: College; department: Foreign Languages and Literatures; credit: 4S, AC, VI; division: L",42,Elementary Spanish,,pg-service-college-english-communication-journalism,"['human-consumer', 'human-needs', 'need-education', 'need-education-postsecondary', 'pg-service-college-english-communication-journalism', 'pg-service-college-english-communication-journalism-page-013', 'item-course-005710']",
True,Historical 1995 service catalog; contact institution or successor to verify.,1995,College — English / Communication / Journalism,pg-service-college-english-communication-journalism,Foreign Languages and Literatures,,"College independent-study course in Foreign Languages and Literatures. Credit: 4S, AC, VI.",English,,"The Independent Study Catalog, 1995 structured course listing.",78,medium,text catalog parser,Postsecondary,need-education-postsecondary,76,,Elementary Spanish,1995,Western Illinois University,high,II 122,need-education,84,Education / Postsecondary / English / Communication / Journalism,15,pg-service-college-english-communication-journalism-page-013,II 122,Elementary Spanish,item-course-005711,,"Verify the current institution, equivalent course, delivery method, tuition and accreditation.",COURSE-005711,service,Historical education service listing — current availability requires verification,historical_education_service,12,Historical availability uncertainty,Provisional heuristic; recalculate from User Profile and current service evidence.,The Independent Study Catalog 1995.pdf,English,,II 122,The Independent Study Catalog,SRC-EDU-ISC-1995,,Western Illinois University,"Institution: Western Illinois University; level: College; department: Foreign Languages and Literatures; credit: 4S, AC, VI; division: L",42,Elementary Spanish,,pg-service-college-english-communication-journalism,"['human-consumer', 'human-needs', 'need-education', 'need-education-postsecondary', 'pg-service-college-english-communication-journalism', 'pg-service-college-english-communication-journalism-page-013', 'item-course-005711']",
True,Historical 1995 service catalog; contact institution or successor to verify.,1995,College — English / Communication / Journalism,pg-service-college-english-communication-journalism,Foreign Languages and Literatures,,"College independent-study course in Foreign Languages and Literatures. Credit: 3S, AC, VI.",English,,"The Independent Study Catalog, 1995 structured course listing.",78,medium,text catalog parser,Postsecondary,need-education-postsecondary,79,,Intermediate French,1995,Western Illinois University,high,I 223,need-education,84,Education / Postsecondary / English / Communication / Journalism,15,pg-service-college-english-communication-journalism-page-013,I 223,Intermediate French,item-course-005712,,"Verify the current institution, equivalent course, delivery method, tuition and accreditation.",COURSE-005712,service,Historical education service listing — current availability requires verification,historical_education_service,12,Historical availability uncertainty,Provisional heuristic; recalculate from User Profile and current service evidence.,The Independent Study Catalog 1995.pdf,English,,I 223,The Independent Study Catalog,SRC-EDU-ISC-1995,,Western Illinois University,"Institution: Western Illinois University; level: College; department: Foreign Languages and Literatures; credit: 3S, AC, VI; division: L",42,Intermediate French,,pg-service-college-english-communication-journalism,"['human-consumer', 'human-needs', 'need-education', 'need-education-postsecondary', 'pg-service-college-english-communication-journalism', 'pg-service-college-english-communication-journalism-page-013', 'item-course-005712']",
True,Historical 1995 service catalog; contact institution or successor to verify.,1995,College — English / Communication / Journalism,pg-service-college-english-communication-journalism,Foreign Languages and Literatures,,"College independent-study course in Foreign Languages and Literatures. Credit: 3S, AC, VI.",English,,"The Independent Study Catalog, 1995 structured course listing.",78,medium,text catalog parser,Postsecondary,need-education-postsecondary,76,,Intermediate French,1995,Western Illinois University,high,II 224,need-education,84,Education / Postsecondary / English / Communication / Journalism,15,pg-service-college-english-communication-journalism-page-013,II 224,Intermediate French,item-course-005713,,"Verify the current institution, equivalent course, delivery method, tuition and accreditation.",COURSE-005713,service,Historical education service listing — current availability requires verification,historical_education_service,12,Historical availability uncertainty,Provisional heuristic; recalculate from User Profile and current service evidence.,The Independent Study Catalog 1995.pdf,English,,II 224,The Independent Study Catalog,SRC-EDU-ISC-1995,,Western Illinois University,"Institution: Western Illinois University; level: College; department: Foreign Languages and Literatures; credit: 3S, AC, VI; division: L",42,Intermediate French,,pg-service-college-english-communication-journalism,"['human-consumer', 'human-needs', 'need-education', 'need-education-postsecondary', 'pg-service-college-english-communication-journalism', 'pg-service-college-english-communication-journalism-page-013', 'item-course-005713']",
True,Historical 1995 service catalog; contact institution or successor to verify.,1995,College — English / Communication / Journalism,pg-service-college-english-communication-journalism,Foreign Languages and Literatures,,"College independent-study course in Foreign Languages and Literatures. Credit: 3S, AC, VI.",English,,"The Independent Study Catalog, 1995 structured course listing.",78,medium,text catalog parser,Postsecondary,need-education-postsecondary,72,,Intermediate Spanish,1995,Western Illinois University,high,I 223,need-education,84,Education / Postsecondary / English / Communication / Journalism,15,pg-service-college-english-communication-journalism-page-013,I 223,Intermediate Spanish,item-course-005714,,"Verify the current institution, equivalent course, delivery method, tuition and accreditation.",COURSE-005714,service,Historical education service listing — current availability requires verification,historical_education_service,12,Historical availability uncertainty,Provisional heuristic; recalculate from User Profile and current service evidence.,The Independent Study Catalog 1995.pdf,English,,I 223,The Independent Study Catalog,SRC-EDU-ISC-1995,,Western Illinois University,"Institution: Western Illinois University; level: College; department: Foreign Languages and Literatures; credit: 3S, AC, VI; division: L",42,Intermediate Spanish,,pg-service-college-english-communication-journalism,"['human-consumer', 'human-needs', 'need-education', 'need-education-postsecondary', 'pg-service-college-english-communication-journalism', 'pg-service-college-english-communication-journalism-page-013', 'item-course-005714']",
True,Historical 1995 service catalog; contact institution or successor to verify.,1995,College — English / Communication / Journalism,pg-service-college-english-communication-journalism,Foreign Languages and Literatures,,"College independent-study course in Foreign Languages and Literatures. Credit: 3S, AC, VI.",English,,"The Independent Study Catalog, 1995 structured course listing.",78,medium,text catalog parser,Postsecondary,need-education-postsecondary,73,,Intermediate Spanish,1995,Western Illinois University,high,II 224,need-education,84,Education / Postsecondary / English / Communication / Journalism,15,pg-service-college-english-communication-journalism-page-013,II 224,Intermediate Spanish,item-course-005715,,"Verify the current institution, equivalent course, delivery method, tuition and accreditation.",COURSE-005715,service,Historical education service listing — current availability requires verification,historical_education_service,12,Historical availability uncertainty,Provisional heuristic; recalculate from User Profile and current service evidence.,The Independent Study Catalog 1995.pdf,English,,II 224,The Independent Study Catalog,SRC-EDU-ISC-1995,,Western Illinois University,"Institution: Western Illinois University; level: College; department: Foreign Languages and Literatures; credit: 3S, AC, VI; division: L",42,Intermediate Spanish,,pg-service-college-english-communication-journalism,"['human-consumer', 'human-needs', 'need-education', 'need-education-postsecondary', 'pg-service-college-english-communication-journalism', 'pg-service-college-english-communication-journalism-page-013', 'item-course-005715']",
True,Historical 1995 service catalog; contact institution or successor to verify.,1995,College — Science / Environment,pg-service-college-science-environment,Geography,,College independent-study course in Geography. Credit: 3S.,English,,"The Independent Study Catalog, 1995 structured course listing.",78,medium,text catalog parser,Postsecondary,need-education-postsecondary,73,,Astronomy,1995,Western Illinois University,high,325,need-education,84,Education / Postsecondary / Science / Environment,15,pg-service-college-science-environment-page-011,325,Astronomy,item-course-005716,,"Verify the current institution, equivalent course, delivery method, tuition and accreditation.",COURSE-005716,service,Historical education service listing — current availability requires verification,historical_education_service,12,Historical availability uncertainty,Provisional heuristic; recalculate from User Profile and current service evidence.,The Independent Study Catalog 1995.pdf,English,,325,The Independent Study Catalog,SRC-EDU-ISC-1995,,Western Illinois University,Institution: Western Illinois University; level: College; department: Geography; credit: 3S; division: U,42,Astronomy,,pg-service-college-science-environment,"['human-consumer', 'human-needs', 'need-education', 'need-education-postsecondary', 'pg-service-college-science-environment', 'pg-service-college-science-environment-page-011', 'item-course-005716']",
True,Historical 1995 service catalog; contact institution or successor to verify.,1995,College — History / Geography / Government / Law,pg-service-college-history-geography-government-law,Geography,,College independent-study course in Geography. Credit: 3S.,English,,"The Independent Study Catalog, 1995 structured course listing.",78,medium,text catalog parser,Postsecondary,need-education-postsecondary,79,,Climatology,1995,Western Illinois University,high,327,need-education,84,Education / Postsecondary / History / Geography / Government / Law,15,pg-service-college-history-geography-government-law-page-010,327,Climatology,item-course-005717,,"Verify the current institution, equivalent course, delivery method, tuition and accreditation.",COURSE-005717,service,Historical education service listing — current availability requires verification,historical_education_service,12,Historical availability uncertainty,Provisional heuristic; recalculate from User Profile and current service evidence.,The Independent Study Catalog 1995.pdf,English,,327,The Independent Study Catalog,SRC-EDU-ISC-1995,,Western Illinois University,Institution: Western Illinois University; level: College; department: Geography; credit: 3S; division: U,42,Climatology,,pg-service-college-history-geography-government-law,"['human-consumer', 'human-needs', 'need-education', 'need-education-postsecondary', 'pg-service-college-history-geography-government-law', 'pg-service-college-history-geography-government-law-page-010', 'item-course-005717']",
True,Historical 1995 service catalog; contact institution or successor to verify.,1995,College — Business / Economics / Finance,pg-service-college-business-economics-finance,Conservation and management of natural,,College independent-study course in Conservation and management of natural. Credit: 3S.,English,,"The Independent Study Catalog, 1995 structured course listing.",78,medium,text catalog parser,Postsecondary,need-education-postsecondary,73,,resources,1995,Western Illinois University,high,426,need-education,84,Education / Postsecondary / Business / Economics / Finance,15,pg-service-college-business-economics-finance-page-021,426,resources,item-course-005718,,"Verify the current institution, equivalent course, delivery method, tuition and accreditation.",COURSE-005718,service,Historical education service listing — current availability requires verification,historical_education_service,12,Historical availability uncertainty,Provisional heuristic; recalculate from User Profile and current service evidence.,The Independent Study Catalog 1995.pdf,English,,426,The Independent Study Catalog,SRC-EDU-ISC-1995,,Western Illinois University,Institution: Western Illinois University; level: College; department: Conservation and management of natural; credit: 3S; division: U,42,resources,,pg-service-college-business-economics-finance,"['human-consumer', 'human-needs', 'need-education', 'need-education-postsecondary', 'pg-service-college-business-economics-finance', 'pg-service-college-business-economics-finance-page-021', 'item-course-005718']",
True,Historical 1995 service catalog; contact institution or successor to verify.,1995,College — Science / Environment,pg-service-college-science-environment,Geology,,College independent-study course in Geology. Credit: 3S.,English,,"The Independent Study Catalog, 1995 structured course listing.",78,medium,text catalog parser,Postsecondary,need-education-postsecondary,79,,Environmental geology,1995,Western Illinois University,high,375,need-education,84,Education / Postsecondary / Science / Environment,15,pg-service-college-science-environment-page-012,375,Environmental geology,item-course-005719,,"Verify the current institution, equivalent course, delivery method, tuition and accreditation.",COURSE-005719,service,Historical education service listing — current availability requires verification,historical_education_service,12,Historical availability uncertainty,Provisional heuristic; recalculate from User Profile and current service evidence.,The Independent Study Catalog 1995.pdf,English,,375,The Independent Study Catalog,SRC-EDU-ISC-1995,,Western Illinois University,Institution: Western Illinois University; level: College; department: Geology; credit: 3S; division: U,42,Environmental geology,,pg-service-college-science-environment,"['human-consumer', 'human-needs', 'need-education', 'need-education-postsecondary', 'pg-service-college-science-environment', 'pg-service-college-science-environment-page-012', 'item-course-005719']",
True,Historical 1995 service catalog; contact institution or successor to verify.,1995,College — Science / Environment,pg-service-college-science-environment,Geology,,"College independent-study course in Geology. Credit: 3S, VI.",English,,"The Independent Study Catalog, 1995 structured course listing.",78,medium,text catalog parser,Postsecondary,need-education-postsecondary,79,,Minerals for modern society,1995,Western Illinois University,high,415,need-education,84,Education / Postsecondary / Science / Environment,15,pg-service-college-science-environment-page-012,415,Minerals for modern society,item-course-005720,,"Verify the current institution, equivalent course, delivery method, tuition and accreditation.",COURSE-005720,service,Historical education service listing — current availability requires verification,historical_education_service,12,Historical availability uncertainty,Provisional heuristic; recalculate from User Profile and current service evidence.,The Independent Study Catalog 1995.pdf,English,,415,The Independent Study Catalog,SRC-EDU-ISC-1995,,Western Illinois University,"Institution: Western Illinois University; level: College; department: Geology; credit: 3S, VI; division: U",42,Minerals for modern society,,pg-service-college-science-environment,"['human-consumer', 'human-needs', 'need-education', 'need-education-postsecondary', 'pg-service-college-science-environment', 'pg-service-college-science-environment-page-012', 'item-course-005720']",
True,Historical 1995 service catalog; contact institution or successor to verify.,1995,College — Science / Environment,pg-service-college-science-environment,Geology,,"College independent-study course in Geology. Credit: 3S, VI.",English,,"The Independent Study Catalog, 1995 structured course listing.",78,medium,text catalog parser,Postsecondary,need-education-postsecondary,72,,Planet Earth,1995,Western Illinois University,high,422,need-education,84,Education / Postsecondary / Science / Environment,15,pg-service-college-science-environment-page-012,422,Planet Earth,item-course-005721,,"Verify the current institution, equivalent course, delivery method, tuition and accreditation.",COURSE-005721,service,Historical education service listing — current availability requires verification,historical_education_service,12,Historical availability uncertainty,Provisional heuristic; recalculate from User Profile and current service evidence.,The Independent Study Catalog 1995.pdf,English,,422,The Independent Study Catalog,SRC-EDU-ISC-1995,,Western Illinois University,"Institution: Western Illinois University; level: College; department: Geology; credit: 3S, VI; division: U",42,Planet Earth,,pg-service-college-science-environment,"['human-consumer', 'human-needs', 'need-education', 'need-education-postsecondary', 'pg-service-college-science-environment', 'pg-service-college-science-environment-page-012', 'item-course-005721']",
True,Historical 1995 service catalog; contact institution or successor to verify.,1995,College — History / Geography / Government / Law,pg-service-college-history-geography-government-law,History,,College independent-study course in History. Credit: 6S.,English,,"The Independent Study Catalog, 1995 structured course listing.",78,medium,text catalog parser,Postsecondary,need-education-postsecondary,76,,Age of enlightenment,1995,Western Illinois University,high,421,need-education,84,Education / Postsecondary / History / Geography / Government / Law,15,pg-service-college-history-geography-government-law-page-010,421,Age of enlightenment,item-course-005722,,"Verify the current institution, equivalent course, delivery method, tuition and accreditation.",COURSE-005722,service,Historical education service listing — current availability requires verification,historical_education_service,12,Historical availability uncertainty,Provisional heuristic; recalculate from User Profile and current service evidence.,The Independent Study Catalog 1995.pdf,English,,421,The Independent Study Catalog,SRC-EDU-ISC-1995,,Western Illinois University,Institution: Western Illinois University; level: College; department: History; credit: 6S; division: U,42,Age of enlightenment,,pg-service-college-history-geography-government-law,"['human-consumer', 'human-needs', 'need-education', 'need-education-postsecondary', 'pg-service-college-history-geography-government-law', 'pg-service-college-history-geography-government-law-page-010', 'item-course-005722']",
True,Historical 1995 service catalog; contact institution or successor to verify.,1995,College — History / Geography / Government / Law,pg-service-college-history-geography-government-law,History,,College independent-study course in History. Credit: 3S.,English,,"The Independent Study Catalog, 1995 structured course listing.",78,medium,text catalog parser,Postsecondary,need-education-postsecondary,74,,American history since 1877,1995,Western Illinois University,high,106,need-education,84,Education / Postsecondary / History / Geography / Government / Law,15,pg-service-college-history-geography-government-law-page-010,106,American history since 1877,item-course-005723,,"Verify the current institution, equivalent course, delivery method, tuition and accreditation.",COURSE-005723,service,Historical education service listing — current availability requires verification,historical_education_service,12,Historical availability uncertainty,Provisional heuristic; recalculate from User Profile and current service evidence.,The Independent Study Catalog 1995.pdf,English,,106,The Independent Study Catalog,SRC-EDU-ISC-1995,,Western Illinois University,Institution: Western Illinois University; level: College; department: History; credit: 3S; division: L,42,American history since 1877,,pg-service-college-history-geography-government-law,"['human-consumer', 'human-needs', 'need-education', 'need-education-postsecondary', 'pg-service-college-history-geography-government-law', 'pg-service-college-history-geography-government-law-page-010', 'item-course-005723']",
True,Historical 1995 service catalog; contact institution or successor to verify.,1995,College — History / Geography / Government / Law,pg-service-college-history-geography-government-law,History,,College independent-study course in History. Credit: 3S.,English,,"The Independent Study Catalog, 1995 structured course listing.",78,medium,text catalog parser,Postsecondary,need-education-postsecondary,72,,American history to 1877,1995,Western Illinois University,high,105,need-education,84,Education / Postsecondary / History / Geography / Government / Law,15,pg-service-college-history-geography-government-law-page-010,105,American history to 1877,item-course-005724,,"Verify the current institution, equivalent course, delivery method, tuition and accreditation.",COURSE-005724,service,Historical education service listing — current availability requires verification,historical_education_service,12,Historical availability uncertainty,Provisional heuristic; recalculate from User Profile and current service evidence.,The Independent Study Catalog 1995.pdf,English,,105,The Independent Study Catalog,SRC-EDU-ISC-1995,,Western Illinois University,Institution: Western Illinois University; level: College; department: History; credit: 3S; division: L,42,American history to 1877,,pg-service-college-history-geography-government-law,"['human-consumer', 'human-needs', 'need-education', 'need-education-postsecondary', 'pg-service-college-history-geography-government-law', 'pg-service-college-history-geography-government-law-page-010', 'item-course-005724']",
True,Historical 1995 service catalog; contact institution or successor to verify.,1995,College — History / Geography / Government / Law,pg-service-college-history-geography-government-law,History,,College independent-study course in History. Credit: 3S.,English,,"The Independent Study Catalog, 1995 structured course listing.",78,medium,text catalog parser,Postsecondary,need-education-postsecondary,76,,American law,1995,Western Illinois University,high,303,need-education,84,Education / Postsecondary / History / Geography / Government / Law,15,pg-service-college-history-geography-government-law-page-010,303,American law,item-course-005725,,"Verify the current institution, equivalent course, delivery method, tuition and accreditation.",COURSE-005725,service,Historical education service listing — current availability requires verification,historical_education_service,12,Historical availability uncertainty,Provisional heuristic; recalculate from User Profile and current service evidence.,The Independent Study Catalog 1995.pdf,English,,303,The Independent Study Catalog,SRC-EDU-ISC-1995,,Western Illinois University,Institution: Western Illinois University; level: College; department: History; credit: 3S; division: U,42,American law,,pg-service-college-history-geography-government-law,"['human-consumer', 'human-needs', 'need-education', 'need-education-postsecondary', 'pg-service-college-history-geography-government-law', 'pg-service-college-history-geography-government-law-page-010', 'item-course-005725']",
True,Historical 1995 service catalog; contact institution or successor to verify.,1995,College — History / Geography / Government / Law,pg-service-college-history-geography-government-law,History,,"College independent-study course in History. Credit: 3S, VI.",English,,"The Independent Study Catalog, 1995 structured course listing.",78,medium,text catalog parser,Postsecondary,need-education-postsecondary,80,,Civil War and reconstruction,1995,Western Illinois University,high,415,need-education,84,Education / Postsecondary / History / Geography / Government / Law,15,pg-service-college-history-geography-government-law-page-010,415,Civil War and reconstruction,item-course-005726,,"Verify the current institution, equivalent course, delivery method, tuition and accreditation.",COURSE-005726,service,Historical education service listing — current availability requires verification,historical_education_service,12,Historical availability uncertainty,Provisional heuristic; recalculate from User Profile and current service evidence.,The Independent Study Catalog 1995.pdf,English,,415,The Independent Study Catalog,SRC-EDU-ISC-1995,,Western Illinois University,"Institution: Western Illinois University; level: College; department: History; credit: 3S, VI; division: U",42,Civil War and reconstruction,,pg-service-college-history-geography-government-law,"['human-consumer', 'human-needs', 'need-education', 'need-education-postsecondary', 'pg-service-college-history-geography-government-law', 'pg-service-college-history-geography-government-law-page-010', 'item-course-005726']",
True,Historical 1995 service catalog; contact institution or successor to verify.,1995,College — History / Geography / Government / Law,pg-service-college-history-geography-government-law,History,,College independent-study course in History. Credit: 3S.,English,,"The Independent Study Catalog, 1995 structured course listing.",78,medium,text catalog parser,Postsecondary,need-education-postsecondary,72,,Crime and police,1995,Western Illinois University,high,310,need-education,84,Education / Postsecondary / History / Geography / Government / Law,15,pg-service-college-history-geography-government-law-page-010,310,Crime and police,item-course-005727,,"Verify the current institution, equivalent course, delivery method, tuition and accreditation.",COURSE-005727,service,Historical education service listing — current availability requires verification,historical_education_service,12,Historical availability uncertainty,Provisional heuristic; recalculate from User Profile and current service evidence.,The Independent Study Catalog 1995.pdf,English,,310,The Independent Study Catalog,SRC-EDU-ISC-1995,,Western Illinois University,Institution: Western Illinois University; level: College; department: History; credit: 3S; division: U,42,Crime and police,,pg-service-college-history-geography-government-law,"['human-consumer', 'human-needs', 'need-education', 'need-education-postsecondary', 'pg-service-college-history-geography-government-law', 'pg-service-college-history-geography-government-law-page-010', 'item-course-005727']",
True,Historical 1995 service catalog; contact institution or successor to verify.,1995,College — Computing / Engineering / Technology,pg-service-college-computing-engineering-technology,History,,"College independent-study course in History. Credit: 3S, AC.",English,,"The Independent Study Catalog, 1995 structured course listing.",78,medium,text catalog parser,Postsecondary,need-education-postsecondary,75,,Technology and society,1995,Western Illinois University,high,312,need-education,84,Education / Postsecondary / Computing / Engineering / Technology,15,pg-service-college-computing-engineering-technology-page-004,312,Technology and society,item-course-005728,,"Verify the current institution, equivalent course, delivery method, tuition and accreditation.",COURSE-005728,service,Historical education service listing — current availability requires verification,historical_education_service,12,Historical availability uncertainty,Provisional heuristic; recalculate from User Profile and current service evidence.,The Independent Study Catalog 1995.pdf,English,,312,The Independent Study Catalog,SRC-EDU-ISC-1995,,Western Illinois University,"Institution: Western Illinois University; level: College; department: History; credit: 3S, AC; division: U",42,Technology and society,,pg-service-college-computing-engineering-technology,"['human-consumer', 'human-needs', 'need-education', 'need-education-postsecondary', 'pg-service-college-computing-engineering-technology', 'pg-service-college-computing-engineering-technology-page-004', 'item-course-005728']",
True,Historical 1995 service catalog; contact institution or successor to verify.,1995,College — General / Interdisciplinary,pg-service-college-general-interdisciplinary,General / Interdisciplinary,,College independent-study course in General / Interdisciplinary. Credit: 3S.,English,,"The Independent Study Catalog, 1995 structured course listing.",78,medium,text catalog parser,Postsecondary,need-education-postsecondary,78,,nation,1995,Western Illinois University,high,413,need-education,84,Education / Postsecondary / General / Interdisciplinary,15,pg-service-college-general-interdisciplinary-page-013,413,nation,item-course-005729,,"Verify the current institution, equivalent course, delivery method, tuition and accreditation.",COURSE-005729,service,Historical education service listing — current availability requires verification,historical_education_service,12,Historical availability uncertainty,Provisional heuristic; recalculate from User Profile and current service evidence.,The Independent Study Catalog 1995.pdf,English,,413,The Independent Study Catalog,SRC-EDU-ISC-1995,,Western Illinois University,Institution: Western Illinois University; level: College; department: General / Interdisciplinary; credit: 3S; division: U,42,nation,,pg-service-college-general-interdisciplinary,"['human-consumer', 'human-needs', 'need-education', 'need-education-postsecondary', 'pg-service-college-general-interdisciplinary', 'pg-service-college-general-interdisciplinary-page-013', 'item-course-005729']",
True,Historical 1995 service catalog; contact institution or successor to verify.,1995,College — General / Interdisciplinary,pg-service-college-general-interdisciplinary,General / Interdisciplinary,,"College independent-study course in General / Interdisciplinary. Credit: 3S, AC.",English,,"The Independent Study Catalog, 1995 structured course listing.",78,medium,text catalog parser,Postsecondary,need-education-postsecondary,73,,The American West,1995,Western Illinois University,high,308,need-education,84,Education / Postsecondary / General / Interdisciplinary,15,pg-service-college-general-interdisciplinary-page-013,308,The American West,item-course-005730,,"Verify the current institution, equivalent course, delivery method, tuition and accreditation.",COURSE-005730,service,Historical education service listing — current availability requires verification,historical_education_service,12,Historical availability uncertainty,Provisional heuristic; recalculate from User Profile and current service evidence.,The Independent Study Catalog 1995.pdf,English,,308,The Independent Study Catalog,SRC-EDU-ISC-1995,,Western Illinois University,"Institution: Western Illinois University; level: College; department: General / Interdisciplinary; credit: 3S, AC; division: U",42,The American West,,pg-service-college-general-interdisciplinary,"['human-consumer', 'human-needs', 'need-education', 'need-education-postsecondary', 'pg-service-college-general-interdisciplinary', 'pg-service-college-general-interdisciplinary-page-013', 'item-course-005730']",
True,Historical 1995 service catalog; contact institution or successor to verify.,1995,College — General / Interdisciplinary,pg-service-college-general-interdisciplinary,General / Interdisciplinary,,College independent-study course in General / Interdisciplinary. Credit: 3S.,English,,"The Independent Study Catalog, 1995 structured course listing.",78,medium,text catalog parser,Postsecondary,need-education-postsecondary,71,,Twentieth-century Europe,1995,Western Illinois University,high,429,need-education,84,Education / Postsecondary / General / Interdisciplinary,15,pg-service-college-general-interdisciplinary-page-013,429,Twentieth-century Europe,item-course-005731,,"Verify the current institution, equivalent course, delivery method, tuition and accreditation.",COURSE-005731,service,Historical education service listing — current availability requires verification,historical_education_service,12,Historical availability uncertainty,Provisional heuristic; recalculate from User Profile and current service evidence.,The Independent Study Catalog 1995.pdf,English,,429,The Independent Study Catalog,SRC-EDU-ISC-1995,,Western Illinois University,Institution: Western Illinois University; level: College; department: General / Interdisciplinary; credit: 3S; division: U,42,Twentieth-century Europe,,pg-service-college-general-interdisciplinary,"['human-consumer', 'human-needs', 'need-education', 'need-education-postsecondary', 'pg-service-college-general-interdisciplinary', 'pg-service-college-general-interdisciplinary-page-013', 'item-course-005731']",
True,Historical 1995 service catalog; contact institution or successor to verify.,1995,College — History / Geography / Government / Law,pg-service-college-history-geography-government-law,General / Interdisciplinary,,College independent-study course in General / Interdisciplinary. Credit: 3S.,English,,"The Independent Study Catalog, 1995 structured course listing.",78,medium,text catalog parser,Postsecondary,need-education-postsecondary,78,,U.S. military history,1995,Western Illinois University,high,304,need-education,84,Education / Postsecondary / History / Geography / Government / Law,15,pg-service-college-history-geography-government-law-page-010,304,U.S. military history,item-course-005732,,"Verify the current institution, equivalent course, delivery method, tuition and accreditation.",COURSE-005732,service,Historical education service listing — current availability requires verification,historical_education_service,12,Historical availability uncertainty,Provisional heuristic; recalculate from User Profile and current service evidence.,The Independent Study Catalog 1995.pdf,English,,304,The Independent Study Catalog,SRC-EDU-ISC-1995,,Western Illinois University,Institution: Western Illinois University; level: College; department: General / Interdisciplinary; credit: 3S; division: U,42,U.S. military history,,pg-service-college-history-geography-government-law,"['human-consumer', 'human-needs', 'need-education', 'need-education-postsecondary', 'pg-service-college-history-geography-government-law', 'pg-service-college-history-geography-government-law-page-010', 'item-course-005732']",
True,Historical 1995 service catalog; contact institution or successor to verify.,1995,College — Business / Economics / Finance,pg-service-college-business-economics-finance,Home Economics,,College independent-study course in Home Economics. Credit: 3S.,English,,"The Independent Study Catalog, 1995 structured course listing.",78,medium,text catalog parser,Postsecondary,need-education-postsecondary,79,,Child nutrition and health,1995,Western Illinois University,high,303,need-education,84,Education / Postsecondary / Business / Economics / Finance,15,pg-service-college-business-economics-finance-page-021,303,Child nutrition and health,item-course-005733,,"Verify the current institution, equivalent course, delivery method, tuition and accreditation.",COURSE-005733,service,Historical education service listing — current availability requires verification,historical_education_service,12,Historical availability uncertainty,Provisional heuristic; recalculate from User Profile and current service evidence.,The Independent Study Catalog 1995.pdf,English,,303,The Independent Study Catalog,SRC-EDU-ISC-1995,,Western Illinois University,Institution: Western Illinois University; level: College; department: Home Economics; credit: 3S; division: U,42,Child nutrition and health,,pg-service-college-business-economics-finance,"['human-consumer', 'human-needs', 'need-education', 'need-education-postsecondary', 'pg-service-college-business-economics-finance', 'pg-service-college-business-economics-finance-page-021', 'item-course-005733']",
True,Historical 1995 service catalog; contact institution or successor to verify.,1995,College — Business / Economics / Finance,pg-service-college-business-economics-finance,Home Economics,,College independent-study course in Home Economics. Credit: 3S.,English,,"The Independent Study Catalog, 1995 structured course listing.",78,medium,text catalog parser,Postsecondary,need-education-postsecondary,80,,Introduction to nutrition,1995,Western Illinois University,high,109,need-education,84,Education / Postsecondary / Business / Economics / Finance,15,pg-service-college-business-economics-finance-page-021,109,Introduction to nutrition,item-course-005734,,"Verify the current institution, equivalent course, delivery method, tuition and accreditation.",COURSE-005734,service,Historical education service listing — current availability requires verification,historical_education_service,12,Historical availability uncertainty,Provisional heuristic; recalculate from User Profile and current service evidence.,The Independent Study Catalog 1995.pdf,English,,109,The Independent Study Catalog,SRC-EDU-ISC-1995,,Western Illinois University,Institution: Western Illinois University; level: College; department: Home Economics; credit: 3S; division: L,42,Introduction to nutrition,,pg-service-college-business-economics-finance,"['human-consumer', 'human-needs', 'need-education', 'need-education-postsecondary', 'pg-service-college-business-economics-finance', 'pg-service-college-business-economics-finance-page-021', 'item-course-005734']",
True,Historical 1995 service catalog; contact institution or successor to verify.,1995,College — Business / Economics / Finance,pg-service-college-business-economics-finance,Home Economics,,College independent-study course in Home Economics. Credit: 3S.,English,,"The Independent Study Catalog, 1995 structured course listing.",78,medium,text catalog parser,Postsecondary,need-education-postsecondary,69,,Parenting,1995,Western Illinois University,high,426,need-education,84,Education / Postsecondary / Business / Economics / Finance,15,pg-service-college-business-economics-finance-page-021,426,Parenting,item-course-005735,,"Verify the current institution, equivalent course, delivery method, tuition and accreditation.",COURSE-005735,service,Historical education service listing — current availability requires verification,historical_education_service,12,Historical availability uncertainty,Provisional heuristic; recalculate from User Profile and current service evidence.,The Independent Study Catalog 1995.pdf,English,,426,The Independent Study Catalog,SRC-EDU-ISC-1995,,Western Illinois University,Institution: Western Illinois University; level: College; department: Home Economics; credit: 3S; division: U,42,Parenting,,pg-service-college-business-economics-finance,"['human-consumer', 'human-needs', 'need-education', 'need-education-postsecondary', 'pg-service-college-business-economics-finance', 'pg-service-college-business-economics-finance-page-021', 'item-course-005735']",
True,Historical 1995 service catalog; contact institution or successor to verify.,1995,College — Computing / Engineering / Technology,pg-service-college-computing-engineering-technology,Industrial Education and Technology,,College independent-study course in Industrial Education and Technology. Credit: 3S.,English,,"The Independent Study Catalog, 1995 structured course listing.",78,medium,text catalog parser,Postsecondary,need-education-postsecondary,70,,Fire dynamics,1995,Western Illinois University,high,444,need-education,84,Education / Postsecondary / Computing / Engineering / Technology,15,pg-service-college-computing-engineering-technology-page-004,444,Fire dynamics,item-course-005736,,"Verify the current institution, equivalent course, delivery method, tuition and accreditation.",COURSE-005736,service,Historical education service listing — current availability requires verification,historical_education_service,12,Historical availability uncertainty,Provisional heuristic; recalculate from User Profile and current service evidence.,The Independent Study Catalog 1995.pdf,English,,444,The Independent Study Catalog,SRC-EDU-ISC-1995,,Western Illinois University,Institution: Western Illinois University; level: College; department: Industrial Education and Technology; credit: 3S; division: U,42,Fire dynamics,,pg-service-college-computing-engineering-technology,"['human-consumer', 'human-needs', 'need-education', 'need-education-postsecondary', 'pg-service-college-computing-engineering-technology', 'pg-service-college-computing-engineering-technology-page-004', 'item-course-005736']",
True,Historical 1995 service catalog; contact institution or successor to verify.,1995,College — Business / Economics / Finance,pg-service-college-business-economics-finance,Law Enforcement and Justice Administration,,College independent-study course in Law Enforcement and Justice Administration. Credit: 3S.,English,,"The Independent Study Catalog, 1995 structured course listing.",78,medium,text catalog parser,Postsecondary,need-education-postsecondary,72,,Advanced fire administration,1995,Western Illinois University,high,481,need-education,84,Education / Postsecondary / Business / Economics / Finance,15,pg-service-college-business-economics-finance-page-021,481,Advanced fire administration,item-course-005737,,"Verify the current institution, equivalent course, delivery method, tuition and accreditation.",COURSE-005737,service,Historical education service listing — current availability requires verification,historical_education_service,12,Historical availability uncertainty,Provisional heuristic; recalculate from User Profile and current service evidence.,The Independent Study Catalog 1995.pdf,English,,481,The Independent Study Catalog,SRC-EDU-ISC-1995,,Western Illinois University,Institution: Western Illinois University; level: College; department: Law Enforcement and Justice Administration; credit: 3S; division: U,42,Advanced fire administration,,pg-service-college-business-economics-finance,"['human-consumer', 'human-needs', 'need-education', 'need-education-postsecondary', 'pg-service-college-business-economics-finance', 'pg-service-college-business-economics-finance-page-021', 'item-course-005737']",
True,Historical 1995 service catalog; contact institution or successor to verify.,1995,College — Business / Economics / Finance,pg-service-college-business-economics-finance,Organization and administration in criminal,,"College independent-study course in Organization and administration in criminal. Credit: 3S, VI, CI.",English,,"The Independent Study Catalog, 1995 structured course listing.",78,medium,text catalog parser,Postsecondary,need-education-postsecondary,71,,justice,1995,Western Illinois University,high,306,need-education,84,Education / Postsecondary / Business / Economics / Finance,15,pg-service-college-business-economics-finance-page-021,306,justice,item-course-005738,,"Verify the current institution, equivalent course, delivery method, tuition and accreditation.",COURSE-005738,service,Historical education service listing — current availability requires verification,historical_education_service,12,Historical availability uncertainty,Provisional heuristic; recalculate from User Profile and current service evidence.,The Independent Study Catalog 1995.pdf,English,,306,The Independent Study Catalog,SRC-EDU-ISC-1995,,Western Illinois University,"Institution: Western Illinois University; level: College; department: Organization and administration in criminal; credit: 3S, VI, CI; division: U",42,justice,,pg-service-college-business-economics-finance,"['human-consumer', 'human-needs', 'need-education', 'need-education-postsecondary', 'pg-service-college-business-economics-finance', 'pg-service-college-business-economics-finance-page-021', 'item-course-005738']",
True,Historical 1995 service catalog; contact institution or successor to verify.,1995,College — Business / Economics / Finance,pg-service-college-business-economics-finance,Management and organizational behavior,,College independent-study course in Management and organizational behavior. Credit: 3S.,English,,"The Independent Study Catalog, 1995 structured course listing.",78,medium,text catalog parser,Postsecondary,need-education-postsecondary,75,,Management and society,1995,Western Illinois University,high,481,need-education,84,Education / Postsecondary / Business / Economics / Finance,15,pg-service-college-business-economics-finance-page-021,481,Management and society,item-course-005739,,"Verify the current institution, equivalent course, delivery method, tuition and accreditation.",COURSE-005739,service,Historical education service listing — current availability requires verification,historical_education_service,12,Historical availability uncertainty,Provisional heuristic; recalculate from User Profile and current service evidence.,The Independent Study Catalog 1995.pdf,English,,481,The Independent Study Catalog,SRC-EDU-ISC-1995,,Western Illinois University,Institution: Western Illinois University; level: College; department: Management and organizational behavior; credit: 3S; division: U,42,Management and society,,pg-service-college-business-economics-finance,"['human-consumer', 'human-needs', 'need-education', 'need-education-postsecondary', 'pg-service-college-business-economics-finance', 'pg-service-college-business-economics-finance-page-021', 'item-course-005739']",
True,Historical 1995 service catalog; contact institution or successor to verify.,1995,College — Business / Economics / Finance,pg-service-college-business-economics-finance,Management and organizational behavior,,College independent-study course in Management and organizational behavior. Credit: 6S.,English,,"The Independent Study Catalog, 1995 structured course listing.",78,medium,text catalog parser,Postsecondary,need-education-postsecondary,77,,Managing in organizations,1995,Western Illinois University,high,420,need-education,84,Education / Postsecondary / Business / Economics / Finance,15,pg-service-college-business-economics-finance-page-021,420,Managing in organizations,item-course-005740,,"Verify the current institution, equivalent course, delivery method, tuition and accreditation.",COURSE-005740,service,Historical education service listing — current availability requires verification,historical_education_service,12,Historical availability uncertainty,Provisional heuristic; recalculate from User Profile and current service evidence.,The Independent Study Catalog 1995.pdf,English,,420,The Independent Study Catalog,SRC-EDU-ISC-1995,,Western Illinois University,Institution: Western Illinois University; level: College; department: Management and organizational behavior; credit: 6S; division: U,42,Managing in organizations,,pg-service-college-business-economics-finance,"['human-consumer', 'human-needs', 'need-education', 'need-education-postsecondary', 'pg-service-college-business-economics-finance', 'pg-service-college-business-economics-finance-page-021', 'item-course-005740']",
True,Historical 1995 service catalog; contact institution or successor to verify.,1995,College — Business / Economics / Finance,pg-service-college-business-economics-finance,Management and organizational behavior,,College independent-study course in Management and organizational behavior. Credit: 3S.,English,,"The Independent Study Catalog, 1995 structured course listing.",78,medium,text catalog parser,Postsecondary,need-education-postsecondary,71,,Operations management,1995,Western Illinois University,high,352,need-education,84,Education / Postsecondary / Business / Economics / Finance,15,pg-service-college-business-economics-finance-page-021,352,Operations management,item-course-005741,,"Verify the current institution, equivalent course, delivery method, tuition and accreditation.",COURSE-005741,service,Historical education service listing — current availability requires verification,historical_education_service,12,Historical availability uncertainty,Provisional heuristic; recalculate from User Profile and current service evidence.,The Independent Study Catalog 1995.pdf,English,,352,The Independent Study Catalog,SRC-EDU-ISC-1995,,Western Illinois University,Institution: Western Illinois University; level: College; department: Management and organizational behavior; credit: 3S; division: U,42,Operations management,,pg-service-college-business-economics-finance,"['human-consumer', 'human-needs', 'need-education', 'need-education-postsecondary', 'pg-service-college-business-economics-finance', 'pg-service-college-business-economics-finance-page-021', 'item-course-005741']",
True,Historical 1995 service catalog; contact institution or successor to verify.,1995,College — Business / Economics / Finance,pg-service-college-business-economics-finance,Marketing ami Finance,,College independent-study course in Marketing ami Finance. Credit: 3S.,English,,"The Independent Study Catalog, 1995 structured course listing.",78,medium,text catalog parser,Postsecondary,need-education-postsecondary,74,,International business,1995,Western Illinois University,high,317,need-education,84,Education / Postsecondary / Business / Economics / Finance,15,pg-service-college-business-economics-finance-page-021,317,International business,item-course-005742,,"Verify the current institution, equivalent course, delivery method, tuition and accreditation.",COURSE-005742,service,Historical education service listing — current availability requires verification,historical_education_service,12,Historical availability uncertainty,Provisional heuristic; recalculate from User Profile and current service evidence.,The Independent Study Catalog 1995.pdf,English,,317,The Independent Study Catalog,SRC-EDU-ISC-1995,,Western Illinois University,Institution: Western Illinois University; level: College; department: Marketing ami Finance; credit: 3S; division: U,42,International business,,pg-service-college-business-economics-finance,"['human-consumer', 'human-needs', 'need-education', 'need-education-postsecondary', 'pg-service-college-business-economics-finance', 'pg-service-college-business-economics-finance-page-021', 'item-course-005742']",
True,Historical 1995 service catalog; contact institution or successor to verify.,1995,College — Business / Economics / Finance,pg-service-college-business-economics-finance,Marketing ami Finance,,College independent-study course in Marketing ami Finance. Credit: 3S.,English,,"The Independent Study Catalog, 1995 structured course listing.",78,medium,text catalog parser,Postsecondary,need-education-postsecondary,70,,Introduction to finance,1995,Western Illinois University,high,311,need-education,84,Education / Postsecondary / Business / Economics / Finance,15,pg-service-college-business-economics-finance-page-021,311,Introduction to finance,item-course-005743,,"Verify the current institution, equivalent course, delivery method, tuition and accreditation.",COURSE-005743,service,Historical education service listing — current availability requires verification,historical_education_service,12,Historical availability uncertainty,Provisional heuristic; recalculate from User Profile and current service evidence.,The Independent Study Catalog 1995.pdf,English,,311,The Independent Study Catalog,SRC-EDU-ISC-1995,,Western Illinois University,Institution: Western Illinois University; level: College; department: Marketing ami Finance; credit: 3S; division: U,42,Introduction to finance,,pg-service-college-business-economics-finance,"['human-consumer', 'human-needs', 'need-education', 'need-education-postsecondary', 'pg-service-college-business-economics-finance', 'pg-service-college-business-economics-finance-page-021', 'item-course-005743']",
True,Historical 1995 service catalog; contact institution or successor to verify.,1995,College — Business / Economics / Finance,pg-service-college-business-economics-finance,Marketing ami Finance,,College independent-study course in Marketing ami Finance. Credit: 3S.,English,,"The Independent Study Catalog, 1995 structured course listing.",78,medium,text catalog parser,Postsecondary,need-education-postsecondary,69,,Marketing principles,1995,Western Illinois University,high,327,need-education,84,Education / Postsecondary / Business / Economics / Finance,15,pg-service-college-business-economics-finance-page-021,327,Marketing principles,item-course-005744,,"Verify the current institution, equivalent course, delivery method, tuition and accreditation.",COURSE-005744,service,Historical education service listing — current availability requires verification,historical_education_service,12,Historical availability uncertainty,Provisional heuristic; recalculate from User Profile and current service evidence.,The Independent Study Catalog 1995.pdf,English,,327,The Independent Study Catalog,SRC-EDU-ISC-1995,,Western Illinois University,Institution: Western Illinois University; level: College; department: Marketing ami Finance; credit: 3S; division: U,42,Marketing principles,,pg-service-college-business-economics-finance,"['human-consumer', 'human-needs', 'need-education', 'need-education-postsecondary', 'pg-service-college-business-economics-finance', 'pg-service-college-business-economics-finance-page-021', 'item-course-005744']",
True,Historical 1995 service catalog; contact institution or successor to verify.,1995,College — Business / Economics / Finance,pg-service-college-business-economics-finance,Marketing ami Finance,,College independent-study course in Marketing ami Finance. Credit: 3S.,English,,"The Independent Study Catalog, 1995 structured course listing.",78,medium,text catalog parser,Postsecondary,need-education-postsecondary,79,,Personal investing,1995,Western Illinois University,high,305,need-education,84,Education / Postsecondary / Business / Economics / Finance,15,pg-service-college-business-economics-finance-page-021,305,Personal investing,item-course-005745,,"Verify the current institution, equivalent course, delivery method, tuition and accreditation.",COURSE-005745,service,Historical education service listing — current availability requires verification,historical_education_service,12,Historical availability uncertainty,Provisional heuristic; recalculate from User Profile and current service evidence.,The Independent Study Catalog 1995.pdf,English,,305,The Independent Study Catalog,SRC-EDU-ISC-1995,,Western Illinois University,Institution: Western Illinois University; level: College; department: Marketing ami Finance; credit: 3S; division: U,42,Personal investing,,pg-service-college-business-economics-finance,"['human-consumer', 'human-needs', 'need-education', 'need-education-postsecondary', 'pg-service-college-business-economics-finance', 'pg-service-college-business-economics-finance-page-021', 'item-course-005745']",
True,Historical 1995 service catalog; contact institution or successor to verify.,1995,College — Business / Economics / Finance,pg-service-college-business-economics-finance,Marketing ami Finance,,College independent-study course in Marketing ami Finance. Credit: 3S.,English,,"The Independent Study Catalog, 1995 structured course listing.",78,medium,text catalog parser,Postsecondary,need-education-postsecondary,75,,Principles of real estate,1995,Western Illinois University,high,321,need-education,84,Education / Postsecondary / Business / Economics / Finance,15,pg-service-college-business-economics-finance-page-021,321,Principles of real estate,item-course-005746,,"Verify the current institution, equivalent course, delivery method, tuition and accreditation.",COURSE-005746,service,Historical education service listing — current availability requires verification,historical_education_service,12,Historical availability uncertainty,Provisional heuristic; recalculate from User Profile and current service evidence.,The Independent Study Catalog 1995.pdf,English,,321,The Independent Study Catalog,SRC-EDU-ISC-1995,,Western Illinois University,Institution: Western Illinois University; level: College; department: Marketing ami Finance; credit: 3S; division: U,42,Principles of real estate,,pg-service-college-business-economics-finance,"['human-consumer', 'human-needs', 'need-education', 'need-education-postsecondary', 'pg-service-college-business-economics-finance', 'pg-service-college-business-economics-finance-page-021', 'item-course-005746']",
True,Historical 1995 service catalog; contact institution or successor to verify.,1995,College — Business / Economics / Finance,pg-service-college-business-economics-finance,Marketing ami Finance,,College independent-study course in Marketing ami Finance. Credit: 3S.,English,,"The Independent Study Catalog, 1995 structured course listing.",78,medium,text catalog parser,Postsecondary,need-education-postsecondary,72,,Real estate financing,1995,Western Illinois University,high,421,need-education,84,Education / Postsecondary / Business / Economics / Finance,15,pg-service-college-business-economics-finance-page-021,421,Real estate financing,item-course-005747,,"Verify the current institution, equivalent course, delivery method, tuition and accreditation.",COURSE-005747,service,Historical education service listing — current availability requires verification,historical_education_service,12,Historical availability uncertainty,Provisional heuristic; recalculate from User Profile and current service evidence.,The Independent Study Catalog 1995.pdf,English,,421,The Independent Study Catalog,SRC-EDU-ISC-1995,,Western Illinois University,Institution: Western Illinois University; level: College; department: Marketing ami Finance; credit: 3S; division: U,42,Real estate financing,,pg-service-college-business-economics-finance,"['human-consumer', 'human-needs', 'need-education', 'need-education-postsecondary', 'pg-service-college-business-economics-finance', 'pg-service-college-business-economics-finance-page-021', 'item-course-005747']",
True,Historical 1995 service catalog; contact institution or successor to verify.,1995,College — Business / Economics / Finance,pg-service-college-business-economics-finance,Marketing ami Finance,,College independent-study course in Marketing ami Finance. Credit: 3S.,English,,"The Independent Study Catalog, 1995 structured course listing.",78,medium,text catalog parser,Postsecondary,need-education-postsecondary,79,,Retailing management,1995,Western Illinois University,high,343,need-education,84,Education / Postsecondary / Business / Economics / Finance,15,pg-service-college-business-economics-finance-page-021,343,Retailing management,item-course-005748,,"Verify the current institution, equivalent course, delivery method, tuition and accreditation.",COURSE-005748,service,Historical education service listing — current availability requires verification,historical_education_service,12,Historical availability uncertainty,Provisional heuristic; recalculate from User Profile and current service evidence.,The Independent Study Catalog 1995.pdf,English,,343,The Independent Study Catalog,SRC-EDU-ISC-1995,,Western Illinois University,Institution: Western Illinois University; level: College; department: Marketing ami Finance; credit: 3S; division: U,42,Retailing management,,pg-service-college-business-economics-finance,"['human-consumer', 'human-needs', 'need-education', 'need-education-postsecondary', 'pg-service-college-business-economics-finance', 'pg-service-college-business-economics-finance-page-021', 'item-course-005748']",
True,Historical 1995 service catalog; contact institution or successor to verify.,1995,College — Business / Economics / Finance,pg-service-college-business-economics-finance,Marketing ami Finance,,College independent-study course in Marketing ami Finance. Credit: 3S.,English,,"The Independent Study Catalog, 1995 structured course listing.",78,medium,text catalog parser,Postsecondary,need-education-postsecondary,71,,Risk management and insurance,1995,Western Illinois University,high,351,need-education,84,Education / Postsecondary / Business / Economics / Finance,15,pg-service-college-business-economics-finance-page-022,351,Risk management and insurance,item-course-005749,,"Verify the current institution, equivalent course, delivery method, tuition and accreditation.",COURSE-005749,service,Historical education service listing — current availability requires verification,historical_education_service,12,Historical availability uncertainty,Provisional heuristic; recalculate from User Profile and current service evidence.,The Independent Study Catalog 1995.pdf,English,,351,The Independent Study Catalog,SRC-EDU-ISC-1995,,Western Illinois University,Institution: Western Illinois University; level: College; department: Marketing ami Finance; credit: 3S; division: U,42,Risk management and insurance,,pg-service-college-business-economics-finance,"['human-consumer', 'human-needs', 'need-education', 'need-education-postsecondary', 'pg-service-college-business-economics-finance', 'pg-service-college-business-economics-finance-page-022', 'item-course-005749']",
True,Historical 1995 service catalog; contact institution or successor to verify.,1995,College — Science / Environment,pg-service-college-science-environment,Statistical methods for experimental,,"College independent-study course in Statistical methods for experimental. Credit: 3S, VI.",English,,"The Independent Study Catalog, 1995 structured course listing.",78,medium,text catalog parser,Postsecondary,need-education-postsecondary,73,,sciences,1995,Western Illinois University,high,470,need-education,84,Education / Postsecondary / Science / Environment,15,pg-service-college-science-environment-page-012,470,sciences,item-course-005750,,"Verify the current institution, equivalent course, delivery method, tuition and accreditation.",COURSE-005750,service,Historical education service listing — current availability requires verification,historical_education_service,12,Historical availability uncertainty,Provisional heuristic; recalculate from User Profile and current service evidence.,The Independent Study Catalog 1995.pdf,English,,470,The Independent Study Catalog,SRC-EDU-ISC-1995,,Western Illinois University,"Institution: Western Illinois University; level: College; department: Statistical methods for experimental; credit: 3S, VI; division: U",42,sciences,,pg-service-college-science-environment,"['human-consumer', 'human-needs', 'need-education', 'need-education-postsecondary', 'pg-service-college-science-environment', 'pg-service-college-science-environment-page-012', 'item-course-005750']",
True,Historical 1995 service catalog; contact institution or successor to verify.,1995,College — Arts / Music / Theatre,pg-service-college-arts-music-theatre,Music,,"College independent-study course in Music. Credit: 3S, AC, CI.",English,,"The Independent Study Catalog, 1995 structured course listing.",78,medium,text catalog parser,Postsecondary,need-education-postsecondary,77,,Music in world cultures,1995,Western Illinois University,high,394,need-education,84,Education / Postsecondary / Arts / Music / Theatre,15,pg-service-college-arts-music-theatre-page-003,394,Music in world cultures,item-course-005751,,"Verify the current institution, equivalent course, delivery method, tuition and accreditation.",COURSE-005751,service,Historical education service listing — current availability requires verification,historical_education_service,12,Historical availability uncertainty,Provisional heuristic; recalculate from User Profile and current service evidence.,The Independent Study Catalog 1995.pdf,English,,394,The Independent Study Catalog,SRC-EDU-ISC-1995,,Western Illinois University,"Institution: Western Illinois University; level: College; department: Music; credit: 3S, AC, CI; division: U",42,Music in world cultures,,pg-service-college-arts-music-theatre,"['human-consumer', 'human-needs', 'need-education', 'need-education-postsecondary', 'pg-service-college-arts-music-theatre', 'pg-service-college-arts-music-theatre-page-003', 'item-course-005751']",
True,Historical 1995 service catalog; contact institution or successor to verify.,1995,College — General / Interdisciplinary,pg-service-college-general-interdisciplinary,Philosophy and Religious Studies,,College independent-study course in Philosophy and Religious Studies. Credit: 3S.,English,,"The Independent Study Catalog, 1995 structured course listing.",78,medium,text catalog parser,Postsecondary,need-education-postsecondary,75,,Moral philosophy,1995,Western Illinois University,high,330,need-education,84,Education / Postsecondary / General / Interdisciplinary,15,pg-service-college-general-interdisciplinary-page-013,330,Moral philosophy,item-course-005752,,"Verify the current institution, equivalent course, delivery method, tuition and accreditation.",COURSE-005752,service,Historical education service listing — current availability requires verification,historical_education_service,12,Historical availability uncertainty,Provisional heuristic; recalculate from User Profile and current service evidence.,The Independent Study Catalog 1995.pdf,English,,330,The Independent Study Catalog,SRC-EDU-ISC-1995,,Western Illinois University,Institution: Western Illinois University; level: College; department: Philosophy and Religious Studies; credit: 3S; division: U,42,Moral philosophy,,pg-service-college-general-interdisciplinary,"['human-consumer', 'human-needs', 'need-education', 'need-education-postsecondary', 'pg-service-college-general-interdisciplinary', 'pg-service-college-general-interdisciplinary-page-013', 'item-course-005752']",
True,Historical 1995 service catalog; contact institution or successor to verify.,1995,College — History / Geography / Government / Law,pg-service-college-history-geography-government-law,Philosophy and Religious Studies,,"College independent-study course in Philosophy and Religious Studies. Credit: 3S, CI.",English,,"The Independent Study Catalog, 1995 structured course listing.",78,medium,text catalog parser,Postsecondary,need-education-postsecondary,77,,Philosophy of law,1995,Western Illinois University,high,420,need-education,84,Education / Postsecondary / History / Geography / Government / Law,15,pg-service-college-history-geography-government-law-page-010,420,Philosophy of law,item-course-005753,,"Verify the current institution, equivalent course, delivery method, tuition and accreditation.",COURSE-005753,service,Historical education service listing — current availability requires verification,historical_education_service,12,Historical availability uncertainty,Provisional heuristic; recalculate from User Profile and current service evidence.,The Independent Study Catalog 1995.pdf,English,,420,The Independent Study Catalog,SRC-EDU-ISC-1995,,Western Illinois University,"Institution: Western Illinois University; level: College; department: Philosophy and Religious Studies; credit: 3S, CI; division: U",42,Philosophy of law,,pg-service-college-history-geography-government-law,"['human-consumer', 'human-needs', 'need-education', 'need-education-postsecondary', 'pg-service-college-history-geography-government-law', 'pg-service-college-history-geography-government-law-page-010', 'item-course-005753']",
True,Historical 1995 service catalog; contact institution or successor to verify.,1995,College — General / Interdisciplinary,pg-service-college-general-interdisciplinary,Philosophy and Religious Studies,,"College independent-study course in Philosophy and Religious Studies. Credit: 3S, VI.",English,,"The Independent Study Catalog, 1995 structured course listing.",78,medium,text catalog parser,Postsecondary,need-education-postsecondary,79,,Religion in America,1995,Western Illinois University,high,301,need-education,84,Education / Postsecondary / General / Interdisciplinary,15,pg-service-college-general-interdisciplinary-page-013,301,Religion in America,item-course-005754,,"Verify the current institution, equivalent course, delivery method, tuition and accreditation.",COURSE-005754,service,Historical education service listing — current availability requires verification,historical_education_service,12,Historical availability uncertainty,Provisional heuristic; recalculate from User Profile and current service evidence.,The Independent Study Catalog 1995.pdf,English,,301,The Independent Study Catalog,SRC-EDU-ISC-1995,,Western Illinois University,"Institution: Western Illinois University; level: College; department: Philosophy and Religious Studies; credit: 3S, VI; division: U",42,Religion in America,,pg-service-college-general-interdisciplinary,"['human-consumer', 'human-needs', 'need-education', 'need-education-postsecondary', 'pg-service-college-general-interdisciplinary', 'pg-service-college-general-interdisciplinary-page-013', 'item-course-005754']",
True,Historical 1995 service catalog; contact institution or successor to verify.,1995,College — General / Interdisciplinary,pg-service-college-general-interdisciplinary,Philosophy and Religious Studies,,"College independent-study course in Philosophy and Religious Studies. Credit: 3S, VI.",English,,"The Independent Study Catalog, 1995 structured course listing.",78,medium,text catalog parser,Postsecondary,need-education-postsecondary,76,,Women in religion,1995,Western Illinois University,high,303,need-education,84,Education / Postsecondary / General / Interdisciplinary,15,pg-service-college-general-interdisciplinary-page-013,303,Women in religion,item-course-005755,,"Verify the current institution, equivalent course, delivery method, tuition and accreditation.",COURSE-005755,service,Historical education service listing — current availability requires verification,historical_education_service,12,Historical availability uncertainty,Provisional heuristic; recalculate from User Profile and current service evidence.,The Independent Study Catalog 1995.pdf,English,,303,The Independent Study Catalog,SRC-EDU-ISC-1995,,Western Illinois University,"Institution: Western Illinois University; level: College; department: Philosophy and Religious Studies; credit: 3S, VI; division: U",42,Women in religion,,pg-service-college-general-interdisciplinary,"['human-consumer', 'human-needs', 'need-education', 'need-education-postsecondary', 'pg-service-college-general-interdisciplinary', 'pg-service-college-general-interdisciplinary-page-013', 'item-course-005755']",
True,Historical 1995 service catalog; contact institution or successor to verify.,1995,College — Psychology / Sociology / Human Services,pg-service-college-psychology-sociology-human-services,Psychology,,"College independent-study course in Psychology. Credit: 3S, VI.",English,,"The Independent Study Catalog, 1995 structured course listing.",78,medium,text catalog parser,Postsecondary,need-education-postsecondary,76,,Abnormal psychology,1995,Western Illinois University,high,424,need-education,84,Education / Postsecondary / Psychology / Sociology / Human Services,15,pg-service-college-psychology-sociology-human-services-page-010,424,Abnormal psychology,item-course-005756,,"Verify the current institution, equivalent course, delivery method, tuition and accreditation.",COURSE-005756,service,Historical education service listing — current availability requires verification,historical_education_service,12,Historical availability uncertainty,Provisional heuristic; recalculate from User Profile and current service evidence.,The Independent Study Catalog 1995.pdf,English,,424,The Independent Study Catalog,SRC-EDU-ISC-1995,,Western Illinois University,"Institution: Western Illinois University; level: College; department: Psychology; credit: 3S, VI; division: U",42,Abnormal psychology,,pg-service-college-psychology-sociology-human-services,"['human-consumer', 'human-needs', 'need-education', 'need-education-postsecondary', 'pg-service-college-psychology-sociology-human-services', 'pg-service-college-psychology-sociology-human-services-page-010', 'item-course-005756']",
True,Historical 1995 service catalog; contact institution or successor to verify.,1995,College — Health / Nursing / Emergency Services,pg-service-college-health-nursing-emergency-services,Psychology,,College independent-study course in Psychology. Credit: 3S.,English,,"The Independent Study Catalog, 1995 structured course listing.",78,medium,text catalog parser,Postsecondary,need-education-postsecondary,77,,Fire-related human behavior,1995,Western Illinois University,high,481,need-education,84,Education / Postsecondary / Health / Nursing / Emergency Services,15,pg-service-college-health-nursing-emergency-services-page-004,481,Fire-related human behavior,item-course-005757,,"Verify the current institution, equivalent course, delivery method, tuition and accreditation.",COURSE-005757,service,Historical education service listing — current availability requires verification,historical_education_service,12,Historical availability uncertainty,Provisional heuristic; recalculate from User Profile and current service evidence.,The Independent Study Catalog 1995.pdf,English,,481,The Independent Study Catalog,SRC-EDU-ISC-1995,,Western Illinois University,Institution: Western Illinois University; level: College; department: Psychology; credit: 3S; division: U,42,Fire-related human behavior,,pg-service-college-health-nursing-emergency-services,"['human-consumer', 'human-needs', 'need-education', 'need-education-postsecondary', 'pg-service-college-health-nursing-emergency-services', 'pg-service-college-health-nursing-emergency-services-page-004', 'item-course-005757']",
True,Historical 1995 service catalog; contact institution or successor to verify.,1995,College — Psychology / Sociology / Human Services,pg-service-college-psychology-sociology-human-services,Psychology,,"College independent-study course in Psychology. Credit: 6S, VI.",English,,"The Independent Study Catalog, 1995 structured course listing.",78,medium,text catalog parser,Postsecondary,need-education-postsecondary,71,,The adult years,1995,Western Illinois University,high,423,need-education,84,Education / Postsecondary / Psychology / Sociology / Human Services,15,pg-service-college-psychology-sociology-human-services-page-010,423,The adult years,item-course-005758,,"Verify the current institution, equivalent course, delivery method, tuition and accreditation.",COURSE-005758,service,Historical education service listing — current availability requires verification,historical_education_service,12,Historical availability uncertainty,Provisional heuristic; recalculate from User Profile and current service evidence.,The Independent Study Catalog 1995.pdf,English,,423,The Independent Study Catalog,SRC-EDU-ISC-1995,,Western Illinois University,"Institution: Western Illinois University; level: College; department: Psychology; credit: 6S, VI; division: U",42,The adult years,,pg-service-college-psychology-sociology-human-services,"['human-consumer', 'human-needs', 'need-education', 'need-education-postsecondary', 'pg-service-college-psychology-sociology-human-services', 'pg-service-college-psychology-sociology-human-services-page-010', 'item-course-005758']",
True,Historical 1995 service catalog; contact institution or successor to verify.,1995,College — Business / Economics / Finance,pg-service-college-business-economics-finance,"Recreation, Park, and Tourism Administration",,"College independent-study course in Recreation, Park, and Tourism Administration. Credit: 3S.",English,,"The Independent Study Catalog, 1995 structured course listing.",78,medium,text catalog parser,Postsecondary,need-education-postsecondary,78,,Leisure services for the elderly,1995,Western Illinois University,high,452,need-education,84,Education / Postsecondary / Business / Economics / Finance,15,pg-service-college-business-economics-finance-page-021,452,Leisure services for the elderly,item-course-005759,,"Verify the current institution, equivalent course, delivery method, tuition and accreditation.",COURSE-005759,service,Historical education service listing — current availability requires verification,historical_education_service,12,Historical availability uncertainty,Provisional heuristic; recalculate from User Profile and current service evidence.,The Independent Study Catalog 1995.pdf,English,,452,The Independent Study Catalog,SRC-EDU-ISC-1995,,Western Illinois University,"Institution: Western Illinois University; level: College; department: Recreation, Park, and Tourism Administration; credit: 3S; division: U",42,Leisure services for the elderly,,pg-service-college-business-economics-finance,"['human-consumer', 'human-needs', 'need-education', 'need-education-postsecondary', 'pg-service-college-business-economics-finance', 'pg-service-college-business-economics-finance-page-021', 'item-course-005759']",
True,Historical 1995 service catalog; contact institution or successor to verify.,1995,College — Business / Economics / Finance,pg-service-college-business-economics-finance,"Recreation, Park, and Tourism Administration",,"College independent-study course in Recreation, Park, and Tourism Administration. Credit: 3S.",English,,"The Independent Study Catalog, 1995 structured course listing.",78,medium,text catalog parser,Postsecondary,need-education-postsecondary,78,,Outdoor recreation perspectives,1995,Western Illinois University,high,376,need-education,84,Education / Postsecondary / Business / Economics / Finance,15,pg-service-college-business-economics-finance-page-021,376,Outdoor recreation perspectives,item-course-005760,,"Verify the current institution, equivalent course, delivery method, tuition and accreditation.",COURSE-005760,service,Historical education service listing — current availability requires verification,historical_education_service,12,Historical availability uncertainty,Provisional heuristic; recalculate from User Profile and current service evidence.,The Independent Study Catalog 1995.pdf,English,,376,The Independent Study Catalog,SRC-EDU-ISC-1995,,Western Illinois University,"Institution: Western Illinois University; level: College; department: Recreation, Park, and Tourism Administration; credit: 3S; division: U",42,Outdoor recreation perspectives,,pg-service-college-business-economics-finance,"['human-consumer', 'human-needs', 'need-education', 'need-education-postsecondary', 'pg-service-college-business-economics-finance', 'pg-service-college-business-economics-finance-page-021', 'item-course-005760']",
True,Historical 1995 service catalog; contact institution or successor to verify.,1995,College — Business / Economics / Finance,pg-service-college-business-economics-finance,"Recreation, Park, and Tourism Administration",,"College independent-study course in Recreation, Park, and Tourism Administration. Credit: 3S.",English,,"The Independent Study Catalog, 1995 structured course listing.",78,medium,text catalog parser,Postsecondary,need-education-postsecondary,76,,Tourism,1995,Western Illinois University,high,362,need-education,84,Education / Postsecondary / Business / Economics / Finance,15,pg-service-college-business-economics-finance-page-022,362,Tourism,item-course-005761,,"Verify the current institution, equivalent course, delivery method, tuition and accreditation.",COURSE-005761,service,Historical education service listing — current availability requires verification,historical_education_service,12,Historical availability uncertainty,Provisional heuristic; recalculate from User Profile and current service evidence.,The Independent Study Catalog 1995.pdf,English,,362,The Independent Study Catalog,SRC-EDU-ISC-1995,,Western Illinois University,"Institution: Western Illinois University; level: College; department: Recreation, Park, and Tourism Administration; credit: 3S; division: U",42,Tourism,,pg-service-college-business-economics-finance,"['human-consumer', 'human-needs', 'need-education', 'need-education-postsecondary', 'pg-service-college-business-economics-finance', 'pg-service-college-business-economics-finance-page-022', 'item-course-005761']",
True,Historical 1995 service catalog; contact institution or successor to verify.,1995,College — Psychology / Sociology / Human Services,pg-service-college-psychology-sociology-human-services,"Sociology, Anthropology, and Social Work",,"College independent-study course in Sociology, Anthropology, and Social Work. Credit: 3S, VI.",English,,"The Independent Study Catalog, 1995 structured course listing.",78,medium,text catalog parser,Postsecondary,need-education-postsecondary,76,,Anthropology of women,1995,Western Illinois University,high,315,need-education,84,Education / Postsecondary / Psychology / Sociology / Human Services,15,pg-service-college-psychology-sociology-human-services-page-010,315,Anthropology of women,item-course-005762,,"Verify the current institution, equivalent course, delivery method, tuition and accreditation.",COURSE-005762,service,Historical education service listing — current availability requires verification,historical_education_service,12,Historical availability uncertainty,Provisional heuristic; recalculate from User Profile and current service evidence.,The Independent Study Catalog 1995.pdf,English,,315,The Independent Study Catalog,SRC-EDU-ISC-1995,,Western Illinois University,"Institution: Western Illinois University; level: College; department: Sociology, Anthropology, and Social Work; credit: 3S, VI; division: U",42,Anthropology of women,,pg-service-college-psychology-sociology-human-services,"['human-consumer', 'human-needs', 'need-education', 'need-education-postsecondary', 'pg-service-college-psychology-sociology-human-services', 'pg-service-college-psychology-sociology-human-services-page-010', 'item-course-005762']",
True,Historical 1995 service catalog; contact institution or successor to verify.,1995,College — Health / Nursing / Emergency Services,pg-service-college-health-nursing-emergency-services,"Sociology, Anthropology, and Social Work",,"College independent-study course in Sociology, Anthropology, and Social Work. Credit: 3S.",English,,"The Independent Study Catalog, 1995 structured course listing.",78,medium,text catalog parser,Postsecondary,need-education-postsecondary,68,,Applications of fire research,1995,Western Illinois University,high,487,need-education,84,Education / Postsecondary / Health / Nursing / Emergency Services,15,pg-service-college-health-nursing-emergency-services-page-004,487,Applications of fire research,item-course-005763,,"Verify the current institution, equivalent course, delivery method, tuition and accreditation.",COURSE-005763,service,Historical education service listing — current availability requires verification,historical_education_service,12,Historical availability uncertainty,Provisional heuristic; recalculate from User Profile and current service evidence.,The Independent Study Catalog 1995.pdf,English,,487,The Independent Study Catalog,SRC-EDU-ISC-1995,,Western Illinois University,"Institution: Western Illinois University; level: College; department: Sociology, Anthropology, and Social Work; credit: 3S; division: U",42,Applications of fire research,,pg-service-college-health-nursing-emergency-services,"['human-consumer', 'human-needs', 'need-education', 'need-education-postsecondary', 'pg-service-college-health-nursing-emergency-services', 'pg-service-college-health-nursing-emergency-services-page-004', 'item-course-005763']",
True,Historical 1995 service catalog; contact institution or successor to verify.,1995,College — Psychology / Sociology / Human Services,pg-service-college-psychology-sociology-human-services,"Sociology, Anthropology, and Social Work",,"College independent-study course in Sociology, Anthropology, and Social Work. Credit: 3S.",English,,"The Independent Study Catalog, 1995 structured course listing.",78,medium,text catalog parser,Postsecondary,need-education-postsecondary,74,,Criminology,1995,Western Illinois University,high,355,need-education,84,Education / Postsecondary / Psychology / Sociology / Human Services,15,pg-service-college-psychology-sociology-human-services-page-010,355,Criminology,item-course-005764,,"Verify the current institution, equivalent course, delivery method, tuition and accreditation.",COURSE-005764,service,Historical education service listing — current availability requires verification,historical_education_service,12,Historical availability uncertainty,Provisional heuristic; recalculate from User Profile and current service evidence.,The Independent Study Catalog 1995.pdf,English,,355,The Independent Study Catalog,SRC-EDU-ISC-1995,,Western Illinois University,"Institution: Western Illinois University; level: College; department: Sociology, Anthropology, and Social Work; credit: 3S; division: U",42,Criminology,,pg-service-college-psychology-sociology-human-services,"['human-consumer', 'human-needs', 'need-education', 'need-education-postsecondary', 'pg-service-college-psychology-sociology-human-services', 'pg-service-college-psychology-sociology-human-services-page-010', 'item-course-005764']",
True,Historical 1995 service catalog; contact institution or successor to verify.,1995,College — Psychology / Sociology / Human Services,pg-service-college-psychology-sociology-human-services,"Sociology, Anthropology, and Social Work",,"College independent-study course in Sociology, Anthropology, and Social Work. Credit: 3S.",English,,"The Independent Study Catalog, 1995 structured course listing.",78,medium,text catalog parser,Postsecondary,need-education-postsecondary,72,,Gender roles,1995,Western Illinois University,high,360,need-education,84,Education / Postsecondary / Psychology / Sociology / Human Services,15,pg-service-college-psychology-sociology-human-services-page-010,360,Gender roles,item-course-005765,,"Verify the current institution, equivalent course, delivery method, tuition and accreditation.",COURSE-005765,service,Historical education service listing — current availability requires verification,historical_education_service,12,Historical availability uncertainty,Provisional heuristic; recalculate from User Profile and current service evidence.,The Independent Study Catalog 1995.pdf,English,,360,The Independent Study Catalog,SRC-EDU-ISC-1995,,Western Illinois University,"Institution: Western Illinois University; level: College; department: Sociology, Anthropology, and Social Work; credit: 3S; division: U",42,Gender roles,,pg-service-college-psychology-sociology-human-services,"['human-consumer', 'human-needs', 'need-education', 'need-education-postsecondary', 'pg-service-college-psychology-sociology-human-services', 'pg-service-college-psychology-sociology-human-services-page-010', 'item-course-005765']",
True,Historical 1995 service catalog; contact institution or successor to verify.,1995,College — Psychology / Sociology / Human Services,pg-service-college-psychology-sociology-human-services,"Sociology, Anthropology, and Social Work",,"College independent-study course in Sociology, Anthropology, and Social Work. Credit: 3S.",English,,"The Independent Study Catalog, 1995 structured course listing.",78,medium,text catalog parser,Postsecondary,need-education-postsecondary,76,,Juvenile delinquency,1995,Western Illinois University,high,425,need-education,84,Education / Postsecondary / Psychology / Sociology / Human Services,15,pg-service-college-psychology-sociology-human-services-page-010,425,Juvenile delinquency,item-course-005766,,"Verify the current institution, equivalent course, delivery method, tuition and accreditation.",COURSE-005766,service,Historical education service listing — current availability requires verification,historical_education_service,12,Historical availability uncertainty,Provisional heuristic; recalculate from User Profile and current service evidence.,The Independent Study Catalog 1995.pdf,English,,425,The Independent Study Catalog,SRC-EDU-ISC-1995,,Western Illinois University,"Institution: Western Illinois University; level: College; department: Sociology, Anthropology, and Social Work; credit: 3S; division: U",42,Juvenile delinquency,,pg-service-college-psychology-sociology-human-services,"['human-consumer', 'human-needs', 'need-education', 'need-education-postsecondary', 'pg-service-college-psychology-sociology-human-services', 'pg-service-college-psychology-sociology-human-services-page-010', 'item-course-005766']",
True,Historical 1995 service catalog; contact institution or successor to verify.,1995,College — Psychology / Sociology / Human Services,pg-service-college-psychology-sociology-human-services,"Sociology, Anthropology, and Social Work",,"College independent-study course in Sociology, Anthropology, and Social Work. Credit: 3S.",English,,"The Independent Study Catalog, 1995 structured course listing.",78,medium,text catalog parser,Postsecondary,need-education-postsecondary,69,,Minority peoples,1995,Western Illinois University,high,300,need-education,84,Education / Postsecondary / Psychology / Sociology / Human Services,15,pg-service-college-psychology-sociology-human-services-page-010,300,Minority peoples,item-course-005767,,"Verify the current institution, equivalent course, delivery method, tuition and accreditation.",COURSE-005767,service,Historical education service listing — current availability requires verification,historical_education_service,12,Historical availability uncertainty,Provisional heuristic; recalculate from User Profile and current service evidence.,The Independent Study Catalog 1995.pdf,English,,300,The Independent Study Catalog,SRC-EDU-ISC-1995,,Western Illinois University,"Institution: Western Illinois University; level: College; department: Sociology, Anthropology, and Social Work; credit: 3S; division: U",42,Minority peoples,,pg-service-college-psychology-sociology-human-services,"['human-consumer', 'human-needs', 'need-education', 'need-education-postsecondary', 'pg-service-college-psychology-sociology-human-services', 'pg-service-college-psychology-sociology-human-services-page-010', 'item-course-005767']",
True,Historical 1995 service catalog; contact institution or successor to verify.,1995,College — Health / Nursing / Emergency Services,pg-service-college-health-nursing-emergency-services,"Sociology, Anthropology, and Social Work",,"College independent-study course in Sociology, Anthropology, and Social Work. Credit: 3S.",English,,"The Independent Study Catalog, 1995 structured course listing.",78,medium,text catalog parser,Postsecondary,need-education-postsecondary,71,,Sociology of mental health,1995,Western Illinois University,high,424,need-education,84,Education / Postsecondary / Health / Nursing / Emergency Services,15,pg-service-college-health-nursing-emergency-services-page-004,424,Sociology of mental health,item-course-005768,,"Verify the current institution, equivalent course, delivery method, tuition and accreditation.",COURSE-005768,service,Historical education service listing — current availability requires verification,historical_education_service,12,Historical availability uncertainty,Provisional heuristic; recalculate from User Profile and current service evidence.,The Independent Study Catalog 1995.pdf,English,,424,The Independent Study Catalog,SRC-EDU-ISC-1995,,Western Illinois University,"Institution: Western Illinois University; level: College; department: Sociology, Anthropology, and Social Work; credit: 3S; division: U",42,Sociology of mental health,,pg-service-college-health-nursing-emergency-services,"['human-consumer', 'human-needs', 'need-education', 'need-education-postsecondary', 'pg-service-college-health-nursing-emergency-services', 'pg-service-college-health-nursing-emergency-services-page-004', 'item-course-005768']",
True,Historical 1995 service catalog; contact institution or successor to verify.,1995,College — Psychology / Sociology / Human Services,pg-service-college-psychology-sociology-human-services,Anthropology,,"College independent-study course in Anthropology. Credit: 3S, VI.",English,,"The Independent Study Catalog, 1995 structured course listing.",78,medium,text catalog parser,Postsecondary,need-education-postsecondary,71,,Indians and Eskimos,1995,Western Illinois University,high,332,need-education,84,Education / Postsecondary / Psychology / Sociology / Human Services,15,pg-service-college-psychology-sociology-human-services-page-010,332,Indians and Eskimos,item-course-005769,,"Verify the current institution, equivalent course, delivery method, tuition and accreditation.",COURSE-005769,service,Historical education service listing — current availability requires verification,historical_education_service,12,Historical availability uncertainty,Provisional heuristic; recalculate from User Profile and current service evidence.,The Independent Study Catalog 1995.pdf,English,,332,The Independent Study Catalog,SRC-EDU-ISC-1995,,Western Illinois University,"Institution: Western Illinois University; level: College; department: Anthropology; credit: 3S, VI; division: L",42,Indians and Eskimos,,pg-service-college-psychology-sociology-human-services,"['human-consumer', 'human-needs', 'need-education', 'need-education-postsecondary', 'pg-service-college-psychology-sociology-human-services', 'pg-service-college-psychology-sociology-human-services-page-010', 'item-course-005769']",
True,Historical 1995 service catalog; contact institution or successor to verify.,1995,College — Psychology / Sociology / Human Services,pg-service-college-psychology-sociology-human-services,Anthropology,,"College independent-study course in Anthropology. Credit: 3S, VI.",English,,"The Independent Study Catalog, 1995 structured course listing.",78,medium,text catalog parser,Postsecondary,need-education-postsecondary,78,,Introduction to archaeology,1995,Western Illinois University,high,210,need-education,84,Education / Postsecondary / Psychology / Sociology / Human Services,15,pg-service-college-psychology-sociology-human-services-page-010,210,Introduction to archaeology,item-course-005770,,"Verify the current institution, equivalent course, delivery method, tuition and accreditation.",COURSE-005770,service,Historical education service listing — current availability requires verification,historical_education_service,12,Historical availability uncertainty,Provisional heuristic; recalculate from User Profile and current service evidence.,The Independent Study Catalog 1995.pdf,English,,210,The Independent Study Catalog,SRC-EDU-ISC-1995,,Western Illinois University,"Institution: Western Illinois University; level: College; department: Anthropology; credit: 3S, VI; division: L",42,Introduction to archaeology,,pg-service-college-psychology-sociology-human-services,"['human-consumer', 'human-needs', 'need-education', 'need-education-postsecondary', 'pg-service-college-psychology-sociology-human-services', 'pg-service-college-psychology-sociology-human-services-page-010', 'item-course-005770']",
True,Historical 1995 service catalog; contact institution or successor to verify.,1995,College — Science / Environment,pg-service-college-science-environment,Biology,,"College independent-study course in Biology. Credit: 4S, SL.",English,,"The Independent Study Catalog, 1995 structured course listing.",78,medium,text catalog parser,Postsecondary,need-education-postsecondary,73,,Applied botany,1995,Western Illinois University,high,220,need-education,84,Education / Postsecondary / Science / Environment,15,pg-service-college-science-environment-page-011,220,Applied botany,item-course-005771,,"Verify the current institution, equivalent course, delivery method, tuition and accreditation.",COURSE-005771,service,Historical education service listing — current availability requires verification,historical_education_service,12,Historical availability uncertainty,Provisional heuristic; recalculate from User Profile and current service evidence.,The Independent Study Catalog 1995.pdf,English,,220,The Independent Study Catalog,SRC-EDU-ISC-1995,,Western Illinois University,"Institution: Western Illinois University; level: College; department: Biology; credit: 4S, SL; division: L",42,Applied botany,,pg-service-college-science-environment,"['human-consumer', 'human-needs', 'need-education', 'need-education-postsecondary', 'pg-service-college-science-environment', 'pg-service-college-science-environment-page-011', 'item-course-005771']",
True,Historical 1995 service catalog; contact institution or successor to verify.,1995,College — Science / Environment,pg-service-college-science-environment,Biological science in elementary education,,College independent-study course in Biological science in elementary education. Credit: 3S.,English,,"The Independent Study Catalog, 1995 structured course listing.",78,medium,text catalog parser,Postsecondary,need-education-postsecondary,69,,Biology of addictive drugs,1995,Western Illinois University,high,507,need-education,84,Education / Postsecondary / Science / Environment,15,pg-service-college-science-environment-page-011,507,Biology of addictive drugs,item-course-005772,,"Verify the current institution, equivalent course, delivery method, tuition and accreditation.",COURSE-005772,service,Historical education service listing — current availability requires verification,historical_education_service,12,Historical availability uncertainty,Provisional heuristic; recalculate from User Profile and current service evidence.,The Independent Study Catalog 1995.pdf,English,,507,The Independent Study Catalog,SRC-EDU-ISC-1995,,Western Illinois University,Institution: Western Illinois University; level: College; department: Biological science in elementary education; credit: 3S; division: U,42,Biology of addictive drugs,,pg-service-college-science-environment,"['human-consumer', 'human-needs', 'need-education', 'need-education-postsecondary', 'pg-service-college-science-environment', 'pg-service-college-science-environment-page-011', 'item-course-005772']",
True,Historical 1995 service catalog; contact institution or successor to verify.,1995,College — Science / Environment,pg-service-college-science-environment,Biological science in elementary education,,College independent-study course in Biological science in elementary education. Credit: 3S.,English,,"The Independent Study Catalog, 1995 structured course listing.",78,medium,text catalog parser,Postsecondary,need-education-postsecondary,79,,Biology of aging,1995,Western Illinois University,high,531,need-education,84,Education / Postsecondary / Science / Environment,15,pg-service-college-science-environment-page-011,531,Biology of aging,item-course-005773,,"Verify the current institution, equivalent course, delivery method, tuition and accreditation.",COURSE-005773,service,Historical education service listing — current availability requires verification,historical_education_service,12,Historical availability uncertainty,Provisional heuristic; recalculate from User Profile and current service evidence.,The Independent Study Catalog 1995.pdf,English,,531,The Independent Study Catalog,SRC-EDU-ISC-1995,,Western Illinois University,Institution: Western Illinois University; level: College; department: Biological science in elementary education; credit: 3S; division: U,42,Biology of aging,,pg-service-college-science-environment,"['human-consumer', 'human-needs', 'need-education', 'need-education-postsecondary', 'pg-service-college-science-environment', 'pg-service-college-science-environment-page-011', 'item-course-005773']",
True,Historical 1995 service catalog; contact institution or successor to verify.,1995,College — Science / Environment,pg-service-college-science-environment,Biological science in elementary education,,College independent-study course in Biological science in elementary education. Credit: 4S.,English,,"The Independent Study Catalog, 1995 structured course listing.",78,medium,text catalog parser,Postsecondary,need-education-postsecondary,77,,Ecology,1995,Western Illinois University,high,301,need-education,84,Education / Postsecondary / Science / Environment,15,pg-service-college-science-environment-page-012,301,Ecology,item-course-005774,,"Verify the current institution, equivalent course, delivery method, tuition and accreditation.",COURSE-005774,service,Historical education service listing — current availability requires verification,historical_education_service,12,Historical availability uncertainty,Provisional heuristic; recalculate from User Profile and current service evidence.,The Independent Study Catalog 1995.pdf,English,,301,The Independent Study Catalog,SRC-EDU-ISC-1995,,Western Illinois University,Institution: Western Illinois University; level: College; department: Biological science in elementary education; credit: 4S; division: L,42,Ecology,,pg-service-college-science-environment,"['human-consumer', 'human-needs', 'need-education', 'need-education-postsecondary', 'pg-service-college-science-environment', 'pg-service-college-science-environment-page-012', 'item-course-005774']",
True,Historical 1995 service catalog; contact institution or successor to verify.,1995,College — Science / Environment,pg-service-college-science-environment,Biological science in elementary education,,College independent-study course in Biological science in elementary education. Credit: 3S.,English,,"The Independent Study Catalog, 1995 structured course listing.",78,medium,text catalog parser,Postsecondary,need-education-postsecondary,72,,Environmental biology,1995,Western Illinois University,high,105,need-education,84,Education / Postsecondary / Science / Environment,15,pg-service-college-science-environment-page-012,105,Environmental biology,item-course-005775,,"Verify the current institution, equivalent course, delivery method, tuition and accreditation.",COURSE-005775,service,Historical education service listing — current availability requires verification,historical_education_service,12,Historical availability uncertainty,Provisional heuristic; recalculate from User Profile and current service evidence.,The Independent Study Catalog 1995.pdf,English,,105,The Independent Study Catalog,SRC-EDU-ISC-1995,,Western Illinois University,Institution: Western Illinois University; level: College; department: Biological science in elementary education; credit: 3S; division: L,42,Environmental biology,,pg-service-college-science-environment,"['human-consumer', 'human-needs', 'need-education', 'need-education-postsecondary', 'pg-service-college-science-environment', 'pg-service-college-science-environment-page-012', 'item-course-005775']",
True,Historical 1995 service catalog; contact institution or successor to verify.,1995,College — Science / Environment,pg-service-college-science-environment,Biological science in elementary education,,College independent-study course in Biological science in elementary education. Credit: 3S.,English,,"The Independent Study Catalog, 1995 structured course listing.",78,medium,text catalog parser,Postsecondary,need-education-postsecondary,78,,Medical botany,1995,Western Illinois University,high,599,need-education,84,Education / Postsecondary / Science / Environment,15,pg-service-college-science-environment-page-012,599,Medical botany,item-course-005776,,"Verify the current institution, equivalent course, delivery method, tuition and accreditation.",COURSE-005776,service,Historical education service listing — current availability requires verification,historical_education_service,12,Historical availability uncertainty,Provisional heuristic; recalculate from User Profile and current service evidence.,The Independent Study Catalog 1995.pdf,English,,599,The Independent Study Catalog,SRC-EDU-ISC-1995,,Western Illinois University,Institution: Western Illinois University; level: College; department: Biological science in elementary education; credit: 3S; division: U,42,Medical botany,,pg-service-college-science-environment,"['human-consumer', 'human-needs', 'need-education', 'need-education-postsecondary', 'pg-service-college-science-environment', 'pg-service-college-science-environment-page-012', 'item-course-005776']",
True,Historical 1995 service catalog; contact institution or successor to verify.,1995,College — Science / Environment,pg-service-college-science-environment,Biological science in elementary education,,College independent-study course in Biological science in elementary education. Credit: 3S.,English,,"The Independent Study Catalog, 1995 structured course listing.",78,medium,text catalog parser,Postsecondary,need-education-postsecondary,71,,Plants of southwest Michigan,1995,Western Illinois University,high,597,need-education,84,Education / Postsecondary / Science / Environment,15,pg-service-college-science-environment-page-012,597,Plants of southwest Michigan,item-course-005777,,"Verify the current institution, equivalent course, delivery method, tuition and accreditation.",COURSE-005777,service,Historical education service listing — current availability requires verification,historical_education_service,12,Historical availability uncertainty,Provisional heuristic; recalculate from User Profile and current service evidence.,The Independent Study Catalog 1995.pdf,English,,597,The Independent Study Catalog,SRC-EDU-ISC-1995,,Western Illinois University,Institution: Western Illinois University; level: College; department: Biological science in elementary education; credit: 3S; division: L,42,Plants of southwest Michigan,,pg-service-college-science-environment,"['human-consumer', 'human-needs', 'need-education', 'need-education-postsecondary', 'pg-service-college-science-environment', 'pg-service-college-science-environment-page-012', 'item-course-005777']",
True,Historical 1995 service catalog; contact institution or successor to verify.,1995,College — Science / Environment,pg-service-college-science-environment,Biological science in elementary education,,College independent-study course in Biological science in elementary education. Credit: 3S.,English,,"The Independent Study Catalog, 1995 structured course listing.",78,medium,text catalog parser,Postsecondary,need-education-postsecondary,74,,1'tws and shrubs,1995,Western Illinois University,high,597,need-education,84,Education / Postsecondary / Science / Environment,15,pg-service-college-science-environment-page-011,597,1'tws and shrubs,item-course-005778,,"Verify the current institution, equivalent course, delivery method, tuition and accreditation.",COURSE-005778,service,Historical education service listing — current availability requires verification,historical_education_service,12,Historical availability uncertainty,Provisional heuristic; recalculate from User Profile and current service evidence.,The Independent Study Catalog 1995.pdf,English,,597,The Independent Study Catalog,SRC-EDU-ISC-1995,,Western Illinois University,Institution: Western Illinois University; level: College; department: Biological science in elementary education; credit: 3S; division: L,42,1'tws and shrubs,,pg-service-college-science-environment,"['human-consumer', 'human-needs', 'need-education', 'need-education-postsecondary', 'pg-service-college-science-environment', 'pg-service-college-science-environment-page-011', 'item-course-005778']",
True,Historical 1995 service catalog; contact institution or successor to verify.,1995,College — General / Interdisciplinary,pg-service-college-general-interdisciplinary,Black Americana Studies,,College independent-study course in Black Americana Studies. Credit: 3S.,English,,"The Independent Study Catalog, 1995 structured course listing.",78,medium,text catalog parser,Postsecondary,need-education-postsecondary,69,,Black experience,1995,Western Illinois University,high,300,need-education,84,Education / Postsecondary / General / Interdisciplinary,15,pg-service-college-general-interdisciplinary-page-013,300,Black experience,item-course-005779,,"Verify the current institution, equivalent course, delivery method, tuition and accreditation.",COURSE-005779,service,Historical education service listing — current availability requires verification,historical_education_service,12,Historical availability uncertainty,Provisional heuristic; recalculate from User Profile and current service evidence.,The Independent Study Catalog 1995.pdf,English,,300,The Independent Study Catalog,SRC-EDU-ISC-1995,,Western Illinois University,Institution: Western Illinois University; level: College; department: Black Americana Studies; credit: 3S; division: U,42,Black experience,,pg-service-college-general-interdisciplinary,"['human-consumer', 'human-needs', 'need-education', 'need-education-postsecondary', 'pg-service-college-general-interdisciplinary', 'pg-service-college-general-interdisciplinary-page-013', 'item-course-005779']",
True,Historical 1995 service catalog; contact institution or successor to verify.,1995,College — General / Interdisciplinary,pg-service-college-general-interdisciplinary,Black Americana Studies,,College independent-study course in Black Americana Studies. Credit: 3S.,English,,"The Independent Study Catalog, 1995 structured course listing.",78,medium,text catalog parser,Postsecondary,need-education-postsecondary,74,,"Black experience, 1866-present",1995,Western Illinois University,high,301,need-education,84,Education / Postsecondary / General / Interdisciplinary,15,pg-service-college-general-interdisciplinary-page-013,301,"Black experience, 1866-present",item-course-005780,,"Verify the current institution, equivalent course, delivery method, tuition and accreditation.",COURSE-005780,service,Historical education service listing — current availability requires verification,historical_education_service,12,Historical availability uncertainty,Provisional heuristic; recalculate from User Profile and current service evidence.,The Independent Study Catalog 1995.pdf,English,,301,The Independent Study Catalog,SRC-EDU-ISC-1995,,Western Illinois University,Institution: Western Illinois University; level: College; department: Black Americana Studies; credit: 3S; division: U,42,"Black experience, 1866-present",,pg-service-college-general-interdisciplinary,"['human-consumer', 'human-needs', 'need-education', 'need-education-postsecondary', 'pg-service-college-general-interdisciplinary', 'pg-service-college-general-interdisciplinary-page-013', 'item-course-005780']",
True,Historical 1995 service catalog; contact institution or successor to verify.,1995,College — Education / Teaching,pg-service-college-education-teaching,Teaching practical arts and vocational,,College independent-study course in Teaching practical arts and vocational. Credit: 3S.,English,,"The Independent Study Catalog, 1995 structured course listing.",78,medium,text catalog parser,Postsecondary,need-education-postsecondary,71,,education,1995,Western Illinois University,high,344,need-education,84,Education / Postsecondary / Education / Teaching,15,pg-service-college-education-teaching-page-004,344,education,item-course-005781,,"Verify the current institution, equivalent course, delivery method, tuition and accreditation.",COURSE-005781,service,Historical education service listing — current availability requires verification,historical_education_service,12,Historical availability uncertainty,Provisional heuristic; recalculate from User Profile and current service evidence.,The Independent Study Catalog 1995.pdf,English,,344,The Independent Study Catalog,SRC-EDU-ISC-1995,,Western Illinois University,Institution: Western Illinois University; level: College; department: Teaching practical arts and vocational; credit: 3S; division: L,42,education,,pg-service-college-education-teaching,"['human-consumer', 'human-needs', 'need-education', 'need-education-postsecondary', 'pg-service-college-education-teaching', 'pg-service-college-education-teaching-page-004', 'item-course-005781']",
True,Historical 1995 service catalog; contact institution or successor to verify.,1995,College — Science / Environment,pg-service-college-science-environment,Chemist n/,,College independent-study course in Chemist n/. Credit: 3S.,English,,"The Independent Study Catalog, 1995 structured course listing.",78,medium,text catalog parser,Postsecondary,need-education-postsecondary,78,,History of chemistry,1995,Western Illinois University,high,580,need-education,84,Education / Postsecondary / Science / Environment,15,pg-service-college-science-environment-page-012,580,History of chemistry,item-course-005782,,"Verify the current institution, equivalent course, delivery method, tuition and accreditation.",COURSE-005782,service,Historical education service listing — current availability requires verification,historical_education_service,12,Historical availability uncertainty,Provisional heuristic; recalculate from User Profile and current service evidence.,The Independent Study Catalog 1995.pdf,English,,580,The Independent Study Catalog,SRC-EDU-ISC-1995,,Western Illinois University,Institution: Western Illinois University; level: College; department: Chemist n/; credit: 3S; division: U,42,History of chemistry,,pg-service-college-science-environment,"['human-consumer', 'human-needs', 'need-education', 'need-education-postsecondary', 'pg-service-college-science-environment', 'pg-service-college-science-environment-page-012', 'item-course-005782']",
True,Historical 1995 service catalog; contact institution or successor to verify.,1995,College — Computing / Engineering / Technology,pg-service-college-computing-engineering-technology,Computer Science,,College independent-study course in Computer Science. Credit: 3S.,English,,"The Independent Study Catalog, 1995 structured course listing.",78,medium,text catalog parser,Postsecondary,need-education-postsecondary,72,,Introduction to computers,1995,Western Illinois University,high,105,need-education,84,Education / Postsecondary / Computing / Engineering / Technology,15,pg-service-college-computing-engineering-technology-page-004,105,Introduction to computers,item-course-005783,,"Verify the current institution, equivalent course, delivery method, tuition and accreditation.",COURSE-005783,service,Historical education service listing — current availability requires verification,historical_education_service,12,Historical availability uncertainty,Provisional heuristic; recalculate from User Profile and current service evidence.,The Independent Study Catalog 1995.pdf,English,,105,The Independent Study Catalog,SRC-EDU-ISC-1995,,Western Illinois University,Institution: Western Illinois University; level: College; department: Computer Science; credit: 3S; division: L,42,Introduction to computers,,pg-service-college-computing-engineering-technology,"['human-consumer', 'human-needs', 'need-education', 'need-education-postsecondary', 'pg-service-college-computing-engineering-technology', 'pg-service-college-computing-engineering-technology-page-004', 'item-course-005783']",
True,Historical 1995 service catalog; contact institution or successor to verify.,1995,College — Business / Economics / Finance,pg-service-college-business-economics-finance,Consumer Resources and Technology,,College independent-study course in Consumer Resources and Technology. Credit: IS.,English,,"The Independent Study Catalog, 1995 structured course listing.",78,medium,text catalog parser,Postsecondary,need-education-postsecondary,72,,Time management,1995,Western Illinois University,high,205,need-education,84,Education / Postsecondary / Business / Economics / Finance,15,pg-service-college-business-economics-finance-page-022,205,Time management,item-course-005784,,"Verify the current institution, equivalent course, delivery method, tuition and accreditation.",COURSE-005784,service,Historical education service listing — current availability requires verification,historical_education_service,12,Historical availability uncertainty,Provisional heuristic; recalculate from User Profile and current service evidence.,The Independent Study Catalog 1995.pdf,English,,205,The Independent Study Catalog,SRC-EDU-ISC-1995,,Western Illinois University,Institution: Western Illinois University; level: College; department: Consumer Resources and Technology; credit: IS; division: L,42,Time management,,pg-service-college-business-economics-finance,"['human-consumer', 'human-needs', 'need-education', 'need-education-postsecondary', 'pg-service-college-business-economics-finance', 'pg-service-college-business-economics-finance-page-022', 'item-course-005784']",
True,Historical 1995 service catalog; contact institution or successor to verify.,1995,College — Business / Economics / Finance,pg-service-college-business-economics-finance,Economics,,College independent-study course in Economics. Credit: 3S.,English,,"The Independent Study Catalog, 1995 structured course listing.",78,medium,text catalog parser,Postsecondary,need-education-postsecondary,79,,Labor problems,1995,Western Illinois University,high,410,need-education,84,Education / Postsecondary / Business / Economics / Finance,15,pg-service-college-business-economics-finance-page-021,410,Labor problems,item-course-005785,,"Verify the current institution, equivalent course, delivery method, tuition and accreditation.",COURSE-005785,service,Historical education service listing — current availability requires verification,historical_education_service,12,Historical availability uncertainty,Provisional heuristic; recalculate from User Profile and current service evidence.,The Independent Study Catalog 1995.pdf,English,,410,The Independent Study Catalog,SRC-EDU-ISC-1995,,Western Illinois University,Institution: Western Illinois University; level: College; department: Economics; credit: 3S; division: U,42,Labor problems,,pg-service-college-business-economics-finance,"['human-consumer', 'human-needs', 'need-education', 'need-education-postsecondary', 'pg-service-college-business-economics-finance', 'pg-service-college-business-economics-finance-page-021', 'item-course-005785']",
True,Historical 1995 service catalog; contact institution or successor to verify.,1995,College — Business / Economics / Finance,pg-service-college-business-economics-finance,Economics,,College independent-study course in Economics. Credit: 3S.,English,,"The Independent Study Catalog, 1995 structured course listing.",78,medium,text catalog parser,Postsecondary,need-education-postsecondary,75,,Money and credit,1995,Western Illinois University,high,420,need-education,84,Education / Postsecondary / Business / Economics / Finance,15,pg-service-college-business-economics-finance-page-021,420,Money and credit,item-course-005786,,"Verify the current institution, equivalent course, delivery method, tuition and accreditation.",COURSE-005786,service,Historical education service listing — current availability requires verification,historical_education_service,12,Historical availability uncertainty,Provisional heuristic; recalculate from User Profile and current service evidence.,The Independent Study Catalog 1995.pdf,English,,420,The Independent Study Catalog,SRC-EDU-ISC-1995,,Western Illinois University,Institution: Western Illinois University; level: College; department: Economics; credit: 3S; division: U,42,Money and credit,,pg-service-college-business-economics-finance,"['human-consumer', 'human-needs', 'need-education', 'need-education-postsecondary', 'pg-service-college-business-economics-finance', 'pg-service-college-business-economics-finance-page-021', 'item-course-005786']",
True,Historical 1995 service catalog; contact institution or successor to verify.,1995,College — Business / Economics / Finance,pg-service-college-business-economics-finance,Economics,,College independent-study course in Economics. Credit: 3S.,English,,"The Independent Study Catalog, 1995 structured course listing.",78,medium,text catalog parser,Postsecondary,need-education-postsecondary,73,,Price theory,1995,Western Illinois University,high,303,need-education,84,Education / Postsecondary / Business / Economics / Finance,15,pg-service-college-business-economics-finance-page-021,303,Price theory,item-course-005787,,"Verify the current institution, equivalent course, delivery method, tuition and accreditation.",COURSE-005787,service,Historical education service listing — current availability requires verification,historical_education_service,12,Historical availability uncertainty,Provisional heuristic; recalculate from User Profile and current service evidence.,The Independent Study Catalog 1995.pdf,English,,303,The Independent Study Catalog,SRC-EDU-ISC-1995,,Western Illinois University,Institution: Western Illinois University; level: College; department: Economics; credit: 3S; division: L,42,Price theory,,pg-service-college-business-economics-finance,"['human-consumer', 'human-needs', 'need-education', 'need-education-postsecondary', 'pg-service-college-business-economics-finance', 'pg-service-college-business-economics-finance-page-021', 'item-course-005787']",
True,Historical 1995 service catalog; contact institution or successor to verify.,1995,College — Business / Economics / Finance,pg-service-college-business-economics-finance,Economics,,College independent-study course in Economics. Credit: 3S.,English,,"The Independent Study Catalog, 1995 structured course listing.",78,medium,text catalog parser,Postsecondary,need-education-postsecondary,68,,Principles of economics: macro,1995,Western Illinois University,high,202,need-education,84,Education / Postsecondary / Business / Economics / Finance,15,pg-service-college-business-economics-finance-page-021,202,Principles of economics: macro,item-course-005788,,"Verify the current institution, equivalent course, delivery method, tuition and accreditation.",COURSE-005788,service,Historical education service listing — current availability requires verification,historical_education_service,12,Historical availability uncertainty,Provisional heuristic; recalculate from User Profile and current service evidence.,The Independent Study Catalog 1995.pdf,English,,202,The Independent Study Catalog,SRC-EDU-ISC-1995,,Western Illinois University,Institution: Western Illinois University; level: College; department: Economics; credit: 3S; division: L,42,Principles of economics: macro,,pg-service-college-business-economics-finance,"['human-consumer', 'human-needs', 'need-education', 'need-education-postsecondary', 'pg-service-college-business-economics-finance', 'pg-service-college-business-economics-finance-page-021', 'item-course-005788']",
True,Historical 1995 service catalog; contact institution or successor to verify.,1995,College — Business / Economics / Finance,pg-service-college-business-economics-finance,Economics,,College independent-study course in Economics. Credit: 3S.,English,,"The Independent Study Catalog, 1995 structured course listing.",78,medium,text catalog parser,Postsecondary,need-education-postsecondary,74,,Principles of economics: micro,1995,Western Illinois University,high,201,need-education,84,Education / Postsecondary / Business / Economics / Finance,15,pg-service-college-business-economics-finance-page-021,201,Principles of economics: micro,item-course-005789,,"Verify the current institution, equivalent course, delivery method, tuition and accreditation.",COURSE-005789,service,Historical education service listing — current availability requires verification,historical_education_service,12,Historical availability uncertainty,Provisional heuristic; recalculate from User Profile and current service evidence.,The Independent Study Catalog 1995.pdf,English,,201,The Independent Study Catalog,SRC-EDU-ISC-1995,,Western Illinois University,Institution: Western Illinois University; level: College; department: Economics; credit: 3S; division: L,42,Principles of economics: micro,,pg-service-college-business-economics-finance,"['human-consumer', 'human-needs', 'need-education', 'need-education-postsecondary', 'pg-service-college-business-economics-finance', 'pg-service-college-business-economics-finance-page-021', 'item-course-005789']",
True,Historical 1995 service catalog; contact institution or successor to verify.,1995,College — Education / Teaching,pg-service-college-education-teaching,Education,,College independent-study course in Education. Credit: 2S.,English,,"The Independent Study Catalog, 1995 structured course listing.",78,medium,text catalog parser,Postsecondary,need-education-postsecondary,78,,Critical and creative reading,1995,Western Illinois University,high,103,need-education,84,Education / Postsecondary / Education / Teaching,15,pg-service-college-education-teaching-page-004,103,Critical and creative reading,item-course-005790,,"Verify the current institution, equivalent course, delivery method, tuition and accreditation.",COURSE-005790,service,Historical education service listing — current availability requires verification,historical_education_service,12,Historical availability uncertainty,Provisional heuristic; recalculate from User Profile and current service evidence.,The Independent Study Catalog 1995.pdf,English,,103,The Independent Study Catalog,SRC-EDU-ISC-1995,,Western Illinois University,Institution: Western Illinois University; level: College; department: Education; credit: 2S; division: L,42,Critical and creative reading,,pg-service-college-education-teaching,"['human-consumer', 'human-needs', 'need-education', 'need-education-postsecondary', 'pg-service-college-education-teaching', 'pg-service-college-education-teaching-page-004', 'item-course-005790']",
True,Historical 1995 service catalog; contact institution or successor to verify.,1995,College — English / Communication / Journalism,pg-service-college-english-communication-journalism,English,,College independent-study course in English. Credit: 4S.,English,,"The Independent Study Catalog, 1995 structured course listing.",78,medium,text catalog parser,Postsecondary,need-education-postsecondary,77,,Children's literature,1995,Western Illinois University,high,282,need-education,84,Education / Postsecondary / English / Communication / Journalism,15,pg-service-college-english-communication-journalism-page-013,282,Children's literature,item-course-005791,,"Verify the current institution, equivalent course, delivery method, tuition and accreditation.",COURSE-005791,service,Historical education service listing — current availability requires verification,historical_education_service,12,Historical availability uncertainty,Provisional heuristic; recalculate from User Profile and current service evidence.,The Independent Study Catalog 1995.pdf,English,,282,The Independent Study Catalog,SRC-EDU-ISC-1995,,Western Illinois University,Institution: Western Illinois University; level: College; department: English; credit: 4S; division: L,42,Children's literature,,pg-service-college-english-communication-journalism,"['human-consumer', 'human-needs', 'need-education', 'need-education-postsecondary', 'pg-service-college-english-communication-journalism', 'pg-service-college-english-communication-journalism-page-013', 'item-course-005791']",
True,Historical 1995 service catalog; contact institution or successor to verify.,1995,College — English / Communication / Journalism,pg-service-college-english-communication-journalism,English,,College independent-study course in English. Credit: 4S.,English,,"The Independent Study Catalog, 1995 structured course listing.",78,medium,text catalog parser,Postsecondary,need-education-postsecondary,70,,Feature and article writing,1995,Western Illinois University,high,364,need-education,84,Education / Postsecondary / English / Communication / Journalism,15,pg-service-college-english-communication-journalism-page-013,364,Feature and article writing,item-course-005792,,"Verify the current institution, equivalent course, delivery method, tuition and accreditation.",COURSE-005792,service,Historical education service listing — current availability requires verification,historical_education_service,12,Historical availability uncertainty,Provisional heuristic; recalculate from User Profile and current service evidence.,The Independent Study Catalog 1995.pdf,English,,364,The Independent Study Catalog,SRC-EDU-ISC-1995,,Western Illinois University,Institution: Western Illinois University; level: College; department: English; credit: 4S; division: U,42,Feature and article writing,,pg-service-college-english-communication-journalism,"['human-consumer', 'human-needs', 'need-education', 'need-education-postsecondary', 'pg-service-college-english-communication-journalism', 'pg-service-college-english-communication-journalism-page-013', 'item-course-005792']",
True,Historical 1995 service catalog; contact institution or successor to verify.,1995,College — English / Communication / Journalism,pg-service-college-english-communication-journalism,English,,College independent-study course in English. Credit: 4S.,English,,"The Independent Study Catalog, 1995 structured course listing.",78,medium,text catalog parser,Postsecondary,need-education-postsecondary,77,,Film interpretation,1995,Western Illinois University,high,210,need-education,84,Education / Postsecondary / English / Communication / Journalism,15,pg-service-college-english-communication-journalism-page-013,210,Film interpretation,item-course-005793,,"Verify the current institution, equivalent course, delivery method, tuition and accreditation.",COURSE-005793,service,Historical education service listing — current availability requires verification,historical_education_service,12,Historical availability uncertainty,Provisional heuristic; recalculate from User Profile and current service evidence.,The Independent Study Catalog 1995.pdf,English,,210,The Independent Study Catalog,SRC-EDU-ISC-1995,,Western Illinois University,Institution: Western Illinois University; level: College; department: English; credit: 4S; division: L,42,Film interpretation,,pg-service-college-english-communication-journalism,"['human-consumer', 'human-needs', 'need-education', 'need-education-postsecondary', 'pg-service-college-english-communication-journalism', 'pg-service-college-english-communication-journalism-page-013', 'item-course-005793']",
True,Historical 1995 service catalog; contact institution or successor to verify.,1995,College — English / Communication / Journalism,pg-service-college-english-communication-journalism,English,,College independent-study course in English. Credit: 4S.,English,,"The Independent Study Catalog, 1995 structured course listing.",78,medium,text catalog parser,Postsecondary,need-education-postsecondary,76,,Newswriting,1995,Western Illinois University,high,264,need-education,84,Education / Postsecondary / English / Communication / Journalism,15,pg-service-college-english-communication-journalism-page-013,264,Newswriting,item-course-005794,,"Verify the current institution, equivalent course, delivery method, tuition and accreditation.",COURSE-005794,service,Historical education service listing — current availability requires verification,historical_education_service,12,Historical availability uncertainty,Provisional heuristic; recalculate from User Profile and current service evidence.,The Independent Study Catalog 1995.pdf,English,,264,The Independent Study Catalog,SRC-EDU-ISC-1995,,Western Illinois University,Institution: Western Illinois University; level: College; department: English; credit: 4S; division: L,42,Newswriting,,pg-service-college-english-communication-journalism,"['human-consumer', 'human-needs', 'need-education', 'need-education-postsecondary', 'pg-service-college-english-communication-journalism', 'pg-service-college-english-communication-journalism-page-013', 'item-course-005794']",
True,Historical 1995 service catalog; contact institution or successor to verify.,1995,College — English / Communication / Journalism,pg-service-college-english-communication-journalism,English,,College independent-study course in English. Credit: 4S.,English,,"The Independent Study Catalog, 1995 structured course listing.",78,medium,text catalog parser,Postsecondary,need-education-postsecondary,72,,Practical writing,1995,Western Illinois University,high,305,need-education,84,Education / Postsecondary / English / Communication / Journalism,15,pg-service-college-english-communication-journalism-page-013,305,Practical writing,item-course-005795,,"Verify the current institution, equivalent course, delivery method, tuition and accreditation.",COURSE-005795,service,Historical education service listing — current availability requires verification,historical_education_service,12,Historical availability uncertainty,Provisional heuristic; recalculate from User Profile and current service evidence.,The Independent Study Catalog 1995.pdf,English,,305,The Independent Study Catalog,SRC-EDU-ISC-1995,,Western Illinois University,Institution: Western Illinois University; level: College; department: English; credit: 4S; division: L,42,Practical writing,,pg-service-college-english-communication-journalism,"['human-consumer', 'human-needs', 'need-education', 'need-education-postsecondary', 'pg-service-college-english-communication-journalism', 'pg-service-college-english-communication-journalism-page-013', 'item-course-005795']",
True,Historical 1995 service catalog; contact institution or successor to verify.,1995,College — English / Communication / Journalism,pg-service-college-english-communication-journalism,English,,College independent-study course in English. Credit: IS.,English,,"The Independent Study Catalog, 1995 structured course listing.",78,medium,text catalog parser,Postsecondary,need-education-postsecondary,74,,Studies in English: writing for the professional,1995,Western Illinois University,high,497,need-education,84,Education / Postsecondary / English / Communication / Journalism,15,pg-service-college-english-communication-journalism-page-014,497,Studies in English: writing for the professional,item-course-005796,,"Verify the current institution, equivalent course, delivery method, tuition and accreditation.",COURSE-005796,service,Historical education service listing — current availability requires verification,historical_education_service,12,Historical availability uncertainty,Provisional heuristic; recalculate from User Profile and current service evidence.,The Independent Study Catalog 1995.pdf,English,,497,The Independent Study Catalog,SRC-EDU-ISC-1995,,Western Illinois University,Institution: Western Illinois University; level: College; department: English; credit: IS; division: U,42,Studies in English: writing for the professional,,pg-service-college-english-communication-journalism,"['human-consumer', 'human-needs', 'need-education', 'need-education-postsecondary', 'pg-service-college-english-communication-journalism', 'pg-service-college-english-communication-journalism-page-014', 'item-course-005796']",
True,Historical 1995 service catalog; contact institution or successor to verify.,1995,College — English / Communication / Journalism,pg-service-college-english-communication-journalism,English,,College independent-study course in English. Credit: 4S.,English,,"The Independent Study Catalog, 1995 structured course listing.",78,medium,text catalog parser,Postsecondary,need-education-postsecondary,72,,Thought and writing,1995,Western Illinois University,high,105,need-education,84,Education / Postsecondary / English / Communication / Journalism,15,pg-service-college-english-communication-journalism-page-014,105,Thought and writing,item-course-005797,,"Verify the current institution, equivalent course, delivery method, tuition and accreditation.",COURSE-005797,service,Historical education service listing — current availability requires verification,historical_education_service,12,Historical availability uncertainty,Provisional heuristic; recalculate from User Profile and current service evidence.,The Independent Study Catalog 1995.pdf,English,,105,The Independent Study Catalog,SRC-EDU-ISC-1995,,Western Illinois University,Institution: Western Illinois University; level: College; department: English; credit: 4S; division: L,42,Thought and writing,,pg-service-college-english-communication-journalism,"['human-consumer', 'human-needs', 'need-education', 'need-education-postsecondary', 'pg-service-college-english-communication-journalism', 'pg-service-college-english-communication-journalism-page-014', 'item-course-005797']",
True,Historical 1995 service catalog; contact institution or successor to verify.,1995,College — History / Geography / Government / Law,pg-service-college-history-geography-government-law,Geography,,"College independent-study course in Geography. Credit: 3S, AC.",English,,"The Independent Study Catalog, 1995 structured course listing.",78,medium,text catalog parser,Postsecondary,need-education-postsecondary,72,,Geography of Michigan,1995,Western Illinois University,high,311,need-education,84,Education / Postsecondary / History / Geography / Government / Law,15,pg-service-college-history-geography-government-law-page-010,311,Geography of Michigan,item-course-005798,,"Verify the current institution, equivalent course, delivery method, tuition and accreditation.",COURSE-005798,service,Historical education service listing — current availability requires verification,historical_education_service,12,Historical availability uncertainty,Provisional heuristic; recalculate from User Profile and current service evidence.,The Independent Study Catalog 1995.pdf,English,,311,The Independent Study Catalog,SRC-EDU-ISC-1995,,Western Illinois University,"Institution: Western Illinois University; level: College; department: Geography; credit: 3S, AC; division: U",42,Geography of Michigan,,pg-service-college-history-geography-government-law,"['human-consumer', 'human-needs', 'need-education', 'need-education-postsecondary', 'pg-service-college-history-geography-government-law', 'pg-service-college-history-geography-government-law-page-010', 'item-course-005798']",
True,Historical 1995 service catalog; contact institution or successor to verify.,1995,College — Psychology / Sociology / Human Services,pg-service-college-psychology-sociology-human-services,Anthropology,,College independent-study course in Anthropology. Credit: 3Q.,English,,"The Independent Study Catalog, 1995 structured course listing.",78,medium,text catalog parser,Postsecondary,need-education-postsecondary,70,,Social anthropology,1995,Western Washington University,high,312,need-education,84,Education / Postsecondary / Psychology / Sociology / Human Services,15,pg-service-college-psychology-sociology-human-services-page-010,312,Social anthropology,item-course-005799,,"Verify the current institution, equivalent course, delivery method, tuition and accreditation.",COURSE-005799,service,Historical education service listing — current availability requires verification,historical_education_service,12,Historical availability uncertainty,Provisional heuristic; recalculate from User Profile and current service evidence.,The Independent Study Catalog 1995.pdf,English,,312,The Independent Study Catalog,SRC-EDU-ISC-1995,,Western Washington University,Institution: Western Washington University; level: College; department: Anthropology; credit: 3Q; division: U,42,Social anthropology,,pg-service-college-psychology-sociology-human-services,"['human-consumer', 'human-needs', 'need-education', 'need-education-postsecondary', 'pg-service-college-psychology-sociology-human-services', 'pg-service-college-psychology-sociology-human-services-page-010', 'item-course-005799']",
True,Historical 1995 service catalog; contact institution or successor to verify.,1995,College — Health / Nursing / Emergency Services,pg-service-college-health-nursing-emergency-services,General / Interdisciplinary,,College independent-study course in General / Interdisciplinary. Credit: 5Q.,English,,"The Independent Study Catalog, 1995 structured course listing.",78,medium,text catalog parser,Postsecondary,need-education-postsecondary,80,,Applications of fire research,1995,Western Washington University,high,333,need-education,84,Education / Postsecondary / Health / Nursing / Emergency Services,15,pg-service-college-health-nursing-emergency-services-page-004,333,Applications of fire research,item-course-005800,,"Verify the current institution, equivalent course, delivery method, tuition and accreditation.",COURSE-005800,service,Historical education service listing — current availability requires verification,historical_education_service,12,Historical availability uncertainty,Provisional heuristic; recalculate from User Profile and current service evidence.,The Independent Study Catalog 1995.pdf,English,,333,The Independent Study Catalog,SRC-EDU-ISC-1995,,Western Washington University,Institution: Western Washington University; level: College; department: General / Interdisciplinary; credit: 5Q; division: U,42,Applications of fire research,,pg-service-college-health-nursing-emergency-services,"['human-consumer', 'human-needs', 'need-education', 'need-education-postsecondary', 'pg-service-college-health-nursing-emergency-services', 'pg-service-college-health-nursing-emergency-services-page-004', 'item-course-005800']",
True,Historical 1995 service catalog; contact institution or successor to verify.,1995,College — General / Interdisciplinary,pg-service-college-general-interdisciplinary,General / Interdisciplinary,,College independent-study course in General / Interdisciplinary. Credit: 3Q.,English,,"The Independent Study Catalog, 1995 structured course listing.",78,medium,text catalog parser,Postsecondary,need-education-postsecondary,77,,Field study,1995,Western Washington University,high,403,need-education,84,Education / Postsecondary / General / Interdisciplinary,15,pg-service-college-general-interdisciplinary-page-013,403,Field study,item-course-005801,,"Verify the current institution, equivalent course, delivery method, tuition and accreditation.",COURSE-005801,service,Historical education service listing — current availability requires verification,historical_education_service,12,Historical availability uncertainty,Provisional heuristic; recalculate from User Profile and current service evidence.,The Independent Study Catalog 1995.pdf,English,,403,The Independent Study Catalog,SRC-EDU-ISC-1995,,Western Washington University,Institution: Western Washington University; level: College; department: General / Interdisciplinary; credit: 3Q; division: U,42,Field study,,pg-service-college-general-interdisciplinary,"['human-consumer', 'human-needs', 'need-education', 'need-education-postsecondary', 'pg-service-college-general-interdisciplinary', 'pg-service-college-general-interdisciplinary-page-013', 'item-course-005801']",
True,Historical 1995 service catalog; contact institution or successor to verify.,1995,College — Business / Economics / Finance,pg-service-college-business-economics-finance,General / Interdisciplinary,,College independent-study course in General / Interdisciplinary. Credit: 5Q.,English,,"The Independent Study Catalog, 1995 structured course listing.",78,medium,text catalog parser,Postsecondary,need-education-postsecondary,76,,Fire administration,1995,Western Washington University,high,323,need-education,84,Education / Postsecondary / Business / Economics / Finance,15,pg-service-college-business-economics-finance-page-022,323,Fire administration,item-course-005802,,"Verify the current institution, equivalent course, delivery method, tuition and accreditation.",COURSE-005802,service,Historical education service listing — current availability requires verification,historical_education_service,12,Historical availability uncertainty,Provisional heuristic; recalculate from User Profile and current service evidence.,The Independent Study Catalog 1995.pdf,English,,323,The Independent Study Catalog,SRC-EDU-ISC-1995,,Western Washington University,Institution: Western Washington University; level: College; department: General / Interdisciplinary; credit: 5Q; division: U,42,Fire administration,,pg-service-college-business-economics-finance,"['human-consumer', 'human-needs', 'need-education', 'need-education-postsecondary', 'pg-service-college-business-economics-finance', 'pg-service-college-business-economics-finance-page-022', 'item-course-005802']",
True,Historical 1995 service catalog; contact institution or successor to verify.,1995,College — Health / Nursing / Emergency Services,pg-service-college-health-nursing-emergency-services,General / Interdisciplinary,,College independent-study course in General / Interdisciplinary. Credit: 5Q.,English,,"The Independent Study Catalog, 1995 structured course listing.",78,medium,text catalog parser,Postsecondary,need-education-postsecondary,69,,Fire dynamics,1995,Western Washington University,high,334,need-education,84,Education / Postsecondary / Health / Nursing / Emergency Services,15,pg-service-college-health-nursing-emergency-services-page-004,334,Fire dynamics,item-course-005803,,"Verify the current institution, equivalent course, delivery method, tuition and accreditation.",COURSE-005803,service,Historical education service listing — current availability requires verification,historical_education_service,12,Historical availability uncertainty,Provisional heuristic; recalculate from User Profile and current service evidence.,The Independent Study Catalog 1995.pdf,English,,334,The Independent Study Catalog,SRC-EDU-ISC-1995,,Western Washington University,Institution: Western Washington University; level: College; department: General / Interdisciplinary; credit: 5Q; division: U,42,Fire dynamics,,pg-service-college-health-nursing-emergency-services,"['human-consumer', 'human-needs', 'need-education', 'need-education-postsecondary', 'pg-service-college-health-nursing-emergency-services', 'pg-service-college-health-nursing-emergency-services-page-004', 'item-course-005803']",
True,Historical 1995 service catalog; contact institution or successor to verify.,1995,College — Health / Nursing / Emergency Services,pg-service-college-health-nursing-emergency-services,General / Interdisciplinary,,College independent-study course in General / Interdisciplinary. Credit: 5Q.,English,,"The Independent Study Catalog, 1995 structured course listing.",78,medium,text catalog parser,Postsecondary,need-education-postsecondary,70,,Fire-related human behavior,1995,Western Washington University,high,327,need-education,84,Education / Postsecondary / Health / Nursing / Emergency Services,15,pg-service-college-health-nursing-emergency-services-page-004,327,Fire-related human behavior,item-course-005804,,"Verify the current institution, equivalent course, delivery method, tuition and accreditation.",COURSE-005804,service,Historical education service listing — current availability requires verification,historical_education_service,12,Historical availability uncertainty,Provisional heuristic; recalculate from User Profile and current service evidence.,The Independent Study Catalog 1995.pdf,English,,327,The Independent Study Catalog,SRC-EDU-ISC-1995,,Western Washington University,Institution: Western Washington University; level: College; department: General / Interdisciplinary; credit: 5Q; division: U,42,Fire-related human behavior,,pg-service-college-health-nursing-emergency-services,"['human-consumer', 'human-needs', 'need-education', 'need-education-postsecondary', 'pg-service-college-health-nursing-emergency-services', 'pg-service-college-health-nursing-emergency-services-page-004', 'item-course-005804']",
True,Historical 1995 service catalog; contact institution or successor to verify.,1995,College — History / Geography / Government / Law,pg-service-college-history-geography-government-law,Geography,,College independent-study course in Geography. Credit: VC.,English,,"The Independent Study Catalog, 1995 structured course listing.",78,medium,text catalog parser,Postsecondary,need-education-postsecondary,75,,Practicum,1995,Western Washington University,high,409,need-education,84,Education / Postsecondary / History / Geography / Government / Law,15,pg-service-college-history-geography-government-law-page-010,409,Practicum,item-course-005805,,"Verify the current institution, equivalent course, delivery method, tuition and accreditation.",COURSE-005805,service,Historical education service listing — current availability requires verification,historical_education_service,12,Historical availability uncertainty,Provisional heuristic; recalculate from User Profile and current service evidence.,The Independent Study Catalog 1995.pdf,English,,409,The Independent Study Catalog,SRC-EDU-ISC-1995,,Western Washington University,Institution: Western Washington University; level: College; department: Geography; credit: VC; division: U,42,Practicum,,pg-service-college-history-geography-government-law,"['human-consumer', 'human-needs', 'need-education', 'need-education-postsecondary', 'pg-service-college-history-geography-government-law', 'pg-service-college-history-geography-government-law-page-010', 'item-course-005805']",
True,Historical 1995 service catalog; contact institution or successor to verify.,1995,College — History / Geography / Government / Law,pg-service-college-history-geography-government-law,Geography,,College independent-study course in Geography. Credit: 2Q.,English,,"The Independent Study Catalog, 1995 structured course listing.",78,medium,text catalog parser,Postsecondary,need-education-postsecondary,78,,Seminar in urban studies,1995,Western Washington University,high,407,need-education,84,Education / Postsecondary / History / Geography / Government / Law,15,pg-service-college-history-geography-government-law-page-010,407,Seminar in urban studies,item-course-005806,,"Verify the current institution, equivalent course, delivery method, tuition and accreditation.",COURSE-005806,service,Historical education service listing — current availability requires verification,historical_education_service,12,Historical availability uncertainty,Provisional heuristic; recalculate from User Profile and current service evidence.,The Independent Study Catalog 1995.pdf,English,,407,The Independent Study Catalog,SRC-EDU-ISC-1995,,Western Washington University,Institution: Western Washington University; level: College; department: Geography; credit: 2Q; division: U,42,Seminar in urban studies,,pg-service-college-history-geography-government-law,"['human-consumer', 'human-needs', 'need-education', 'need-education-postsecondary', 'pg-service-college-history-geography-government-law', 'pg-service-college-history-geography-government-law-page-010', 'item-course-005806']",
True,Historical 1995 service catalog; contact institution or successor to verify.,1995,College — History / Geography / Government / Law,pg-service-college-history-geography-government-law,Geography,,College independent-study course in Geography. Credit: 2Q.,English,,"The Independent Study Catalog, 1995 structured course listing.",78,medium,text catalog parser,Postsecondary,need-education-postsecondary,79,,Special studies in world affairs,1995,Western Washington University,high,406,need-education,84,Education / Postsecondary / History / Geography / Government / Law,15,pg-service-college-history-geography-government-law-page-010,406,Special studies in world affairs,item-course-005807,,"Verify the current institution, equivalent course, delivery method, tuition and accreditation.",COURSE-005807,service,Historical education service listing — current availability requires verification,historical_education_service,12,Historical availability uncertainty,Provisional heuristic; recalculate from User Profile and current service evidence.,The Independent Study Catalog 1995.pdf,English,,406,The Independent Study Catalog,SRC-EDU-ISC-1995,,Western Washington University,Institution: Western Washington University; level: College; department: Geography; credit: 2Q; division: U,42,Special studies in world affairs,,pg-service-college-history-geography-government-law,"['human-consumer', 'human-needs', 'need-education', 'need-education-postsecondary', 'pg-service-college-history-geography-government-law', 'pg-service-college-history-geography-government-law-page-010', 'item-course-005807']",
True,Historical 1995 service catalog; contact institution or successor to verify.,1995,College — Science / Environment,pg-service-college-science-environment,Social Science,,"College independent-study course in Social Science. Credit: 3Q, VI.",English,,"The Independent Study Catalog, 1995 structured course listing.",78,medium,text catalog parser,Postsecondary,need-education-postsecondary,78,,Culture and education,1995,Western Washington University,high,463,need-education,84,Education / Postsecondary / Science / Environment,15,pg-service-college-science-environment-page-012,463,Culture and education,item-course-005808,,"Verify the current institution, equivalent course, delivery method, tuition and accreditation.",COURSE-005808,service,Historical education service listing — current availability requires verification,historical_education_service,12,Historical availability uncertainty,Provisional heuristic; recalculate from User Profile and current service evidence.,The Independent Study Catalog 1995.pdf,English,,463,The Independent Study Catalog,SRC-EDU-ISC-1995,,Western Washington University,"Institution: Western Washington University; level: College; department: Social Science; credit: 3Q, VI; division: U",42,Culture and education,,pg-service-college-science-environment,"['human-consumer', 'human-needs', 'need-education', 'need-education-postsecondary', 'pg-service-college-science-environment', 'pg-service-college-science-environment-page-012', 'item-course-005808']",
True,Historical 1995 service catalog; contact institution or successor to verify.,1995,College — Science / Environment,pg-service-college-science-environment,Social Science,,"College independent-study course in Social Science. Credit: 3Q, VI.",English,,"The Independent Study Catalog, 1995 structured course listing.",78,medium,text catalog parser,Postsecondary,need-education-postsecondary,68,,Social psychology,1995,Western Washington University,high,334,need-education,84,Education / Postsecondary / Science / Environment,15,pg-service-college-science-environment-page-012,334,Social psychology,item-course-005809,,"Verify the current institution, equivalent course, delivery method, tuition and accreditation.",COURSE-005809,service,Historical education service listing — current availability requires verification,historical_education_service,12,Historical availability uncertainty,Provisional heuristic; recalculate from User Profile and current service evidence.,The Independent Study Catalog 1995.pdf,English,,334,The Independent Study Catalog,SRC-EDU-ISC-1995,,Western Washington University,"Institution: Western Washington University; level: College; department: Social Science; credit: 3Q, VI; division: U",42,Social psychology,,pg-service-college-science-environment,"['human-consumer', 'human-needs', 'need-education', 'need-education-postsecondary', 'pg-service-college-science-environment', 'pg-service-college-science-environment-page-012', 'item-course-005809']",
True,Historical 1995 service catalog; contact institution or successor to verify.,1995,Graduate — Science / Environment,pg-service-graduate-science-environment,Social Science,,"Graduate independent-study course in Social Science. Credit: 3Q, VI.",English,,"The Independent Study Catalog, 1995 structured course listing.",78,medium,text catalog parser,Postsecondary,need-education-postsecondary,77,,Culture and education,1995,Western Washington University,high,563,need-education,84,Education / Postsecondary / Science / Environment,15,pg-service-graduate-science-environment-page-001,563,Culture and education,item-course-005810,,"Verify the current institution, equivalent course, delivery method, tuition and accreditation.",COURSE-005810,service,Historical education service listing — current availability requires verification,historical_education_service,12,Historical availability uncertainty,Provisional heuristic; recalculate from User Profile and current service evidence.,The Independent Study Catalog 1995.pdf,English,,563,The Independent Study Catalog,SRC-EDU-ISC-1995,,Western Washington University,"Institution: Western Washington University; level: Graduate; department: Social Science; credit: 3Q, VI; division: ",42,Culture and education,,pg-service-graduate-science-environment,"['human-consumer', 'human-needs', 'need-education', 'need-education-postsecondary', 'pg-service-graduate-science-environment', 'pg-service-graduate-science-environment-page-001', 'item-course-005810']",
True,Historical 1995 service catalog; contact institution or successor to verify.,1995,College — Psychology / Sociology / Human Services,pg-service-college-psychology-sociology-human-services,Anthropology,,College independent-study course in Anthropology. Credit: 4Q.,English,,"The Independent Study Catalog, 1995 structured course listing.",78,medium,text catalog parser,Postsecondary,need-education-postsecondary,73,,Childhood and culture,1995,Western Oregon State College,high,481,need-education,84,Education / Postsecondary / Psychology / Sociology / Human Services,15,pg-service-college-psychology-sociology-human-services-page-010,481,Childhood and culture,item-course-005811,,"Verify the current institution, equivalent course, delivery method, tuition and accreditation.",COURSE-005811,service,Historical education service listing — current availability requires verification,historical_education_service,12,Historical availability uncertainty,Provisional heuristic; recalculate from User Profile and current service evidence.,The Independent Study Catalog 1995.pdf,English,,481,The Independent Study Catalog,SRC-EDU-ISC-1995,,Western Oregon State College,Institution: Western Oregon State College; level: College; department: Anthropology; credit: 4Q; division: U,42,Childhood and culture,,pg-service-college-psychology-sociology-human-services,"['human-consumer', 'human-needs', 'need-education', 'need-education-postsecondary', 'pg-service-college-psychology-sociology-human-services', 'pg-service-college-psychology-sociology-human-services-page-010', 'item-course-005811']",
True,Historical 1995 service catalog; contact institution or successor to verify.,1995,College — Psychology / Sociology / Human Services,pg-service-college-psychology-sociology-human-services,Anthropology,,College independent-study course in Anthropology. Credit: 4Q.,English,,"The Independent Study Catalog, 1995 structured course listing.",78,medium,text catalog parser,Postsecondary,need-education-postsecondary,71,,Sex and gender in culture,1995,Western Oregon State College,high,353,need-education,84,Education / Postsecondary / Psychology / Sociology / Human Services,15,pg-service-college-psychology-sociology-human-services-page-010,353,Sex and gender in culture,item-course-005812,,"Verify the current institution, equivalent course, delivery method, tuition and accreditation.",COURSE-005812,service,Historical education service listing — current availability requires verification,historical_education_service,12,Historical availability uncertainty,Provisional heuristic; recalculate from User Profile and current service evidence.,The Independent Study Catalog 1995.pdf,English,,353,The Independent Study Catalog,SRC-EDU-ISC-1995,,Western Oregon State College,Institution: Western Oregon State College; level: College; department: Anthropology; credit: 4Q; division: U,42,Sex and gender in culture,,pg-service-college-psychology-sociology-human-services,"['human-consumer', 'human-needs', 'need-education', 'need-education-postsecondary', 'pg-service-college-psychology-sociology-human-services', 'pg-service-college-psychology-sociology-human-services-page-010', 'item-course-005812']",
