archived,availability,catalog_year,category_group,category_group_id,category_original,currency,description,display_language,durability,evidence,evidence_score,extraction_confidence,extraction_method,fulfillment_class,fulfillment_id,fulfillment_score,historical_price_usd,item_name,last_updated,manufacturer,mapping_confidence,model_part_number,need_id,need_match_score,need_path,need_rank,page_id,part_number,product_name,product_node_id,recall_class,recommended_action,record_id,record_kind,record_status,record_type,risk,risk_type,score_status,source_file,source_language,source_page,source_record_id,source_title,source_uid,source_url,source_vendor,spec_text,survival_value,title,total_cost,tree_node_id,tree_path_ids,value_score
True,Historical catalog; technical reference,2015,Industrial Hose / Fittings / Couplings,pg-tools-hose,Industrial Hose / Fittings / Couplings,,Size Pressure Pressure,English,82,"Parker Fittings Catalog, PDF page 153",72,medium,table_row,need-tools-repair-hose-fittings,need-tools-repair-hose-fittings,89,,Size Pressure Pressure,2015,Parker Hannifin,high,400,need-tools-repair,90,Tools / Hose / Fittings,16,pg-tools-hose-page-022,400,Size Pressure Pressure,item-cat-004300,,"Verify current equivalent, price, availability and specifications before purchase.",CAT-004300,catalog-product,Extracted English catalog record — current status and price require verification,catalog_product,22,,Provisional heuristic; recalculate from User Profile and current offer evidence.,Parker Fittings Catalog.pdf,English,153,400,Parker Fittings Catalog,SRC-0102,,Parker Hannifin,This also serves as a positive visual indicator of full en- -4 5800 400,37,Size Pressure Pressure,,pg-tools-hose,"['human-consumer', 'human-needs', 'need-tools-repair', 'need-tools-repair-hose-fittings', 'pg-tools-hose', 'pg-tools-hose-page-022', 'item-cat-004300']",
True,Historical catalog; technical reference,2015,Industrial Hose / Fittings / Couplings,pg-tools-hose,Industrial Hose / Fittings / Couplings,,Hose Products Division,English,86,"Parker Fittings Catalog, PDF page 153",72,medium,table_row,need-tools-repair-hose-fittings,need-tools-repair-hose-fittings,82,,B-47 Hose Products Division,2015,Parker Hannifin,high,B-47,need-tools-repair,90,Tools / Hose / Fittings,16,pg-tools-hose-page-018,B-47,B-47 Hose Products Division,item-cat-004301,,"Verify current equivalent, price, availability and specifications before purchase.",CAT-004301,catalog-product,Extracted English catalog record — current status and price require verification,catalog_product,21,,Provisional heuristic; recalculate from User Profile and current offer evidence.,Parker Fittings Catalog.pdf,English,153,B-47,Parker Fittings Catalog,SRC-0102,,Parker Hannifin,B-47 Hose Products Division,37,B-47 Hose Products Division,,pg-tools-hose,"['human-consumer', 'human-needs', 'need-tools-repair', 'need-tools-repair-hose-fittings', 'pg-tools-hose', 'pg-tools-hose-page-018', 'item-cat-004301']",
True,Historical catalog; technical reference,2015,Industrial Hose / Fittings / Couplings,pg-tools-hose,Industrial Hose / Fittings / Couplings,,Part Size A B Size E,English,84,"Parker Fittings Catalog, PDF page 154",72,medium,table_row,need-tools-repair-hose-fittings,need-tools-repair-hose-fittings,84,,Part Size A B Size E,2015,Parker Hannifin,high,1ET43-8-4,need-tools-repair,90,Tools / Hose / Fittings,16,pg-tools-hose-page-022,1ET43-8-4,Part Size A B Size E,item-cat-004302,,"Verify current equivalent, price, availability and specifications before purchase.",CAT-004302,catalog-product,Extracted English catalog record — current status and price require verification,catalog_product,20,,Provisional heuristic; recalculate from User Profile and current offer evidence.,Parker Fittings Catalog.pdf,English,154,1ET43-8-4,Parker Fittings Catalog,SRC-0102,,Parker Hannifin,C 1ET43-8-4,37,Part Size A B Size E,,pg-tools-hose,"['human-consumer', 'human-needs', 'need-tools-repair', 'need-tools-repair-hose-fittings', 'pg-tools-hose', 'pg-tools-hose-page-022', 'item-cat-004302']",
True,Historical catalog; technical reference,2015,Industrial Hose / Fittings / Couplings,pg-tools-hose,Industrial Hose / Fittings / Couplings,,Part Size A B Size E,English,86,"Parker Fittings Catalog, PDF page 154",72,medium,table_row,need-tools-repair-hose-fittings,need-tools-repair-hose-fittings,80,,Part Size A B Size E,2015,Parker Hannifin,high,1EU43,need-tools-repair,90,Tools / Hose / Fittings,16,pg-tools-hose-page-022,1EU43,Part Size A B Size E,item-cat-004303,,"Verify current equivalent, price, availability and specifications before purchase.",CAT-004303,catalog-product,Extracted English catalog record — current status and price require verification,catalog_product,18,,Provisional heuristic; recalculate from User Profile and current offer evidence.,Parker Fittings Catalog.pdf,English,154,1EU43,Parker Fittings Catalog,SRC-0102,,Parker Hannifin,D 1EU43,37,Part Size A B Size E,,pg-tools-hose,"['human-consumer', 'human-needs', 'need-tools-repair', 'need-tools-repair-hose-fittings', 'pg-tools-hose', 'pg-tools-hose-page-022', 'item-cat-004303']",
True,Historical catalog; technical reference,2015,Industrial Hose / Fittings / Couplings,pg-tools-hose,Industrial Hose / Fittings / Couplings,,Part Thread Hose I.D. A C W B,English,83,"Parker Fittings Catalog, PDF page 158",72,medium,table_row,need-tools-repair-hose-fittings,need-tools-repair-hose-fittings,86,,Part Thread Hose I.D. A C W B,2015,Parker Hannifin,high,1C643-8-4,need-tools-repair,90,Tools / Hose / Fittings,16,pg-tools-hose-page-022,1C643-8-4,Part Thread Hose I.D. A C W B,item-cat-004304,,"Verify current equivalent, price, availability and specifications before purchase.",CAT-004304,catalog-product,Extracted English catalog record — current status and price require verification,catalog_product,24,,Provisional heuristic; recalculate from User Profile and current offer evidence.,Parker Fittings Catalog.pdf,English,158,1C643-8-4,Parker Fittings Catalog,SRC-0102,,Parker Hannifin,E 1C643-8-4,37,Part Thread Hose I.D. A C W B,,pg-tools-hose,"['human-consumer', 'human-needs', 'need-tools-repair', 'need-tools-repair-hose-fittings', 'pg-tools-hose', 'pg-tools-hose-page-022', 'item-cat-004304']",
True,Historical catalog; technical reference,2015,Industrial Hose / Fittings / Couplings,pg-tools-hose,Industrial Hose / Fittings / Couplings,,Part Thread Hose I.D. A E W B,English,86,"Parker Fittings Catalog, PDF page 160",72,medium,table_row,need-tools-repair-hose-fittings,need-tools-repair-hose-fittings,89,,Part Thread Hose I.D. A E W B,2015,Parker Hannifin,high,1D943,need-tools-repair,90,Tools / Hose / Fittings,16,pg-tools-hose-page-022,1D943,Part Thread Hose I.D. A E W B,item-cat-004305,,"Verify current equivalent, price, availability and specifications before purchase.",CAT-004305,catalog-product,Extracted English catalog record — current status and price require verification,catalog_product,17,,Provisional heuristic; recalculate from User Profile and current offer evidence.,Parker Fittings Catalog.pdf,English,160,1D943,Parker Fittings Catalog,SRC-0102,,Parker Hannifin,B 1D943,37,Part Thread Hose I.D. A E W B,,pg-tools-hose,"['human-consumer', 'human-needs', 'need-tools-repair', 'need-tools-repair-hose-fittings', 'pg-tools-hose', 'pg-tools-hose-page-022', 'item-cat-004305']",
True,Historical catalog; technical reference,2015,Industrial Hose / Fittings / Couplings,pg-tools-hose,Industrial Hose / Fittings / Couplings,,Hose Products Division,English,78,"Parker Fittings Catalog, PDF page 165",72,medium,table_row,need-tools-repair-hose-fittings,need-tools-repair-hose-fittings,80,,B-59 Hose Products Division,2015,Parker Hannifin,high,B-59,need-tools-repair,90,Tools / Hose / Fittings,16,pg-tools-hose-page-018,B-59,B-59 Hose Products Division,item-cat-004306,,"Verify current equivalent, price, availability and specifications before purchase.",CAT-004306,catalog-product,Extracted English catalog record — current status and price require verification,catalog_product,25,,Provisional heuristic; recalculate from User Profile and current offer evidence.,Parker Fittings Catalog.pdf,English,165,B-59,Parker Fittings Catalog,SRC-0102,,Parker Hannifin,B-59 Hose Products Division,37,B-59 Hose Products Division,,pg-tools-hose,"['human-consumer', 'human-needs', 'need-tools-repair', 'need-tools-repair-hose-fittings', 'pg-tools-hose', 'pg-tools-hose-page-018', 'item-cat-004306']",
True,Historical catalog; technical reference,2015,Industrial Hose / Fittings / Couplings,pg-tools-hose,Industrial Hose / Fittings / Couplings,,11770 B-61 11970 B-61 16A70 B-61 16N70 B-62,English,79,"Parker Fittings Catalog, PDF page 165",72,medium,table_row,need-tools-repair-hose-fittings,need-tools-repair-hose-fittings,85,,11770 B-61 11970 B-61 16A70 B-61 16N70 B-62,2015,Parker Hannifin,high,B-62,need-tools-repair,90,Tools / Hose / Fittings,16,pg-tools-hose-page-014,B-62,11770 B-61 11970 B-61 16A70 B-61 16N70 B-62,item-cat-004307,,"Verify current equivalent, price, availability and specifications before purchase.",CAT-004307,catalog-product,Extracted English catalog record — current status and price require verification,catalog_product,20,,Provisional heuristic; recalculate from User Profile and current offer evidence.,Parker Fittings Catalog.pdf,English,165,B-62,Parker Fittings Catalog,SRC-0102,,Parker Hannifin,11770 B-61 11970 B-61 16A70 B-61 16N70 B-62,37,11770 B-61 11970 B-61 16A70 B-61 16N70 B-62,,pg-tools-hose,"['human-consumer', 'human-needs', 'need-tools-repair', 'need-tools-repair-hose-fittings', 'pg-tools-hose', 'pg-tools-hose-page-014', 'item-cat-004307']",
True,Historical catalog; technical reference,2015,Industrial Hose / Fittings / Couplings,pg-tools-hose,Industrial Hose / Fittings / Couplings,,1JC70 B-62 1JS70 B-62 1J770 B-62 1J970 B-63 1J570 B-63,English,86,"Parker Fittings Catalog, PDF page 165",72,medium,table_row,need-tools-repair-hose-fittings,need-tools-repair-hose-fittings,81,,1JC70 B-62 1JS70 B-62 1J770 B-62 1J970 B-63 1J570 B-63,2015,Parker Hannifin,high,B-63,need-tools-repair,90,Tools / Hose / Fittings,16,pg-tools-hose-page-014,B-63,1JC70 B-62 1JS70 B-62 1J770 B-62 1J970 B-63 1J570 B-63,item-cat-004308,,"Verify current equivalent, price, availability and specifications before purchase.",CAT-004308,catalog-product,Extracted English catalog record — current status and price require verification,catalog_product,22,,Provisional heuristic; recalculate from User Profile and current offer evidence.,Parker Fittings Catalog.pdf,English,165,B-63,Parker Fittings Catalog,SRC-0102,,Parker Hannifin,1JC70 B-62 1JS70 B-62 1J770 B-62 1J970 B-63 1J570 B-63,37,1JC70 B-62 1JS70 B-62 1J770 B-62 1J970 B-63 1J570 B-63,,pg-tools-hose,"['human-consumer', 'human-needs', 'need-tools-repair', 'need-tools-repair-hose-fittings', 'pg-tools-hose', 'pg-tools-hose-page-014', 'item-cat-004308']",
True,Historical catalog; technical reference,2015,Industrial Hose / Fittings / Couplings,pg-tools-hose,Industrial Hose / Fittings / Couplings,,10C70 B-65 11C70 B-65 19270 B-65 1B170 B-65 1B270 B-66 1C970 B-66,English,78,"Parker Fittings Catalog, PDF page 165",72,medium,table_row,need-tools-repair-hose-fittings,need-tools-repair-hose-fittings,86,,10C70 B-65 11C70 B-65 19270 B-65 1B170 B-65 1B270 B-66 1C970 B-66,2015,Parker Hannifin,high,B-66,need-tools-repair,90,Tools / Hose / Fittings,16,pg-tools-hose-page-014,B-66,10C70 B-65 11C70 B-65 19270 B-65 1B170 B-65 1B270 B-66 1C970 B-66,item-cat-004309,,"Verify current equivalent, price, availability and specifications before purchase.",CAT-004309,catalog-product,Extracted English catalog record — current status and price require verification,catalog_product,26,,Provisional heuristic; recalculate from User Profile and current offer evidence.,Parker Fittings Catalog.pdf,English,165,B-66,Parker Fittings Catalog,SRC-0102,,Parker Hannifin,10C70 B-65 11C70 B-65 19270 B-65 1B170 B-65 1B270 B-66 1C970 B-66,37,10C70 B-65 11C70 B-65 19270 B-65 1B170 B-65 1B270 B-66 1C970 B-66,,pg-tools-hose,"['human-consumer', 'human-needs', 'need-tools-repair', 'need-tools-repair-hose-fittings', 'pg-tools-hose', 'pg-tools-hose-page-014', 'item-cat-004309']",
True,Historical catalog; technical reference,2015,Industrial Hose / Fittings / Couplings,pg-tools-hose,Industrial Hose / Fittings / Couplings,,Hose Products Division,English,82,"Parker Fittings Catalog, PDF page 170",72,medium,table_row,need-tools-repair-hose-fittings,need-tools-repair-hose-fittings,82,,B-64 Hose Products Division,2015,Parker Hannifin,high,B-64,need-tools-repair,90,Tools / Hose / Fittings,16,pg-tools-hose-page-018,B-64,B-64 Hose Products Division,item-cat-004310,,"Verify current equivalent, price, availability and specifications before purchase.",CAT-004310,catalog-product,Extracted English catalog record — current status and price require verification,catalog_product,22,,Provisional heuristic; recalculate from User Profile and current offer evidence.,Parker Fittings Catalog.pdf,English,170,B-64,Parker Fittings Catalog,SRC-0102,,Parker Hannifin,B-64 Hose Products Division,37,B-64 Hose Products Division,,pg-tools-hose,"['human-consumer', 'human-needs', 'need-tools-repair', 'need-tools-repair-hose-fittings', 'pg-tools-hose', 'pg-tools-hose-page-018', 'item-cat-004310']",
True,Historical catalog; technical reference,2015,Industrial Hose / Fittings / Couplings,pg-tools-hose,Industrial Hose / Fittings / Couplings,,Hose Products Division,English,82,"Parker Fittings Catalog, PDF page 174",72,medium,table_row,need-tools-repair-hose-fittings,need-tools-repair-hose-fittings,87,,B-68 Hose Products Division,2015,Parker Hannifin,high,B-68,need-tools-repair,90,Tools / Hose / Fittings,16,pg-tools-hose-page-018,B-68,B-68 Hose Products Division,item-cat-004311,,"Verify current equivalent, price, availability and specifications before purchase.",CAT-004311,catalog-product,Extracted English catalog record — current status and price require verification,catalog_product,15,,Provisional heuristic; recalculate from User Profile and current offer evidence.,Parker Fittings Catalog.pdf,English,174,B-68,Parker Fittings Catalog,SRC-0102,,Parker Hannifin,B-68 Hose Products Division,37,B-68 Hose Products Division,,pg-tools-hose,"['human-consumer', 'human-needs', 'need-tools-repair', 'need-tools-repair-hose-fittings', 'pg-tools-hose', 'pg-tools-hose-page-018', 'item-cat-004311']",
True,Historical catalog; technical reference,2015,Industrial Hose / Fittings / Couplings,pg-tools-hose,Industrial Hose / Fittings / Couplings,,Hose Products Division,English,84,"Parker Fittings Catalog, PDF page 175",72,medium,table_row,need-tools-repair-hose-fittings,need-tools-repair-hose-fittings,87,,B-69 Hose Products Division,2015,Parker Hannifin,high,B-69,need-tools-repair,90,Tools / Hose / Fittings,16,pg-tools-hose-page-018,B-69,B-69 Hose Products Division,item-cat-004312,,"Verify current equivalent, price, availability and specifications before purchase.",CAT-004312,catalog-product,Extracted English catalog record — current status and price require verification,catalog_product,23,,Provisional heuristic; recalculate from User Profile and current offer evidence.,Parker Fittings Catalog.pdf,English,175,B-69,Parker Fittings Catalog,SRC-0102,,Parker Hannifin,B-69 Hose Products Division,37,B-69 Hose Products Division,,pg-tools-hose,"['human-consumer', 'human-needs', 'need-tools-repair', 'need-tools-repair-hose-fittings', 'pg-tools-hose', 'pg-tools-hose-page-018', 'item-cat-004312']",
True,Historical catalog; technical reference,2015,Industrial Hose / Fittings / Couplings,pg-tools-hose,Industrial Hose / Fittings / Couplings,,10671 B-71 13771 B-71 13971 B-72 1L971 B-72 14171 B-72,English,81,"Parker Fittings Catalog, PDF page 175",72,medium,table_row,need-tools-repair-hose-fittings,need-tools-repair-hose-fittings,82,,10671 B-71 13771 B-71 13971 B-72 1L971 B-72 14171 B-72,2015,Parker Hannifin,high,B-72,need-tools-repair,90,Tools / Hose / Fittings,16,pg-tools-hose-page-013,B-72,10671 B-71 13771 B-71 13971 B-72 1L971 B-72 14171 B-72,item-cat-004313,,"Verify current equivalent, price, availability and specifications before purchase.",CAT-004313,catalog-product,Extracted English catalog record — current status and price require verification,catalog_product,25,,Provisional heuristic; recalculate from User Profile and current offer evidence.,Parker Fittings Catalog.pdf,English,175,B-72,Parker Fittings Catalog,SRC-0102,,Parker Hannifin,10671 B-71 13771 B-71 13971 B-72 1L971 B-72 14171 B-72,37,10671 B-71 13771 B-71 13971 B-72 1L971 B-72 14171 B-72,,pg-tools-hose,"['human-consumer', 'human-needs', 'need-tools-repair', 'need-tools-repair-hose-fittings', 'pg-tools-hose', 'pg-tools-hose-page-013', 'item-cat-004313']",
True,Historical catalog; technical reference,2015,Industrial Hose / Fittings / Couplings,pg-tools-hose,Industrial Hose / Fittings / Couplings,,11571 B-73 11671 B-73 12671 B-74 11771 B-74 12771 B-74 11871 B-75,English,78,"Parker Fittings Catalog, PDF page 175",72,medium,table_row,need-tools-repair-hose-fittings,need-tools-repair-hose-fittings,89,,11571 B-73 11671 B-73 12671 B-74 11771 B-74 12771 B-74 11871 B-75,2015,Parker Hannifin,high,B-75,need-tools-repair,90,Tools / Hose / Fittings,16,pg-tools-hose-page-014,B-75,11571 B-73 11671 B-73 12671 B-74 11771 B-74 12771 B-74 11871 B-75,item-cat-004314,,"Verify current equivalent, price, availability and specifications before purchase.",CAT-004314,catalog-product,Extracted English catalog record — current status and price require verification,catalog_product,25,,Provisional heuristic; recalculate from User Profile and current offer evidence.,Parker Fittings Catalog.pdf,English,175,B-75,Parker Fittings Catalog,SRC-0102,,Parker Hannifin,11571 B-73 11671 B-73 12671 B-74 11771 B-74 12771 B-74 11871 B-75,37,11571 B-73 11671 B-73 12671 B-74 11771 B-74 12771 B-74 11871 B-75,,pg-tools-hose,"['human-consumer', 'human-needs', 'need-tools-repair', 'need-tools-repair-hose-fittings', 'pg-tools-hose', 'pg-tools-hose-page-014', 'item-cat-004314']",
True,Historical catalog; technical reference,2015,Industrial Hose / Fittings / Couplings,pg-tools-hose,Industrial Hose / Fittings / Couplings,,11971 B-75 18971 B-76 12U71 B-76 16A71 B-76 16F71 B-76,English,85,"Parker Fittings Catalog, PDF page 175",72,medium,table_row,need-tools-repair-hose-fittings,need-tools-repair-hose-fittings,88,,11971 B-75 18971 B-76 12U71 B-76 16A71 B-76 16F71 B-76,2015,Parker Hannifin,high,B-76,need-tools-repair,90,Tools / Hose / Fittings,16,pg-tools-hose-page-014,B-76,11971 B-75 18971 B-76 12U71 B-76 16A71 B-76 16F71 B-76,item-cat-004315,,"Verify current equivalent, price, availability and specifications before purchase.",CAT-004315,catalog-product,Extracted English catalog record — current status and price require verification,catalog_product,26,,Provisional heuristic; recalculate from User Profile and current offer evidence.,Parker Fittings Catalog.pdf,English,175,B-76,Parker Fittings Catalog,SRC-0102,,Parker Hannifin,11971 B-75 18971 B-76 12U71 B-76 16A71 B-76 16F71 B-76,37,11971 B-75 18971 B-76 12U71 B-76 16A71 B-76 16F71 B-76,,pg-tools-hose,"['human-consumer', 'human-needs', 'need-tools-repair', 'need-tools-repair-hose-fittings', 'pg-tools-hose', 'pg-tools-hose-page-014', 'item-cat-004315']",
True,Historical catalog; technical reference,2015,Industrial Hose / Fittings / Couplings,pg-tools-hose,Industrial Hose / Fittings / Couplings,,16N71 B-77 1J071 B-77 1JC71 B-77 1JS71 B-78 1J771 B-78,English,83,"Parker Fittings Catalog, PDF page 175",72,medium,table_row,need-tools-repair-hose-fittings,need-tools-repair-hose-fittings,84,,16N71 B-77 1J071 B-77 1JC71 B-77 1JS71 B-78 1J771 B-78,2015,Parker Hannifin,high,B-78,need-tools-repair,90,Tools / Hose / Fittings,16,pg-tools-hose-page-014,B-78,16N71 B-77 1J071 B-77 1JC71 B-77 1JS71 B-78 1J771 B-78,item-cat-004316,,"Verify current equivalent, price, availability and specifications before purchase.",CAT-004316,catalog-product,Extracted English catalog record — current status and price require verification,catalog_product,24,,Provisional heuristic; recalculate from User Profile and current offer evidence.,Parker Fittings Catalog.pdf,English,175,B-78,Parker Fittings Catalog,SRC-0102,,Parker Hannifin,16N71 B-77 1J071 B-77 1JC71 B-77 1JS71 B-78 1J771 B-78,37,16N71 B-77 1J071 B-77 1JC71 B-77 1JS71 B-78 1J771 B-78,,pg-tools-hose,"['human-consumer', 'human-needs', 'need-tools-repair', 'need-tools-repair-hose-fittings', 'pg-tools-hose', 'pg-tools-hose-page-014', 'item-cat-004316']",
True,Historical catalog; technical reference,2015,Industrial Hose / Fittings / Couplings,pg-tools-hose,Industrial Hose / Fittings / Couplings,,1UT71 B-80 1GU71 B-80 1FU71 B-81 1MU71 B-81,English,83,"Parker Fittings Catalog, PDF page 175",72,medium,table_row,need-tools-repair-hose-fittings,need-tools-repair-hose-fittings,81,,1UT71 B-80 1GU71 B-80 1FU71 B-81 1MU71 B-81,2015,Parker Hannifin,high,B-81,need-tools-repair,90,Tools / Hose / Fittings,16,pg-tools-hose-page-014,B-81,1UT71 B-80 1GU71 B-80 1FU71 B-81 1MU71 B-81,item-cat-004317,,"Verify current equivalent, price, availability and specifications before purchase.",CAT-004317,catalog-product,Extracted English catalog record — current status and price require verification,catalog_product,18,,Provisional heuristic; recalculate from User Profile and current offer evidence.,Parker Fittings Catalog.pdf,English,175,B-81,Parker Fittings Catalog,SRC-0102,,Parker Hannifin,1UT71 B-80 1GU71 B-80 1FU71 B-81 1MU71 B-81,37,1UT71 B-80 1GU71 B-80 1FU71 B-81 1MU71 B-81,,pg-tools-hose,"['human-consumer', 'human-needs', 'need-tools-repair', 'need-tools-repair-hose-fittings', 'pg-tools-hose', 'pg-tools-hose-page-014', 'item-cat-004317']",
True,Historical catalog; technical reference,2015,Industrial Hose / Fittings / Couplings,pg-tools-hose,Industrial Hose / Fittings / Couplings,,Part Thread Hose I.D A H B,English,84,"Parker Fittings Catalog, PDF page 176",72,medium,table_row,need-tools-repair-hose-fittings,need-tools-repair-hose-fittings,89,,Part Thread Hose I.D A H B,2015,Parker Hannifin,high,10571,need-tools-repair,90,Tools / Hose / Fittings,16,pg-tools-hose-page-022,10571,Part Thread Hose I.D A H B,item-cat-004318,,"Verify current equivalent, price, availability and specifications before purchase.",CAT-004318,catalog-product,Extracted English catalog record — current status and price require verification,catalog_product,16,,Provisional heuristic; recalculate from User Profile and current offer evidence.,Parker Fittings Catalog.pdf,English,176,10571,Parker Fittings Catalog,SRC-0102,,Parker Hannifin,B 10571,37,Part Thread Hose I.D A H B,,pg-tools-hose,"['human-consumer', 'human-needs', 'need-tools-repair', 'need-tools-repair-hose-fittings', 'pg-tools-hose', 'pg-tools-hose-page-022', 'item-cat-004318']",
True,Historical catalog; technical reference,2015,Industrial Hose / Fittings / Couplings,pg-tools-hose,Industrial Hose / Fittings / Couplings,,Hose Products Division,English,78,"Parker Fittings Catalog, PDF page 176",72,medium,table_row,need-tools-repair-hose-fittings,need-tools-repair-hose-fittings,81,,B-70 Hose Products Division,2015,Parker Hannifin,high,B-70,need-tools-repair,90,Tools / Hose / Fittings,16,pg-tools-hose-page-018,B-70,B-70 Hose Products Division,item-cat-004319,,"Verify current equivalent, price, availability and specifications before purchase.",CAT-004319,catalog-product,Extracted English catalog record — current status and price require verification,catalog_product,24,,Provisional heuristic; recalculate from User Profile and current offer evidence.,Parker Fittings Catalog.pdf,English,176,B-70,Parker Fittings Catalog,SRC-0102,,Parker Hannifin,B-70 Hose Products Division,37,B-70 Hose Products Division,,pg-tools-hose,"['human-consumer', 'human-needs', 'need-tools-repair', 'need-tools-repair-hose-fittings', 'pg-tools-hose', 'pg-tools-hose-page-018', 'item-cat-004319']",
True,Historical catalog; technical reference,2015,Industrial Hose / Fittings / Couplings,pg-tools-hose,Industrial Hose / Fittings / Couplings,,Part Flange Hose I.D. A E F B,English,78,"Parker Fittings Catalog, PDF page 179",72,medium,table_row,need-tools-repair-hose-fittings,need-tools-repair-hose-fittings,80,,Part Flange Hose I.D. A E F B,2015,Parker Hannifin,high,133,need-tools-repair,90,Tools / Hose / Fittings,16,pg-tools-hose-page-021,133,Part Flange Hose I.D. A E F B,item-cat-004320,,"Verify current equivalent, price, availability and specifications before purchase.",CAT-004320,catalog-product,Extracted English catalog record — current status and price require verification,catalog_product,18,,Provisional heuristic; recalculate from User Profile and current offer evidence.,Parker Fittings Catalog.pdf,English,179,133,Parker Fittings Catalog,SRC-0102,,Parker Hannifin,11671-32-32 2 2 7.37 187 0.88 22 2-13/16 5.22 133,37,Part Flange Hose I.D. A E F B,,pg-tools-hose,"['human-consumer', 'human-needs', 'need-tools-repair', 'need-tools-repair-hose-fittings', 'pg-tools-hose', 'pg-tools-hose-page-021', 'item-cat-004320']",
True,Historical catalog; technical reference,2015,Industrial Hose / Fittings / Couplings,pg-tools-hose,Industrial Hose / Fittings / Couplings,,Part Flange Hose I.D. A E F B,English,78,"Parker Fittings Catalog, PDF page 180",72,medium,table_row,need-tools-repair-hose-fittings,need-tools-repair-hose-fittings,87,,Part Flange Hose I.D. A E F B,2015,Parker Hannifin,high,100,need-tools-repair,90,Tools / Hose / Fittings,16,pg-tools-hose-page-021,100,Part Flange Hose I.D. A E F B,item-cat-004321,,"Verify current equivalent, price, availability and specifications before purchase.",CAT-004321,catalog-product,Extracted English catalog record — current status and price require verification,catalog_product,15,,Provisional heuristic; recalculate from User Profile and current offer evidence.,Parker Fittings Catalog.pdf,English,180,100,Parker Fittings Catalog,SRC-0102,,Parker Hannifin,11771-20-20 1-1/4 1-1/4 5.61 142 1.50 38 2 3.92 100,37,Part Flange Hose I.D. A E F B,,pg-tools-hose,"['human-consumer', 'human-needs', 'need-tools-repair', 'need-tools-repair-hose-fittings', 'pg-tools-hose', 'pg-tools-hose-page-021', 'item-cat-004321']",
True,Historical catalog; technical reference,2015,Industrial Hose / Fittings / Couplings,pg-tools-hose,Industrial Hose / Fittings / Couplings,,Part Flange Hose I.D. A E F B,English,80,"Parker Fittings Catalog, PDF page 180",72,medium,table_row,need-tools-repair-hose-fittings,need-tools-repair-hose-fittings,82,,Part Flange Hose I.D. A E F B,2015,Parker Hannifin,high,102,need-tools-repair,90,Tools / Hose / Fittings,16,pg-tools-hose-page-021,102,Part Flange Hose I.D. A E F B,item-cat-004322,,"Verify current equivalent, price, availability and specifications before purchase.",CAT-004322,catalog-product,Extracted English catalog record — current status and price require verification,catalog_product,15,,Provisional heuristic; recalculate from User Profile and current offer evidence.,Parker Fittings Catalog.pdf,English,180,102,Parker Fittings Catalog,SRC-0102,,Parker Hannifin,11771-20-24 1-1/4 1-1/2 6.22 158 1.12 28 2 4.03 102,37,Part Flange Hose I.D. A E F B,,pg-tools-hose,"['human-consumer', 'human-needs', 'need-tools-repair', 'need-tools-repair-hose-fittings', 'pg-tools-hose', 'pg-tools-hose-page-021', 'item-cat-004322']",
True,Historical catalog; technical reference,2015,Industrial Hose / Fittings / Couplings,pg-tools-hose,Industrial Hose / Fittings / Couplings,,Part Flange Hose I.D. A E F B,English,79,"Parker Fittings Catalog, PDF page 180",72,medium,table_row,need-tools-repair-hose-fittings,need-tools-repair-hose-fittings,82,,Part Flange Hose I.D. A E F B,2015,Parker Hannifin,high,137,need-tools-repair,90,Tools / Hose / Fittings,16,pg-tools-hose-page-021,137,Part Flange Hose I.D. A E F B,item-cat-004323,,"Verify current equivalent, price, availability and specifications before purchase.",CAT-004323,catalog-product,Extracted English catalog record — current status and price require verification,catalog_product,26,,Provisional heuristic; recalculate from User Profile and current offer evidence.,Parker Fittings Catalog.pdf,English,180,137,Parker Fittings Catalog,SRC-0102,,Parker Hannifin,12671-32-32 2 2 7.60 193 1.25 32 2-13/16 5.40 137,37,Part Flange Hose I.D. A E F B,,pg-tools-hose,"['human-consumer', 'human-needs', 'need-tools-repair', 'need-tools-repair-hose-fittings', 'pg-tools-hose', 'pg-tools-hose-page-021', 'item-cat-004323']",
True,Historical catalog; technical reference,2015,Industrial Hose / Fittings / Couplings,pg-tools-hose,Industrial Hose / Fittings / Couplings,,Part Flange Hose I.D. A E F B,English,82,"Parker Fittings Catalog, PDF page 180",72,medium,table_row,need-tools-repair-hose-fittings,need-tools-repair-hose-fittings,82,,Part Flange Hose I.D. A E F B,2015,Parker Hannifin,high,143,need-tools-repair,90,Tools / Hose / Fittings,16,pg-tools-hose-page-021,143,Part Flange Hose I.D. A E F B,item-cat-004324,,"Verify current equivalent, price, availability and specifications before purchase.",CAT-004324,catalog-product,Extracted English catalog record — current status and price require verification,catalog_product,22,,Provisional heuristic; recalculate from User Profile and current offer evidence.,Parker Fittings Catalog.pdf,English,180,143,Parker Fittings Catalog,SRC-0102,,Parker Hannifin,11771-40-32 2-1/2 2 7.83 199 2.03 52 3-5/16 5.62 143,37,Part Flange Hose I.D. A E F B,,pg-tools-hose,"['human-consumer', 'human-needs', 'need-tools-repair', 'need-tools-repair-hose-fittings', 'pg-tools-hose', 'pg-tools-hose-page-021', 'item-cat-004324']",
True,Historical catalog; technical reference,2015,Industrial Hose / Fittings / Couplings,pg-tools-hose,Industrial Hose / Fittings / Couplings,,Part Flange Hose I.D. A E F B,English,82,"Parker Fittings Catalog, PDF page 180",72,medium,table_row,need-tools-repair-hose-fittings,need-tools-repair-hose-fittings,80,,Part Flange Hose I.D. A E F B,2015,Parker Hannifin,high,146,need-tools-repair,90,Tools / Hose / Fittings,16,pg-tools-hose-page-021,146,Part Flange Hose I.D. A E F B,item-cat-004325,,"Verify current equivalent, price, availability and specifications before purchase.",CAT-004325,catalog-product,Extracted English catalog record — current status and price require verification,catalog_product,24,,Provisional heuristic; recalculate from User Profile and current offer evidence.,Parker Fittings Catalog.pdf,English,180,146,Parker Fittings Catalog,SRC-0102,,Parker Hannifin,11771-32-32 2 2 7.94 202 2.03 52 2-13/16 5.74 146,37,Part Flange Hose I.D. A E F B,,pg-tools-hose,"['human-consumer', 'human-needs', 'need-tools-repair', 'need-tools-repair-hose-fittings', 'pg-tools-hose', 'pg-tools-hose-page-021', 'item-cat-004325']",
True,Historical catalog; technical reference,2015,Industrial Hose / Fittings / Couplings,pg-tools-hose,Industrial Hose / Fittings / Couplings,,Part Flange Hose I.D. A E F B,English,86,"Parker Fittings Catalog, PDF page 181",72,medium,table_row,need-tools-repair-hose-fittings,need-tools-repair-hose-fittings,89,,Part Flange Hose I.D. A E F B,2015,Parker Hannifin,high,105,need-tools-repair,90,Tools / Hose / Fittings,16,pg-tools-hose-page-021,105,Part Flange Hose I.D. A E F B,item-cat-004326,,"Verify current equivalent, price, availability and specifications before purchase.",CAT-004326,catalog-product,Extracted English catalog record — current status and price require verification,catalog_product,15,,Provisional heuristic; recalculate from User Profile and current offer evidence.,Parker Fittings Catalog.pdf,English,181,105,Parker Fittings Catalog,SRC-0102,,Parker Hannifin,11971-20-24 1-1/4 1-1/2 6.33 161 3.00 76 2 4.14 105,37,Part Flange Hose I.D. A E F B,,pg-tools-hose,"['human-consumer', 'human-needs', 'need-tools-repair', 'need-tools-repair-hose-fittings', 'pg-tools-hose', 'pg-tools-hose-page-021', 'item-cat-004326']",
True,Historical catalog; technical reference,2015,Industrial Hose / Fittings / Couplings,pg-tools-hose,Industrial Hose / Fittings / Couplings,,Part Flange Hose I.D. A E F B,English,85,"Parker Fittings Catalog, PDF page 181",72,medium,table_row,need-tools-repair-hose-fittings,need-tools-repair-hose-fittings,89,,Part Flange Hose I.D. A E F B,2015,Parker Hannifin,high,141,need-tools-repair,90,Tools / Hose / Fittings,16,pg-tools-hose-page-021,141,Part Flange Hose I.D. A E F B,item-cat-004327,,"Verify current equivalent, price, availability and specifications before purchase.",CAT-004327,catalog-product,Extracted English catalog record — current status and price require verification,catalog_product,17,,Provisional heuristic; recalculate from User Profile and current offer evidence.,Parker Fittings Catalog.pdf,English,181,141,Parker Fittings Catalog,SRC-0102,,Parker Hannifin,11971-32-32 2 2 7.75 197 5.43 138 2-13/16 5.55 141,37,Part Flange Hose I.D. A E F B,,pg-tools-hose,"['human-consumer', 'human-needs', 'need-tools-repair', 'need-tools-repair-hose-fittings', 'pg-tools-hose', 'pg-tools-hose-page-021', 'item-cat-004327']",
True,Historical catalog; technical reference,2015,Industrial Hose / Fittings / Couplings,pg-tools-hose,Industrial Hose / Fittings / Couplings,,Part Flange Hose I.D. A E F B,English,81,"Parker Fittings Catalog, PDF page 181",72,medium,table_row,need-tools-repair-hose-fittings,need-tools-repair-hose-fittings,89,,Part Flange Hose I.D. A E F B,2015,Parker Hannifin,high,145,need-tools-repair,90,Tools / Hose / Fittings,16,pg-tools-hose-page-021,145,Part Flange Hose I.D. A E F B,item-cat-004328,,"Verify current equivalent, price, availability and specifications before purchase.",CAT-004328,catalog-product,Extracted English catalog record — current status and price require verification,catalog_product,16,,Provisional heuristic; recalculate from User Profile and current offer evidence.,Parker Fittings Catalog.pdf,English,181,145,Parker Fittings Catalog,SRC-0102,,Parker Hannifin,11871-32-32 2 2 7.89 200 3.31 84 2-13/16 5.69 145,37,Part Flange Hose I.D. A E F B,,pg-tools-hose,"['human-consumer', 'human-needs', 'need-tools-repair', 'need-tools-repair-hose-fittings', 'pg-tools-hose', 'pg-tools-hose-page-021', 'item-cat-004328']",
True,Historical catalog; technical reference,2015,Industrial Hose / Fittings / Couplings,pg-tools-hose,Industrial Hose / Fittings / Couplings,,Part Flange Hose I.D. A F B,English,84,"Parker Fittings Catalog, PDF page 182",72,medium,table_row,need-tools-repair-hose-fittings,need-tools-repair-hose-fittings,81,,Part Flange Hose I.D. A F B,2015,Parker Hannifin,high,126,need-tools-repair,90,Tools / Hose / Fittings,16,pg-tools-hose-page-021,126,Part Flange Hose I.D. A F B,item-cat-004329,,"Verify current equivalent, price, availability and specifications before purchase.",CAT-004329,catalog-product,Extracted English catalog record — current status and price require verification,catalog_product,22,,Provisional heuristic; recalculate from User Profile and current offer evidence.,Parker Fittings Catalog.pdf,English,182,126,Parker Fittings Catalog,SRC-0102,,Parker Hannifin,16A71-32-32 2 2 7.16 182 3-1/8 4.96 126,37,Part Flange Hose I.D. A F B,,pg-tools-hose,"['human-consumer', 'human-needs', 'need-tools-repair', 'need-tools-repair-hose-fittings', 'pg-tools-hose', 'pg-tools-hose-page-021', 'item-cat-004329']",
True,Historical catalog; technical reference,2015,Industrial Hose / Fittings / Couplings,pg-tools-hose,Industrial Hose / Fittings / Couplings,,Part Flange Hose I.D. A E F B,English,85,"Parker Fittings Catalog, PDF page 182",72,medium,table_row,need-tools-repair-hose-fittings,need-tools-repair-hose-fittings,85,,Part Flange Hose I.D. A E F B,2015,Parker Hannifin,high,144,need-tools-repair,90,Tools / Hose / Fittings,16,pg-tools-hose-page-021,144,Part Flange Hose I.D. A E F B,item-cat-004330,,"Verify current equivalent, price, availability and specifications before purchase.",CAT-004330,catalog-product,Extracted English catalog record — current status and price require verification,catalog_product,25,,Provisional heuristic; recalculate from User Profile and current offer evidence.,Parker Fittings Catalog.pdf,English,182,144,Parker Fittings Catalog,SRC-0102,,Parker Hannifin,16F71-32-32 2 2 7.87 200 2.05 52 3-1/8 5.67 144,37,Part Flange Hose I.D. A E F B,,pg-tools-hose,"['human-consumer', 'human-needs', 'need-tools-repair', 'need-tools-repair-hose-fittings', 'pg-tools-hose', 'pg-tools-hose-page-021', 'item-cat-004330']",
True,Historical catalog; technical reference,2015,Industrial Hose / Fittings / Couplings,pg-tools-hose,Industrial Hose / Fittings / Couplings,,Part Flange Hose I.D. A E F B,English,84,"Parker Fittings Catalog, PDF page 183",72,medium,table_row,need-tools-repair-hose-fittings,need-tools-repair-hose-fittings,79,,Part Flange Hose I.D. A E F B,2015,Parker Hannifin,high,140,need-tools-repair,90,Tools / Hose / Fittings,16,pg-tools-hose-page-021,140,Part Flange Hose I.D. A E F B,item-cat-004331,,"Verify current equivalent, price, availability and specifications before purchase.",CAT-004331,catalog-product,Extracted English catalog record — current status and price require verification,catalog_product,15,,Provisional heuristic; recalculate from User Profile and current offer evidence.,Parker Fittings Catalog.pdf,English,183,140,Parker Fittings Catalog,SRC-0102,,Parker Hannifin,16N71-32-32 2 2 7.73 196 4.50 114 3-1/8 5.53 140,37,Part Flange Hose I.D. A E F B,,pg-tools-hose,"['human-consumer', 'human-needs', 'need-tools-repair', 'need-tools-repair-hose-fittings', 'pg-tools-hose', 'pg-tools-hose-page-021', 'item-cat-004331']",
True,Historical catalog; technical reference,2015,Industrial Hose / Fittings / Couplings,pg-tools-hose,Industrial Hose / Fittings / Couplings,,Hose Products Division,English,79,"Parker Fittings Catalog, PDF page 183",72,medium,table_row,need-tools-repair-hose-fittings,need-tools-repair-hose-fittings,81,,B-77 Hose Products Division,2015,Parker Hannifin,high,B-77,need-tools-repair,90,Tools / Hose / Fittings,16,pg-tools-hose-page-018,B-77,B-77 Hose Products Division,item-cat-004332,,"Verify current equivalent, price, availability and specifications before purchase.",CAT-004332,catalog-product,Extracted English catalog record — current status and price require verification,catalog_product,22,,Provisional heuristic; recalculate from User Profile and current offer evidence.,Parker Fittings Catalog.pdf,English,183,B-77,Parker Fittings Catalog,SRC-0102,,Parker Hannifin,B-77 Hose Products Division,37,B-77 Hose Products Division,,pg-tools-hose,"['human-consumer', 'human-needs', 'need-tools-repair', 'need-tools-repair-hose-fittings', 'pg-tools-hose', 'pg-tools-hose-page-018', 'item-cat-004332']",
True,Historical catalog; technical reference,2015,Industrial Hose / Fittings / Couplings,pg-tools-hose,Industrial Hose / Fittings / Couplings,,Hose Products Division,English,82,"Parker Fittings Catalog, PDF page 185",72,medium,table_row,need-tools-repair-hose-fittings,need-tools-repair-hose-fittings,82,,B-79 Hose Products Division,2015,Parker Hannifin,high,B-79,need-tools-repair,90,Tools / Hose / Fittings,16,pg-tools-hose-page-018,B-79,B-79 Hose Products Division,item-cat-004333,,"Verify current equivalent, price, availability and specifications before purchase.",CAT-004333,catalog-product,Extracted English catalog record — current status and price require verification,catalog_product,14,,Provisional heuristic; recalculate from User Profile and current offer evidence.,Parker Fittings Catalog.pdf,English,185,B-79,Parker Fittings Catalog,SRC-0102,,Parker Hannifin,B-79 Hose Products Division,37,B-79 Hose Products Division,,pg-tools-hose,"['human-consumer', 'human-needs', 'need-tools-repair', 'need-tools-repair-hose-fittings', 'pg-tools-hose', 'pg-tools-hose-page-018', 'item-cat-004333']",
True,Historical catalog; technical reference,2015,Industrial Hose / Fittings / Couplings,pg-tools-hose,Industrial Hose / Fittings / Couplings,,Hose Products Division,English,85,"Parker Fittings Catalog, PDF page 188",72,medium,table_row,need-tools-repair-hose-fittings,need-tools-repair-hose-fittings,81,,B-82 Hose Products Division,2015,Parker Hannifin,high,B-82,need-tools-repair,90,Tools / Hose / Fittings,16,pg-tools-hose-page-018,B-82,B-82 Hose Products Division,item-cat-004334,,"Verify current equivalent, price, availability and specifications before purchase.",CAT-004334,catalog-product,Extracted English catalog record — current status and price require verification,catalog_product,15,,Provisional heuristic; recalculate from User Profile and current offer evidence.,Parker Fittings Catalog.pdf,English,188,B-82,Parker Fittings Catalog,SRC-0102,,Parker Hannifin,B-82 Hose Products Division,37,B-82 Hose Products Division,,pg-tools-hose,"['human-consumer', 'human-needs', 'need-tools-repair', 'need-tools-repair-hose-fittings', 'pg-tools-hose', 'pg-tools-hose-page-018', 'item-cat-004334']",
True,Historical catalog; technical reference,2015,Industrial Hose / Fittings / Couplings,pg-tools-hose,Industrial Hose / Fittings / Couplings,,Hose Products Division,English,78,"Parker Fittings Catalog, PDF page 189",72,medium,table_row,need-tools-repair-hose-fittings,need-tools-repair-hose-fittings,79,,B-83 Hose Products Division,2015,Parker Hannifin,high,B-83,need-tools-repair,90,Tools / Hose / Fittings,16,pg-tools-hose-page-018,B-83,B-83 Hose Products Division,item-cat-004335,,"Verify current equivalent, price, availability and specifications before purchase.",CAT-004335,catalog-product,Extracted English catalog record — current status and price require verification,catalog_product,26,,Provisional heuristic; recalculate from User Profile and current offer evidence.,Parker Fittings Catalog.pdf,English,189,B-83,Parker Fittings Catalog,SRC-0102,,Parker Hannifin,B-83 Hose Products Division,37,B-83 Hose Products Division,,pg-tools-hose,"['human-consumer', 'human-needs', 'need-tools-repair', 'need-tools-repair-hose-fittings', 'pg-tools-hose', 'pg-tools-hose-page-018', 'item-cat-004335']",
True,Historical catalog; technical reference,2015,Industrial Hose / Fittings / Couplings,pg-tools-hose,Industrial Hose / Fittings / Couplings,,11573 B-84 11773 B-85 14A73 B-85 14F73 B-85 11973 B-85 14N73 B-86,English,85,"Parker Fittings Catalog, PDF page 189",72,medium,table_row,need-tools-repair-hose-fittings,need-tools-repair-hose-fittings,89,,11573 B-84 11773 B-85 14A73 B-85 14F73 B-85 11973 B-85 14N73 B-86,2015,Parker Hannifin,high,B-86,need-tools-repair,90,Tools / Hose / Fittings,16,pg-tools-hose-page-014,B-86,11573 B-84 11773 B-85 14A73 B-85 14F73 B-85 11973 B-85 14N73 B-86,item-cat-004336,,"Verify current equivalent, price, availability and specifications before purchase.",CAT-004336,catalog-product,Extracted English catalog record — current status and price require verification,catalog_product,15,,Provisional heuristic; recalculate from User Profile and current offer evidence.,Parker Fittings Catalog.pdf,English,189,B-86,Parker Fittings Catalog,SRC-0102,,Parker Hannifin,11573 B-84 11773 B-85 14A73 B-85 14F73 B-85 11973 B-85 14N73 B-86,37,11573 B-84 11773 B-85 14A73 B-85 14F73 B-85 11973 B-85 14N73 B-86,,pg-tools-hose,"['human-consumer', 'human-needs', 'need-tools-repair', 'need-tools-repair-hose-fittings', 'pg-tools-hose', 'pg-tools-hose-page-014', 'item-cat-004336']",
True,Historical catalog; technical reference,2015,Industrial Hose / Fittings / Couplings,pg-tools-hose,Industrial Hose / Fittings / Couplings,,16A73 B-86 16F73 B-86 16N73 B-86 1JS73 B-87,English,79,"Parker Fittings Catalog, PDF page 189",72,medium,table_row,need-tools-repair-hose-fittings,need-tools-repair-hose-fittings,80,,16A73 B-86 16F73 B-86 16N73 B-86 1JS73 B-87,2015,Parker Hannifin,high,B-87,need-tools-repair,90,Tools / Hose / Fittings,16,pg-tools-hose-page-014,B-87,16A73 B-86 16F73 B-86 16N73 B-86 1JS73 B-87,item-cat-004337,,"Verify current equivalent, price, availability and specifications before purchase.",CAT-004337,catalog-product,Extracted English catalog record — current status and price require verification,catalog_product,18,,Provisional heuristic; recalculate from User Profile and current offer evidence.,Parker Fittings Catalog.pdf,English,189,B-87,Parker Fittings Catalog,SRC-0102,,Parker Hannifin,16A73 B-86 16F73 B-86 16N73 B-86 1JS73 B-87,37,16A73 B-86 16F73 B-86 16N73 B-86 1JS73 B-87,,pg-tools-hose,"['human-consumer', 'human-needs', 'need-tools-repair', 'need-tools-repair-hose-fittings', 'pg-tools-hose', 'pg-tools-hose-page-014', 'item-cat-004337']",
True,Historical catalog; technical reference,2015,Industrial Hose / Fittings / Couplings,pg-tools-hose,Industrial Hose / Fittings / Couplings,,1CA73 B-89 1D273 B-89 1C973 B-89 10C73 B-89,English,83,"Parker Fittings Catalog, PDF page 189",72,medium,table_row,need-tools-repair-hose-fittings,need-tools-repair-hose-fittings,89,,1CA73 B-89 1D273 B-89 1C973 B-89 10C73 B-89,2015,Parker Hannifin,high,B-89,need-tools-repair,90,Tools / Hose / Fittings,16,pg-tools-hose-page-014,B-89,1CA73 B-89 1D273 B-89 1C973 B-89 10C73 B-89,item-cat-004338,,"Verify current equivalent, price, availability and specifications before purchase.",CAT-004338,catalog-product,Extracted English catalog record — current status and price require verification,catalog_product,24,,Provisional heuristic; recalculate from User Profile and current offer evidence.,Parker Fittings Catalog.pdf,English,189,B-89,Parker Fittings Catalog,SRC-0102,,Parker Hannifin,1CA73 B-89 1D273 B-89 1C973 B-89 10C73 B-89,37,1CA73 B-89 1D273 B-89 1C973 B-89 10C73 B-89,,pg-tools-hose,"['human-consumer', 'human-needs', 'need-tools-repair', 'need-tools-repair-hose-fittings', 'pg-tools-hose', 'pg-tools-hose-page-014', 'item-cat-004338']",
True,Historical catalog; technical reference,2015,Industrial Hose / Fittings / Couplings,pg-tools-hose,Industrial Hose / Fittings / Couplings,,Part Flange Hose I.D. A E F B,English,78,"Parker Fittings Catalog, PDF page 192",72,medium,table_row,need-tools-repair-hose-fittings,need-tools-repair-hose-fittings,80,,Part Flange Hose I.D. A E F B,2015,Parker Hannifin,high,107,need-tools-repair,90,Tools / Hose / Fittings,16,pg-tools-hose-page-021,107,Part Flange Hose I.D. A E F B,item-cat-004339,,"Verify current equivalent, price, availability and specifications before purchase.",CAT-004339,catalog-product,Extracted English catalog record — current status and price require verification,catalog_product,18,,Provisional heuristic; recalculate from User Profile and current offer evidence.,Parker Fittings Catalog.pdf,English,192,107,Parker Fittings Catalog,SRC-0102,,Parker Hannifin,14N73-24-24 1-1/2 1-1/2 6.52 166 4.09 104 2-3/8 4.21 107,37,Part Flange Hose I.D. A E F B,,pg-tools-hose,"['human-consumer', 'human-needs', 'need-tools-repair', 'need-tools-repair-hose-fittings', 'pg-tools-hose', 'pg-tools-hose-page-021', 'item-cat-004339']",
True,Historical catalog; technical reference,2015,Industrial Hose / Fittings / Couplings,pg-tools-hose,Industrial Hose / Fittings / Couplings,,Part Flange Hose I.D. A E F B,English,83,"Parker Fittings Catalog, PDF page 192",72,medium,table_row,need-tools-repair-hose-fittings,need-tools-repair-hose-fittings,79,,Part Flange Hose I.D. A E F B,2015,Parker Hannifin,high,130,need-tools-repair,90,Tools / Hose / Fittings,16,pg-tools-hose-page-021,130,Part Flange Hose I.D. A E F B,item-cat-004340,,"Verify current equivalent, price, availability and specifications before purchase.",CAT-004340,catalog-product,Extracted English catalog record — current status and price require verification,catalog_product,24,,Provisional heuristic; recalculate from User Profile and current offer evidence.,Parker Fittings Catalog.pdf,English,192,130,Parker Fittings Catalog,SRC-0102,,Parker Hannifin,14N73-32-32 2 2 7.82 199 5.43 138 2-13/16 5.12 130,37,Part Flange Hose I.D. A E F B,,pg-tools-hose,"['human-consumer', 'human-needs', 'need-tools-repair', 'need-tools-repair-hose-fittings', 'pg-tools-hose', 'pg-tools-hose-page-021', 'item-cat-004340']",
True,Historical catalog; technical reference,2015,Industrial Hose / Fittings / Couplings,pg-tools-hose,Industrial Hose / Fittings / Couplings,,Hose Products Division,English,82,"Parker Fittings Catalog, PDF page 194",72,medium,table_row,need-tools-repair-hose-fittings,need-tools-repair-hose-fittings,83,,B-88 Hose Products Division,2015,Parker Hannifin,high,B-88,need-tools-repair,90,Tools / Hose / Fittings,16,pg-tools-hose-page-018,B-88,B-88 Hose Products Division,item-cat-004341,,"Verify current equivalent, price, availability and specifications before purchase.",CAT-004341,catalog-product,Extracted English catalog record — current status and price require verification,catalog_product,14,,Provisional heuristic; recalculate from User Profile and current offer evidence.,Parker Fittings Catalog.pdf,English,194,B-88,Parker Fittings Catalog,SRC-0102,,Parker Hannifin,B-88 Hose Products Division,37,B-88 Hose Products Division,,pg-tools-hose,"['human-consumer', 'human-needs', 'need-tools-repair', 'need-tools-repair-hose-fittings', 'pg-tools-hose', 'pg-tools-hose-page-018', 'item-cat-004341']",
True,Historical catalog; technical reference,2015,Industrial Hose / Fittings / Couplings,pg-tools-hose,Industrial Hose / Fittings / Couplings,,Part Thread Hose I.D.,English,83,"Parker Fittings Catalog, PDF page 196",72,medium,table_row,need-tools-repair-hose-fittings,need-tools-repair-hose-fittings,85,,Part Thread Hose I.D.,2015,Parker Hannifin,high,19273,need-tools-repair,90,Tools / Hose / Fittings,16,pg-tools-hose-page-022,19273,Part Thread Hose I.D.,item-cat-004342,,"Verify current equivalent, price, availability and specifications before purchase.",CAT-004342,catalog-product,Extracted English catalog record — current status and price require verification,catalog_product,19,,Provisional heuristic; recalculate from User Profile and current offer evidence.,Parker Fittings Catalog.pdf,English,196,19273,Parker Fittings Catalog,SRC-0102,,Parker Hannifin,C 19273,37,Part Thread Hose I.D.,,pg-tools-hose,"['human-consumer', 'human-needs', 'need-tools-repair', 'need-tools-repair-hose-fittings', 'pg-tools-hose', 'pg-tools-hose-page-022', 'item-cat-004342']",
True,Historical catalog; technical reference,2015,Industrial Hose / Fittings / Couplings,pg-tools-hose,Industrial Hose / Fittings / Couplings,,Hose Products Division,English,84,"Parker Fittings Catalog, PDF page 197",72,medium,table_row,need-tools-repair-hose-fittings,need-tools-repair-hose-fittings,80,,B-91 Hose Products Division,2015,Parker Hannifin,high,B-91,need-tools-repair,90,Tools / Hose / Fittings,16,pg-tools-hose-page-018,B-91,B-91 Hose Products Division,item-cat-004343,,"Verify current equivalent, price, availability and specifications before purchase.",CAT-004343,catalog-product,Extracted English catalog record — current status and price require verification,catalog_product,14,,Provisional heuristic; recalculate from User Profile and current offer evidence.,Parker Fittings Catalog.pdf,English,197,B-91,Parker Fittings Catalog,SRC-0102,,Parker Hannifin,B-91 Hose Products Division,37,B-91 Hose Products Division,,pg-tools-hose,"['human-consumer', 'human-needs', 'need-tools-repair', 'need-tools-repair-hose-fittings', 'pg-tools-hose', 'pg-tools-hose-page-018', 'item-cat-004343']",
True,Historical catalog; technical reference,2015,Industrial Hose / Fittings / Couplings,pg-tools-hose,Industrial Hose / Fittings / Couplings,,Hose Products Division,English,83,"Parker Fittings Catalog, PDF page 198",72,medium,table_row,need-tools-repair-hose-fittings,need-tools-repair-hose-fittings,79,,B-92 Hose Products Division,2015,Parker Hannifin,high,B-92,need-tools-repair,90,Tools / Hose / Fittings,16,pg-tools-hose-page-018,B-92,B-92 Hose Products Division,item-cat-004344,,"Verify current equivalent, price, availability and specifications before purchase.",CAT-004344,catalog-product,Extracted English catalog record — current status and price require verification,catalog_product,17,,Provisional heuristic; recalculate from User Profile and current offer evidence.,Parker Fittings Catalog.pdf,English,198,B-92,Parker Fittings Catalog,SRC-0102,,Parker Hannifin,B-92 Hose Products Division,37,B-92 Hose Products Division,,pg-tools-hose,"['human-consumer', 'human-needs', 'need-tools-repair', 'need-tools-repair-hose-fittings', 'pg-tools-hose', 'pg-tools-hose-page-018', 'item-cat-004344']",
True,Historical catalog; technical reference,2015,Industrial Hose / Fittings / Couplings,pg-tools-hose,Industrial Hose / Fittings / Couplings,,18A76 B-93 18F76 B-93 18N76 B-93,English,84,"Parker Fittings Catalog, PDF page 198",72,medium,table_row,need-tools-repair-hose-fittings,need-tools-repair-hose-fittings,89,,18A76 B-93 18F76 B-93 18N76 B-93,2015,Parker Hannifin,high,B-93,need-tools-repair,90,Tools / Hose / Fittings,16,pg-tools-hose-page-014,B-93,18A76 B-93 18F76 B-93 18N76 B-93,item-cat-004345,,"Verify current equivalent, price, availability and specifications before purchase.",CAT-004345,catalog-product,Extracted English catalog record — current status and price require verification,catalog_product,18,,Provisional heuristic; recalculate from User Profile and current offer evidence.,Parker Fittings Catalog.pdf,English,198,B-93,Parker Fittings Catalog,SRC-0102,,Parker Hannifin,18A76 B-93 18F76 B-93 18N76 B-93,37,18A76 B-93 18F76 B-93 18N76 B-93,,pg-tools-hose,"['human-consumer', 'human-needs', 'need-tools-repair', 'need-tools-repair-hose-fittings', 'pg-tools-hose', 'pg-tools-hose-page-014', 'item-cat-004345']",
True,Historical catalog; technical reference,2015,Industrial Hose / Fittings / Couplings,pg-tools-hose,Industrial Hose / Fittings / Couplings,,14A77 B-100 11677 B-100 14B77 B-100 12677 B-100 11777 B-101 14F77 B-101,English,82,"Parker Fittings Catalog, PDF page 200",72,medium,table_row,need-tools-repair-hose-fittings,need-tools-repair-hose-fittings,89,,14A77 B-100 11677 B-100 14B77 B-100 12677 B-100 11777 B-101 14F77 B-101,2015,Parker Hannifin,high,B-101,need-tools-repair,90,Tools / Hose / Fittings,16,pg-tools-hose-page-014,B-101,14A77 B-100 11677 B-100 14B77 B-100 12677 B-100 11777 B-101 14F77 B-101,item-cat-004346,,"Verify current equivalent, price, availability and specifications before purchase.",CAT-004346,catalog-product,Extracted English catalog record — current status and price require verification,catalog_product,26,,Provisional heuristic; recalculate from User Profile and current offer evidence.,Parker Fittings Catalog.pdf,English,200,B-101,Parker Fittings Catalog,SRC-0102,,Parker Hannifin,14A77 B-100 11677 B-100 14B77 B-100 12677 B-100 11777 B-101 14F77 B-101,37,14A77 B-100 11677 B-100 14B77 B-100 12677 B-100 11777 B-101 14F77 B-101,,pg-tools-hose,"['human-consumer', 'human-needs', 'need-tools-repair', 'need-tools-repair-hose-fittings', 'pg-tools-hose', 'pg-tools-hose-page-014', 'item-cat-004346']",
True,Historical catalog; technical reference,2015,Industrial Hose / Fittings / Couplings,pg-tools-hose,Industrial Hose / Fittings / Couplings,,12777 B-101 14G77 B-102 11877 B-102 11977 B-102 14N77 B-103,English,86,"Parker Fittings Catalog, PDF page 200",72,medium,table_row,need-tools-repair-hose-fittings,need-tools-repair-hose-fittings,80,,12777 B-101 14G77 B-102 11877 B-102 11977 B-102 14N77 B-103,2015,Parker Hannifin,high,B-103,need-tools-repair,90,Tools / Hose / Fittings,16,pg-tools-hose-page-014,B-103,12777 B-101 14G77 B-102 11877 B-102 11977 B-102 14N77 B-103,item-cat-004347,,"Verify current equivalent, price, availability and specifications before purchase.",CAT-004347,catalog-product,Extracted English catalog record — current status and price require verification,catalog_product,26,,Provisional heuristic; recalculate from User Profile and current offer evidence.,Parker Fittings Catalog.pdf,English,200,B-103,Parker Fittings Catalog,SRC-0102,,Parker Hannifin,12777 B-101 14G77 B-102 11877 B-102 11977 B-102 14N77 B-103,37,12777 B-101 14G77 B-102 11877 B-102 11977 B-102 14N77 B-103,,pg-tools-hose,"['human-consumer', 'human-needs', 'need-tools-repair', 'need-tools-repair-hose-fittings', 'pg-tools-hose', 'pg-tools-hose-page-014', 'item-cat-004347']",
True,Historical catalog; technical reference,2015,Industrial Hose / Fittings / Couplings,pg-tools-hose,Industrial Hose / Fittings / Couplings,,D 16A77 B-103 16B77 B-103 16E77 B-104 16F77 B-104 16G77 B-104 16N77 B-105,English,83,"Parker Fittings Catalog, PDF page 200",72,medium,table_row,need-tools-repair-hose-fittings,need-tools-repair-hose-fittings,87,,D 16A77 B-103 16B77 B-103 16E77 B-104 16F77 B-104 16G77 B-104 16N77 B-105,2015,Parker Hannifin,high,B-105,need-tools-repair,90,Tools / Hose / Fittings,16,pg-tools-hose-page-019,B-105,D 16A77 B-103 16B77 B-103 16E77 B-104 16F77 B-104 16G77 B-104 16N77 B-105,item-cat-004348,,"Verify current equivalent, price, availability and specifications before purchase.",CAT-004348,catalog-product,Extracted English catalog record — current status and price require verification,catalog_product,24,,Provisional heuristic; recalculate from User Profile and current offer evidence.,Parker Fittings Catalog.pdf,English,200,B-105,Parker Fittings Catalog,SRC-0102,,Parker Hannifin,D 16A77 B-103 16B77 B-103 16E77 B-104 16F77 B-104 16G77 B-104 16N77 B-105,37,D 16A77 B-103 16B77 B-103 16E77 B-104 16F77 B-104 16G77 B-104 16N77 B-105,,pg-tools-hose,"['human-consumer', 'human-needs', 'need-tools-repair', 'need-tools-repair-hose-fittings', 'pg-tools-hose', 'pg-tools-hose-page-019', 'item-cat-004348']",
True,Historical catalog; technical reference,2015,Industrial Hose / Fittings / Couplings,pg-tools-hose,Industrial Hose / Fittings / Couplings,,1XA77 B-105 1XB77 B-105 1XE77 B-106 1XF77 B-106 1XG77 B-106,English,81,"Parker Fittings Catalog, PDF page 200",72,medium,table_row,need-tools-repair-hose-fittings,need-tools-repair-hose-fittings,81,,1XA77 B-105 1XB77 B-105 1XE77 B-106 1XF77 B-106 1XG77 B-106,2015,Parker Hannifin,high,B-106,need-tools-repair,90,Tools / Hose / Fittings,16,pg-tools-hose-page-014,B-106,1XA77 B-105 1XB77 B-105 1XE77 B-106 1XF77 B-106 1XG77 B-106,item-cat-004349,,"Verify current equivalent, price, availability and specifications before purchase.",CAT-004349,catalog-product,Extracted English catalog record — current status and price require verification,catalog_product,16,,Provisional heuristic; recalculate from User Profile and current offer evidence.,Parker Fittings Catalog.pdf,English,200,B-106,Parker Fittings Catalog,SRC-0102,,Parker Hannifin,1XA77 B-105 1XB77 B-105 1XE77 B-106 1XF77 B-106 1XG77 B-106,37,1XA77 B-105 1XB77 B-105 1XE77 B-106 1XF77 B-106 1XG77 B-106,,pg-tools-hose,"['human-consumer', 'human-needs', 'need-tools-repair', 'need-tools-repair-hose-fittings', 'pg-tools-hose', 'pg-tools-hose-page-014', 'item-cat-004349']",
True,Historical catalog; technical reference,2015,Industrial Hose / Fittings / Couplings,pg-tools-hose,Industrial Hose / Fittings / Couplings,,1XM77 B-107 1XN77 B-107 1K577 B-107 1K777 B-108 1K977 B-108,English,80,"Parker Fittings Catalog, PDF page 200",72,medium,table_row,need-tools-repair-hose-fittings,need-tools-repair-hose-fittings,87,,1XM77 B-107 1XN77 B-107 1K577 B-107 1K777 B-108 1K977 B-108,2015,Parker Hannifin,high,B-108,need-tools-repair,90,Tools / Hose / Fittings,16,pg-tools-hose-page-014,B-108,1XM77 B-107 1XN77 B-107 1K577 B-107 1K777 B-108 1K977 B-108,item-cat-004350,,"Verify current equivalent, price, availability and specifications before purchase.",CAT-004350,catalog-product,Extracted English catalog record — current status and price require verification,catalog_product,16,,Provisional heuristic; recalculate from User Profile and current offer evidence.,Parker Fittings Catalog.pdf,English,200,B-108,Parker Fittings Catalog,SRC-0102,,Parker Hannifin,1XM77 B-107 1XN77 B-107 1K577 B-107 1K777 B-108 1K977 B-108,37,1XM77 B-107 1XN77 B-107 1K577 B-107 1K777 B-108 1K977 B-108,,pg-tools-hose,"['human-consumer', 'human-needs', 'need-tools-repair', 'need-tools-repair-hose-fittings', 'pg-tools-hose', 'pg-tools-hose-page-014', 'item-cat-004350']",
True,Historical catalog; technical reference,2015,Industrial Hose / Fittings / Couplings,pg-tools-hose,Industrial Hose / Fittings / Couplings,,Hose Products Division,English,81,"Parker Fittings Catalog, PDF page 200",72,medium,table_row,need-tools-repair-hose-fittings,need-tools-repair-hose-fittings,89,,B-94 Hose Products Division,2015,Parker Hannifin,high,B-94,need-tools-repair,90,Tools / Hose / Fittings,16,pg-tools-hose-page-018,B-94,B-94 Hose Products Division,item-cat-004351,,"Verify current equivalent, price, availability and specifications before purchase.",CAT-004351,catalog-product,Extracted English catalog record — current status and price require verification,catalog_product,25,,Provisional heuristic; recalculate from User Profile and current offer evidence.,Parker Fittings Catalog.pdf,English,200,B-94,Parker Fittings Catalog,SRC-0102,,Parker Hannifin,B-94 Hose Products Division,37,B-94 Hose Products Division,,pg-tools-hose,"['human-consumer', 'human-needs', 'need-tools-repair', 'need-tools-repair-hose-fittings', 'pg-tools-hose', 'pg-tools-hose-page-018', 'item-cat-004351']",
True,Historical catalog; technical reference,2015,Industrial Hose / Fittings / Couplings,pg-tools-hose,Industrial Hose / Fittings / Couplings,,10177 B-96 1AP77 B-96 10377 B-96,English,82,"Parker Fittings Catalog, PDF page 200",72,medium,table_row,need-tools-repair-hose-fittings,need-tools-repair-hose-fittings,86,,10177 B-96 1AP77 B-96 10377 B-96,2015,Parker Hannifin,high,B-96,need-tools-repair,90,Tools / Hose / Fittings,16,pg-tools-hose-page-013,B-96,10177 B-96 1AP77 B-96 10377 B-96,item-cat-004352,,"Verify current equivalent, price, availability and specifications before purchase.",CAT-004352,catalog-product,Extracted English catalog record — current status and price require verification,catalog_product,23,,Provisional heuristic; recalculate from User Profile and current offer evidence.,Parker Fittings Catalog.pdf,English,200,B-96,Parker Fittings Catalog,SRC-0102,,Parker Hannifin,10177 B-96 1AP77 B-96 10377 B-96,37,10177 B-96 1AP77 B-96 10377 B-96,,pg-tools-hose,"['human-consumer', 'human-needs', 'need-tools-repair', 'need-tools-repair-hose-fittings', 'pg-tools-hose', 'pg-tools-hose-page-013', 'item-cat-004352']",
True,Historical catalog; technical reference,2015,Industrial Hose / Fittings / Couplings,pg-tools-hose,Industrial Hose / Fittings / Couplings,,10677 B-97 13777 B-97 13977 B-97 14177 B-98 10577 B-98,English,84,"Parker Fittings Catalog, PDF page 200",72,medium,table_row,need-tools-repair-hose-fittings,need-tools-repair-hose-fittings,86,,10677 B-97 13777 B-97 13977 B-97 14177 B-98 10577 B-98,2015,Parker Hannifin,high,B-98,need-tools-repair,90,Tools / Hose / Fittings,16,pg-tools-hose-page-013,B-98,10677 B-97 13777 B-97 13977 B-97 14177 B-98 10577 B-98,item-cat-004353,,"Verify current equivalent, price, availability and specifications before purchase.",CAT-004353,catalog-product,Extracted English catalog record — current status and price require verification,catalog_product,21,,Provisional heuristic; recalculate from User Profile and current offer evidence.,Parker Fittings Catalog.pdf,English,200,B-98,Parker Fittings Catalog,SRC-0102,,Parker Hannifin,10677 B-97 13777 B-97 13977 B-97 14177 B-98 10577 B-98,37,10677 B-97 13777 B-97 13977 B-97 14177 B-98 10577 B-98,,pg-tools-hose,"['human-consumer', 'human-needs', 'need-tools-repair', 'need-tools-repair-hose-fittings', 'pg-tools-hose', 'pg-tools-hose-page-013', 'item-cat-004353']",
True,Historical catalog; technical reference,2015,Industrial Hose / Fittings / Couplings,pg-tools-hose,Industrial Hose / Fittings / Couplings,,1X577 B-98 1X777 B-99 1X977 B-99 11577 B-99,English,86,"Parker Fittings Catalog, PDF page 200",72,medium,table_row,need-tools-repair-hose-fittings,need-tools-repair-hose-fittings,89,,1X577 B-98 1X777 B-99 1X977 B-99 11577 B-99,2015,Parker Hannifin,high,B-99,need-tools-repair,90,Tools / Hose / Fittings,16,pg-tools-hose-page-014,B-99,1X577 B-98 1X777 B-99 1X977 B-99 11577 B-99,item-cat-004354,,"Verify current equivalent, price, availability and specifications before purchase.",CAT-004354,catalog-product,Extracted English catalog record — current status and price require verification,catalog_product,26,,Provisional heuristic; recalculate from User Profile and current offer evidence.,Parker Fittings Catalog.pdf,English,200,B-99,Parker Fittings Catalog,SRC-0102,,Parker Hannifin,1X577 B-98 1X777 B-99 1X977 B-99 11577 B-99,37,1X577 B-98 1X777 B-99 1X977 B-99 11577 B-99,,pg-tools-hose,"['human-consumer', 'human-needs', 'need-tools-repair', 'need-tools-repair-hose-fittings', 'pg-tools-hose', 'pg-tools-hose-page-014', 'item-cat-004354']",
True,Historical catalog; technical reference,2015,Industrial Hose / Fittings / Couplings,pg-tools-hose,Industrial Hose / Fittings / Couplings,,1JC77 B-108 1JS77 B-109 1J077 B-109 1J777 B-110 1J977 B-110,English,80,"Parker Fittings Catalog, PDF page 201",72,medium,table_row,need-tools-repair-hose-fittings,need-tools-repair-hose-fittings,87,,1JC77 B-108 1JS77 B-109 1J077 B-109 1J777 B-110 1J977 B-110,2015,Parker Hannifin,high,B-110,need-tools-repair,90,Tools / Hose / Fittings,16,pg-tools-hose-page-014,B-110,1JC77 B-108 1JS77 B-109 1J077 B-109 1J777 B-110 1J977 B-110,item-cat-004355,,"Verify current equivalent, price, availability and specifications before purchase.",CAT-004355,catalog-product,Extracted English catalog record — current status and price require verification,catalog_product,14,,Provisional heuristic; recalculate from User Profile and current offer evidence.,Parker Fittings Catalog.pdf,English,201,B-110,Parker Fittings Catalog,SRC-0102,,Parker Hannifin,1JC77 B-108 1JS77 B-109 1J077 B-109 1J777 B-110 1J977 B-110,37,1JC77 B-108 1JS77 B-109 1J077 B-109 1J777 B-110 1J977 B-110,,pg-tools-hose,"['human-consumer', 'human-needs', 'need-tools-repair', 'need-tools-repair-hose-fittings', 'pg-tools-hose', 'pg-tools-hose-page-014', 'item-cat-004355']",
True,Historical catalog; technical reference,2015,Industrial Hose / Fittings / Couplings,pg-tools-hose,Industrial Hose / Fittings / Couplings,,1J577 B-110 1J177 B-111 1D277 B-111 1C977 B-111 10C77 B-112,English,81,"Parker Fittings Catalog, PDF page 201",72,medium,table_row,need-tools-repair-hose-fittings,need-tools-repair-hose-fittings,79,,1J577 B-110 1J177 B-111 1D277 B-111 1C977 B-111 10C77 B-112,2015,Parker Hannifin,high,B-112,need-tools-repair,90,Tools / Hose / Fittings,16,pg-tools-hose-page-014,B-112,1J577 B-110 1J177 B-111 1D277 B-111 1C977 B-111 10C77 B-112,item-cat-004356,,"Verify current equivalent, price, availability and specifications before purchase.",CAT-004356,catalog-product,Extracted English catalog record — current status and price require verification,catalog_product,23,,Provisional heuristic; recalculate from User Profile and current offer evidence.,Parker Fittings Catalog.pdf,English,201,B-112,Parker Fittings Catalog,SRC-0102,,Parker Hannifin,1J577 B-110 1J177 B-111 1D277 B-111 1C977 B-111 10C77 B-112,37,1J577 B-110 1J177 B-111 1D277 B-111 1C977 B-111 10C77 B-112,,pg-tools-hose,"['human-consumer', 'human-needs', 'need-tools-repair', 'need-tools-repair-hose-fittings', 'pg-tools-hose', 'pg-tools-hose-page-014', 'item-cat-004356']",
True,Historical catalog; technical reference,2015,Industrial Hose / Fittings / Couplings,pg-tools-hose,Industrial Hose / Fittings / Couplings,,11C77 B-112 1FU77 B-113 1GU77 B-113 1ZM77 B-113,English,78,"Parker Fittings Catalog, PDF page 201",72,medium,table_row,need-tools-repair-hose-fittings,need-tools-repair-hose-fittings,83,,11C77 B-112 1FU77 B-113 1GU77 B-113 1ZM77 B-113,2015,Parker Hannifin,high,B-113,need-tools-repair,90,Tools / Hose / Fittings,16,pg-tools-hose-page-014,B-113,11C77 B-112 1FU77 B-113 1GU77 B-113 1ZM77 B-113,item-cat-004357,,"Verify current equivalent, price, availability and specifications before purchase.",CAT-004357,catalog-product,Extracted English catalog record — current status and price require verification,catalog_product,17,,Provisional heuristic; recalculate from User Profile and current offer evidence.,Parker Fittings Catalog.pdf,English,201,B-113,Parker Fittings Catalog,SRC-0102,,Parker Hannifin,11C77 B-112 1FU77 B-113 1GU77 B-113 1ZM77 B-113,37,11C77 B-112 1FU77 B-113 1GU77 B-113 1ZM77 B-113,,pg-tools-hose,"['human-consumer', 'human-needs', 'need-tools-repair', 'need-tools-repair-hose-fittings', 'pg-tools-hose', 'pg-tools-hose-page-014', 'item-cat-004357']",
True,Historical catalog; technical reference,2015,Industrial Hose / Fittings / Couplings,pg-tools-hose,Industrial Hose / Fittings / Couplings,,Hose Products Division,English,85,"Parker Fittings Catalog, PDF page 201",72,medium,table_row,need-tools-repair-hose-fittings,need-tools-repair-hose-fittings,84,,B-95 Hose Products Division,2015,Parker Hannifin,high,B-95,need-tools-repair,90,Tools / Hose / Fittings,16,pg-tools-hose-page-018,B-95,B-95 Hose Products Division,item-cat-004358,,"Verify current equivalent, price, availability and specifications before purchase.",CAT-004358,catalog-product,Extracted English catalog record — current status and price require verification,catalog_product,23,,Provisional heuristic; recalculate from User Profile and current offer evidence.,Parker Fittings Catalog.pdf,English,201,B-95,Parker Fittings Catalog,SRC-0102,,Parker Hannifin,B-95 Hose Products Division,37,B-95 Hose Products Division,,pg-tools-hose,"['human-consumer', 'human-needs', 'need-tools-repair', 'need-tools-repair-hose-fittings', 'pg-tools-hose', 'pg-tools-hose-page-018', 'item-cat-004358']",
True,Historical catalog; technical reference,2015,Industrial Hose / Fittings / Couplings,pg-tools-hose,Industrial Hose / Fittings / Couplings,,Part Flange Hose I.D. A E F B,English,83,"Parker Fittings Catalog, PDF page 206",72,medium,table_row,need-tools-repair-hose-fittings,need-tools-repair-hose-fittings,83,,Part Flange Hose I.D. A E F B,2015,Parker Hannifin,high,12677,need-tools-repair,90,Tools / Hose / Fittings,16,pg-tools-hose-page-021,12677,Part Flange Hose I.D. A E F B,item-cat-004359,,"Verify current equivalent, price, availability and specifications before purchase.",CAT-004359,catalog-product,Extracted English catalog record — current status and price require verification,catalog_product,21,,Provisional heuristic; recalculate from User Profile and current offer evidence.,Parker Fittings Catalog.pdf,English,206,12677,Parker Fittings Catalog,SRC-0102,,Parker Hannifin,E 12677,37,Part Flange Hose I.D. A E F B,,pg-tools-hose,"['human-consumer', 'human-needs', 'need-tools-repair', 'need-tools-repair-hose-fittings', 'pg-tools-hose', 'pg-tools-hose-page-021', 'item-cat-004359']",
True,Historical catalog; technical reference,2015,Industrial Hose / Fittings / Couplings,pg-tools-hose,Industrial Hose / Fittings / Couplings,,Hose Products Division,English,80,"Parker Fittings Catalog, PDF page 210",72,medium,table_row,need-tools-repair-hose-fittings,need-tools-repair-hose-fittings,79,,B-104 Hose Products Division,2015,Parker Hannifin,high,B-104,need-tools-repair,90,Tools / Hose / Fittings,16,pg-tools-hose-page-016,B-104,B-104 Hose Products Division,item-cat-004360,,"Verify current equivalent, price, availability and specifications before purchase.",CAT-004360,catalog-product,Extracted English catalog record — current status and price require verification,catalog_product,15,,Provisional heuristic; recalculate from User Profile and current offer evidence.,Parker Fittings Catalog.pdf,English,210,B-104,Parker Fittings Catalog,SRC-0102,,Parker Hannifin,B-104 Hose Products Division,37,B-104 Hose Products Division,,pg-tools-hose,"['human-consumer', 'human-needs', 'need-tools-repair', 'need-tools-repair-hose-fittings', 'pg-tools-hose', 'pg-tools-hose-page-016', 'item-cat-004360']",
True,Historical catalog; technical reference,2015,Industrial Hose / Fittings / Couplings,pg-tools-hose,Industrial Hose / Fittings / Couplings,,Part Flange Hose I.D. A E F B,English,79,"Parker Fittings Catalog, PDF page 212",72,medium,table_row,need-tools-repair-hose-fittings,need-tools-repair-hose-fittings,85,,Part Flange Hose I.D. A E F B,2015,Parker Hannifin,high,1XF77-12-12,need-tools-repair,90,Tools / Hose / Fittings,16,pg-tools-hose-page-021,1XF77-12-12,Part Flange Hose I.D. A E F B,item-cat-004361,,"Verify current equivalent, price, availability and specifications before purchase.",CAT-004361,catalog-product,Extracted English catalog record — current status and price require verification,catalog_product,21,,Provisional heuristic; recalculate from User Profile and current offer evidence.,Parker Fittings Catalog.pdf,English,212,1XF77-12-12,Parker Fittings Catalog,SRC-0102,,Parker Hannifin,C 1XF77-12-12,37,Part Flange Hose I.D. A E F B,,pg-tools-hose,"['human-consumer', 'human-needs', 'need-tools-repair', 'need-tools-repair-hose-fittings', 'pg-tools-hose', 'pg-tools-hose-page-021', 'item-cat-004361']",
True,Historical catalog; technical reference,2015,Industrial Hose / Fittings / Couplings,pg-tools-hose,Industrial Hose / Fittings / Couplings,,Hose Products Division,English,81,"Parker Fittings Catalog, PDF page 213",72,medium,table_row,need-tools-repair-hose-fittings,need-tools-repair-hose-fittings,80,,B-107 Hose Products Division,2015,Parker Hannifin,high,B-107,need-tools-repair,90,Tools / Hose / Fittings,16,pg-tools-hose-page-016,B-107,B-107 Hose Products Division,item-cat-004362,,"Verify current equivalent, price, availability and specifications before purchase.",CAT-004362,catalog-product,Extracted English catalog record — current status and price require verification,catalog_product,18,,Provisional heuristic; recalculate from User Profile and current offer evidence.,Parker Fittings Catalog.pdf,English,213,B-107,Parker Fittings Catalog,SRC-0102,,Parker Hannifin,B-107 Hose Products Division,37,B-107 Hose Products Division,,pg-tools-hose,"['human-consumer', 'human-needs', 'need-tools-repair', 'need-tools-repair-hose-fittings', 'pg-tools-hose', 'pg-tools-hose-page-016', 'item-cat-004362']",
True,Historical catalog; technical reference,2015,Industrial Hose / Fittings / Couplings,pg-tools-hose,Industrial Hose / Fittings / Couplings,,Hose Products Division,English,83,"Parker Fittings Catalog, PDF page 215",72,medium,table_row,need-tools-repair-hose-fittings,need-tools-repair-hose-fittings,84,,B-109 Hose Products Division,2015,Parker Hannifin,high,B-109,need-tools-repair,90,Tools / Hose / Fittings,16,pg-tools-hose-page-016,B-109,B-109 Hose Products Division,item-cat-004363,,"Verify current equivalent, price, availability and specifications before purchase.",CAT-004363,catalog-product,Extracted English catalog record — current status and price require verification,catalog_product,24,,Provisional heuristic; recalculate from User Profile and current offer evidence.,Parker Fittings Catalog.pdf,English,215,B-109,Parker Fittings Catalog,SRC-0102,,Parker Hannifin,B-109 Hose Products Division,37,B-109 Hose Products Division,,pg-tools-hose,"['human-consumer', 'human-needs', 'need-tools-repair', 'need-tools-repair-hose-fittings', 'pg-tools-hose', 'pg-tools-hose-page-016', 'item-cat-004363']",
True,Historical catalog; technical reference,2015,Industrial Hose / Fittings / Couplings,pg-tools-hose,Industrial Hose / Fittings / Couplings,,Hose Products Division,English,85,"Parker Fittings Catalog, PDF page 220",72,medium,table_row,need-tools-repair-hose-fittings,need-tools-repair-hose-fittings,79,,B-114 Hose Products Division,2015,Parker Hannifin,high,B-114,need-tools-repair,90,Tools / Hose / Fittings,16,pg-tools-hose-page-017,B-114,B-114 Hose Products Division,item-cat-004364,,"Verify current equivalent, price, availability and specifications before purchase.",CAT-004364,catalog-product,Extracted English catalog record — current status and price require verification,catalog_product,17,,Provisional heuristic; recalculate from User Profile and current offer evidence.,Parker Fittings Catalog.pdf,English,220,B-114,Parker Fittings Catalog,SRC-0102,,Parker Hannifin,B-114 Hose Products Division,37,B-114 Hose Products Division,,pg-tools-hose,"['human-consumer', 'human-needs', 'need-tools-repair', 'need-tools-repair-hose-fittings', 'pg-tools-hose', 'pg-tools-hose-page-017', 'item-cat-004364']",
True,Historical catalog; technical reference,2015,Industrial Hose / Fittings / Couplings,pg-tools-hose,Industrial Hose / Fittings / Couplings,,11578 B-115 14A78 B-116 11778 B-116 14F78 B-116 11978 B-116 14N78 B-117,English,80,"Parker Fittings Catalog, PDF page 220",72,medium,table_row,need-tools-repair-hose-fittings,need-tools-repair-hose-fittings,80,,11578 B-115 14A78 B-116 11778 B-116 14F78 B-116 11978 B-116 14N78 B-117,2015,Parker Hannifin,high,B-117,need-tools-repair,90,Tools / Hose / Fittings,16,pg-tools-hose-page-014,B-117,11578 B-115 14A78 B-116 11778 B-116 14F78 B-116 11978 B-116 14N78 B-117,item-cat-004365,,"Verify current equivalent, price, availability and specifications before purchase.",CAT-004365,catalog-product,Extracted English catalog record — current status and price require verification,catalog_product,15,,Provisional heuristic; recalculate from User Profile and current offer evidence.,Parker Fittings Catalog.pdf,English,220,B-117,Parker Fittings Catalog,SRC-0102,,Parker Hannifin,11578 B-115 14A78 B-116 11778 B-116 14F78 B-116 11978 B-116 14N78 B-117,37,11578 B-115 14A78 B-116 11778 B-116 14F78 B-116 11978 B-116 14N78 B-117,,pg-tools-hose,"['human-consumer', 'human-needs', 'need-tools-repair', 'need-tools-repair-hose-fittings', 'pg-tools-hose', 'pg-tools-hose-page-014', 'item-cat-004365']",
True,Historical catalog; technical reference,2015,Industrial Hose / Fittings / Couplings,pg-tools-hose,Industrial Hose / Fittings / Couplings,,16A78 B-117 16B78 B-117 16E78 B-117 16F78 B-118 16G78 B-118,English,84,"Parker Fittings Catalog, PDF page 220",72,medium,table_row,need-tools-repair-hose-fittings,need-tools-repair-hose-fittings,83,,16A78 B-117 16B78 B-117 16E78 B-117 16F78 B-118 16G78 B-118,2015,Parker Hannifin,high,B-118,need-tools-repair,90,Tools / Hose / Fittings,16,pg-tools-hose-page-014,B-118,16A78 B-117 16B78 B-117 16E78 B-117 16F78 B-118 16G78 B-118,item-cat-004366,,"Verify current equivalent, price, availability and specifications before purchase.",CAT-004366,catalog-product,Extracted English catalog record — current status and price require verification,catalog_product,17,,Provisional heuristic; recalculate from User Profile and current offer evidence.,Parker Fittings Catalog.pdf,English,220,B-118,Parker Fittings Catalog,SRC-0102,,Parker Hannifin,16A78 B-117 16B78 B-117 16E78 B-117 16F78 B-118 16G78 B-118,37,16A78 B-117 16B78 B-117 16E78 B-117 16F78 B-118 16G78 B-118,,pg-tools-hose,"['human-consumer', 'human-needs', 'need-tools-repair', 'need-tools-repair-hose-fittings', 'pg-tools-hose', 'pg-tools-hose-page-014', 'item-cat-004366']",
True,Historical catalog; technical reference,2015,Industrial Hose / Fittings / Couplings,pg-tools-hose,Industrial Hose / Fittings / Couplings,,16N78 B-118 1XA78 B-119 1XB78 B-119 1XE78 B-119 1XF78 B-120,English,79,"Parker Fittings Catalog, PDF page 220",72,medium,table_row,need-tools-repair-hose-fittings,need-tools-repair-hose-fittings,84,,16N78 B-118 1XA78 B-119 1XB78 B-119 1XE78 B-119 1XF78 B-120,2015,Parker Hannifin,high,B-120,need-tools-repair,90,Tools / Hose / Fittings,16,pg-tools-hose-page-014,B-120,16N78 B-118 1XA78 B-119 1XB78 B-119 1XE78 B-119 1XF78 B-120,item-cat-004367,,"Verify current equivalent, price, availability and specifications before purchase.",CAT-004367,catalog-product,Extracted English catalog record — current status and price require verification,catalog_product,17,,Provisional heuristic; recalculate from User Profile and current offer evidence.,Parker Fittings Catalog.pdf,English,220,B-120,Parker Fittings Catalog,SRC-0102,,Parker Hannifin,16N78 B-118 1XA78 B-119 1XB78 B-119 1XE78 B-119 1XF78 B-120,37,16N78 B-118 1XA78 B-119 1XB78 B-119 1XE78 B-119 1XF78 B-120,,pg-tools-hose,"['human-consumer', 'human-needs', 'need-tools-repair', 'need-tools-repair-hose-fittings', 'pg-tools-hose', 'pg-tools-hose-page-014', 'item-cat-004367']",
True,Historical catalog; technical reference,2015,Industrial Hose / Fittings / Couplings,pg-tools-hose,Industrial Hose / Fittings / Couplings,,1XG78 B-120 1XN78 B-120 1JS78 B-121 1J778 B-121 1J978 B-121,English,81,"Parker Fittings Catalog, PDF page 220",72,medium,table_row,need-tools-repair-hose-fittings,need-tools-repair-hose-fittings,85,,1XG78 B-120 1XN78 B-120 1JS78 B-121 1J778 B-121 1J978 B-121,2015,Parker Hannifin,high,B-121,need-tools-repair,90,Tools / Hose / Fittings,16,pg-tools-hose-page-014,B-121,1XG78 B-120 1XN78 B-120 1JS78 B-121 1J778 B-121 1J978 B-121,item-cat-004368,,"Verify current equivalent, price, availability and specifications before purchase.",CAT-004368,catalog-product,Extracted English catalog record — current status and price require verification,catalog_product,14,,Provisional heuristic; recalculate from User Profile and current offer evidence.,Parker Fittings Catalog.pdf,English,220,B-121,Parker Fittings Catalog,SRC-0102,,Parker Hannifin,1XG78 B-120 1XN78 B-120 1JS78 B-121 1J778 B-121 1J978 B-121,37,1XG78 B-120 1XN78 B-120 1JS78 B-121 1J778 B-121 1J978 B-121,,pg-tools-hose,"['human-consumer', 'human-needs', 'need-tools-repair', 'need-tools-repair-hose-fittings', 'pg-tools-hose', 'pg-tools-hose-page-014', 'item-cat-004368']",
True,Historical catalog; technical reference,2015,Industrial Hose / Fittings / Couplings,pg-tools-hose,Industrial Hose / Fittings / Couplings,,D 1D278 B-122 1C978 B-122 10C78 B-122 11C78 B-122,English,82,"Parker Fittings Catalog, PDF page 220",72,medium,table_row,need-tools-repair-hose-fittings,need-tools-repair-hose-fittings,82,,D 1D278 B-122 1C978 B-122 10C78 B-122 11C78 B-122,2015,Parker Hannifin,high,B-122,need-tools-repair,90,Tools / Hose / Fittings,16,pg-tools-hose-page-019,B-122,D 1D278 B-122 1C978 B-122 10C78 B-122 11C78 B-122,item-cat-004369,,"Verify current equivalent, price, availability and specifications before purchase.",CAT-004369,catalog-product,Extracted English catalog record — current status and price require verification,catalog_product,26,,Provisional heuristic; recalculate from User Profile and current offer evidence.,Parker Fittings Catalog.pdf,English,220,B-122,Parker Fittings Catalog,SRC-0102,,Parker Hannifin,D 1D278 B-122 1C978 B-122 10C78 B-122 11C78 B-122,37,D 1D278 B-122 1C978 B-122 10C78 B-122 11C78 B-122,,pg-tools-hose,"['human-consumer', 'human-needs', 'need-tools-repair', 'need-tools-repair-hose-fittings', 'pg-tools-hose', 'pg-tools-hose-page-019', 'item-cat-004369']",
True,Historical catalog; technical reference,2015,Industrial Hose / Fittings / Couplings,pg-tools-hose,Industrial Hose / Fittings / Couplings,,Part Flange Hose I.D. A E F B,English,83,"Parker Fittings Catalog, PDF page 222",72,medium,table_row,need-tools-repair-hose-fittings,need-tools-repair-hose-fittings,81,,Part Flange Hose I.D. A E F B,2015,Parker Hannifin,high,121,need-tools-repair,90,Tools / Hose / Fittings,16,pg-tools-hose-page-021,121,Part Flange Hose I.D. A E F B,item-cat-004370,,"Verify current equivalent, price, availability and specifications before purchase.",CAT-004370,catalog-product,Extracted English catalog record — current status and price require verification,catalog_product,22,,Provisional heuristic; recalculate from User Profile and current offer evidence.,Parker Fittings Catalog.pdf,English,222,121,Parker Fittings Catalog,SRC-0102,,Parker Hannifin,14F78-24-24 1-1/2 1-1/2 6.99 178 1.73 44 2-3/8 4.78 121,37,Part Flange Hose I.D. A E F B,,pg-tools-hose,"['human-consumer', 'human-needs', 'need-tools-repair', 'need-tools-repair-hose-fittings', 'pg-tools-hose', 'pg-tools-hose-page-021', 'item-cat-004370']",
True,Historical catalog; technical reference,2015,Industrial Hose / Fittings / Couplings,pg-tools-hose,Industrial Hose / Fittings / Couplings,,Part Flange Hose I.D. A E F B,English,86,"Parker Fittings Catalog, PDF page 223",72,medium,table_row,need-tools-repair-hose-fittings,need-tools-repair-hose-fittings,84,,Part Flange Hose I.D. A E F B,2015,Parker Hannifin,high,109,need-tools-repair,90,Tools / Hose / Fittings,16,pg-tools-hose-page-021,109,Part Flange Hose I.D. A E F B,item-cat-004371,,"Verify current equivalent, price, availability and specifications before purchase.",CAT-004371,catalog-product,Extracted English catalog record — current status and price require verification,catalog_product,14,,Provisional heuristic; recalculate from User Profile and current offer evidence.,Parker Fittings Catalog.pdf,English,223,109,Parker Fittings Catalog,SRC-0102,,Parker Hannifin,14N78-24-24 1-1/2 1-1/2 6.52 166 4.09 104 2-3/8 4.31 109,37,Part Flange Hose I.D. A E F B,,pg-tools-hose,"['human-consumer', 'human-needs', 'need-tools-repair', 'need-tools-repair-hose-fittings', 'pg-tools-hose', 'pg-tools-hose-page-021', 'item-cat-004371']",
True,Historical catalog; technical reference,2015,Industrial Hose / Fittings / Couplings,pg-tools-hose,Industrial Hose / Fittings / Couplings,,Part Flange Hose I.D. A E F B,English,83,"Parker Fittings Catalog, PDF page 223",72,medium,table_row,need-tools-repair-hose-fittings,need-tools-repair-hose-fittings,79,,Part Flange Hose I.D. A E F B,2015,Parker Hannifin,high,110,need-tools-repair,90,Tools / Hose / Fittings,16,pg-tools-hose-page-021,110,Part Flange Hose I.D. A E F B,item-cat-004372,,"Verify current equivalent, price, availability and specifications before purchase.",CAT-004372,catalog-product,Extracted English catalog record — current status and price require verification,catalog_product,14,,Provisional heuristic; recalculate from User Profile and current offer evidence.,Parker Fittings Catalog.pdf,English,223,110,Parker Fittings Catalog,SRC-0102,,Parker Hannifin,16E78-20-20 1-1/4 1-1/4 6.71 170 0.87 22 2-1/8 4.32 110,37,Part Flange Hose I.D. A E F B,,pg-tools-hose,"['human-consumer', 'human-needs', 'need-tools-repair', 'need-tools-repair-hose-fittings', 'pg-tools-hose', 'pg-tools-hose-page-021', 'item-cat-004372']",
True,Historical catalog; technical reference,2015,Industrial Hose / Fittings / Couplings,pg-tools-hose,Industrial Hose / Fittings / Couplings,,Part Flange Hose I.D. A E F B,English,84,"Parker Fittings Catalog, PDF page 223",72,medium,table_row,need-tools-repair-hose-fittings,need-tools-repair-hose-fittings,80,,Part Flange Hose I.D. A E F B,2015,Parker Hannifin,high,124,need-tools-repair,90,Tools / Hose / Fittings,16,pg-tools-hose-page-021,124,Part Flange Hose I.D. A E F B,item-cat-004373,,"Verify current equivalent, price, availability and specifications before purchase.",CAT-004373,catalog-product,Extracted English catalog record — current status and price require verification,catalog_product,21,,Provisional heuristic; recalculate from User Profile and current offer evidence.,Parker Fittings Catalog.pdf,English,223,124,Parker Fittings Catalog,SRC-0102,,Parker Hannifin,16E78-24-24 1-1/2 1-1/2 7.10 180 1.12 28 2-1/2 4.89 124,37,Part Flange Hose I.D. A E F B,,pg-tools-hose,"['human-consumer', 'human-needs', 'need-tools-repair', 'need-tools-repair-hose-fittings', 'pg-tools-hose', 'pg-tools-hose-page-021', 'item-cat-004373']",
True,Historical catalog; technical reference,2015,Industrial Hose / Fittings / Couplings,pg-tools-hose,Industrial Hose / Fittings / Couplings,,Part Flange Hose I.D. A E F B,English,83,"Parker Fittings Catalog, PDF page 224",72,medium,table_row,need-tools-repair-hose-fittings,need-tools-repair-hose-fittings,81,,Part Flange Hose I.D. A E F B,2015,Parker Hannifin,high,135,need-tools-repair,90,Tools / Hose / Fittings,16,pg-tools-hose-page-021,135,Part Flange Hose I.D. A E F B,item-cat-004374,,"Verify current equivalent, price, availability and specifications before purchase.",CAT-004374,catalog-product,Extracted English catalog record — current status and price require verification,catalog_product,20,,Provisional heuristic; recalculate from User Profile and current offer evidence.,Parker Fittings Catalog.pdf,English,224,135,Parker Fittings Catalog,SRC-0102,,Parker Hannifin,16G78-20-20 1-1/4 1-1/4 7.72 196 2.17 55 2-1/8 5.33 135,37,Part Flange Hose I.D. A E F B,,pg-tools-hose,"['human-consumer', 'human-needs', 'need-tools-repair', 'need-tools-repair-hose-fittings', 'pg-tools-hose', 'pg-tools-hose-page-021', 'item-cat-004374']",
True,Historical catalog; technical reference,2015,Industrial Hose / Fittings / Couplings,pg-tools-hose,Industrial Hose / Fittings / Couplings,,Part Flange Hose I.D. A E F B,English,84,"Parker Fittings Catalog, PDF page 224",72,medium,table_row,need-tools-repair-hose-fittings,need-tools-repair-hose-fittings,89,,Part Flange Hose I.D. A E F B,2015,Parker Hannifin,high,157,need-tools-repair,90,Tools / Hose / Fittings,16,pg-tools-hose-page-021,157,Part Flange Hose I.D. A E F B,item-cat-004375,,"Verify current equivalent, price, availability and specifications before purchase.",CAT-004375,catalog-product,Extracted English catalog record — current status and price require verification,catalog_product,24,,Provisional heuristic; recalculate from User Profile and current offer evidence.,Parker Fittings Catalog.pdf,English,224,157,Parker Fittings Catalog,SRC-0102,,Parker Hannifin,16G78-24-24 1-1/2 1-1/2 8.41 214 2.52 64 2-1/2 6.20 157,37,Part Flange Hose I.D. A E F B,,pg-tools-hose,"['human-consumer', 'human-needs', 'need-tools-repair', 'need-tools-repair-hose-fittings', 'pg-tools-hose', 'pg-tools-hose-page-021', 'item-cat-004375']",
True,Historical catalog; technical reference,2015,Industrial Hose / Fittings / Couplings,pg-tools-hose,Industrial Hose / Fittings / Couplings,,Part Flange Hose I.D. A E F B,English,83,"Parker Fittings Catalog, PDF page 225",72,medium,table_row,need-tools-repair-hose-fittings,need-tools-repair-hose-fittings,81,,Part Flange Hose I.D. A E F B,2015,Parker Hannifin,high,101,need-tools-repair,90,Tools / Hose / Fittings,16,pg-tools-hose-page-021,101,Part Flange Hose I.D. A E F B,item-cat-004376,,"Verify current equivalent, price, availability and specifications before purchase.",CAT-004376,catalog-product,Extracted English catalog record — current status and price require verification,catalog_product,15,,Provisional heuristic; recalculate from User Profile and current offer evidence.,Parker Fittings Catalog.pdf,English,225,101,Parker Fittings Catalog,SRC-0102,,Parker Hannifin,1XE78-20-20 1-1/4 1-1/4 6.38 162 0.93 24 2-1/8 3.99 101,37,Part Flange Hose I.D. A E F B,,pg-tools-hose,"['human-consumer', 'human-needs', 'need-tools-repair', 'need-tools-repair-hose-fittings', 'pg-tools-hose', 'pg-tools-hose-page-021', 'item-cat-004376']",
True,Historical catalog; technical reference,2015,Industrial Hose / Fittings / Couplings,pg-tools-hose,Industrial Hose / Fittings / Couplings,,Part Flange Hose I.D. A E F B,English,79,"Parker Fittings Catalog, PDF page 225",72,medium,table_row,need-tools-repair-hose-fittings,need-tools-repair-hose-fittings,80,,Part Flange Hose I.D. A E F B,2015,Parker Hannifin,high,122,need-tools-repair,90,Tools / Hose / Fittings,16,pg-tools-hose-page-021,122,Part Flange Hose I.D. A E F B,item-cat-004377,,"Verify current equivalent, price, availability and specifications before purchase.",CAT-004377,catalog-product,Extracted English catalog record — current status and price require verification,catalog_product,25,,Provisional heuristic; recalculate from User Profile and current offer evidence.,Parker Fittings Catalog.pdf,English,225,122,Parker Fittings Catalog,SRC-0102,,Parker Hannifin,1XB78-20-20 1-1/4 1-1/4 7.21 183 0.80 20 2-1/8 4.82 122,37,Part Flange Hose I.D. A E F B,,pg-tools-hose,"['human-consumer', 'human-needs', 'need-tools-repair', 'need-tools-repair-hose-fittings', 'pg-tools-hose', 'pg-tools-hose-page-021', 'item-cat-004377']",
True,Historical catalog; technical reference,2015,Industrial Hose / Fittings / Couplings,pg-tools-hose,Industrial Hose / Fittings / Couplings,,Hose Products Division,English,79,"Parker Fittings Catalog, PDF page 225",72,medium,table_row,need-tools-repair-hose-fittings,need-tools-repair-hose-fittings,87,,B-119 Hose Products Division,2015,Parker Hannifin,high,B-119,need-tools-repair,90,Tools / Hose / Fittings,16,pg-tools-hose-page-017,B-119,B-119 Hose Products Division,item-cat-004378,,"Verify current equivalent, price, availability and specifications before purchase.",CAT-004378,catalog-product,Extracted English catalog record — current status and price require verification,catalog_product,24,,Provisional heuristic; recalculate from User Profile and current offer evidence.,Parker Fittings Catalog.pdf,English,225,B-119,Parker Fittings Catalog,SRC-0102,,Parker Hannifin,B-119 Hose Products Division,37,B-119 Hose Products Division,,pg-tools-hose,"['human-consumer', 'human-needs', 'need-tools-repair', 'need-tools-repair-hose-fittings', 'pg-tools-hose', 'pg-tools-hose-page-017', 'item-cat-004378']",
True,Historical catalog; technical reference,2015,Industrial Hose / Fittings / Couplings,pg-tools-hose,Industrial Hose / Fittings / Couplings,,Part Flange Hose I.D. A E F B,English,86,"Parker Fittings Catalog, PDF page 226",72,medium,table_row,need-tools-repair-hose-fittings,need-tools-repair-hose-fittings,80,,Part Flange Hose I.D. A E F B,2015,Parker Hannifin,high,111,need-tools-repair,90,Tools / Hose / Fittings,16,pg-tools-hose-page-021,111,Part Flange Hose I.D. A E F B,item-cat-004379,,"Verify current equivalent, price, availability and specifications before purchase.",CAT-004379,catalog-product,Extracted English catalog record — current status and price require verification,catalog_product,16,,Provisional heuristic; recalculate from User Profile and current offer evidence.,Parker Fittings Catalog.pdf,English,226,111,Parker Fittings Catalog,SRC-0102,,Parker Hannifin,1XN78-20-20 1-1/4 1-1/4 6.75 171 3.02 77 2-1/8 4.36 111,37,Part Flange Hose I.D. A E F B,,pg-tools-hose,"['human-consumer', 'human-needs', 'need-tools-repair', 'need-tools-repair-hose-fittings', 'pg-tools-hose', 'pg-tools-hose-page-021', 'item-cat-004379']",
True,Historical catalog; technical reference,2015,Industrial Hose / Fittings / Couplings,pg-tools-hose,Industrial Hose / Fittings / Couplings,,Part Flange Hose I.D. A E F B,English,82,"Parker Fittings Catalog, PDF page 226",72,medium,table_row,need-tools-repair-hose-fittings,need-tools-repair-hose-fittings,84,,Part Flange Hose I.D. A E F B,2015,Parker Hannifin,high,119,need-tools-repair,90,Tools / Hose / Fittings,16,pg-tools-hose-page-021,119,Part Flange Hose I.D. A E F B,item-cat-004380,,"Verify current equivalent, price, availability and specifications before purchase.",CAT-004380,catalog-product,Extracted English catalog record — current status and price require verification,catalog_product,25,,Provisional heuristic; recalculate from User Profile and current offer evidence.,Parker Fittings Catalog.pdf,English,226,119,Parker Fittings Catalog,SRC-0102,,Parker Hannifin,1XF78-24-24 1-1/2 1-1/2 6.89 175 1.54 39 2-1/2 4.68 119,37,Part Flange Hose I.D. A E F B,,pg-tools-hose,"['human-consumer', 'human-needs', 'need-tools-repair', 'need-tools-repair-hose-fittings', 'pg-tools-hose', 'pg-tools-hose-page-021', 'item-cat-004380']",
True,Historical catalog; technical reference,2015,Industrial Hose / Fittings / Couplings,pg-tools-hose,Industrial Hose / Fittings / Couplings,,Part Flange Hose I.D. A E F B,English,81,"Parker Fittings Catalog, PDF page 226",72,medium,table_row,need-tools-repair-hose-fittings,need-tools-repair-hose-fittings,84,,Part Flange Hose I.D. A E F B,2015,Parker Hannifin,high,1XG78,need-tools-repair,90,Tools / Hose / Fittings,16,pg-tools-hose-page-021,1XG78,Part Flange Hose I.D. A E F B,item-cat-004381,,"Verify current equivalent, price, availability and specifications before purchase.",CAT-004381,catalog-product,Extracted English catalog record — current status and price require verification,catalog_product,21,,Provisional heuristic; recalculate from User Profile and current offer evidence.,Parker Fittings Catalog.pdf,English,226,1XG78,Parker Fittings Catalog,SRC-0102,,Parker Hannifin,B 1XG78,37,Part Flange Hose I.D. A E F B,,pg-tools-hose,"['human-consumer', 'human-needs', 'need-tools-repair', 'need-tools-repair-hose-fittings', 'pg-tools-hose', 'pg-tools-hose-page-021', 'item-cat-004381']",
True,Historical catalog; technical reference,2015,Industrial Hose / Fittings / Couplings,pg-tools-hose,Industrial Hose / Fittings / Couplings,,Part Thread Hose I.D. A E W B,English,79,"Parker Fittings Catalog, PDF page 228",72,medium,table_row,need-tools-repair-hose-fittings,need-tools-repair-hose-fittings,81,,Part Thread Hose I.D. A E W B,2015,Parker Hannifin,high,11C78,need-tools-repair,90,Tools / Hose / Fittings,16,pg-tools-hose-page-022,11C78,Part Thread Hose I.D. A E W B,item-cat-004382,,"Verify current equivalent, price, availability and specifications before purchase.",CAT-004382,catalog-product,Extracted English catalog record — current status and price require verification,catalog_product,18,,Provisional heuristic; recalculate from User Profile and current offer evidence.,Parker Fittings Catalog.pdf,English,228,11C78,Parker Fittings Catalog,SRC-0102,,Parker Hannifin,D 11C78,37,Part Thread Hose I.D. A E W B,,pg-tools-hose,"['human-consumer', 'human-needs', 'need-tools-repair', 'need-tools-repair-hose-fittings', 'pg-tools-hose', 'pg-tools-hose-page-022', 'item-cat-004382']",
True,Historical catalog; technical reference,2015,Industrial Hose / Fittings / Couplings,pg-tools-hose,Industrial Hose / Fittings / Couplings,,Hose Products Division,English,82,"Parker Fittings Catalog, PDF page 229",72,medium,table_row,need-tools-repair-hose-fittings,need-tools-repair-hose-fittings,81,,B-123 Hose Products Division,2015,Parker Hannifin,high,B-123,need-tools-repair,90,Tools / Hose / Fittings,16,pg-tools-hose-page-017,B-123,B-123 Hose Products Division,item-cat-004383,,"Verify current equivalent, price, availability and specifications before purchase.",CAT-004383,catalog-product,Extracted English catalog record — current status and price require verification,catalog_product,25,,Provisional heuristic; recalculate from User Profile and current offer evidence.,Parker Fittings Catalog.pdf,English,229,B-123,Parker Fittings Catalog,SRC-0102,,Parker Hannifin,B-123 Hose Products Division,37,B-123 Hose Products Division,,pg-tools-hose,"['human-consumer', 'human-needs', 'need-tools-repair', 'need-tools-repair-hose-fittings', 'pg-tools-hose', 'pg-tools-hose-page-017', 'item-cat-004383']",
True,Historical catalog; technical reference,2015,Industrial Hose / Fittings / Couplings,pg-tools-hose,Industrial Hose / Fittings / Couplings,,101S6 B-124 106S6 B-124 14AS6 B-124,English,81,"Parker Fittings Catalog, PDF page 229",72,medium,table_row,need-tools-repair-hose-fittings,need-tools-repair-hose-fittings,88,,101S6 B-124 106S6 B-124 14AS6 B-124,2015,Parker Hannifin,high,B-124,need-tools-repair,90,Tools / Hose / Fittings,16,pg-tools-hose-page-013,B-124,101S6 B-124 106S6 B-124 14AS6 B-124,item-cat-004384,,"Verify current equivalent, price, availability and specifications before purchase.",CAT-004384,catalog-product,Extracted English catalog record — current status and price require verification,catalog_product,20,,Provisional heuristic; recalculate from User Profile and current offer evidence.,Parker Fittings Catalog.pdf,English,229,B-124,Parker Fittings Catalog,SRC-0102,,Parker Hannifin,101S6 B-124 106S6 B-124 14AS6 B-124,37,101S6 B-124 106S6 B-124 14AS6 B-124,,pg-tools-hose,"['human-consumer', 'human-needs', 'need-tools-repair', 'need-tools-repair-hose-fittings', 'pg-tools-hose', 'pg-tools-hose-page-013', 'item-cat-004384']",
True,Historical catalog; technical reference,2015,Industrial Hose / Fittings / Couplings,pg-tools-hose,Industrial Hose / Fittings / Couplings,,14FS6 B-124 14NS6 B-124 16AS6 B-125 16FS6 B-125 16NS6 B-125,English,83,"Parker Fittings Catalog, PDF page 229",72,medium,table_row,need-tools-repair-hose-fittings,need-tools-repair-hose-fittings,87,,14FS6 B-124 14NS6 B-124 16AS6 B-125 16FS6 B-125 16NS6 B-125,2015,Parker Hannifin,high,B-125,need-tools-repair,90,Tools / Hose / Fittings,16,pg-tools-hose-page-014,B-125,14FS6 B-124 14NS6 B-124 16AS6 B-125 16FS6 B-125 16NS6 B-125,item-cat-004385,,"Verify current equivalent, price, availability and specifications before purchase.",CAT-004385,catalog-product,Extracted English catalog record — current status and price require verification,catalog_product,25,,Provisional heuristic; recalculate from User Profile and current offer evidence.,Parker Fittings Catalog.pdf,English,229,B-125,Parker Fittings Catalog,SRC-0102,,Parker Hannifin,14FS6 B-124 14NS6 B-124 16AS6 B-125 16FS6 B-125 16NS6 B-125,37,14FS6 B-124 14NS6 B-124 16AS6 B-125 16FS6 B-125 16NS6 B-125,,pg-tools-hose,"['human-consumer', 'human-needs', 'need-tools-repair', 'need-tools-repair-hose-fittings', 'pg-tools-hose', 'pg-tools-hose-page-014', 'item-cat-004385']",
True,Historical catalog; technical reference,2015,Industrial Hose / Fittings / Couplings,pg-tools-hose,Industrial Hose / Fittings / Couplings,,Part Flange Hose I.D.,English,82,"Parker Fittings Catalog, PDF page 230",72,medium,table_row,need-tools-repair-hose-fittings,need-tools-repair-hose-fittings,87,,Part Flange Hose I.D.,2015,Parker Hannifin,high,14NS6,need-tools-repair,90,Tools / Hose / Fittings,16,pg-tools-hose-page-021,14NS6,Part Flange Hose I.D.,item-cat-004386,,"Verify current equivalent, price, availability and specifications before purchase.",CAT-004386,catalog-product,Extracted English catalog record — current status and price require verification,catalog_product,16,,Provisional heuristic; recalculate from User Profile and current offer evidence.,Parker Fittings Catalog.pdf,English,230,14NS6,Parker Fittings Catalog,SRC-0102,,Parker Hannifin,E 14NS6,37,Part Flange Hose I.D.,,pg-tools-hose,"['human-consumer', 'human-needs', 'need-tools-repair', 'need-tools-repair-hose-fittings', 'pg-tools-hose', 'pg-tools-hose-page-021', 'item-cat-004386']",
True,Historical catalog; technical reference,2015,Industrial Hose / Fittings / Couplings,pg-tools-hose,Industrial Hose / Fittings / Couplings,,Hose Products Division,English,83,"Parker Fittings Catalog, PDF page 232",72,medium,table_row,need-tools-repair-hose-fittings,need-tools-repair-hose-fittings,80,,B-126 Hose Products Division,2015,Parker Hannifin,high,B-126,need-tools-repair,90,Tools / Hose / Fittings,16,pg-tools-hose-page-017,B-126,B-126 Hose Products Division,item-cat-004387,,"Verify current equivalent, price, availability and specifications before purchase.",CAT-004387,catalog-product,Extracted English catalog record — current status and price require verification,catalog_product,24,,Provisional heuristic; recalculate from User Profile and current offer evidence.,Parker Fittings Catalog.pdf,English,232,B-126,Parker Fittings Catalog,SRC-0102,,Parker Hannifin,B-126 Hose Products Division,37,B-126 Hose Products Division,,pg-tools-hose,"['human-consumer', 'human-needs', 'need-tools-repair', 'need-tools-repair-hose-fittings', 'pg-tools-hose', 'pg-tools-hose-page-017', 'item-cat-004387']",
True,Historical catalog; technical reference,2015,Industrial Hose / Fittings / Couplings,pg-tools-hose,Industrial Hose / Fittings / Couplings,,Hose Products Division,English,78,"Parker Fittings Catalog, PDF page 233",72,medium,table_row,need-tools-repair-hose-fittings,need-tools-repair-hose-fittings,87,,B-127 Hose Products Division,2015,Parker Hannifin,high,B-127,need-tools-repair,90,Tools / Hose / Fittings,16,pg-tools-hose-page-017,B-127,B-127 Hose Products Division,item-cat-004388,,"Verify current equivalent, price, availability and specifications before purchase.",CAT-004388,catalog-product,Extracted English catalog record — current status and price require verification,catalog_product,15,,Provisional heuristic; recalculate from User Profile and current offer evidence.,Parker Fittings Catalog.pdf,English,233,B-127,Parker Fittings Catalog,SRC-0102,,Parker Hannifin,B-127 Hose Products Division,37,B-127 Hose Products Division,,pg-tools-hose,"['human-consumer', 'human-needs', 'need-tools-repair', 'need-tools-repair-hose-fittings', 'pg-tools-hose', 'pg-tools-hose-page-017', 'item-cat-004388']",
True,Historical catalog; technical reference,2015,Industrial Hose / Fittings / Couplings,pg-tools-hose,Industrial Hose / Fittings / Couplings,,16A79 B-128 16F79 B-128 16G79 B-128 16N79 B-129,English,84,"Parker Fittings Catalog, PDF page 233",72,medium,table_row,need-tools-repair-hose-fittings,need-tools-repair-hose-fittings,86,,16A79 B-128 16F79 B-128 16G79 B-128 16N79 B-129,2015,Parker Hannifin,high,B-129,need-tools-repair,90,Tools / Hose / Fittings,16,pg-tools-hose-page-014,B-129,16A79 B-128 16F79 B-128 16G79 B-128 16N79 B-129,item-cat-004389,,"Verify current equivalent, price, availability and specifications before purchase.",CAT-004389,catalog-product,Extracted English catalog record — current status and price require verification,catalog_product,18,,Provisional heuristic; recalculate from User Profile and current offer evidence.,Parker Fittings Catalog.pdf,English,233,B-129,Parker Fittings Catalog,SRC-0102,,Parker Hannifin,16A79 B-128 16F79 B-128 16G79 B-128 16N79 B-129,37,16A79 B-128 16F79 B-128 16G79 B-128 16N79 B-129,,pg-tools-hose,"['human-consumer', 'human-needs', 'need-tools-repair', 'need-tools-repair-hose-fittings', 'pg-tools-hose', 'pg-tools-hose-page-014', 'item-cat-004389']",
True,Historical catalog; technical reference,2015,Industrial Hose / Fittings / Couplings,pg-tools-hose,Industrial Hose / Fittings / Couplings,,1JS79 B-129 1J779 B-129 1J979 B-130 1XA79 B-130 1XF79 B-130,English,78,"Parker Fittings Catalog, PDF page 233",72,medium,table_row,need-tools-repair-hose-fittings,need-tools-repair-hose-fittings,81,,1JS79 B-129 1J779 B-129 1J979 B-130 1XA79 B-130 1XF79 B-130,2015,Parker Hannifin,high,B-130,need-tools-repair,90,Tools / Hose / Fittings,16,pg-tools-hose-page-014,B-130,1JS79 B-129 1J779 B-129 1J979 B-130 1XA79 B-130 1XF79 B-130,item-cat-004390,,"Verify current equivalent, price, availability and specifications before purchase.",CAT-004390,catalog-product,Extracted English catalog record — current status and price require verification,catalog_product,16,,Provisional heuristic; recalculate from User Profile and current offer evidence.,Parker Fittings Catalog.pdf,English,233,B-130,Parker Fittings Catalog,SRC-0102,,Parker Hannifin,1JS79 B-129 1J779 B-129 1J979 B-130 1XA79 B-130 1XF79 B-130,37,1JS79 B-129 1J779 B-129 1J979 B-130 1XA79 B-130 1XF79 B-130,,pg-tools-hose,"['human-consumer', 'human-needs', 'need-tools-repair', 'need-tools-repair-hose-fittings', 'pg-tools-hose', 'pg-tools-hose-page-014', 'item-cat-004390']",
True,Historical catalog; technical reference,2015,Industrial Hose / Fittings / Couplings,pg-tools-hose,Industrial Hose / Fittings / Couplings,,Part Flange Hose I.D. A E F B,English,82,"Parker Fittings Catalog, PDF page 234",72,medium,table_row,need-tools-repair-hose-fittings,need-tools-repair-hose-fittings,85,,Part Flange Hose I.D. A E F B,2015,Parker Hannifin,high,104,need-tools-repair,90,Tools / Hose / Fittings,16,pg-tools-hose-page-021,104,Part Flange Hose I.D. A E F B,item-cat-004391,,"Verify current equivalent, price, availability and specifications before purchase.",CAT-004391,catalog-product,Extracted English catalog record — current status and price require verification,catalog_product,21,,Provisional heuristic; recalculate from User Profile and current offer evidence.,Parker Fittings Catalog.pdf,English,234,104,Parker Fittings Catalog,SRC-0102,,Parker Hannifin,16F79-20-20 1-1/4 1-1/4 6.77 1/2 1.50 38 2-1/8 4.09 104,37,Part Flange Hose I.D. A E F B,,pg-tools-hose,"['human-consumer', 'human-needs', 'need-tools-repair', 'need-tools-repair-hose-fittings', 'pg-tools-hose', 'pg-tools-hose-page-021', 'item-cat-004391']",
True,Historical catalog; technical reference,2015,Industrial Hose / Fittings / Couplings,pg-tools-hose,Industrial Hose / Fittings / Couplings,,Hose Products Division,English,86,"Parker Fittings Catalog, PDF page 234",72,medium,table_row,need-tools-repair-hose-fittings,need-tools-repair-hose-fittings,86,,B-128 Hose Products Division,2015,Parker Hannifin,high,B-128,need-tools-repair,90,Tools / Hose / Fittings,16,pg-tools-hose-page-017,B-128,B-128 Hose Products Division,item-cat-004392,,"Verify current equivalent, price, availability and specifications before purchase.",CAT-004392,catalog-product,Extracted English catalog record — current status and price require verification,catalog_product,17,,Provisional heuristic; recalculate from User Profile and current offer evidence.,Parker Fittings Catalog.pdf,English,234,B-128,Parker Fittings Catalog,SRC-0102,,Parker Hannifin,B-128 Hose Products Division,37,B-128 Hose Products Division,,pg-tools-hose,"['human-consumer', 'human-needs', 'need-tools-repair', 'need-tools-repair-hose-fittings', 'pg-tools-hose', 'pg-tools-hose-page-017', 'item-cat-004392']",
True,Historical catalog; technical reference,2015,Industrial Hose / Fittings / Couplings,pg-tools-hose,Industrial Hose / Fittings / Couplings,,Part Flange Hose I.D. A E F B,English,86,"Parker Fittings Catalog, PDF page 235",72,medium,table_row,need-tools-repair-hose-fittings,need-tools-repair-hose-fittings,79,,Part Flange Hose I.D. A E F B,2015,Parker Hannifin,high,113,need-tools-repair,90,Tools / Hose / Fittings,16,pg-tools-hose-page-021,113,Part Flange Hose I.D. A E F B,item-cat-004393,,"Verify current equivalent, price, availability and specifications before purchase.",CAT-004393,catalog-product,Extracted English catalog record — current status and price require verification,catalog_product,15,,Provisional heuristic; recalculate from User Profile and current offer evidence.,Parker Fittings Catalog.pdf,English,235,113,Parker Fittings Catalog,SRC-0102,,Parker Hannifin,16N79-24-24 1-1/2 1-1/2 7.50 190 4.09 104 2-1/2 4.46 113,37,Part Flange Hose I.D. A E F B,,pg-tools-hose,"['human-consumer', 'human-needs', 'need-tools-repair', 'need-tools-repair-hose-fittings', 'pg-tools-hose', 'pg-tools-hose-page-021', 'item-cat-004393']",
True,Historical catalog; technical reference,2015,Industrial Hose / Fittings / Couplings,pg-tools-hose,Industrial Hose / Fittings / Couplings,,Caterpillar® Flange Head - 45 ̊ Elbow,English,80,"Parker Fittings Catalog, PDF page 236",72,medium,table_row,need-tools-repair-hose-fittings,need-tools-repair-hose-fittings,80,,Caterpillar® Flange Head - 45 ̊ Elbow,2015,Parker Hannifin,high,103,need-tools-repair,90,Tools / Hose / Fittings,16,pg-tools-hose-page-019,103,Caterpillar® Flange Head - 45 ̊ Elbow,item-cat-004394,,"Verify current equivalent, price, availability and specifications before purchase.",CAT-004394,catalog-product,Extracted English catalog record — current status and price require verification,catalog_product,20,,Provisional heuristic; recalculate from User Profile and current offer evidence.,Parker Fittings Catalog.pdf,English,236,103,Parker Fittings Catalog,SRC-0102,,Parker Hannifin,1XF79-20-20 1-1/4 1-1/4 6.72 171 1.44 37 2-1/8 4.04 103,37,Caterpillar® Flange Head - 45 ̊ Elbow,,pg-tools-hose,"['human-consumer', 'human-needs', 'need-tools-repair', 'need-tools-repair-hose-fittings', 'pg-tools-hose', 'pg-tools-hose-page-019', 'item-cat-004394']",
True,Historical catalog; technical reference,2015,Industrial Hose / Fittings / Couplings,pg-tools-hose,Industrial Hose / Fittings / Couplings,,Hose Products Division,English,78,"Parker Fittings Catalog, PDF page 237",72,medium,table_row,need-tools-repair-hose-fittings,need-tools-repair-hose-fittings,84,,B-131 Hose Products Division,2015,Parker Hannifin,high,B-131,need-tools-repair,90,Tools / Hose / Fittings,16,pg-tools-hose-page-017,B-131,B-131 Hose Products Division,item-cat-004395,,"Verify current equivalent, price, availability and specifications before purchase.",CAT-004395,catalog-product,Extracted English catalog record — current status and price require verification,catalog_product,21,,Provisional heuristic; recalculate from User Profile and current offer evidence.,Parker Fittings Catalog.pdf,English,237,B-131,Parker Fittings Catalog,SRC-0102,,Parker Hannifin,B-131 Hose Products Division,37,B-131 Hose Products Division,,pg-tools-hose,"['human-consumer', 'human-needs', 'need-tools-repair', 'need-tools-repair-hose-fittings', 'pg-tools-hose', 'pg-tools-hose-page-017', 'item-cat-004395']",
True,Historical catalog; technical reference,2015,Industrial Hose / Fittings / Couplings,pg-tools-hose,Industrial Hose / Fittings / Couplings,,B-145 1GUHY,English,84,"Parker Fittings Catalog, PDF page 238",72,medium,table_row,need-tools-repair-hose-fittings,need-tools-repair-hose-fittings,84,,13DHY B-145 1D9HY B-145 1GUHY B-146 1UTHY B-146 1XUHY B-146,2015,Parker Hannifin,high,1D9HY,need-tools-repair,90,Tools / Hose / Fittings,16,pg-tools-hose-page-014,1D9HY,13DHY B-145 1D9HY B-145 1GUHY B-146 1UTHY B-146 1XUHY B-146,item-cat-004396,,"Verify current equivalent, price, availability and specifications before purchase.",CAT-004396,catalog-product,Extracted English catalog record — current status and price require verification,catalog_product,16,,Provisional heuristic; recalculate from User Profile and current offer evidence.,Parker Fittings Catalog.pdf,English,238,1D9HY,Parker Fittings Catalog,SRC-0102,,Parker Hannifin,13DHY B-145 1D9HY B-145 1GUHY B-146 1UTHY B-146 1XUHY B-146,37,13DHY B-145 1D9HY B-145 1GUHY B-146 1UTHY B-146 1XUHY B-146,,pg-tools-hose,"['human-consumer', 'human-needs', 'need-tools-repair', 'need-tools-repair-hose-fittings', 'pg-tools-hose', 'pg-tools-hose-page-014', 'item-cat-004396']",
True,Historical catalog; technical reference,2015,Industrial Hose / Fittings / Couplings,pg-tools-hose,Industrial Hose / Fittings / Couplings,,B-142 1JCHY,English,86,"Parker Fittings Catalog, PDF page 238",72,medium,table_row,need-tools-repair-hose-fittings,need-tools-repair-hose-fittings,85,,D 167HY B-141 169HY B-142 129HY B-142 1J0HY B-142 1JCHY B-142,2015,Parker Hannifin,high,1J0HY,need-tools-repair,90,Tools / Hose / Fittings,16,pg-tools-hose-page-019,1J0HY,D 167HY B-141 169HY B-142 129HY B-142 1J0HY B-142 1JCHY B-142,item-cat-004397,,"Verify current equivalent, price, availability and specifications before purchase.",CAT-004397,catalog-product,Extracted English catalog record — current status and price require verification,catalog_product,19,,Provisional heuristic; recalculate from User Profile and current offer evidence.,Parker Fittings Catalog.pdf,English,238,1J0HY,Parker Fittings Catalog,SRC-0102,,Parker Hannifin,D 167HY B-141 169HY B-142 129HY B-142 1J0HY B-142 1JCHY B-142,37,D 167HY B-141 169HY B-142 129HY B-142 1J0HY B-142 1JCHY B-142,,pg-tools-hose,"['human-consumer', 'human-needs', 'need-tools-repair', 'need-tools-repair-hose-fittings', 'pg-tools-hose', 'pg-tools-hose-page-019', 'item-cat-004397']",
True,Historical catalog; technical reference,2015,Industrial Hose / Fittings / Couplings,pg-tools-hose,Industrial Hose / Fittings / Couplings,,Hose Products Division,English,82,"Parker Fittings Catalog, PDF page 238",72,medium,table_row,need-tools-repair-hose-fittings,need-tools-repair-hose-fittings,89,,B-132 Hose Products Division,2015,Parker Hannifin,high,B-132,need-tools-repair,90,Tools / Hose / Fittings,16,pg-tools-hose-page-017,B-132,B-132 Hose Products Division,item-cat-004398,,"Verify current equivalent, price, availability and specifications before purchase.",CAT-004398,catalog-product,Extracted English catalog record — current status and price require verification,catalog_product,19,,Provisional heuristic; recalculate from User Profile and current offer evidence.,Parker Fittings Catalog.pdf,English,238,B-132,Parker Fittings Catalog,SRC-0102,,Parker Hannifin,B-132 Hose Products Division,37,B-132 Hose Products Division,,pg-tools-hose,"['human-consumer', 'human-needs', 'need-tools-repair', 'need-tools-repair-hose-fittings', 'pg-tools-hose', 'pg-tools-hose-page-017', 'item-cat-004398']",
True,Historical catalog; technical reference,2015,Industrial Hose / Fittings / Couplings,pg-tools-hose,Industrial Hose / Fittings / Couplings,,101HY B-133 113HY B-133 11LHY B-134 102HY B-134,English,84,"Parker Fittings Catalog, PDF page 238",72,medium,table_row,need-tools-repair-hose-fittings,need-tools-repair-hose-fittings,81,,101HY B-133 113HY B-133 11LHY B-134 102HY B-134,2015,Parker Hannifin,high,B-134,need-tools-repair,90,Tools / Hose / Fittings,16,pg-tools-hose-page-013,B-134,101HY B-133 113HY B-133 11LHY B-134 102HY B-134,item-cat-004399,,"Verify current equivalent, price, availability and specifications before purchase.",CAT-004399,catalog-product,Extracted English catalog record — current status and price require verification,catalog_product,16,,Provisional heuristic; recalculate from User Profile and current offer evidence.,Parker Fittings Catalog.pdf,English,238,B-134,Parker Fittings Catalog,SRC-0102,,Parker Hannifin,101HY B-133 113HY B-133 11LHY B-134 102HY B-134,37,101HY B-133 113HY B-133 11LHY B-134 102HY B-134,,pg-tools-hose,"['human-consumer', 'human-needs', 'need-tools-repair', 'need-tools-repair-hose-fittings', 'pg-tools-hose', 'pg-tools-hose-page-013', 'item-cat-004399']",
True,Historical catalog; technical reference,2015,Industrial Hose / Fittings / Couplings,pg-tools-hose,Industrial Hose / Fittings / Couplings,,107HY B-134 105HY B-135 10GHY B-135 10LHY B-136,English,79,"Parker Fittings Catalog, PDF page 238",72,medium,table_row,need-tools-repair-hose-fittings,need-tools-repair-hose-fittings,80,,107HY B-134 105HY B-135 10GHY B-135 10LHY B-136,2015,Parker Hannifin,high,B-136,need-tools-repair,90,Tools / Hose / Fittings,16,pg-tools-hose-page-013,B-136,107HY B-134 105HY B-135 10GHY B-135 10LHY B-136,item-cat-004400,,"Verify current equivalent, price, availability and specifications before purchase.",CAT-004400,catalog-product,Extracted English catalog record — current status and price require verification,catalog_product,16,,Provisional heuristic; recalculate from User Profile and current offer evidence.,Parker Fittings Catalog.pdf,English,238,B-136,Parker Fittings Catalog,SRC-0102,,Parker Hannifin,107HY B-134 105HY B-135 10GHY B-135 10LHY B-136,37,107HY B-134 105HY B-135 10GHY B-135 10LHY B-136,,pg-tools-hose,"['human-consumer', 'human-needs', 'need-tools-repair', 'need-tools-repair-hose-fittings', 'pg-tools-hose', 'pg-tools-hose-page-013', 'item-cat-004400']",
True,Historical catalog; technical reference,2015,Industrial Hose / Fittings / Couplings,pg-tools-hose,Industrial Hose / Fittings / Couplings,,103HY B-136 106HY B-137 137HY B-138 139HY B-138 141HY B-139 193HY B-139,English,84,"Parker Fittings Catalog, PDF page 238",72,medium,table_row,need-tools-repair-hose-fittings,need-tools-repair-hose-fittings,89,,103HY B-136 106HY B-137 137HY B-138 139HY B-138 141HY B-139 193HY B-139,2015,Parker Hannifin,high,B-139,need-tools-repair,90,Tools / Hose / Fittings,16,pg-tools-hose-page-013,B-139,103HY B-136 106HY B-137 137HY B-138 139HY B-138 141HY B-139 193HY B-139,item-cat-004401,,"Verify current equivalent, price, availability and specifications before purchase.",CAT-004401,catalog-product,Extracted English catalog record — current status and price require verification,catalog_product,14,,Provisional heuristic; recalculate from User Profile and current offer evidence.,Parker Fittings Catalog.pdf,English,238,B-139,Parker Fittings Catalog,SRC-0102,,Parker Hannifin,103HY B-136 106HY B-137 137HY B-138 139HY B-138 141HY B-139 193HY B-139,37,103HY B-136 106HY B-137 137HY B-138 139HY B-138 141HY B-139 193HY B-139,,pg-tools-hose,"['human-consumer', 'human-needs', 'need-tools-repair', 'need-tools-repair-hose-fittings', 'pg-tools-hose', 'pg-tools-hose-page-013', 'item-cat-004401']",
True,Historical catalog; technical reference,2015,Industrial Hose / Fittings / Couplings,pg-tools-hose,Industrial Hose / Fittings / Couplings,,B 108HY B-139 177HY B-140 179HY B-140 111HY B-140,English,83,"Parker Fittings Catalog, PDF page 238",72,medium,table_row,need-tools-repair-hose-fittings,need-tools-repair-hose-fittings,89,,B 108HY B-139 177HY B-140 179HY B-140 111HY B-140,2015,Parker Hannifin,high,B-140,need-tools-repair,90,Tools / Hose / Fittings,16,pg-tools-hose-page-016,B-140,B 108HY B-139 177HY B-140 179HY B-140 111HY B-140,item-cat-004402,,"Verify current equivalent, price, availability and specifications before purchase.",CAT-004402,catalog-product,Extracted English catalog record — current status and price require verification,catalog_product,24,,Provisional heuristic; recalculate from User Profile and current offer evidence.,Parker Fittings Catalog.pdf,English,238,B-140,Parker Fittings Catalog,SRC-0102,,Parker Hannifin,B 108HY B-139 177HY B-140 179HY B-140 111HY B-140,37,B 108HY B-139 177HY B-140 179HY B-140 111HY B-140,,pg-tools-hose,"['human-consumer', 'human-needs', 'need-tools-repair', 'need-tools-repair-hose-fittings', 'pg-tools-hose', 'pg-tools-hose-page-016', 'item-cat-004402']",
True,Historical catalog; technical reference,2015,Industrial Hose / Fittings / Couplings,pg-tools-hose,Industrial Hose / Fittings / Couplings,,1GJHY B-140 134HY B-141 128HY B-141,English,81,"Parker Fittings Catalog, PDF page 238",72,medium,table_row,need-tools-repair-hose-fittings,need-tools-repair-hose-fittings,83,,1GJHY B-140 134HY B-141 128HY B-141,2015,Parker Hannifin,high,B-141,need-tools-repair,90,Tools / Hose / Fittings,16,pg-tools-hose-page-014,B-141,1GJHY B-140 134HY B-141 128HY B-141,item-cat-004403,,"Verify current equivalent, price, availability and specifications before purchase.",CAT-004403,catalog-product,Extracted English catalog record — current status and price require verification,catalog_product,24,,Provisional heuristic; recalculate from User Profile and current offer evidence.,Parker Fittings Catalog.pdf,English,238,B-141,Parker Fittings Catalog,SRC-0102,,Parker Hannifin,1GJHY B-140 134HY B-141 128HY B-141,37,1GJHY B-140 134HY B-141 128HY B-141,,pg-tools-hose,"['human-consumer', 'human-needs', 'need-tools-repair', 'need-tools-repair-hose-fittings', 'pg-tools-hose', 'pg-tools-hose-page-014', 'item-cat-004403']",
True,Historical catalog; technical reference,2015,Industrial Hose / Fittings / Couplings,pg-tools-hose,Industrial Hose / Fittings / Couplings,,D 167HY B-141 169HY B-142 129HY B-142 1J0HY B-142 1JCHY B-142,English,85,"Parker Fittings Catalog, PDF page 238",72,medium,table_row,need-tools-repair-hose-fittings,need-tools-repair-hose-fittings,84,,D 167HY B-141 169HY B-142 129HY B-142 1J0HY B-142 1JCHY B-142,2015,Parker Hannifin,high,B-142,need-tools-repair,90,Tools / Hose / Fittings,16,pg-tools-hose-page-019,B-142,D 167HY B-141 169HY B-142 129HY B-142 1J0HY B-142 1JCHY B-142,item-cat-004404,,"Verify current equivalent, price, availability and specifications before purchase.",CAT-004404,catalog-product,Extracted English catalog record — current status and price require verification,catalog_product,26,,Provisional heuristic; recalculate from User Profile and current offer evidence.,Parker Fittings Catalog.pdf,English,238,B-142,Parker Fittings Catalog,SRC-0102,,Parker Hannifin,D 167HY B-141 169HY B-142 129HY B-142 1J0HY B-142 1JCHY B-142,37,D 167HY B-141 169HY B-142 129HY B-142 1J0HY B-142 1JCHY B-142,,pg-tools-hose,"['human-consumer', 'human-needs', 'need-tools-repair', 'need-tools-repair-hose-fittings', 'pg-tools-hose', 'pg-tools-hose-page-019', 'item-cat-004404']",
True,Historical catalog; technical reference,2015,Industrial Hose / Fittings / Couplings,pg-tools-hose,Industrial Hose / Fittings / Couplings,,1JSHY B-143 1J7HY B-143 1J9HY B-144 1J1HY B-144 1D0HY B-145,English,83,"Parker Fittings Catalog, PDF page 238",72,medium,table_row,need-tools-repair-hose-fittings,need-tools-repair-hose-fittings,87,,1JSHY B-143 1J7HY B-143 1J9HY B-144 1J1HY B-144 1D0HY B-145,2015,Parker Hannifin,high,B-145,need-tools-repair,90,Tools / Hose / Fittings,16,pg-tools-hose-page-014,B-145,1JSHY B-143 1J7HY B-143 1J9HY B-144 1J1HY B-144 1D0HY B-145,item-cat-004405,,"Verify current equivalent, price, availability and specifications before purchase.",CAT-004405,catalog-product,Extracted English catalog record — current status and price require verification,catalog_product,15,,Provisional heuristic; recalculate from User Profile and current offer evidence.,Parker Fittings Catalog.pdf,English,238,B-145,Parker Fittings Catalog,SRC-0102,,Parker Hannifin,1JSHY B-143 1J7HY B-143 1J9HY B-144 1J1HY B-144 1D0HY B-145,37,1JSHY B-143 1J7HY B-143 1J9HY B-144 1J1HY B-144 1D0HY B-145,,pg-tools-hose,"['human-consumer', 'human-needs', 'need-tools-repair', 'need-tools-repair-hose-fittings', 'pg-tools-hose', 'pg-tools-hose-page-014', 'item-cat-004405']",
True,Historical catalog; technical reference,2015,Industrial Hose / Fittings / Couplings,pg-tools-hose,Industrial Hose / Fittings / Couplings,,13DHY B-145 1D9HY B-145 1GUHY B-146 1UTHY B-146 1XUHY B-146,English,78,"Parker Fittings Catalog, PDF page 238",72,medium,table_row,need-tools-repair-hose-fittings,need-tools-repair-hose-fittings,80,,13DHY B-145 1D9HY B-145 1GUHY B-146 1UTHY B-146 1XUHY B-146,2015,Parker Hannifin,high,B-146,need-tools-repair,90,Tools / Hose / Fittings,16,pg-tools-hose-page-014,B-146,13DHY B-145 1D9HY B-145 1GUHY B-146 1UTHY B-146 1XUHY B-146,item-cat-004406,,"Verify current equivalent, price, availability and specifications before purchase.",CAT-004406,catalog-product,Extracted English catalog record — current status and price require verification,catalog_product,18,,Provisional heuristic; recalculate from User Profile and current offer evidence.,Parker Fittings Catalog.pdf,English,238,B-146,Parker Fittings Catalog,SRC-0102,,Parker Hannifin,13DHY B-145 1D9HY B-145 1GUHY B-146 1UTHY B-146 1XUHY B-146,37,13DHY B-145 1D9HY B-145 1GUHY B-146 1UTHY B-146 1XUHY B-146,,pg-tools-hose,"['human-consumer', 'human-needs', 'need-tools-repair', 'need-tools-repair-hose-fittings', 'pg-tools-hose', 'pg-tools-hose-page-014', 'item-cat-004406']",
True,Historical catalog; technical reference,2015,Industrial Hose / Fittings / Couplings,pg-tools-hose,Industrial Hose / Fittings / Couplings,,Hose Products Division,English,84,"Parker Fittings Catalog, PDF page 249",72,medium,table_row,need-tools-repair-hose-fittings,need-tools-repair-hose-fittings,80,,B-143 Hose Products Division,2015,Parker Hannifin,high,B-143,need-tools-repair,90,Tools / Hose / Fittings,16,pg-tools-hose-page-017,B-143,B-143 Hose Products Division,item-cat-004407,,"Verify current equivalent, price, availability and specifications before purchase.",CAT-004407,catalog-product,Extracted English catalog record — current status and price require verification,catalog_product,16,,Provisional heuristic; recalculate from User Profile and current offer evidence.,Parker Fittings Catalog.pdf,English,249,B-143,Parker Fittings Catalog,SRC-0102,,Parker Hannifin,B-143 Hose Products Division,37,B-143 Hose Products Division,,pg-tools-hose,"['human-consumer', 'human-needs', 'need-tools-repair', 'need-tools-repair-hose-fittings', 'pg-tools-hose', 'pg-tools-hose-page-017', 'item-cat-004407']",
True,Historical catalog; technical reference,2015,Industrial Hose / Fittings / Couplings,pg-tools-hose,Industrial Hose / Fittings / Couplings,,Hose Products Division,English,85,"Parker Fittings Catalog, PDF page 250",72,medium,table_row,need-tools-repair-hose-fittings,need-tools-repair-hose-fittings,83,,B-144 Hose Products Division,2015,Parker Hannifin,high,B-144,need-tools-repair,90,Tools / Hose / Fittings,16,pg-tools-hose-page-017,B-144,B-144 Hose Products Division,item-cat-004408,,"Verify current equivalent, price, availability and specifications before purchase.",CAT-004408,catalog-product,Extracted English catalog record — current status and price require verification,catalog_product,16,,Provisional heuristic; recalculate from User Profile and current offer evidence.,Parker Fittings Catalog.pdf,English,250,B-144,Parker Fittings Catalog,SRC-0102,,Parker Hannifin,B-144 Hose Products Division,37,B-144 Hose Products Division,,pg-tools-hose,"['human-consumer', 'human-needs', 'need-tools-repair', 'need-tools-repair-hose-fittings', 'pg-tools-hose', 'pg-tools-hose-page-017', 'item-cat-004408']",
True,Historical catalog; technical reference,2015,Industrial Hose / Fittings / Couplings,pg-tools-hose,Industrial Hose / Fittings / Couplings,,Hose Products Division,English,79,"Parker Fittings Catalog, PDF page 253",72,medium,table_row,need-tools-repair-hose-fittings,need-tools-repair-hose-fittings,89,,B-147 Hose Products Division,2015,Parker Hannifin,high,B-147,need-tools-repair,90,Tools / Hose / Fittings,16,pg-tools-hose-page-017,B-147,B-147 Hose Products Division,item-cat-004409,,"Verify current equivalent, price, availability and specifications before purchase.",CAT-004409,catalog-product,Extracted English catalog record — current status and price require verification,catalog_product,15,,Provisional heuristic; recalculate from User Profile and current offer evidence.,Parker Fittings Catalog.pdf,English,253,B-147,Parker Fittings Catalog,SRC-0102,,Parker Hannifin,B-147 Hose Products Division,37,B-147 Hose Products Division,,pg-tools-hose,"['human-consumer', 'human-needs', 'need-tools-repair', 'need-tools-repair-hose-fittings', 'pg-tools-hose', 'pg-tools-hose-page-017', 'item-cat-004409']",
True,Historical catalog; technical reference,2015,Industrial Hose / Fittings / Couplings,pg-tools-hose,Industrial Hose / Fittings / Couplings,,23920 B-150 24120 B-150 20420 B-150 20820 B-151 27720 B-151,English,84,"Parker Fittings Catalog, PDF page 253",72,medium,table_row,need-tools-repair-hose-fittings,need-tools-repair-hose-fittings,86,,23920 B-150 24120 B-150 20420 B-150 20820 B-151 27720 B-151,2015,Parker Hannifin,high,B-151,need-tools-repair,90,Tools / Hose / Fittings,16,pg-tools-hose-page-015,B-151,23920 B-150 24120 B-150 20420 B-150 20820 B-151 27720 B-151,item-cat-004410,,"Verify current equivalent, price, availability and specifications before purchase.",CAT-004410,catalog-product,Extracted English catalog record — current status and price require verification,catalog_product,16,,Provisional heuristic; recalculate from User Profile and current offer evidence.,Parker Fittings Catalog.pdf,English,253,B-151,Parker Fittings Catalog,SRC-0102,,Parker Hannifin,23920 B-150 24120 B-150 20420 B-150 20820 B-151 27720 B-151,37,23920 B-150 24120 B-150 20420 B-150 20820 B-151 27720 B-151,,pg-tools-hose,"['human-consumer', 'human-needs', 'need-tools-repair', 'need-tools-repair-hose-fittings', 'pg-tools-hose', 'pg-tools-hose-page-015', 'item-cat-004410']",
True,Historical catalog; technical reference,2015,Industrial Hose / Fittings / Couplings,pg-tools-hose,Industrial Hose / Fittings / Couplings,,21520 B-153 21720 B-154 21920 B-154 2JS20 B-154,English,78,"Parker Fittings Catalog, PDF page 253",72,medium,table_row,need-tools-repair-hose-fittings,need-tools-repair-hose-fittings,81,,21520 B-153 21720 B-154 21920 B-154 2JS20 B-154,2015,Parker Hannifin,high,B-154,need-tools-repair,90,Tools / Hose / Fittings,16,pg-tools-hose-page-015,B-154,21520 B-153 21720 B-154 21920 B-154 2JS20 B-154,item-cat-004411,,"Verify current equivalent, price, availability and specifications before purchase.",CAT-004411,catalog-product,Extracted English catalog record — current status and price require verification,catalog_product,17,,Provisional heuristic; recalculate from User Profile and current offer evidence.,Parker Fittings Catalog.pdf,English,253,B-154,Parker Fittings Catalog,SRC-0102,,Parker Hannifin,21520 B-153 21720 B-154 21920 B-154 2JS20 B-154,37,21520 B-153 21720 B-154 21920 B-154 2JS20 B-154,,pg-tools-hose,"['human-consumer', 'human-needs', 'need-tools-repair', 'need-tools-repair-hose-fittings', 'pg-tools-hose', 'pg-tools-hose-page-015', 'item-cat-004411']",
True,Historical catalog; technical reference,2015,Industrial Hose / Fittings / Couplings,pg-tools-hose,Industrial Hose / Fittings / Couplings,,Additional,English,82,"Parker Fittings Catalog, PDF page 254",72,medium,table_row,need-tools-repair-hose-fittings,need-tools-repair-hose-fittings,79,,Additional,2015,Parker Hannifin,high,20320,need-tools-repair,90,Tools / Hose / Fittings,16,pg-tools-hose-page-016,20320,Additional,item-cat-004412,,"Verify current equivalent, price, availability and specifications before purchase.",CAT-004412,catalog-product,Extracted English catalog record — current status and price require verification,catalog_product,19,,Provisional heuristic; recalculate from User Profile and current offer evidence.,Parker Fittings Catalog.pdf,English,254,20320,Parker Fittings Catalog,SRC-0102,,Parker Hannifin,C 20320,37,Additional,,pg-tools-hose,"['human-consumer', 'human-needs', 'need-tools-repair', 'need-tools-repair-hose-fittings', 'pg-tools-hose', 'pg-tools-hose-page-016', 'item-cat-004412']",
True,Historical catalog; technical reference,2015,Industrial Hose / Fittings / Couplings,pg-tools-hose,Industrial Hose / Fittings / Couplings,,Hose Products Division,English,78,"Parker Fittings Catalog, PDF page 254",72,medium,table_row,need-tools-repair-hose-fittings,need-tools-repair-hose-fittings,79,,B-148 Hose Products Division,2015,Parker Hannifin,high,B-148,need-tools-repair,90,Tools / Hose / Fittings,16,pg-tools-hose-page-017,B-148,B-148 Hose Products Division,item-cat-004413,,"Verify current equivalent, price, availability and specifications before purchase.",CAT-004413,catalog-product,Extracted English catalog record — current status and price require verification,catalog_product,16,,Provisional heuristic; recalculate from User Profile and current offer evidence.,Parker Fittings Catalog.pdf,English,254,B-148,Parker Fittings Catalog,SRC-0102,,Parker Hannifin,B-148 Hose Products Division,37,B-148 Hose Products Division,,pg-tools-hose,"['human-consumer', 'human-needs', 'need-tools-repair', 'need-tools-repair-hose-fittings', 'pg-tools-hose', 'pg-tools-hose-page-017', 'item-cat-004413']",
True,Historical catalog; technical reference,2015,Industrial Hose / Fittings / Couplings,pg-tools-hose,Industrial Hose / Fittings / Couplings,,Hose Products Division,English,85,"Parker Fittings Catalog, PDF page 256",72,medium,table_row,need-tools-repair-hose-fittings,need-tools-repair-hose-fittings,85,,B-150 Hose Products Division,2015,Parker Hannifin,high,B-150,need-tools-repair,90,Tools / Hose / Fittings,16,pg-tools-hose-page-017,B-150,B-150 Hose Products Division,item-cat-004414,,"Verify current equivalent, price, availability and specifications before purchase.",CAT-004414,catalog-product,Extracted English catalog record — current status and price require verification,catalog_product,21,,Provisional heuristic; recalculate from User Profile and current offer evidence.,Parker Fittings Catalog.pdf,English,256,B-150,Parker Fittings Catalog,SRC-0102,,Parker Hannifin,B-150 Hose Products Division,37,B-150 Hose Products Division,,pg-tools-hose,"['human-consumer', 'human-needs', 'need-tools-repair', 'need-tools-repair-hose-fittings', 'pg-tools-hose', 'pg-tools-hose-page-017', 'item-cat-004414']",
True,Historical catalog; technical reference,2015,Industrial Hose / Fittings / Couplings,pg-tools-hose,Industrial Hose / Fittings / Couplings,,Hose Products Division,English,81,"Parker Fittings Catalog, PDF page 259",72,medium,table_row,need-tools-repair-hose-fittings,need-tools-repair-hose-fittings,89,,B-153 Hose Products Division,2015,Parker Hannifin,high,B-153,need-tools-repair,90,Tools / Hose / Fittings,16,pg-tools-hose-page-017,B-153,B-153 Hose Products Division,item-cat-004415,,"Verify current equivalent, price, availability and specifications before purchase.",CAT-004415,catalog-product,Extracted English catalog record — current status and price require verification,catalog_product,20,,Provisional heuristic; recalculate from User Profile and current offer evidence.,Parker Fittings Catalog.pdf,English,259,B-153,Parker Fittings Catalog,SRC-0102,,Parker Hannifin,B-153 Hose Products Division,37,B-153 Hose Products Division,,pg-tools-hose,"['human-consumer', 'human-needs', 'need-tools-repair', 'need-tools-repair-hose-fittings', 'pg-tools-hose', 'pg-tools-hose-page-017', 'item-cat-004415']",
True,Historical catalog; technical reference,2015,Industrial Hose / Fittings / Couplings,pg-tools-hose,Industrial Hose / Fittings / Couplings,,B Number,English,85,"Parker Fittings Catalog, PDF page 260",72,medium,table_row,need-tools-repair-hose-fittings,need-tools-repair-hose-fittings,87,,B Number,2015,Parker Hannifin,high,2JS20,need-tools-repair,90,Tools / Hose / Fittings,16,pg-tools-hose-page-016,2JS20,B Number,item-cat-004416,,"Verify current equivalent, price, availability and specifications before purchase.",CAT-004416,catalog-product,Extracted English catalog record — current status and price require verification,catalog_product,24,,Provisional heuristic; recalculate from User Profile and current offer evidence.,Parker Fittings Catalog.pdf,English,260,2JS20,Parker Fittings Catalog,SRC-0102,,Parker Hannifin,C 2JS20,37,B Number,,pg-tools-hose,"['human-consumer', 'human-needs', 'need-tools-repair', 'need-tools-repair-hose-fittings', 'pg-tools-hose', 'pg-tools-hose-page-016', 'item-cat-004416']",
True,Historical catalog; technical reference,2015,Industrial Hose / Fittings / Couplings,pg-tools-hose,Industrial Hose / Fittings / Couplings,,Hose Products Division,English,84,"Parker Fittings Catalog, PDF page 262",72,medium,table_row,need-tools-repair-hose-fittings,need-tools-repair-hose-fittings,86,,B-156 Hose Products Division,2015,Parker Hannifin,high,B-156,need-tools-repair,90,Tools / Hose / Fittings,16,pg-tools-hose-page-017,B-156,B-156 Hose Products Division,item-cat-004417,,"Verify current equivalent, price, availability and specifications before purchase.",CAT-004417,catalog-product,Extracted English catalog record — current status and price require verification,catalog_product,23,,Provisional heuristic; recalculate from User Profile and current offer evidence.,Parker Fittings Catalog.pdf,English,262,B-156,Parker Fittings Catalog,SRC-0102,,Parker Hannifin,B-156 Hose Products Division,37,B-156 Hose Products Division,,pg-tools-hose,"['human-consumer', 'human-needs', 'need-tools-repair', 'need-tools-repair-hose-fittings', 'pg-tools-hose', 'pg-tools-hose-page-017', 'item-cat-004417']",
True,Historical catalog; technical reference,2015,Industrial Hose / Fittings / Couplings,pg-tools-hose,Industrial Hose / Fittings / Couplings,,Hose Products Division,English,85,"Parker Fittings Catalog, PDF page 263",72,medium,table_row,need-tools-repair-hose-fittings,need-tools-repair-hose-fittings,86,,B-157 Hose Products Division,2015,Parker Hannifin,high,B-157,need-tools-repair,90,Tools / Hose / Fittings,16,pg-tools-hose-page-017,B-157,B-157 Hose Products Division,item-cat-004418,,"Verify current equivalent, price, availability and specifications before purchase.",CAT-004418,catalog-product,Extracted English catalog record — current status and price require verification,catalog_product,16,,Provisional heuristic; recalculate from User Profile and current offer evidence.,Parker Fittings Catalog.pdf,English,263,B-157,Parker Fittings Catalog,SRC-0102,,Parker Hannifin,B-157 Hose Products Division,37,B-157 Hose Products Division,,pg-tools-hose,"['human-consumer', 'human-needs', 'need-tools-repair', 'need-tools-repair-hose-fittings', 'pg-tools-hose', 'pg-tools-hose-page-017', 'item-cat-004418']",
True,Historical catalog; technical reference,2015,Industrial Hose / Fittings / Couplings,pg-tools-hose,Industrial Hose / Fittings / Couplings,,2S521 B-161 25M21 B-161 25S21 B-161 25H21 B-162 25N21 B-162 25T21 B-162,English,82,"Parker Fittings Catalog, PDF page 263",72,medium,table_row,need-tools-repair-hose-fittings,need-tools-repair-hose-fittings,81,,2S521 B-161 25M21 B-161 25S21 B-161 25H21 B-162 25N21 B-162 25T21 B-162,2015,Parker Hannifin,high,B-162,need-tools-repair,90,Tools / Hose / Fittings,16,pg-tools-hose-page-015,B-162,2S521 B-161 25M21 B-161 25S21 B-161 25H21 B-162 25N21 B-162 25T21 B-162,item-cat-004419,,"Verify current equivalent, price, availability and specifications before purchase.",CAT-004419,catalog-product,Extracted English catalog record — current status and price require verification,catalog_product,21,,Provisional heuristic; recalculate from User Profile and current offer evidence.,Parker Fittings Catalog.pdf,English,263,B-162,Parker Fittings Catalog,SRC-0102,,Parker Hannifin,2S521 B-161 25M21 B-161 25S21 B-161 25H21 B-162 25N21 B-162 25T21 B-162,37,2S521 B-161 25M21 B-161 25S21 B-161 25H21 B-162 25N21 B-162 25T21 B-162,,pg-tools-hose,"['human-consumer', 'human-needs', 'need-tools-repair', 'need-tools-repair-hose-fittings', 'pg-tools-hose', 'pg-tools-hose-page-015', 'item-cat-004419']",
True,Historical catalog; technical reference,2015,Industrial Hose / Fittings / Couplings,pg-tools-hose,Industrial Hose / Fittings / Couplings,,25L21 B-162 21 Series B-163,English,82,"Parker Fittings Catalog, PDF page 263",72,medium,table_row,need-tools-repair-hose-fittings,need-tools-repair-hose-fittings,83,,25L21 B-162 21 Series B-163,2015,Parker Hannifin,high,B-163,need-tools-repair,90,Tools / Hose / Fittings,16,pg-tools-hose-page-015,B-163,25L21 B-162 21 Series B-163,item-cat-004420,,"Verify current equivalent, price, availability and specifications before purchase.",CAT-004420,catalog-product,Extracted English catalog record — current status and price require verification,catalog_product,17,,Provisional heuristic; recalculate from User Profile and current offer evidence.,Parker Fittings Catalog.pdf,English,263,B-163,Parker Fittings Catalog,SRC-0102,,Parker Hannifin,25L21 B-162 21 Series B-163,37,25L21 B-162 21 Series B-163,,pg-tools-hose,"['human-consumer', 'human-needs', 'need-tools-repair', 'need-tools-repair-hose-fittings', 'pg-tools-hose', 'pg-tools-hose-page-015', 'item-cat-004420']",
True,Historical catalog; technical reference,2015,Industrial Hose / Fittings / Couplings,pg-tools-hose,Industrial Hose / Fittings / Couplings,,Hose Products Division,English,78,"Parker Fittings Catalog, PDF page 264",72,medium,table_row,need-tools-repair-hose-fittings,need-tools-repair-hose-fittings,88,,B-158 Hose Products Division,2015,Parker Hannifin,high,B-158,need-tools-repair,90,Tools / Hose / Fittings,16,pg-tools-hose-page-017,B-158,B-158 Hose Products Division,item-cat-004421,,"Verify current equivalent, price, availability and specifications before purchase.",CAT-004421,catalog-product,Extracted English catalog record — current status and price require verification,catalog_product,24,,Provisional heuristic; recalculate from User Profile and current offer evidence.,Parker Fittings Catalog.pdf,English,264,B-158,Parker Fittings Catalog,SRC-0102,,Parker Hannifin,B-158 Hose Products Division,37,B-158 Hose Products Division,,pg-tools-hose,"['human-consumer', 'human-needs', 'need-tools-repair', 'need-tools-repair-hose-fittings', 'pg-tools-hose', 'pg-tools-hose-page-017', 'item-cat-004421']",
True,Historical catalog; technical reference,2015,Industrial Hose / Fittings / Couplings,pg-tools-hose,Industrial Hose / Fittings / Couplings,,Hose Products Division,English,85,"Parker Fittings Catalog, PDF page 270",72,medium,table_row,need-tools-repair-hose-fittings,need-tools-repair-hose-fittings,86,,B-164 Hose Products Division,2015,Parker Hannifin,high,B-164,need-tools-repair,90,Tools / Hose / Fittings,16,pg-tools-hose-page-017,B-164,B-164 Hose Products Division,item-cat-004422,,"Verify current equivalent, price, availability and specifications before purchase.",CAT-004422,catalog-product,Extracted English catalog record — current status and price require verification,catalog_product,21,,Provisional heuristic; recalculate from User Profile and current offer evidence.,Parker Fittings Catalog.pdf,English,270,B-164,Parker Fittings Catalog,SRC-0102,,Parker Hannifin,B-164 Hose Products Division,37,B-164 Hose Products Division,,pg-tools-hose,"['human-consumer', 'human-needs', 'need-tools-repair', 'need-tools-repair-hose-fittings', 'pg-tools-hose', 'pg-tools-hose-page-017', 'item-cat-004422']",
True,Historical catalog; technical reference,2015,Industrial Hose / Fittings / Couplings,pg-tools-hose,Industrial Hose / Fittings / Couplings,,Hose Products Division,English,81,"Parker Fittings Catalog, PDF page 271",72,medium,table_row,need-tools-repair-hose-fittings,need-tools-repair-hose-fittings,84,,B-165 Hose Products Division,2015,Parker Hannifin,high,B-165,need-tools-repair,90,Tools / Hose / Fittings,16,pg-tools-hose-page-017,B-165,B-165 Hose Products Division,item-cat-004423,,"Verify current equivalent, price, availability and specifications before purchase.",CAT-004423,catalog-product,Extracted English catalog record — current status and price require verification,catalog_product,22,,Provisional heuristic; recalculate from User Profile and current offer evidence.,Parker Fittings Catalog.pdf,English,271,B-165,Parker Fittings Catalog,SRC-0102,,Parker Hannifin,B-165 Hose Products Division,37,B-165 Hose Products Division,,pg-tools-hose,"['human-consumer', 'human-needs', 'need-tools-repair', 'need-tools-repair-hose-fittings', 'pg-tools-hose', 'pg-tools-hose-page-017', 'item-cat-004423']",
True,Historical catalog; technical reference,2015,Industrial Hose / Fittings / Couplings,pg-tools-hose,Industrial Hose / Fittings / Couplings,,Hose Products Division,English,84,"Parker Fittings Catalog, PDF page 272",72,medium,table_row,need-tools-repair-hose-fittings,need-tools-repair-hose-fittings,83,,B-166 Hose Products Division,2015,Parker Hannifin,high,B-166,need-tools-repair,90,Tools / Hose / Fittings,16,pg-tools-hose-page-017,B-166,B-166 Hose Products Division,item-cat-004424,,"Verify current equivalent, price, availability and specifications before purchase.",CAT-004424,catalog-product,Extracted English catalog record — current status and price require verification,catalog_product,21,,Provisional heuristic; recalculate from User Profile and current offer evidence.,Parker Fittings Catalog.pdf,English,272,B-166,Parker Fittings Catalog,SRC-0102,,Parker Hannifin,B-166 Hose Products Division,37,B-166 Hose Products Division,,pg-tools-hose,"['human-consumer', 'human-needs', 'need-tools-repair', 'need-tools-repair-hose-fittings', 'pg-tools-hose', 'pg-tools-hose-page-017', 'item-cat-004424']",
True,Historical catalog; technical reference,2015,Industrial Hose / Fittings / Couplings,pg-tools-hose,Industrial Hose / Fittings / Couplings,,Hose Products Division,English,83,"Parker Fittings Catalog, PDF page 273",72,medium,table_row,need-tools-repair-hose-fittings,need-tools-repair-hose-fittings,80,,B-167 Hose Products Division,2015,Parker Hannifin,high,B-167,need-tools-repair,90,Tools / Hose / Fittings,16,pg-tools-hose-page-017,B-167,B-167 Hose Products Division,item-cat-004425,,"Verify current equivalent, price, availability and specifications before purchase.",CAT-004425,catalog-product,Extracted English catalog record — current status and price require verification,catalog_product,25,,Provisional heuristic; recalculate from User Profile and current offer evidence.,Parker Fittings Catalog.pdf,English,273,B-167,Parker Fittings Catalog,SRC-0102,,Parker Hannifin,B-167 Hose Products Division,37,B-167 Hose Products Division,,pg-tools-hose,"['human-consumer', 'human-needs', 'need-tools-repair', 'need-tools-repair-hose-fittings', 'pg-tools-hose', 'pg-tools-hose-page-017', 'item-cat-004425']",
True,Historical catalog; technical reference,2015,Industrial Hose / Fittings / Couplings,pg-tools-hose,Industrial Hose / Fittings / Couplings,,Hose Products Division,English,81,"Parker Fittings Catalog, PDF page 274",72,medium,table_row,need-tools-repair-hose-fittings,need-tools-repair-hose-fittings,87,,B-168 Hose Products Division,2015,Parker Hannifin,high,B-168,need-tools-repair,90,Tools / Hose / Fittings,16,pg-tools-hose-page-017,B-168,B-168 Hose Products Division,item-cat-004426,,"Verify current equivalent, price, availability and specifications before purchase.",CAT-004426,catalog-product,Extracted English catalog record — current status and price require verification,catalog_product,15,,Provisional heuristic; recalculate from User Profile and current offer evidence.,Parker Fittings Catalog.pdf,English,274,B-168,Parker Fittings Catalog,SRC-0102,,Parker Hannifin,B-168 Hose Products Division,37,B-168 Hose Products Division,,pg-tools-hose,"['human-consumer', 'human-needs', 'need-tools-repair', 'need-tools-repair-hose-fittings', 'pg-tools-hose', 'pg-tools-hose-page-017', 'item-cat-004426']",
True,Historical catalog; technical reference,2015,Industrial Hose / Fittings / Couplings,pg-tools-hose,Industrial Hose / Fittings / Couplings,,Hose Products Division,English,78,"Parker Fittings Catalog, PDF page 275",72,medium,table_row,need-tools-repair-hose-fittings,need-tools-repair-hose-fittings,87,,B-169 Hose Products Division,2015,Parker Hannifin,high,B-169,need-tools-repair,90,Tools / Hose / Fittings,16,pg-tools-hose-page-017,B-169,B-169 Hose Products Division,item-cat-004427,,"Verify current equivalent, price, availability and specifications before purchase.",CAT-004427,catalog-product,Extracted English catalog record — current status and price require verification,catalog_product,16,,Provisional heuristic; recalculate from User Profile and current offer evidence.,Parker Fittings Catalog.pdf,English,275,B-169,Parker Fittings Catalog,SRC-0102,,Parker Hannifin,B-169 Hose Products Division,37,B-169 Hose Products Division,,pg-tools-hose,"['human-consumer', 'human-needs', 'need-tools-repair', 'need-tools-repair-hose-fittings', 'pg-tools-hose', 'pg-tools-hose-page-017', 'item-cat-004427']",
True,Historical catalog; technical reference,2015,Industrial Hose / Fittings / Couplings,pg-tools-hose,Industrial Hose / Fittings / Couplings,,Hose Products Division,English,84,"Parker Fittings Catalog, PDF page 276",72,medium,table_row,need-tools-repair-hose-fittings,need-tools-repair-hose-fittings,89,,B-170 Hose Products Division,2015,Parker Hannifin,high,B-170,need-tools-repair,90,Tools / Hose / Fittings,16,pg-tools-hose-page-017,B-170,B-170 Hose Products Division,item-cat-004428,,"Verify current equivalent, price, availability and specifications before purchase.",CAT-004428,catalog-product,Extracted English catalog record — current status and price require verification,catalog_product,25,,Provisional heuristic; recalculate from User Profile and current offer evidence.,Parker Fittings Catalog.pdf,English,276,B-170,Parker Fittings Catalog,SRC-0102,,Parker Hannifin,B-170 Hose Products Division,37,B-170 Hose Products Division,,pg-tools-hose,"['human-consumer', 'human-needs', 'need-tools-repair', 'need-tools-repair-hose-fittings', 'pg-tools-hose', 'pg-tools-hose-page-017', 'item-cat-004428']",
True,Historical catalog; technical reference,2015,Industrial Hose / Fittings / Couplings,pg-tools-hose,Industrial Hose / Fittings / Couplings,,Hose Products Division,English,86,"Parker Fittings Catalog, PDF page 277",72,medium,table_row,need-tools-repair-hose-fittings,need-tools-repair-hose-fittings,81,,B-171 Hose Products Division,2015,Parker Hannifin,high,B-171,need-tools-repair,90,Tools / Hose / Fittings,16,pg-tools-hose-page-017,B-171,B-171 Hose Products Division,item-cat-004429,,"Verify current equivalent, price, availability and specifications before purchase.",CAT-004429,catalog-product,Extracted English catalog record — current status and price require verification,catalog_product,22,,Provisional heuristic; recalculate from User Profile and current offer evidence.,Parker Fittings Catalog.pdf,English,277,B-171,Parker Fittings Catalog,SRC-0102,,Parker Hannifin,B-171 Hose Products Division,37,B-171 Hose Products Division,,pg-tools-hose,"['human-consumer', 'human-needs', 'need-tools-repair', 'need-tools-repair-hose-fittings', 'pg-tools-hose', 'pg-tools-hose-page-017', 'item-cat-004429']",
True,Historical catalog; technical reference,2015,Industrial Hose / Fittings / Couplings,pg-tools-hose,Industrial Hose / Fittings / Couplings,,Hose Products Division,English,83,"Parker Fittings Catalog, PDF page 278",72,medium,table_row,need-tools-repair-hose-fittings,need-tools-repair-hose-fittings,79,,B-172 Hose Products Division,2015,Parker Hannifin,high,B-172,need-tools-repair,90,Tools / Hose / Fittings,16,pg-tools-hose-page-017,B-172,B-172 Hose Products Division,item-cat-004430,,"Verify current equivalent, price, availability and specifications before purchase.",CAT-004430,catalog-product,Extracted English catalog record — current status and price require verification,catalog_product,22,,Provisional heuristic; recalculate from User Profile and current offer evidence.,Parker Fittings Catalog.pdf,English,278,B-172,Parker Fittings Catalog,SRC-0102,,Parker Hannifin,B-172 Hose Products Division,37,B-172 Hose Products Division,,pg-tools-hose,"['human-consumer', 'human-needs', 'need-tools-repair', 'need-tools-repair-hose-fittings', 'pg-tools-hose', 'pg-tools-hose-page-017', 'item-cat-004430']",
True,Historical catalog; technical reference,2015,Industrial Hose / Fittings / Couplings,pg-tools-hose,Industrial Hose / Fittings / Couplings,,Hose Products Division,English,80,"Parker Fittings Catalog, PDF page 279",72,medium,table_row,need-tools-repair-hose-fittings,need-tools-repair-hose-fittings,89,,B-173 Hose Products Division,2015,Parker Hannifin,high,B-173,need-tools-repair,90,Tools / Hose / Fittings,16,pg-tools-hose-page-017,B-173,B-173 Hose Products Division,item-cat-004431,,"Verify current equivalent, price, availability and specifications before purchase.",CAT-004431,catalog-product,Extracted English catalog record — current status and price require verification,catalog_product,16,,Provisional heuristic; recalculate from User Profile and current offer evidence.,Parker Fittings Catalog.pdf,English,279,B-173,Parker Fittings Catalog,SRC-0102,,Parker Hannifin,B-173 Hose Products Division,37,B-173 Hose Products Division,,pg-tools-hose,"['human-consumer', 'human-needs', 'need-tools-repair', 'need-tools-repair-hose-fittings', 'pg-tools-hose', 'pg-tools-hose-page-017', 'item-cat-004431']",
True,Historical catalog; technical reference,2015,Industrial Hose / Fittings / Couplings,pg-tools-hose,Industrial Hose / Fittings / Couplings,,20330 B-175 20630 B-175 23730 B-176 23930 B-176 24130 B-176,English,82,"Parker Fittings Catalog, PDF page 279",72,medium,table_row,need-tools-repair-hose-fittings,need-tools-repair-hose-fittings,84,,20330 B-175 20630 B-175 23730 B-176 23930 B-176 24130 B-176,2015,Parker Hannifin,high,B-176,need-tools-repair,90,Tools / Hose / Fittings,16,pg-tools-hose-page-014,B-176,20330 B-175 20630 B-175 23730 B-176 23930 B-176 24130 B-176,item-cat-004432,,"Verify current equivalent, price, availability and specifications before purchase.",CAT-004432,catalog-product,Extracted English catalog record — current status and price require verification,catalog_product,23,,Provisional heuristic; recalculate from User Profile and current offer evidence.,Parker Fittings Catalog.pdf,English,279,B-176,Parker Fittings Catalog,SRC-0102,,Parker Hannifin,20330 B-175 20630 B-175 23730 B-176 23930 B-176 24130 B-176,37,20330 B-175 20630 B-175 23730 B-176 23930 B-176 24130 B-176,,pg-tools-hose,"['human-consumer', 'human-needs', 'need-tools-repair', 'need-tools-repair-hose-fittings', 'pg-tools-hose', 'pg-tools-hose-page-014', 'item-cat-004432']",
True,Historical catalog; technical reference,2015,Industrial Hose / Fittings / Couplings,pg-tools-hose,Industrial Hose / Fittings / Couplings,,20830 B-176 21130 B-177 21230 B-177 2JS30 B-177,English,82,"Parker Fittings Catalog, PDF page 279",72,medium,table_row,need-tools-repair-hose-fittings,need-tools-repair-hose-fittings,83,,20830 B-176 21130 B-177 21230 B-177 2JS30 B-177,2015,Parker Hannifin,high,B-177,need-tools-repair,90,Tools / Hose / Fittings,16,pg-tools-hose-page-014,B-177,20830 B-176 21130 B-177 21230 B-177 2JS30 B-177,item-cat-004433,,"Verify current equivalent, price, availability and specifications before purchase.",CAT-004433,catalog-product,Extracted English catalog record — current status and price require verification,catalog_product,25,,Provisional heuristic; recalculate from User Profile and current offer evidence.,Parker Fittings Catalog.pdf,English,279,B-177,Parker Fittings Catalog,SRC-0102,,Parker Hannifin,20830 B-176 21130 B-177 21230 B-177 2JS30 B-177,37,20830 B-176 21130 B-177 21230 B-177 2JS30 B-177,,pg-tools-hose,"['human-consumer', 'human-needs', 'need-tools-repair', 'need-tools-repair-hose-fittings', 'pg-tools-hose', 'pg-tools-hose-page-014', 'item-cat-004433']",
True,Historical catalog; technical reference,2015,Industrial Hose / Fittings / Couplings,pg-tools-hose,Industrial Hose / Fittings / Couplings,,2J930 B-177 30 Series B-178,English,85,"Parker Fittings Catalog, PDF page 279",72,medium,table_row,need-tools-repair-hose-fittings,need-tools-repair-hose-fittings,79,,2J930 B-177 30 Series B-178,2015,Parker Hannifin,high,B-178,need-tools-repair,90,Tools / Hose / Fittings,16,pg-tools-hose-page-015,B-178,2J930 B-177 30 Series B-178,item-cat-004434,,"Verify current equivalent, price, availability and specifications before purchase.",CAT-004434,catalog-product,Extracted English catalog record — current status and price require verification,catalog_product,25,,Provisional heuristic; recalculate from User Profile and current offer evidence.,Parker Fittings Catalog.pdf,English,279,B-178,Parker Fittings Catalog,SRC-0102,,Parker Hannifin,2J930 B-177 30 Series B-178,37,2J930 B-177 30 Series B-178,,pg-tools-hose,"['human-consumer', 'human-needs', 'need-tools-repair', 'need-tools-repair-hose-fittings', 'pg-tools-hose', 'pg-tools-hose-page-015', 'item-cat-004434']",
True,Historical catalog; technical reference,2015,Industrial Hose / Fittings / Couplings,pg-tools-hose,Industrial Hose / Fittings / Couplings,,Part Thread Hose I.D. A H J B,English,78,"Parker Fittings Catalog, PDF page 280",72,medium,table_row,need-tools-repair-hose-fittings,need-tools-repair-hose-fittings,83,,Part Thread Hose I.D. A H J B,2015,Parker Hannifin,high,20530,need-tools-repair,90,Tools / Hose / Fittings,16,pg-tools-hose-page-022,20530,Part Thread Hose I.D. A H J B,item-cat-004435,,"Verify current equivalent, price, availability and specifications before purchase.",CAT-004435,catalog-product,Extracted English catalog record — current status and price require verification,catalog_product,24,,Provisional heuristic; recalculate from User Profile and current offer evidence.,Parker Fittings Catalog.pdf,English,280,20530,Parker Fittings Catalog,SRC-0102,,Parker Hannifin,D 20530,37,Part Thread Hose I.D. A H J B,,pg-tools-hose,"['human-consumer', 'human-needs', 'need-tools-repair', 'need-tools-repair-hose-fittings', 'pg-tools-hose', 'pg-tools-hose-page-022', 'item-cat-004435']",
True,Historical catalog; technical reference,2015,Industrial Hose / Fittings / Couplings,pg-tools-hose,Industrial Hose / Fittings / Couplings,,Hose Products Division,English,78,"Parker Fittings Catalog, PDF page 280",72,medium,table_row,need-tools-repair-hose-fittings,need-tools-repair-hose-fittings,88,,B-174 Hose Products Division,2015,Parker Hannifin,high,B-174,need-tools-repair,90,Tools / Hose / Fittings,16,pg-tools-hose-page-017,B-174,B-174 Hose Products Division,item-cat-004436,,"Verify current equivalent, price, availability and specifications before purchase.",CAT-004436,catalog-product,Extracted English catalog record — current status and price require verification,catalog_product,16,,Provisional heuristic; recalculate from User Profile and current offer evidence.,Parker Fittings Catalog.pdf,English,280,B-174,Parker Fittings Catalog,SRC-0102,,Parker Hannifin,B-174 Hose Products Division,37,B-174 Hose Products Division,,pg-tools-hose,"['human-consumer', 'human-needs', 'need-tools-repair', 'need-tools-repair-hose-fittings', 'pg-tools-hose', 'pg-tools-hose-page-017', 'item-cat-004436']",
True,Historical catalog; technical reference,2015,Industrial Hose / Fittings / Couplings,pg-tools-hose,Industrial Hose / Fittings / Couplings,,Hose Products Division,English,81,"Parker Fittings Catalog, PDF page 281",72,medium,table_row,need-tools-repair-hose-fittings,need-tools-repair-hose-fittings,81,,B-175 Hose Products Division,2015,Parker Hannifin,high,B-175,need-tools-repair,90,Tools / Hose / Fittings,16,pg-tools-hose-page-017,B-175,B-175 Hose Products Division,item-cat-004437,,"Verify current equivalent, price, availability and specifications before purchase.",CAT-004437,catalog-product,Extracted English catalog record — current status and price require verification,catalog_product,16,,Provisional heuristic; recalculate from User Profile and current offer evidence.,Parker Fittings Catalog.pdf,English,281,B-175,Parker Fittings Catalog,SRC-0102,,Parker Hannifin,B-175 Hose Products Division,37,B-175 Hose Products Division,,pg-tools-hose,"['human-consumer', 'human-needs', 'need-tools-repair', 'need-tools-repair-hose-fittings', 'pg-tools-hose', 'pg-tools-hose-page-017', 'item-cat-004437']",
True,Historical catalog; technical reference,2015,Industrial Hose / Fittings / Couplings,pg-tools-hose,Industrial Hose / Fittings / Couplings,,Hose Products Division,English,83,"Parker Fittings Catalog, PDF page 285",72,medium,table_row,need-tools-repair-hose-fittings,need-tools-repair-hose-fittings,80,,B-179 Hose Products Division,2015,Parker Hannifin,high,B-179,need-tools-repair,90,Tools / Hose / Fittings,16,pg-tools-hose-page-017,B-179,B-179 Hose Products Division,item-cat-004438,,"Verify current equivalent, price, availability and specifications before purchase.",CAT-004438,catalog-product,Extracted English catalog record — current status and price require verification,catalog_product,21,,Provisional heuristic; recalculate from User Profile and current offer evidence.,Parker Fittings Catalog.pdf,English,285,B-179,Parker Fittings Catalog,SRC-0102,,Parker Hannifin,B-179 Hose Products Division,37,B-179 Hose Products Division,,pg-tools-hose,"['human-consumer', 'human-needs', 'need-tools-repair', 'need-tools-repair-hose-fittings', 'pg-tools-hose', 'pg-tools-hose-page-017', 'item-cat-004438']",
True,Historical catalog; technical reference,2015,Industrial Hose / Fittings / Couplings,pg-tools-hose,Industrial Hose / Fittings / Couplings,,20342 B-181 20642 B-181 23742 B-182 23942 B-182 24142 B-182,English,78,"Parker Fittings Catalog, PDF page 285",72,medium,table_row,need-tools-repair-hose-fittings,need-tools-repair-hose-fittings,86,,20342 B-181 20642 B-181 23742 B-182 23942 B-182 24142 B-182,2015,Parker Hannifin,high,B-182,need-tools-repair,90,Tools / Hose / Fittings,16,pg-tools-hose-page-014,B-182,20342 B-181 20642 B-181 23742 B-182 23942 B-182 24142 B-182,item-cat-004439,,"Verify current equivalent, price, availability and specifications before purchase.",CAT-004439,catalog-product,Extracted English catalog record — current status and price require verification,catalog_product,16,,Provisional heuristic; recalculate from User Profile and current offer evidence.,Parker Fittings Catalog.pdf,English,285,B-182,Parker Fittings Catalog,SRC-0102,,Parker Hannifin,20342 B-181 20642 B-181 23742 B-182 23942 B-182 24142 B-182,37,20342 B-181 20642 B-181 23742 B-182 23942 B-182 24142 B-182,,pg-tools-hose,"['human-consumer', 'human-needs', 'need-tools-repair', 'need-tools-repair-hose-fittings', 'pg-tools-hose', 'pg-tools-hose-page-014', 'item-cat-004439']",
True,Historical catalog; technical reference,2015,Industrial Hose / Fittings / Couplings,pg-tools-hose,Industrial Hose / Fittings / Couplings,,Part Thread Hose I.D. A H J B,English,81,"Parker Fittings Catalog, PDF page 286",72,medium,table_row,need-tools-repair-hose-fittings,need-tools-repair-hose-fittings,86,,Part Thread Hose I.D. A H J B,2015,Parker Hannifin,high,21342,need-tools-repair,90,Tools / Hose / Fittings,16,pg-tools-hose-page-022,21342,Part Thread Hose I.D. A H J B,item-cat-004440,,"Verify current equivalent, price, availability and specifications before purchase.",CAT-004440,catalog-product,Extracted English catalog record — current status and price require verification,catalog_product,26,,Provisional heuristic; recalculate from User Profile and current offer evidence.,Parker Fittings Catalog.pdf,English,286,21342,Parker Fittings Catalog,SRC-0102,,Parker Hannifin,B 21342,37,Part Thread Hose I.D. A H J B,,pg-tools-hose,"['human-consumer', 'human-needs', 'need-tools-repair', 'need-tools-repair-hose-fittings', 'pg-tools-hose', 'pg-tools-hose-page-022', 'item-cat-004440']",
True,Historical catalog; technical reference,2015,Industrial Hose / Fittings / Couplings,pg-tools-hose,Industrial Hose / Fittings / Couplings,,Hose Products Division,English,86,"Parker Fittings Catalog, PDF page 286",72,medium,table_row,need-tools-repair-hose-fittings,need-tools-repair-hose-fittings,88,,B-180 Hose Products Division,2015,Parker Hannifin,high,B-180,need-tools-repair,90,Tools / Hose / Fittings,16,pg-tools-hose-page-017,B-180,B-180 Hose Products Division,item-cat-004441,,"Verify current equivalent, price, availability and specifications before purchase.",CAT-004441,catalog-product,Extracted English catalog record — current status and price require verification,catalog_product,17,,Provisional heuristic; recalculate from User Profile and current offer evidence.,Parker Fittings Catalog.pdf,English,286,B-180,Parker Fittings Catalog,SRC-0102,,Parker Hannifin,B-180 Hose Products Division,37,B-180 Hose Products Division,,pg-tools-hose,"['human-consumer', 'human-needs', 'need-tools-repair', 'need-tools-repair-hose-fittings', 'pg-tools-hose', 'pg-tools-hose-page-017', 'item-cat-004441']",
True,Historical catalog; technical reference,2015,Industrial Hose / Fittings / Couplings,pg-tools-hose,Industrial Hose / Fittings / Couplings,,Hose Products Division,English,85,"Parker Fittings Catalog, PDF page 287",72,medium,table_row,need-tools-repair-hose-fittings,need-tools-repair-hose-fittings,85,,B-181 Hose Products Division,2015,Parker Hannifin,high,B-181,need-tools-repair,90,Tools / Hose / Fittings,16,pg-tools-hose-page-017,B-181,B-181 Hose Products Division,item-cat-004442,,"Verify current equivalent, price, availability and specifications before purchase.",CAT-004442,catalog-product,Extracted English catalog record — current status and price require verification,catalog_product,17,,Provisional heuristic; recalculate from User Profile and current offer evidence.,Parker Fittings Catalog.pdf,English,287,B-181,Parker Fittings Catalog,SRC-0102,,Parker Hannifin,B-181 Hose Products Division,37,B-181 Hose Products Division,,pg-tools-hose,"['human-consumer', 'human-needs', 'need-tools-repair', 'need-tools-repair-hose-fittings', 'pg-tools-hose', 'pg-tools-hose-page-017', 'item-cat-004442']",
True,Historical catalog; technical reference,2015,Industrial Hose / Fittings / Couplings,pg-tools-hose,Industrial Hose / Fittings / Couplings,,Hose Products Division,English,83,"Parker Fittings Catalog, PDF page 290",72,medium,table_row,need-tools-repair-hose-fittings,need-tools-repair-hose-fittings,84,,B-184 Hose Products Division,2015,Parker Hannifin,high,B-184,need-tools-repair,90,Tools / Hose / Fittings,16,pg-tools-hose-page-017,B-184,B-184 Hose Products Division,item-cat-004443,,"Verify current equivalent, price, availability and specifications before purchase.",CAT-004443,catalog-product,Extracted English catalog record — current status and price require verification,catalog_product,18,,Provisional heuristic; recalculate from User Profile and current offer evidence.,Parker Fittings Catalog.pdf,English,290,B-184,Parker Fittings Catalog,SRC-0102,,Parker Hannifin,B-184 Hose Products Division,37,B-184 Hose Products Division,,pg-tools-hose,"['human-consumer', 'human-needs', 'need-tools-repair', 'need-tools-repair-hose-fittings', 'pg-tools-hose', 'pg-tools-hose-page-017', 'item-cat-004443']",
True,Historical catalog; technical reference,2015,Industrial Hose / Fittings / Couplings,pg-tools-hose,Industrial Hose / Fittings / Couplings,,Hose Products Division,English,86,"Parker Fittings Catalog, PDF page 291",72,medium,table_row,need-tools-repair-hose-fittings,need-tools-repair-hose-fittings,79,,B-185 Hose Products Division,2015,Parker Hannifin,high,B-185,need-tools-repair,90,Tools / Hose / Fittings,16,pg-tools-hose-page-017,B-185,B-185 Hose Products Division,item-cat-004444,,"Verify current equivalent, price, availability and specifications before purchase.",CAT-004444,catalog-product,Extracted English catalog record — current status and price require verification,catalog_product,15,,Provisional heuristic; recalculate from User Profile and current offer evidence.,Parker Fittings Catalog.pdf,English,291,B-185,Parker Fittings Catalog,SRC-0102,,Parker Hannifin,B-185 Hose Products Division,37,B-185 Hose Products Division,,pg-tools-hose,"['human-consumer', 'human-needs', 'need-tools-repair', 'need-tools-repair-hose-fittings', 'pg-tools-hose', 'pg-tools-hose-page-017', 'item-cat-004444']",
True,Historical catalog; technical reference,2015,Industrial Hose / Fittings / Couplings,pg-tools-hose,Industrial Hose / Fittings / Couplings,,Hose Products Division,English,82,"Parker Fittings Catalog, PDF page 292",72,medium,table_row,need-tools-repair-hose-fittings,need-tools-repair-hose-fittings,88,,B-186 Hose Products Division,2015,Parker Hannifin,high,B-186,need-tools-repair,90,Tools / Hose / Fittings,16,pg-tools-hose-page-017,B-186,B-186 Hose Products Division,item-cat-004445,,"Verify current equivalent, price, availability and specifications before purchase.",CAT-004445,catalog-product,Extracted English catalog record — current status and price require verification,catalog_product,22,,Provisional heuristic; recalculate from User Profile and current offer evidence.,Parker Fittings Catalog.pdf,English,292,B-186,Parker Fittings Catalog,SRC-0102,,Parker Hannifin,B-186 Hose Products Division,37,B-186 Hose Products Division,,pg-tools-hose,"['human-consumer', 'human-needs', 'need-tools-repair', 'need-tools-repair-hose-fittings', 'pg-tools-hose', 'pg-tools-hose-page-017', 'item-cat-004445']",
True,Historical catalog; technical reference,2015,Industrial Hose / Fittings / Couplings,pg-tools-hose,Industrial Hose / Fittings / Couplings,,30182 B-188 31382 B-188 30282 B-189 37G82 B-189,English,83,"Parker Fittings Catalog, PDF page 292",72,medium,table_row,need-tools-repair-hose-fittings,need-tools-repair-hose-fittings,86,,30182 B-188 31382 B-188 30282 B-189 37G82 B-189,2015,Parker Hannifin,high,B-189,need-tools-repair,90,Tools / Hose / Fittings,16,pg-tools-hose-page-015,B-189,30182 B-188 31382 B-188 30282 B-189 37G82 B-189,item-cat-004446,,"Verify current equivalent, price, availability and specifications before purchase.",CAT-004446,catalog-product,Extracted English catalog record — current status and price require verification,catalog_product,19,,Provisional heuristic; recalculate from User Profile and current offer evidence.,Parker Fittings Catalog.pdf,English,292,B-189,Parker Fittings Catalog,SRC-0102,,Parker Hannifin,30182 B-188 31382 B-188 30282 B-189 37G82 B-189,37,30182 B-188 31382 B-188 30282 B-189 37G82 B-189,,pg-tools-hose,"['human-consumer', 'human-needs', 'need-tools-repair', 'need-tools-repair-hose-fittings', 'pg-tools-hose', 'pg-tools-hose-page-015', 'item-cat-004446']",
True,Historical catalog; technical reference,2015,Industrial Hose / Fittings / Couplings,pg-tools-hose,Industrial Hose / Fittings / Couplings,,30382 B-189 30682 B-190 33782 B-190 33982 B-190 34182 B-190,English,81,"Parker Fittings Catalog, PDF page 292",72,medium,table_row,need-tools-repair-hose-fittings,need-tools-repair-hose-fittings,80,,30382 B-189 30682 B-190 33782 B-190 33982 B-190 34182 B-190,2015,Parker Hannifin,high,B-190,need-tools-repair,90,Tools / Hose / Fittings,16,pg-tools-hose-page-015,B-190,30382 B-189 30682 B-190 33782 B-190 33982 B-190 34182 B-190,item-cat-004447,,"Verify current equivalent, price, availability and specifications before purchase.",CAT-004447,catalog-product,Extracted English catalog record — current status and price require verification,catalog_product,18,,Provisional heuristic; recalculate from User Profile and current offer evidence.,Parker Fittings Catalog.pdf,English,292,B-190,Parker Fittings Catalog,SRC-0102,,Parker Hannifin,30382 B-189 30682 B-190 33782 B-190 33982 B-190 34182 B-190,37,30382 B-189 30682 B-190 33782 B-190 33982 B-190 34182 B-190,,pg-tools-hose,"['human-consumer', 'human-needs', 'need-tools-repair', 'need-tools-repair-hose-fittings', 'pg-tools-hose', 'pg-tools-hose-page-015', 'item-cat-004447']",
True,Historical catalog; technical reference,2015,Industrial Hose / Fittings / Couplings,pg-tools-hose,Industrial Hose / Fittings / Couplings,,B 32882 B-192 36782 B-192 36982 B-192 32982 B-192 3JC82 B-193,English,86,"Parker Fittings Catalog, PDF page 292",72,medium,table_row,need-tools-repair-hose-fittings,need-tools-repair-hose-fittings,83,,B 32882 B-192 36782 B-192 36982 B-192 32982 B-192 3JC82 B-193,2015,Parker Hannifin,high,B-193,need-tools-repair,90,Tools / Hose / Fittings,16,pg-tools-hose-page-016,B-193,B 32882 B-192 36782 B-192 36982 B-192 32982 B-192 3JC82 B-193,item-cat-004448,,"Verify current equivalent, price, availability and specifications before purchase.",CAT-004448,catalog-product,Extracted English catalog record — current status and price require verification,catalog_product,26,,Provisional heuristic; recalculate from User Profile and current offer evidence.,Parker Fittings Catalog.pdf,English,292,B-193,Parker Fittings Catalog,SRC-0102,,Parker Hannifin,B 32882 B-192 36782 B-192 36982 B-192 32982 B-192 3JC82 B-193,37,B 32882 B-192 36782 B-192 36982 B-192 32982 B-192 3JC82 B-193,,pg-tools-hose,"['human-consumer', 'human-needs', 'need-tools-repair', 'need-tools-repair-hose-fittings', 'pg-tools-hose', 'pg-tools-hose-page-016', 'item-cat-004448']",
True,Historical catalog; technical reference,2015,Industrial Hose / Fittings / Couplings,pg-tools-hose,Industrial Hose / Fittings / Couplings,,3J782 B-193 3J982 B-193 3J182 B-193 33482 B-194,English,80,"Parker Fittings Catalog, PDF page 292",72,medium,table_row,need-tools-repair-hose-fittings,need-tools-repair-hose-fittings,85,,3J782 B-193 3J982 B-193 3J182 B-193 33482 B-194,2015,Parker Hannifin,high,B-194,need-tools-repair,90,Tools / Hose / Fittings,16,pg-tools-hose-page-015,B-194,3J782 B-193 3J982 B-193 3J182 B-193 33482 B-194,item-cat-004449,,"Verify current equivalent, price, availability and specifications before purchase.",CAT-004449,catalog-product,Extracted English catalog record — current status and price require verification,catalog_product,17,,Provisional heuristic; recalculate from User Profile and current offer evidence.,Parker Fittings Catalog.pdf,English,292,B-194,Parker Fittings Catalog,SRC-0102,,Parker Hannifin,3J782 B-193 3J982 B-193 3J182 B-193 33482 B-194,37,3J782 B-193 3J982 B-193 3J182 B-193 33482 B-194,,pg-tools-hose,"['human-consumer', 'human-needs', 'need-tools-repair', 'need-tools-repair-hose-fittings', 'pg-tools-hose', 'pg-tools-hose-page-015', 'item-cat-004449']",
True,Historical catalog; technical reference,2015,Industrial Hose / Fittings / Couplings,pg-tools-hose,Industrial Hose / Fittings / Couplings,,D 38282 B-194 3D082 B-194 31D82 B-195 39282 B-195,English,83,"Parker Fittings Catalog, PDF page 292",72,medium,table_row,need-tools-repair-hose-fittings,need-tools-repair-hose-fittings,83,,D 38282 B-194 3D082 B-194 31D82 B-195 39282 B-195,2015,Parker Hannifin,high,B-195,need-tools-repair,90,Tools / Hose / Fittings,16,pg-tools-hose-page-019,B-195,D 38282 B-194 3D082 B-194 31D82 B-195 39282 B-195,item-cat-004450,,"Verify current equivalent, price, availability and specifications before purchase.",CAT-004450,catalog-product,Extracted English catalog record — current status and price require verification,catalog_product,26,,Provisional heuristic; recalculate from User Profile and current offer evidence.,Parker Fittings Catalog.pdf,English,292,B-195,Parker Fittings Catalog,SRC-0102,,Parker Hannifin,D 38282 B-194 3D082 B-194 31D82 B-195 39282 B-195,37,D 38282 B-194 3D082 B-194 31D82 B-195 39282 B-195,,pg-tools-hose,"['human-consumer', 'human-needs', 'need-tools-repair', 'need-tools-repair-hose-fittings', 'pg-tools-hose', 'pg-tools-hose-page-019', 'item-cat-004450']",
True,Historical catalog; technical reference,2015,Industrial Hose / Fittings / Couplings,pg-tools-hose,Industrial Hose / Fittings / Couplings,,3D982 B-195 3B282 B-195 34982 B-196 AM B-196,English,83,"Parker Fittings Catalog, PDF page 292",72,medium,table_row,need-tools-repair-hose-fittings,need-tools-repair-hose-fittings,85,,3D982 B-195 3B282 B-195 34982 B-196 AM B-196,2015,Parker Hannifin,high,B-196,need-tools-repair,90,Tools / Hose / Fittings,16,pg-tools-hose-page-015,B-196,3D982 B-195 3B282 B-195 34982 B-196 AM B-196,item-cat-004451,,"Verify current equivalent, price, availability and specifications before purchase.",CAT-004451,catalog-product,Extracted English catalog record — current status and price require verification,catalog_product,19,,Provisional heuristic; recalculate from User Profile and current offer evidence.,Parker Fittings Catalog.pdf,English,292,B-196,Parker Fittings Catalog,SRC-0102,,Parker Hannifin,3D982 B-195 3B282 B-195 34982 B-196 AM B-196,37,3D982 B-195 3B282 B-195 34982 B-196 AM B-196,,pg-tools-hose,"['human-consumer', 'human-needs', 'need-tools-repair', 'need-tools-repair-hose-fittings', 'pg-tools-hose', 'pg-tools-hose-page-015', 'item-cat-004451']",
True,Historical catalog; technical reference,2015,Industrial Hose / Fittings / Couplings,pg-tools-hose,Industrial Hose / Fittings / Couplings,,3CA82 B-197 3CF82 B-197 3C482 B-197 3C582 B-198 3C382 B-198,English,86,"Parker Fittings Catalog, PDF page 292",72,medium,table_row,need-tools-repair-hose-fittings,need-tools-repair-hose-fittings,82,,3CA82 B-197 3CF82 B-197 3C482 B-197 3C582 B-198 3C382 B-198,2015,Parker Hannifin,high,B-198,need-tools-repair,90,Tools / Hose / Fittings,16,pg-tools-hose-page-015,B-198,3CA82 B-197 3CF82 B-197 3C482 B-197 3C582 B-198 3C382 B-198,item-cat-004452,,"Verify current equivalent, price, availability and specifications before purchase.",CAT-004452,catalog-product,Extracted English catalog record — current status and price require verification,catalog_product,18,,Provisional heuristic; recalculate from User Profile and current offer evidence.,Parker Fittings Catalog.pdf,English,292,B-198,Parker Fittings Catalog,SRC-0102,,Parker Hannifin,3CA82 B-197 3CF82 B-197 3C482 B-197 3C582 B-198 3C382 B-198,37,3CA82 B-197 3CF82 B-197 3C482 B-197 3C582 B-198 3C382 B-198,,pg-tools-hose,"['human-consumer', 'human-needs', 'need-tools-repair', 'need-tools-repair-hose-fittings', 'pg-tools-hose', 'pg-tools-hose-page-015', 'item-cat-004452']",
True,Historical catalog; technical reference,2015,Industrial Hose / Fittings / Couplings,pg-tools-hose,Industrial Hose / Fittings / Couplings,,Hose Products Division,English,79,"Parker Fittings Catalog, PDF page 293",72,medium,table_row,need-tools-repair-hose-fittings,need-tools-repair-hose-fittings,82,,B-187 Hose Products Division,2015,Parker Hannifin,high,B-187,need-tools-repair,90,Tools / Hose / Fittings,16,pg-tools-hose-page-017,B-187,B-187 Hose Products Division,item-cat-004453,,"Verify current equivalent, price, availability and specifications before purchase.",CAT-004453,catalog-product,Extracted English catalog record — current status and price require verification,catalog_product,15,,Provisional heuristic; recalculate from User Profile and current offer evidence.,Parker Fittings Catalog.pdf,English,293,B-187,Parker Fittings Catalog,SRC-0102,,Parker Hannifin,B-187 Hose Products Division,37,B-187 Hose Products Division,,pg-tools-hose,"['human-consumer', 'human-needs', 'need-tools-repair', 'need-tools-repair-hose-fittings', 'pg-tools-hose', 'pg-tools-hose-page-017', 'item-cat-004453']",
True,Historical catalog; technical reference,2015,Industrial Hose / Fittings / Couplings,pg-tools-hose,Industrial Hose / Fittings / Couplings,,Push-Lok B-199 Push-Lok B-200 82 Series B-201,English,84,"Parker Fittings Catalog, PDF page 293",72,medium,table_row,need-tools-repair-hose-fittings,need-tools-repair-hose-fittings,89,,Push-Lok B-199 Push-Lok B-200 82 Series B-201,2015,Parker Hannifin,high,B-201,need-tools-repair,90,Tools / Hose / Fittings,16,pg-tools-hose-page-022,B-201,Push-Lok B-199 Push-Lok B-200 82 Series B-201,item-cat-004454,,"Verify current equivalent, price, availability and specifications before purchase.",CAT-004454,catalog-product,Extracted English catalog record — current status and price require verification,catalog_product,23,,Provisional heuristic; recalculate from User Profile and current offer evidence.,Parker Fittings Catalog.pdf,English,293,B-201,Parker Fittings Catalog,SRC-0102,,Parker Hannifin,Push-Lok B-199 Push-Lok B-200 82 Series B-201,37,Push-Lok B-199 Push-Lok B-200 82 Series B-201,,pg-tools-hose,"['human-consumer', 'human-needs', 'need-tools-repair', 'need-tools-repair-hose-fittings', 'pg-tools-hose', 'pg-tools-hose-page-022', 'item-cat-004454']",
True,Historical catalog; technical reference,2015,Industrial Hose / Fittings / Couplings,pg-tools-hose,Industrial Hose / Fittings / Couplings,,Hose Products Division,English,80,"Parker Fittings Catalog, PDF page 294",72,medium,table_row,need-tools-repair-hose-fittings,need-tools-repair-hose-fittings,86,,B-188 Hose Products Division,2015,Parker Hannifin,high,B-188,need-tools-repair,90,Tools / Hose / Fittings,16,pg-tools-hose-page-017,B-188,B-188 Hose Products Division,item-cat-004455,,"Verify current equivalent, price, availability and specifications before purchase.",CAT-004455,catalog-product,Extracted English catalog record — current status and price require verification,catalog_product,26,,Provisional heuristic; recalculate from User Profile and current offer evidence.,Parker Fittings Catalog.pdf,English,294,B-188,Parker Fittings Catalog,SRC-0102,,Parker Hannifin,B-188 Hose Products Division,37,B-188 Hose Products Division,,pg-tools-hose,"['human-consumer', 'human-needs', 'need-tools-repair', 'need-tools-repair-hose-fittings', 'pg-tools-hose', 'pg-tools-hose-page-017', 'item-cat-004455']",
True,Historical catalog; technical reference,2015,Industrial Hose / Fittings / Couplings,pg-tools-hose,Industrial Hose / Fittings / Couplings,,Material,English,84,"Parker Fittings Catalog, PDF page 296",72,medium,table_row,need-tools-repair-hose-fittings,need-tools-repair-hose-fittings,85,,Material,2015,Parker Hannifin,high,33982,need-tools-repair,90,Tools / Hose / Fittings,16,pg-tools-hose-page-020,33982,Material,item-cat-004456,,"Verify current equivalent, price, availability and specifications before purchase.",CAT-004456,catalog-product,Extracted English catalog record — current status and price require verification,catalog_product,23,,Provisional heuristic; recalculate from User Profile and current offer evidence.,Parker Fittings Catalog.pdf,English,296,33982,Parker Fittings Catalog,SRC-0102,,Parker Hannifin,D 33982,37,Material,,pg-tools-hose,"['human-consumer', 'human-needs', 'need-tools-repair', 'need-tools-repair-hose-fittings', 'pg-tools-hose', 'pg-tools-hose-page-020', 'item-cat-004456']",
True,Historical catalog; technical reference,2015,Industrial Hose / Fittings / Couplings,pg-tools-hose,Industrial Hose / Fittings / Couplings,,Part Thread Hose I.D.,English,82,"Parker Fittings Catalog, PDF page 298",72,medium,table_row,need-tools-repair-hose-fittings,need-tools-repair-hose-fittings,88,,Part Thread Hose I.D.,2015,Parker Hannifin,high,36982,need-tools-repair,90,Tools / Hose / Fittings,16,pg-tools-hose-page-022,36982,Part Thread Hose I.D.,item-cat-004457,,"Verify current equivalent, price, availability and specifications before purchase.",CAT-004457,catalog-product,Extracted English catalog record — current status and price require verification,catalog_product,24,,Provisional heuristic; recalculate from User Profile and current offer evidence.,Parker Fittings Catalog.pdf,English,298,36982,Parker Fittings Catalog,SRC-0102,,Parker Hannifin,C 36982,37,Part Thread Hose I.D.,,pg-tools-hose,"['human-consumer', 'human-needs', 'need-tools-repair', 'need-tools-repair-hose-fittings', 'pg-tools-hose', 'pg-tools-hose-page-022', 'item-cat-004457']",
True,Historical catalog; technical reference,2015,Industrial Hose / Fittings / Couplings,pg-tools-hose,Industrial Hose / Fittings / Couplings,,Hose Products Division,English,81,"Parker Fittings Catalog, PDF page 298",72,medium,table_row,need-tools-repair-hose-fittings,need-tools-repair-hose-fittings,79,,B-192 Hose Products Division,2015,Parker Hannifin,high,B-192,need-tools-repair,90,Tools / Hose / Fittings,16,pg-tools-hose-page-017,B-192,B-192 Hose Products Division,item-cat-004458,,"Verify current equivalent, price, availability and specifications before purchase.",CAT-004458,catalog-product,Extracted English catalog record — current status and price require verification,catalog_product,17,,Provisional heuristic; recalculate from User Profile and current offer evidence.,Parker Fittings Catalog.pdf,English,298,B-192,Parker Fittings Catalog,SRC-0102,,Parker Hannifin,B-192 Hose Products Division,37,B-192 Hose Products Division,,pg-tools-hose,"['human-consumer', 'human-needs', 'need-tools-repair', 'need-tools-repair-hose-fittings', 'pg-tools-hose', 'pg-tools-hose-page-017', 'item-cat-004458']",
True,Historical catalog; technical reference,2015,Industrial Hose / Fittings / Couplings,pg-tools-hose,Industrial Hose / Fittings / Couplings,,5 Female Inverted Rigid,English,84,"Parker Fittings Catalog, PDF page 305",72,medium,table_row,need-tools-repair-hose-fittings,need-tools-repair-hose-fittings,88,,30182-4-4B 5 Female Inverted Rigid,2015,Parker Hannifin,high,30182-4-4B,need-tools-repair,90,Tools / Hose / Fittings,16,pg-tools-hose-page-015,30182-4-4B,30182-4-4B 5 Female Inverted Rigid,item-cat-004459,,"Verify current equivalent, price, availability and specifications before purchase.",CAT-004459,catalog-product,Extracted English catalog record — current status and price require verification,catalog_product,21,,Provisional heuristic; recalculate from User Profile and current offer evidence.,Parker Fittings Catalog.pdf,English,305,30182-4-4B,Parker Fittings Catalog,SRC-0102,,Parker Hannifin,30182-4-4B 5 Female Inverted Rigid,37,30182-4-4B 5 Female Inverted Rigid,,pg-tools-hose,"['human-consumer', 'human-needs', 'need-tools-repair', 'need-tools-repair-hose-fittings', 'pg-tools-hose', 'pg-tools-hose-page-015', 'item-cat-004459']",
True,Historical catalog; technical reference,2015,Industrial Hose / Fittings / Couplings,pg-tools-hose,Industrial Hose / Fittings / Couplings,,3 Hose Union,English,83,"Parker Fittings Catalog, PDF page 305",72,medium,table_row,need-tools-repair-hose-fittings,need-tools-repair-hose-fittings,87,,30482-6-6B 3 Hose Union,2015,Parker Hannifin,high,30482-6-6B,need-tools-repair,90,Tools / Hose / Fittings,16,pg-tools-hose-page-015,30482-6-6B,30482-6-6B 3 Hose Union,item-cat-004460,,"Verify current equivalent, price, availability and specifications before purchase.",CAT-004460,catalog-product,Extracted English catalog record — current status and price require verification,catalog_product,14,,Provisional heuristic; recalculate from User Profile and current offer evidence.,Parker Fittings Catalog.pdf,English,305,30482-6-6B,Parker Fittings Catalog,SRC-0102,,Parker Hannifin,30482-6-6B 3 Hose Union,37,30482-6-6B 3 Hose Union,,pg-tools-hose,"['human-consumer', 'human-needs', 'need-tools-repair', 'need-tools-repair-hose-fittings', 'pg-tools-hose', 'pg-tools-hose-page-015', 'item-cat-004460']",
True,Historical catalog; technical reference,2015,Industrial Hose / Fittings / Couplings,pg-tools-hose,Industrial Hose / Fittings / Couplings,,Hose Products Division,English,79,"Parker Fittings Catalog, PDF page 305",72,medium,table_row,need-tools-repair-hose-fittings,need-tools-repair-hose-fittings,88,,B-199 Hose Products Division,2015,Parker Hannifin,high,B-199,need-tools-repair,90,Tools / Hose / Fittings,16,pg-tools-hose-page-017,B-199,B-199 Hose Products Division,item-cat-004461,,"Verify current equivalent, price, availability and specifications before purchase.",CAT-004461,catalog-product,Extracted English catalog record — current status and price require verification,catalog_product,25,,Provisional heuristic; recalculate from User Profile and current offer evidence.,Parker Fittings Catalog.pdf,English,305,B-199,Parker Fittings Catalog,SRC-0102,,Parker Hannifin,B-199 Hose Products Division,37,B-199 Hose Products Division,,pg-tools-hose,"['human-consumer', 'human-needs', 'need-tools-repair', 'need-tools-repair-hose-fittings', 'pg-tools-hose', 'pg-tools-hose-page-017', 'item-cat-004461']",
True,Historical catalog; technical reference,2015,Industrial Hose / Fittings / Couplings,pg-tools-hose,Industrial Hose / Fittings / Couplings,,801-8 100 Feet 1/2” I.D.,English,83,"Parker Fittings Catalog, PDF page 306",72,medium,table_row,need-tools-repair-hose-fittings,need-tools-repair-hose-fittings,81,,801-8 100 Feet 1/2” I.D.,2015,Parker Hannifin,high,30682-6-6B,need-tools-repair,90,Tools / Hose / Fittings,16,pg-tools-hose-page-016,30682-6-6B,801-8 100 Feet 1/2” I.D.,item-cat-004462,,"Verify current equivalent, price, availability and specifications before purchase.",CAT-004462,catalog-product,Extracted English catalog record — current status and price require verification,catalog_product,14,,Provisional heuristic; recalculate from User Profile and current offer evidence.,Parker Fittings Catalog.pdf,English,306,30682-6-6B,Parker Fittings Catalog,SRC-0102,,Parker Hannifin,30182-6-6B 30682-6-6B,37,801-8 100 Feet 1/2” I.D.,,pg-tools-hose,"['human-consumer', 'human-needs', 'need-tools-repair', 'need-tools-repair-hose-fittings', 'pg-tools-hose', 'pg-tools-hose-page-016', 'item-cat-004462']",
True,Historical catalog; technical reference,2015,Industrial Hose / Fittings / Couplings,pg-tools-hose,Industrial Hose / Fittings / Couplings,,801-8 100 Feet 1/2” I.D.,English,85,"Parker Fittings Catalog, PDF page 306",72,medium,table_row,need-tools-repair-hose-fittings,need-tools-repair-hose-fittings,82,,801-8 100 Feet 1/2” I.D.,2015,Parker Hannifin,high,30682-8-8B,need-tools-repair,90,Tools / Hose / Fittings,16,pg-tools-hose-page-016,30682-8-8B,801-8 100 Feet 1/2” I.D.,item-cat-004463,,"Verify current equivalent, price, availability and specifications before purchase.",CAT-004463,catalog-product,Extracted English catalog record — current status and price require verification,catalog_product,18,,Provisional heuristic; recalculate from User Profile and current offer evidence.,Parker Fittings Catalog.pdf,English,306,30682-8-8B,Parker Fittings Catalog,SRC-0102,,Parker Hannifin,30182-8-8B 30682-8-8B,37,801-8 100 Feet 1/2” I.D.,,pg-tools-hose,"['human-consumer', 'human-needs', 'need-tools-repair', 'need-tools-repair-hose-fittings', 'pg-tools-hose', 'pg-tools-hose-page-016', 'item-cat-004463']",
True,Historical catalog; technical reference,2015,Industrial Hose / Fittings / Couplings,pg-tools-hose,Industrial Hose / Fittings / Couplings,,801-8 100 Feet 1/2” I.D.,English,78,"Parker Fittings Catalog, PDF page 306",72,medium,table_row,need-tools-repair-hose-fittings,need-tools-repair-hose-fittings,87,,801-8 100 Feet 1/2” I.D.,2015,Parker Hannifin,high,30882-6-6B,need-tools-repair,90,Tools / Hose / Fittings,16,pg-tools-hose-page-016,30882-6-6B,801-8 100 Feet 1/2” I.D.,item-cat-004464,,"Verify current equivalent, price, availability and specifications before purchase.",CAT-004464,catalog-product,Extracted English catalog record — current status and price require verification,catalog_product,19,,Provisional heuristic; recalculate from User Profile and current offer evidence.,Parker Fittings Catalog.pdf,English,306,30882-6-6B,Parker Fittings Catalog,SRC-0102,,Parker Hannifin,30182-4-4B 30682-4-4B 30882-6-6B,37,801-8 100 Feet 1/2” I.D.,,pg-tools-hose,"['human-consumer', 'human-needs', 'need-tools-repair', 'need-tools-repair-hose-fittings', 'pg-tools-hose', 'pg-tools-hose-page-016', 'item-cat-004464']",
True,Historical catalog; technical reference,2015,Industrial Hose / Fittings / Couplings,pg-tools-hose,Industrial Hose / Fittings / Couplings,,Hose Products Division,English,82,"Parker Fittings Catalog, PDF page 306",72,medium,table_row,need-tools-repair-hose-fittings,need-tools-repair-hose-fittings,88,,B-200 Hose Products Division,2015,Parker Hannifin,high,B-200,need-tools-repair,90,Tools / Hose / Fittings,16,pg-tools-hose-page-017,B-200,B-200 Hose Products Division,item-cat-004465,,"Verify current equivalent, price, availability and specifications before purchase.",CAT-004465,catalog-product,Extracted English catalog record — current status and price require verification,catalog_product,26,,Provisional heuristic; recalculate from User Profile and current offer evidence.,Parker Fittings Catalog.pdf,English,306,B-200,Parker Fittings Catalog,SRC-0102,,Parker Hannifin,B-200 Hose Products Division,37,B-200 Hose Products Division,,pg-tools-hose,"['human-consumer', 'human-needs', 'need-tools-repair', 'need-tools-repair-hose-fittings', 'pg-tools-hose', 'pg-tools-hose-page-017', 'item-cat-004465']",
True,Historical catalog; technical reference,2015,Industrial Hose / Fittings / Couplings,pg-tools-hose,Industrial Hose / Fittings / Couplings,,Caution: Insert the Push-Lok fitting all the way into the Push,English,81,"Parker Fittings Catalog, PDF page 307",72,medium,table_row,need-tools-repair-hose-fittings,need-tools-repair-hose-fittings,84,,Disassembly Instructions B,2015,Parker Hannifin,high,1A,need-tools-repair,90,Tools / Hose / Fittings,16,pg-tools-hose-page-019,1A,Disassembly Instructions B,item-cat-004466,,"Verify current equivalent, price, availability and specifications before purchase.",CAT-004466,catalog-product,Extracted English catalog record — current status and price require verification,catalog_product,18,,Provisional heuristic; recalculate from User Profile and current offer evidence.,Parker Fittings Catalog.pdf,English,307,1A,Parker Fittings Catalog,SRC-0102,,Parker Hannifin,1A Caution: Insert the Push-Lok fitting all the way into the Push,37,Disassembly Instructions B,,pg-tools-hose,"['human-consumer', 'human-needs', 'need-tools-repair', 'need-tools-repair-hose-fittings', 'pg-tools-hose', 'pg-tools-hose-page-019', 'item-cat-004466']",
True,Historical catalog; technical reference,2015,Industrial Hose / Fittings / Couplings,pg-tools-hose,Industrial Hose / Fittings / Couplings,,OR APPLICATION OF THE PRODUCTS CONTAINED IN THIS,English,79,"Parker Fittings Catalog, PDF page 307",72,medium,table_row,need-tools-repair-hose-fittings,need-tools-repair-hose-fittings,83,,2A OR APPLICATION OF THE PRODUCTS CONTAINED IN THIS,2015,Parker Hannifin,high,2A,need-tools-repair,90,Tools / Hose / Fittings,16,pg-tools-hose-page-015,2A,2A OR APPLICATION OF THE PRODUCTS CONTAINED IN THIS,item-cat-004467,,"Verify current equivalent, price, availability and specifications before purchase.",CAT-004467,catalog-product,Extracted English catalog record — current status and price require verification,catalog_product,17,,Provisional heuristic; recalculate from User Profile and current offer evidence.,Parker Fittings Catalog.pdf,English,307,2A,Parker Fittings Catalog,SRC-0102,,Parker Hannifin,2A OR APPLICATION OF THE PRODUCTS CONTAINED IN THIS,37,2A OR APPLICATION OF THE PRODUCTS CONTAINED IN THIS,,pg-tools-hose,"['human-consumer', 'human-needs', 'need-tools-repair', 'need-tools-repair-hose-fittings', 'pg-tools-hose', 'pg-tools-hose-page-015', 'item-cat-004467']",
True,Historical catalog; technical reference,2015,Industrial Hose / Fittings / Couplings,pg-tools-hose,Industrial Hose / Fittings / Couplings,,Hose Products Division,English,80,"Parker Fittings Catalog, PDF page 308",72,medium,table_row,need-tools-repair-hose-fittings,need-tools-repair-hose-fittings,82,,B-202 Hose Products Division,2015,Parker Hannifin,high,B-202,need-tools-repair,90,Tools / Hose / Fittings,16,pg-tools-hose-page-017,B-202,B-202 Hose Products Division,item-cat-004468,,"Verify current equivalent, price, availability and specifications before purchase.",CAT-004468,catalog-product,Extracted English catalog record — current status and price require verification,catalog_product,26,,Provisional heuristic; recalculate from User Profile and current offer evidence.,Parker Fittings Catalog.pdf,English,308,B-202,Parker Fittings Catalog,SRC-0102,,Parker Hannifin,B-202 Hose Products Division,37,B-202 Hose Products Division,,pg-tools-hose,"['human-consumer', 'human-needs', 'need-tools-repair', 'need-tools-repair-hose-fittings', 'pg-tools-hose', 'pg-tools-hose-page-017', 'item-cat-004468']",
True,Historical catalog; technical reference,2015,Industrial Hose / Fittings / Couplings,pg-tools-hose,Industrial Hose / Fittings / Couplings,,Hose Products Division,English,85,"Parker Fittings Catalog, PDF page 309",72,medium,table_row,need-tools-repair-hose-fittings,need-tools-repair-hose-fittings,84,,B-203 Hose Products Division,2015,Parker Hannifin,high,B-203,need-tools-repair,90,Tools / Hose / Fittings,16,pg-tools-hose-page-017,B-203,B-203 Hose Products Division,item-cat-004469,,"Verify current equivalent, price, availability and specifications before purchase.",CAT-004469,catalog-product,Extracted English catalog record — current status and price require verification,catalog_product,20,,Provisional heuristic; recalculate from User Profile and current offer evidence.,Parker Fittings Catalog.pdf,English,309,B-203,Parker Fittings Catalog,SRC-0102,,Parker Hannifin,B-203 Hose Products Division,37,B-203 Hose Products Division,,pg-tools-hose,"['human-consumer', 'human-needs', 'need-tools-repair', 'need-tools-repair-hose-fittings', 'pg-tools-hose', 'pg-tools-hose-page-017', 'item-cat-004469']",
True,Historical catalog; technical reference,2015,Industrial Hose / Fittings / Couplings,pg-tools-hose,Industrial Hose / Fittings / Couplings,,1788 B-206 1988 B-206 JS88 B-206 JC88 B-207 J788 B-207,English,85,"Parker Fittings Catalog, PDF page 309",72,medium,table_row,need-tools-repair-hose-fittings,need-tools-repair-hose-fittings,84,,1788 B-206 1988 B-206 JS88 B-206 JC88 B-207 J788 B-207,2015,Parker Hannifin,high,B-207,need-tools-repair,90,Tools / Hose / Fittings,16,pg-tools-hose-page-014,B-207,1788 B-206 1988 B-206 JS88 B-206 JC88 B-207 J788 B-207,item-cat-004470,,"Verify current equivalent, price, availability and specifications before purchase.",CAT-004470,catalog-product,Extracted English catalog record — current status and price require verification,catalog_product,24,,Provisional heuristic; recalculate from User Profile and current offer evidence.,Parker Fittings Catalog.pdf,English,309,B-207,Parker Fittings Catalog,SRC-0102,,Parker Hannifin,1788 B-206 1988 B-206 JS88 B-206 JC88 B-207 J788 B-207,37,1788 B-206 1988 B-206 JS88 B-206 JC88 B-207 J788 B-207,,pg-tools-hose,"['human-consumer', 'human-needs', 'need-tools-repair', 'need-tools-repair-hose-fittings', 'pg-tools-hose', 'pg-tools-hose-page-014', 'item-cat-004470']",
True,Historical catalog; technical reference,2015,Industrial Hose / Fittings / Couplings,pg-tools-hose,Industrial Hose / Fittings / Couplings,,81 Series consists of 10081,English,78,"Parker Fittings Catalog, PDF page 309",72,medium,table_row,need-tools-repair-hose-fittings,need-tools-repair-hose-fittings,83,,Face Seal,2015,Parker Hannifin,high,B-208,need-tools-repair,90,Tools / Hose / Fittings,16,pg-tools-hose-page-020,B-208,Face Seal,item-cat-004471,,"Verify current equivalent, price, availability and specifications before purchase.",CAT-004471,catalog-product,Extracted English catalog record — current status and price require verification,catalog_product,15,,Provisional heuristic; recalculate from User Profile and current offer evidence.,Parker Fittings Catalog.pdf,English,309,B-208,Parker Fittings Catalog,SRC-0102,,Parker Hannifin,J988 B-207 8888 B-208 81 Series consists of 10081 B-208 B,37,Face Seal,,pg-tools-hose,"['human-consumer', 'human-needs', 'need-tools-repair', 'need-tools-repair-hose-fittings', 'pg-tools-hose', 'pg-tools-hose-page-020', 'item-cat-004471']",
True,Historical catalog; technical reference,2015,Industrial Hose / Fittings / Couplings,pg-tools-hose,Industrial Hose / Fittings / Couplings,,90 ̊ Elbow Union Crimp Shell C,English,82,"Parker Fittings Catalog, PDF page 309",72,medium,table_row,need-tools-repair-hose-fittings,need-tools-repair-hose-fittings,86,,90 ̊ Elbow Union Crimp Shell C,2015,Parker Hannifin,high,B-209,need-tools-repair,90,Tools / Hose / Fittings,16,pg-tools-hose-page-016,B-209,90 ̊ Elbow Union Crimp Shell C,item-cat-004472,,"Verify current equivalent, price, availability and specifications before purchase.",CAT-004472,catalog-product,Extracted English catalog record — current status and price require verification,catalog_product,19,,Provisional heuristic; recalculate from User Profile and current offer evidence.,Parker Fittings Catalog.pdf,English,309,B-209,Parker Fittings Catalog,SRC-0102,,Parker Hannifin,88HC B-208 88HC-H B-208 88DB B-208 88 Series B-209,37,90 ̊ Elbow Union Crimp Shell C,,pg-tools-hose,"['human-consumer', 'human-needs', 'need-tools-repair', 'need-tools-repair-hose-fittings', 'pg-tools-hose', 'pg-tools-hose-page-016', 'item-cat-004472']",
True,Historical catalog; technical reference,2015,Industrial Hose / Fittings / Couplings,pg-tools-hose,Industrial Hose / Fittings / Couplings,,Hose Products Division,English,79,"Parker Fittings Catalog, PDF page 312",72,medium,table_row,need-tools-repair-hose-fittings,need-tools-repair-hose-fittings,82,,B-206 Hose Products Division,2015,Parker Hannifin,high,B-206,need-tools-repair,90,Tools / Hose / Fittings,16,pg-tools-hose-page-017,B-206,B-206 Hose Products Division,item-cat-004473,,"Verify current equivalent, price, availability and specifications before purchase.",CAT-004473,catalog-product,Extracted English catalog record — current status and price require verification,catalog_product,24,,Provisional heuristic; recalculate from User Profile and current offer evidence.,Parker Fittings Catalog.pdf,English,312,B-206,Parker Fittings Catalog,SRC-0102,,Parker Hannifin,B-206 Hose Products Division,37,B-206 Hose Products Division,,pg-tools-hose,"['human-consumer', 'human-needs', 'need-tools-repair', 'need-tools-repair-hose-fittings', 'pg-tools-hose', 'pg-tools-hose-page-017', 'item-cat-004473']",
True,Historical catalog; technical reference,2015,Industrial Hose / Fittings / Couplings,pg-tools-hose,Industrial Hose / Fittings / Couplings,,A Part Hose I.D. A,English,79,"Parker Fittings Catalog, PDF page 314",72,medium,table_row,need-tools-repair-hose-fittings,need-tools-repair-hose-fittings,88,,A Part Hose I.D. A,2015,Parker Hannifin,high,10081,need-tools-repair,90,Tools / Hose / Fittings,16,pg-tools-hose-page-016,10081,A Part Hose I.D. A,item-cat-004474,,"Verify current equivalent, price, availability and specifications before purchase.",CAT-004474,catalog-product,Extracted English catalog record — current status and price require verification,catalog_product,22,,Provisional heuristic; recalculate from User Profile and current offer evidence.,Parker Fittings Catalog.pdf,English,314,10081,Parker Fittings Catalog,SRC-0102,,Parker Hannifin,88HC 10081,37,A Part Hose I.D. A,,pg-tools-hose,"['human-consumer', 'human-needs', 'need-tools-repair', 'need-tools-repair-hose-fittings', 'pg-tools-hose', 'pg-tools-hose-page-016', 'item-cat-004474']",
True,Historical catalog; technical reference,2015,Industrial Hose / Fittings / Couplings,pg-tools-hose,Industrial Hose / Fittings / Couplings,,Hose Products Division,English,80,"Parker Fittings Catalog, PDF page 316",72,medium,table_row,need-tools-repair-hose-fittings,need-tools-repair-hose-fittings,79,,B-210 Hose Products Division,2015,Parker Hannifin,high,B-210,need-tools-repair,90,Tools / Hose / Fittings,16,pg-tools-hose-page-017,B-210,B-210 Hose Products Division,item-cat-004475,,"Verify current equivalent, price, availability and specifications before purchase.",CAT-004475,catalog-product,Extracted English catalog record — current status and price require verification,catalog_product,18,,Provisional heuristic; recalculate from User Profile and current offer evidence.,Parker Fittings Catalog.pdf,English,316,B-210,Parker Fittings Catalog,SRC-0102,,Parker Hannifin,B-210 Hose Products Division,37,B-210 Hose Products Division,,pg-tools-hose,"['human-consumer', 'human-needs', 'need-tools-repair', 'need-tools-repair-hose-fittings', 'pg-tools-hose', 'pg-tools-hose-page-017', 'item-cat-004475']",
True,Historical catalog; technical reference,2015,Industrial Hose / Fittings / Couplings,pg-tools-hose,Industrial Hose / Fittings / Couplings,,Hose Products Division,English,79,"Parker Fittings Catalog, PDF page 317",72,medium,table_row,need-tools-repair-hose-fittings,need-tools-repair-hose-fittings,85,,B-211 Hose Products Division,2015,Parker Hannifin,high,B-211,need-tools-repair,90,Tools / Hose / Fittings,16,pg-tools-hose-page-017,B-211,B-211 Hose Products Division,item-cat-004476,,"Verify current equivalent, price, availability and specifications before purchase.",CAT-004476,catalog-product,Extracted English catalog record — current status and price require verification,catalog_product,21,,Provisional heuristic; recalculate from User Profile and current offer evidence.,Parker Fittings Catalog.pdf,English,317,B-211,Parker Fittings Catalog,SRC-0102,,Parker Hannifin,B-211 Hose Products Division,37,B-211 Hose Products Division,,pg-tools-hose,"['human-consumer', 'human-needs', 'need-tools-repair', 'need-tools-repair-hose-fittings', 'pg-tools-hose', 'pg-tools-hose-page-017', 'item-cat-004476']",
True,Historical catalog; technical reference,2015,Industrial Hose / Fittings / Couplings,pg-tools-hose,Industrial Hose / Fittings / Couplings,,01TB B-212 31TB B-212 21TB B-212 05TB B-213,English,80,"Parker Fittings Catalog, PDF page 317",72,medium,table_row,need-tools-repair-hose-fittings,need-tools-repair-hose-fittings,82,,01TB B-212 31TB B-212 21TB B-212 05TB B-213,2015,Parker Hannifin,high,B-213,need-tools-repair,90,Tools / Hose / Fittings,16,pg-tools-hose-page-013,B-213,01TB B-212 31TB B-212 21TB B-212 05TB B-213,item-cat-004477,,"Verify current equivalent, price, availability and specifications before purchase.",CAT-004477,catalog-product,Extracted English catalog record — current status and price require verification,catalog_product,22,,Provisional heuristic; recalculate from User Profile and current offer evidence.,Parker Fittings Catalog.pdf,English,317,B-213,Parker Fittings Catalog,SRC-0102,,Parker Hannifin,01TB B-212 31TB B-212 21TB B-212 05TB B-213,37,01TB B-212 31TB B-212 21TB B-212 05TB B-213,,pg-tools-hose,"['human-consumer', 'human-needs', 'need-tools-repair', 'need-tools-repair-hose-fittings', 'pg-tools-hose', 'pg-tools-hose-page-013', 'item-cat-004477']",
True,Historical catalog; technical reference,2015,Industrial Hose / Fittings / Couplings,pg-tools-hose,Industrial Hose / Fittings / Couplings,,Hose Products Division,English,83,"Parker Fittings Catalog, PDF page 320",72,medium,table_row,need-tools-repair-hose-fittings,need-tools-repair-hose-fittings,84,,B-214 Hose Products Division,2015,Parker Hannifin,high,B-214,need-tools-repair,90,Tools / Hose / Fittings,16,pg-tools-hose-page-017,B-214,B-214 Hose Products Division,item-cat-004478,,"Verify current equivalent, price, availability and specifications before purchase.",CAT-004478,catalog-product,Extracted English catalog record — current status and price require verification,catalog_product,24,,Provisional heuristic; recalculate from User Profile and current offer evidence.,Parker Fittings Catalog.pdf,English,320,B-214,Parker Fittings Catalog,SRC-0102,,Parker Hannifin,B-214 Hose Products Division,37,B-214 Hose Products Division,,pg-tools-hose,"['human-consumer', 'human-needs', 'need-tools-repair', 'need-tools-repair-hose-fittings', 'pg-tools-hose', 'pg-tools-hose-page-017', 'item-cat-004478']",
True,Historical catalog; technical reference,2015,Industrial Hose / Fittings / Couplings,pg-tools-hose,Industrial Hose / Fittings / Couplings,,Parkrimp and Conversion Kits,English,86,"Parker Fittings Catalog, PDF page 322",72,medium,table_row,need-tools-repair-hose-fittings,need-tools-repair-hose-fittings,83,,Visual Index,2015,Parker Hannifin,high,C-15,need-tools-repair,90,Tools / Hose / Fittings,16,pg-tools-hose-page-023,C-15,Visual Index,item-cat-004479,,"Verify current equivalent, price, availability and specifications before purchase.",CAT-004479,catalog-product,Extracted English catalog record — current status and price require verification,catalog_product,19,,Provisional heuristic; recalculate from User Profile and current offer evidence.,Parker Fittings Catalog.pdf,English,322,C-15,Parker Fittings Catalog,SRC-0102,,Parker Hannifin,Crimpsource C-15 Parkrimp and Conversion Kits C-20,37,Visual Index,,pg-tools-hose,"['human-consumer', 'human-needs', 'need-tools-repair', 'need-tools-repair-hose-fittings', 'pg-tools-hose', 'pg-tools-hose-page-023', 'item-cat-004479']",
True,Historical catalog; technical reference,2015,Industrial Hose / Fittings / Couplings,pg-tools-hose,Industrial Hose / Fittings / Couplings,,Twin-Tough Instructions C-16-19,English,85,"Parker Fittings Catalog, PDF page 322",72,medium,table_row,need-tools-repair-hose-fittings,need-tools-repair-hose-fittings,88,,Twin-Tough Instructions C-16-19,2015,Parker Hannifin,high,C-16-19,need-tools-repair,90,Tools / Hose / Fittings,16,pg-tools-hose-page-023,C-16-19,Twin-Tough Instructions C-16-19,item-cat-004480,,"Verify current equivalent, price, availability and specifications before purchase.",CAT-004480,catalog-product,Extracted English catalog record — current status and price require verification,catalog_product,23,,Provisional heuristic; recalculate from User Profile and current offer evidence.,Parker Fittings Catalog.pdf,English,322,C-16-19,Parker Fittings Catalog,SRC-0102,,Parker Hannifin,Twin-Tough Instructions C-16-19,37,Twin-Tough Instructions C-16-19,,pg-tools-hose,"['human-consumer', 'human-needs', 'need-tools-repair', 'need-tools-repair-hose-fittings', 'pg-tools-hose', 'pg-tools-hose-page-023', 'item-cat-004480']",
True,Historical catalog; technical reference,2015,Industrial Hose / Fittings / Couplings,pg-tools-hose,Industrial Hose / Fittings / Couplings,,Hose Products Division,English,83,"Parker Fittings Catalog, PDF page 322",72,medium,table_row,need-tools-repair-hose-fittings,need-tools-repair-hose-fittings,89,,C-2 Hose Products Division,2015,Parker Hannifin,high,C-2,need-tools-repair,90,Tools / Hose / Fittings,16,pg-tools-hose-page-018,C-2,C-2 Hose Products Division,item-cat-004481,,"Verify current equivalent, price, availability and specifications before purchase.",CAT-004481,catalog-product,Extracted English catalog record — current status and price require verification,catalog_product,23,,Provisional heuristic; recalculate from User Profile and current offer evidence.,Parker Fittings Catalog.pdf,English,322,C-2,Parker Fittings Catalog,SRC-0102,,Parker Hannifin,C-2 Hose Products Division,37,C-2 Hose Products Division,,pg-tools-hose,"['human-consumer', 'human-needs', 'need-tools-repair', 'need-tools-repair-hose-fittings', 'pg-tools-hose', 'pg-tools-hose-page-018', 'item-cat-004481']",
True,Historical catalog; technical reference,2015,Industrial Hose / Fittings / Couplings,pg-tools-hose,Industrial Hose / Fittings / Couplings,,Karrykrimp Bench Mount,English,83,"Parker Fittings Catalog, PDF page 322",72,medium,table_row,need-tools-repair-hose-fittings,need-tools-repair-hose-fittings,84,,Visual Index,2015,Parker Hannifin,high,C-8,need-tools-repair,90,Tools / Hose / Fittings,16,pg-tools-hose-page-023,C-8,Visual Index,item-cat-004482,,"Verify current equivalent, price, availability and specifications before purchase.",CAT-004482,catalog-product,Extracted English catalog record — current status and price require verification,catalog_product,22,,Provisional heuristic; recalculate from User Profile and current offer evidence.,Parker Fittings Catalog.pdf,English,322,C-8,Parker Fittings Catalog,SRC-0102,,Parker Hannifin,Karrykrimp C-8 Karrykrimp Bench Mount C-8 Karrykrimp 2 C-10,37,Visual Index,,pg-tools-hose,"['human-consumer', 'human-needs', 'need-tools-repair', 'need-tools-repair-hose-fittings', 'pg-tools-hose', 'pg-tools-hose-page-023', 'item-cat-004482']",
True,Historical catalog; technical reference,2015,Industrial Hose / Fittings / Couplings,pg-tools-hose,Industrial Hose / Fittings / Couplings,,and 83C-0DR,English,82,"Parker Fittings Catalog, PDF page 323",72,medium,table_row,need-tools-repair-hose-fittings,need-tools-repair-hose-fittings,87,,TH11-1 C-24 432-115V C-25 80C-0DR and 83C-0DR C-25,2015,Parker Hannifin,high,80C-0DR,need-tools-repair,90,Tools / Hose / Fittings,16,pg-tools-hose-page-023,80C-0DR,TH11-1 C-24 432-115V C-25 80C-0DR and 83C-0DR C-25,item-cat-004483,,"Verify current equivalent, price, availability and specifications before purchase.",CAT-004483,catalog-product,Extracted English catalog record — current status and price require verification,catalog_product,18,,Provisional heuristic; recalculate from User Profile and current offer evidence.,Parker Fittings Catalog.pdf,English,323,80C-0DR,Parker Fittings Catalog,SRC-0102,,Parker Hannifin,TH11-1 C-24 432-115V C-25 80C-0DR and 83C-0DR C-25,37,TH11-1 C-24 432-115V C-25 80C-0DR and 83C-0DR C-25,,pg-tools-hose,"['human-consumer', 'human-needs', 'need-tools-repair', 'need-tools-repair-hose-fittings', 'pg-tools-hose', 'pg-tools-hose-page-023', 'item-cat-004483']",
True,Historical catalog; technical reference,2015,Industrial Hose / Fittings / Couplings,pg-tools-hose,Industrial Hose / Fittings / Couplings,,TH11-1 C-24 432-115V C-25 80C-0DR and 83C-0DR C-25,English,81,"Parker Fittings Catalog, PDF page 323",72,medium,table_row,need-tools-repair-hose-fittings,need-tools-repair-hose-fittings,87,,TH11-1 C-24 432-115V C-25 80C-0DR and 83C-0DR C-25,2015,Parker Hannifin,high,C-25,need-tools-repair,90,Tools / Hose / Fittings,16,pg-tools-hose-page-023,C-25,TH11-1 C-24 432-115V C-25 80C-0DR and 83C-0DR C-25,item-cat-004484,,"Verify current equivalent, price, availability and specifications before purchase.",CAT-004484,catalog-product,Extracted English catalog record — current status and price require verification,catalog_product,20,,Provisional heuristic; recalculate from User Profile and current offer evidence.,Parker Fittings Catalog.pdf,English,323,C-25,Parker Fittings Catalog,SRC-0102,,Parker Hannifin,TH11-1 C-24 432-115V C-25 80C-0DR and 83C-0DR C-25,37,TH11-1 C-24 432-115V C-25 80C-0DR and 83C-0DR C-25,,pg-tools-hose,"['human-consumer', 'human-needs', 'need-tools-repair', 'need-tools-repair-hose-fittings', 'pg-tools-hose', 'pg-tools-hose-page-023', 'item-cat-004484']",
True,Historical catalog; technical reference,2015,Industrial Hose / Fittings / Couplings,pg-tools-hose,Industrial Hose / Fittings / Couplings,,"2727 and 2726 C-26 TH2-7M25-6, TH2-7M25-8 C-26 652201 C-26",English,80,"Parker Fittings Catalog, PDF page 323",72,medium,table_row,need-tools-repair-hose-fittings,need-tools-repair-hose-fittings,81,,"2727 and 2726 C-26 TH2-7M25-6, TH2-7M25-8 C-26 652201 C-26",2015,Parker Hannifin,high,C-26,need-tools-repair,90,Tools / Hose / Fittings,16,pg-tools-hose-page-015,C-26,"2727 and 2726 C-26 TH2-7M25-6, TH2-7M25-8 C-26 652201 C-26",item-cat-004485,,"Verify current equivalent, price, availability and specifications before purchase.",CAT-004485,catalog-product,Extracted English catalog record — current status and price require verification,catalog_product,24,,Provisional heuristic; recalculate from User Profile and current offer evidence.,Parker Fittings Catalog.pdf,English,323,C-26,Parker Fittings Catalog,SRC-0102,,Parker Hannifin,"2727 and 2726 C-26 TH2-7M25-6, TH2-7M25-8 C-26 652201 C-26",37,"2727 and 2726 C-26 TH2-7M25-6, TH2-7M25-8 C-26 652201 C-26",,pg-tools-hose,"['human-consumer', 'human-needs', 'need-tools-repair', 'need-tools-repair-hose-fittings', 'pg-tools-hose', 'pg-tools-hose-page-015', 'item-cat-004485']",
True,Historical catalog; technical reference,2015,Industrial Hose / Fittings / Couplings,pg-tools-hose,Industrial Hose / Fittings / Couplings,,Hose Products Division,English,81,"Parker Fittings Catalog, PDF page 323",72,medium,table_row,need-tools-repair-hose-fittings,need-tools-repair-hose-fittings,82,,C-3 Hose Products Division,2015,Parker Hannifin,high,C-3,need-tools-repair,90,Tools / Hose / Fittings,16,pg-tools-hose-page-018,C-3,C-3 Hose Products Division,item-cat-004486,,"Verify current equivalent, price, availability and specifications before purchase.",CAT-004486,catalog-product,Extracted English catalog record — current status and price require verification,catalog_product,16,,Provisional heuristic; recalculate from User Profile and current offer evidence.,Parker Fittings Catalog.pdf,English,323,C-3,Parker Fittings Catalog,SRC-0102,,Parker Hannifin,C-3 Hose Products Division,37,C-3 Hose Products Division,,pg-tools-hose,"['human-consumer', 'human-needs', 'need-tools-repair', 'need-tools-repair-hose-fittings', 'pg-tools-hose', 'pg-tools-hose-page-018', 'item-cat-004486']",
True,Historical catalog; technical reference,2015,Industrial Hose / Fittings / Couplings,pg-tools-hose,Industrial Hose / Fittings / Couplings,,Small Crimper Hood C-27 Large Crimper Hood C-27,English,82,"Parker Fittings Catalog, PDF page 324",72,medium,table_row,need-tools-repair-hose-fittings,need-tools-repair-hose-fittings,80,,Small Crimper Hood C-27 Large Crimper Hood C-27,2015,Parker Hannifin,high,C-27,need-tools-repair,90,Tools / Hose / Fittings,16,pg-tools-hose-page-022,C-27,Small Crimper Hood C-27 Large Crimper Hood C-27,item-cat-004487,,"Verify current equivalent, price, availability and specifications before purchase.",CAT-004487,catalog-product,Extracted English catalog record — current status and price require verification,catalog_product,23,,Provisional heuristic; recalculate from User Profile and current offer evidence.,Parker Fittings Catalog.pdf,English,324,C-27,Parker Fittings Catalog,SRC-0102,,Parker Hannifin,Small Crimper Hood C-27 Large Crimper Hood C-27,37,Small Crimper Hood C-27 Large Crimper Hood C-27,,pg-tools-hose,"['human-consumer', 'human-needs', 'need-tools-repair', 'need-tools-repair-hose-fittings', 'pg-tools-hose', 'pg-tools-hose-page-022', 'item-cat-004487']",
True,Historical catalog; technical reference,2015,Industrial Hose / Fittings / Couplings,pg-tools-hose,Industrial Hose / Fittings / Couplings,,Hose Products Division,English,81,"Parker Fittings Catalog, PDF page 324",72,medium,table_row,need-tools-repair-hose-fittings,need-tools-repair-hose-fittings,87,,C-4 Hose Products Division,2015,Parker Hannifin,high,C-4,need-tools-repair,90,Tools / Hose / Fittings,16,pg-tools-hose-page-018,C-4,C-4 Hose Products Division,item-cat-004488,,"Verify current equivalent, price, availability and specifications before purchase.",CAT-004488,catalog-product,Extracted English catalog record — current status and price require verification,catalog_product,20,,Provisional heuristic; recalculate from User Profile and current offer evidence.,Parker Fittings Catalog.pdf,English,324,C-4,Parker Fittings Catalog,SRC-0102,,Parker Hannifin,C-4 Hose Products Division,37,C-4 Hose Products Division,,pg-tools-hose,"['human-consumer', 'human-needs', 'need-tools-repair', 'need-tools-repair-hose-fittings', 'pg-tools-hose', 'pg-tools-hose-page-018', 'item-cat-004488']",
True,Historical catalog; technical reference,2015,Industrial Hose / Fittings / Couplings,pg-tools-hose,Industrial Hose / Fittings / Couplings,,Hose Products Division,English,85,"Parker Fittings Catalog, PDF page 325",72,medium,table_row,need-tools-repair-hose-fittings,need-tools-repair-hose-fittings,82,,C-5 Hose Products Division,2015,Parker Hannifin,high,C-5,need-tools-repair,90,Tools / Hose / Fittings,16,pg-tools-hose-page-019,C-5,C-5 Hose Products Division,item-cat-004489,,"Verify current equivalent, price, availability and specifications before purchase.",CAT-004489,catalog-product,Extracted English catalog record — current status and price require verification,catalog_product,15,,Provisional heuristic; recalculate from User Profile and current offer evidence.,Parker Fittings Catalog.pdf,English,325,C-5,Parker Fittings Catalog,SRC-0102,,Parker Hannifin,C-5 Hose Products Division,37,C-5 Hose Products Division,,pg-tools-hose,"['human-consumer', 'human-needs', 'need-tools-repair', 'need-tools-repair-hose-fittings', 'pg-tools-hose', 'pg-tools-hose-page-019', 'item-cat-004489']",
True,Historical catalog; technical reference,2015,Industrial Hose / Fittings / Couplings,pg-tools-hose,Industrial Hose / Fittings / Couplings,,crimp. parts to mismatch,English,79,"Parker Fittings Catalog, PDF page 326",72,medium,table_row,need-tools-repair-hose-fittings,need-tools-repair-hose-fittings,84,,Parkrimp System. With Parkrimp,2015,Parker Hannifin,high,360-degree,need-tools-repair,90,Tools / Hose / Fittings,16,pg-tools-hose-page-020,360-degree,Parkrimp System. With Parkrimp,item-cat-004490,,"Verify current equivalent, price, availability and specifications before purchase.",CAT-004490,catalog-product,Extracted English catalog record — current status and price require verification,catalog_product,24,,Provisional heuristic; recalculate from User Profile and current offer evidence.,Parker Fittings Catalog.pdf,English,326,360-degree,Parker Fittings Catalog,SRC-0102,,Parker Hannifin,360-degree crimp. parts to mismatch,37,Parkrimp System. With Parkrimp,,pg-tools-hose,"['human-consumer', 'human-needs', 'need-tools-repair', 'need-tools-repair-hose-fittings', 'pg-tools-hose', 'pg-tools-hose-page-020', 'item-cat-004490']",
True,Historical catalog; technical reference,2015,Industrial Hose / Fittings / Couplings,pg-tools-hose,Industrial Hose / Fittings / Couplings,,Hose Products Division,English,86,"Parker Fittings Catalog, PDF page 326",72,medium,table_row,need-tools-repair-hose-fittings,need-tools-repair-hose-fittings,84,,C-6 Hose Products Division,2015,Parker Hannifin,high,C-6,need-tools-repair,90,Tools / Hose / Fittings,16,pg-tools-hose-page-019,C-6,C-6 Hose Products Division,item-cat-004491,,"Verify current equivalent, price, availability and specifications before purchase.",CAT-004491,catalog-product,Extracted English catalog record — current status and price require verification,catalog_product,22,,Provisional heuristic; recalculate from User Profile and current offer evidence.,Parker Fittings Catalog.pdf,English,326,C-6,Parker Fittings Catalog,SRC-0102,,Parker Hannifin,C-6 Hose Products Division,37,C-6 Hose Products Division,,pg-tools-hose,"['human-consumer', 'human-needs', 'need-tools-repair', 'need-tools-repair-hose-fittings', 'pg-tools-hose', 'pg-tools-hose-page-019', 'item-cat-004491']",
True,Historical catalog; technical reference,2015,Industrial Hose / Fittings / Couplings,pg-tools-hose,Industrial Hose / Fittings / Couplings,,is a standard part of each,English,78,"Parker Fittings Catalog, PDF page 327",72,medium,table_row,need-tools-repair-hose-fittings,need-tools-repair-hose-fittings,88,,Example,2015,Parker Hannifin,high,451TC-4,need-tools-repair,90,Tools / Hose / Fittings,16,pg-tools-hose-page-020,451TC-4,Example,item-cat-004492,,"Verify current equivalent, price, availability and specifications before purchase.",CAT-004492,catalog-product,Extracted English catalog record — current status and price require verification,catalog_product,17,,Provisional heuristic; recalculate from User Profile and current offer evidence.,Parker Fittings Catalog.pdf,English,327,451TC-4,Parker Fittings Catalog,SRC-0102,,Parker Hannifin,Hose 451TC-4 is a standard part of each,37,Example,,pg-tools-hose,"['human-consumer', 'human-needs', 'need-tools-repair', 'need-tools-repair-hose-fittings', 'pg-tools-hose', 'pg-tools-hose-page-020', 'item-cat-004492']",
True,Historical catalog; technical reference,2015,Industrial Hose / Fittings / Couplings,pg-tools-hose,Industrial Hose / Fittings / Couplings,,Hose Products Division,English,85,"Parker Fittings Catalog, PDF page 327",72,medium,table_row,need-tools-repair-hose-fittings,need-tools-repair-hose-fittings,89,,C-7 Hose Products Division,2015,Parker Hannifin,high,C-7,need-tools-repair,90,Tools / Hose / Fittings,16,pg-tools-hose-page-019,C-7,C-7 Hose Products Division,item-cat-004493,,"Verify current equivalent, price, availability and specifications before purchase.",CAT-004493,catalog-product,Extracted English catalog record — current status and price require verification,catalog_product,24,,Provisional heuristic; recalculate from User Profile and current offer evidence.,Parker Fittings Catalog.pdf,English,327,C-7,Parker Fittings Catalog,SRC-0102,,Parker Hannifin,C-7 Hose Products Division,37,C-7 Hose Products Division,,pg-tools-hose,"['human-consumer', 'human-needs', 'need-tools-repair', 'need-tools-repair-hose-fittings', 'pg-tools-hose', 'pg-tools-hose-page-019', 'item-cat-004493']",
True,Historical catalog; technical reference,2015,Industrial Hose / Fittings / Couplings,pg-tools-hose,Industrial Hose / Fittings / Couplings,,Motor can be rewired by,English,80,"Parker Fittings Catalog, PDF page 328",72,medium,table_row,need-tools-repair-hose-fittings,need-tools-repair-hose-fittings,81,,E Part Number,2015,Parker Hannifin,high,50hz.,need-tools-repair,90,Tools / Hose / Fittings,16,pg-tools-hose-page-019,50hz.,E Part Number,item-cat-004494,,"Verify current equivalent, price, availability and specifications before purchase.",CAT-004494,catalog-product,Extracted English catalog record — current status and price require verification,catalog_product,19,,Provisional heuristic; recalculate from User Profile and current offer evidence.,Parker Fittings Catalog.pdf,English,328,50hz.,Parker Fittings Catalog,SRC-0102,,Parker Hannifin,82C-CHD 82C-061L 82C-KKB Description Part Number 50hz. Motor can be rewired by,37,E Part Number,,pg-tools-hose,"['human-consumer', 'human-needs', 'need-tools-repair', 'need-tools-repair-hose-fittings', 'pg-tools-hose', 'pg-tools-hose-page-019', 'item-cat-004494']",
True,Historical catalog; technical reference,2015,Industrial Hose / Fittings / Couplings,pg-tools-hose,Industrial Hose / Fittings / Couplings,,"and 220-230/110v, 1ph",English,85,"Parker Fittings Catalog, PDF page 328",72,medium,table_row,need-tools-repair-hose-fittings,need-tools-repair-hose-fittings,81,,E Part Number,2015,Parker Hannifin,high,60hz,need-tools-repair,90,Tools / Hose / Fittings,16,pg-tools-hose-page-019,60hz,E Part Number,item-cat-004495,,"Verify current equivalent, price, availability and specifications before purchase.",CAT-004495,catalog-product,Extracted English catalog record — current status and price require verification,catalog_product,22,,Provisional heuristic; recalculate from User Profile and current offer evidence.,Parker Fittings Catalog.pdf,English,328,60hz,Parker Fittings Catalog,SRC-0102,,Parker Hannifin,"Individual 60hz and 220-230/110v, 1ph",37,E Part Number,,pg-tools-hose,"['human-consumer', 'human-needs', 'need-tools-repair', 'need-tools-repair-hose-fittings', 'pg-tools-hose', 'pg-tools-hose-page-019', 'item-cat-004495']",
True,Historical catalog; technical reference,2015,Industrial Hose / Fittings / Couplings,pg-tools-hose,Industrial Hose / Fittings / Couplings,,82C-061L 82C-KKB Description Part Number,English,83,"Parker Fittings Catalog, PDF page 328",72,medium,table_row,need-tools-repair-hose-fittings,need-tools-repair-hose-fittings,87,,E Part Number,2015,Parker Hannifin,high,82C-CHD,need-tools-repair,90,Tools / Hose / Fittings,16,pg-tools-hose-page-019,82C-CHD,E Part Number,item-cat-004496,,"Verify current equivalent, price, availability and specifications before purchase.",CAT-004496,catalog-product,Extracted English catalog record — current status and price require verification,catalog_product,22,,Provisional heuristic; recalculate from User Profile and current offer evidence.,Parker Fittings Catalog.pdf,English,328,82C-CHD,Parker Fittings Catalog,SRC-0102,,Parker Hannifin,82C-CHD 82C-061L 82C-KKB Description Part Number 50hz. Motor can be rewired by,37,E Part Number,,pg-tools-hose,"['human-consumer', 'human-needs', 'need-tools-repair', 'need-tools-repair-hose-fittings', 'pg-tools-hose', 'pg-tools-hose-page-019', 'item-cat-004496']",
True,Historical catalog; technical reference,2015,Industrial Hose / Fittings / Couplings,pg-tools-hose,Industrial Hose / Fittings / Couplings,,E Part Number,English,80,"Parker Fittings Catalog, PDF page 328",72,medium,table_row,need-tools-repair-hose-fittings,need-tools-repair-hose-fittings,82,,E Part Number,2015,Parker Hannifin,high,82C-R02,need-tools-repair,90,Tools / Hose / Fittings,16,pg-tools-hose-page-019,82C-R02,E Part Number,item-cat-004497,,"Verify current equivalent, price, availability and specifications before purchase.",CAT-004497,catalog-product,Extracted English catalog record — current status and price require verification,catalog_product,23,,Provisional heuristic; recalculate from User Profile and current offer evidence.,Parker Fittings Catalog.pdf,English,328,82C-R02,Parker Fittings Catalog,SRC-0102,,Parker Hannifin,Ä Ä Ä Black die ring 82C-R02,37,E Part Number,,pg-tools-hose,"['human-consumer', 'human-needs', 'need-tools-repair', 'need-tools-repair-hose-fittings', 'pg-tools-hose', 'pg-tools-hose-page-019', 'item-cat-004497']",
True,Historical catalog; technical reference,2015,Industrial Hose / Fittings / Couplings,pg-tools-hose,Industrial Hose / Fittings / Couplings,,Ä Hose Assembly 85C-00L,English,84,"Parker Fittings Catalog, PDF page 328",72,medium,table_row,need-tools-repair-hose-fittings,need-tools-repair-hose-fittings,86,,Ä Hose Assembly 85C-00L,2015,Parker Hannifin,high,85C-00L,need-tools-repair,90,Tools / Hose / Fittings,16,pg-tools-hose-page-023,85C-00L,Ä Hose Assembly 85C-00L,item-cat-004498,,"Verify current equivalent, price, availability and specifications before purchase.",CAT-004498,catalog-product,Extracted English catalog record — current status and price require verification,catalog_product,22,,Provisional heuristic; recalculate from User Profile and current offer evidence.,Parker Fittings Catalog.pdf,English,328,85C-00L,Parker Fittings Catalog,SRC-0102,,Parker Hannifin,Ä Hose Assembly 85C-00L,37,Ä Hose Assembly 85C-00L,,pg-tools-hose,"['human-consumer', 'human-needs', 'need-tools-repair', 'need-tools-repair-hose-fittings', 'pg-tools-hose', 'pg-tools-hose-page-023', 'item-cat-004498']",
True,Historical catalog; technical reference,2015,Industrial Hose / Fittings / Couplings,pg-tools-hose,Industrial Hose / Fittings / Couplings,,Ä Hose Assembly 85C-00L,English,86,"Parker Fittings Catalog, PDF page 328",72,medium,table_row,need-tools-repair-hose-fittings,need-tools-repair-hose-fittings,87,,Ä Hose Assembly 85C-00L,2015,Parker Hannifin,high,85C-STD,need-tools-repair,90,Tools / Hose / Fittings,16,pg-tools-hose-page-023,85C-STD,Ä Hose Assembly 85C-00L,item-cat-004499,,"Verify current equivalent, price, availability and specifications before purchase.",CAT-004499,catalog-product,Extracted English catalog record — current status and price require verification,catalog_product,15,,Provisional heuristic; recalculate from User Profile and current offer evidence.,Parker Fittings Catalog.pdf,English,328,85C-STD,Parker Fittings Catalog,SRC-0102,,Parker Hannifin,Ä Stand Assembly 85C-STD,37,Ä Hose Assembly 85C-00L,,pg-tools-hose,"['human-consumer', 'human-needs', 'need-tools-repair', 'need-tools-repair-hose-fittings', 'pg-tools-hose', 'pg-tools-hose-page-023', 'item-cat-004499']",
True,Historical catalog; technical reference,2015,Industrial Hose / Fittings / Couplings,pg-tools-hose,Industrial Hose / Fittings / Couplings,,ate at alternate voltage.,English,86,"Parker Fittings Catalog, PDF page 328",72,medium,table_row,need-tools-repair-hose-fittings,need-tools-repair-hose-fittings,89,,E Part Number,2015,Parker Hannifin,high,85C-ZPH,need-tools-repair,90,Tools / Hose / Fittings,16,pg-tools-hose-page-020,85C-ZPH,E Part Number,item-cat-004500,,"Verify current equivalent, price, availability and specifications before purchase.",CAT-004500,catalog-product,Extracted English catalog record — current status and price require verification,catalog_product,14,,Provisional heuristic; recalculate from User Profile and current offer evidence.,Parker Fittings Catalog.pdf,English,328,85C-ZPH,Parker Fittings Catalog,SRC-0102,,Parker Hannifin,Ä Bench Power Unit Assembly 85C-ZPH ate at alternate voltage.,37,E Part Number,,pg-tools-hose,"['human-consumer', 'human-needs', 'need-tools-repair', 'need-tools-repair-hose-fittings', 'pg-tools-hose', 'pg-tools-hose-page-020', 'item-cat-004500']",
True,Historical catalog; technical reference,2015,Industrial Hose / Fittings / Couplings,pg-tools-hose,Industrial Hose / Fittings / Couplings,,(-4 THRU -16 ONLY),English,83,"Parker Fittings Catalog, PDF page 329",72,medium,table_row,need-tools-repair-hose-fittings,need-tools-repair-hose-fittings,88,,387/387ST/TC (-4 THRU -16 ONLY) 0.665 0.730 0.845 0.965 1.080 1.265 1.610 1.990,2015,Parker Hannifin,high,387/387ST/TC,need-tools-repair,90,Tools / Hose / Fittings,16,pg-tools-hose-page-015,387/387ST/TC,387/387ST/TC (-4 THRU -16 ONLY) 0.665 0.730 0.845 0.965 1.080 1.265 1.610 1.990,item-cat-004501,,"Verify current equivalent, price, availability and specifications before purchase.",CAT-004501,catalog-product,Extracted English catalog record — current status and price require verification,catalog_product,14,,Provisional heuristic; recalculate from User Profile and current offer evidence.,Parker Fittings Catalog.pdf,English,329,387/387ST/TC,Parker Fittings Catalog,SRC-0102,,Parker Hannifin,387/387ST/TC (-4 THRU -16 ONLY) 0.665 0.730 0.845 0.965 1.080 1.265 1.610 1.990,37,387/387ST/TC (-4 THRU -16 ONLY) 0.665 0.730 0.845 0.965 1.080 1.265 1.610 1.990,,pg-tools-hose,"['human-consumer', 'human-needs', 'need-tools-repair', 'need-tools-repair-hose-fittings', 'pg-tools-hose', 'pg-tools-hose-page-015', 'item-cat-004501']",
True,Historical catalog; technical reference,2015,Industrial Hose / Fittings / Couplings,pg-tools-hose,Industrial Hose / Fittings / Couplings,,(-4 THRU -12 ONLY) SILVER,English,80,"Parker Fittings Catalog, PDF page 329",72,medium,table_row,need-tools-repair-hose-fittings,need-tools-repair-hose-fittings,87,,487/487ST/TC (-4 THRU -12 ONLY) SILVER,2015,Parker Hannifin,high,487/487ST/TC,need-tools-repair,90,Tools / Hose / Fittings,16,pg-tools-hose-page-015,487/487ST/TC,487/487ST/TC (-4 THRU -12 ONLY) SILVER,item-cat-004502,,"Verify current equivalent, price, availability and specifications before purchase.",CAT-004502,catalog-product,Extracted English catalog record — current status and price require verification,catalog_product,23,,Provisional heuristic; recalculate from User Profile and current offer evidence.,Parker Fittings Catalog.pdf,English,329,487/487ST/TC,Parker Fittings Catalog,SRC-0102,,Parker Hannifin,487/487ST/TC (-4 THRU -12 ONLY) SILVER,37,487/487ST/TC (-4 THRU -12 ONLY) SILVER,,pg-tools-hose,"['human-consumer', 'human-needs', 'need-tools-repair', 'need-tools-repair-hose-fittings', 'pg-tools-hose', 'pg-tools-hose-page-015', 'item-cat-004502']",
True,Historical catalog; technical reference,2015,Industrial Hose / Fittings / Couplings,pg-tools-hose,Industrial Hose / Fittings / Couplings,,487/487ST/TC (-4 THRU -12 ONLY) SILVER,English,78,"Parker Fittings Catalog, PDF page 329",72,medium,table_row,need-tools-repair-hose-fittings,need-tools-repair-hose-fittings,80,,487/487ST/TC (-4 THRU -12 ONLY) SILVER,2015,Parker Hannifin,high,601,need-tools-repair,90,Tools / Hose / Fittings,16,pg-tools-hose-page-015,601,487/487ST/TC (-4 THRU -12 ONLY) SILVER,item-cat-004503,,"Verify current equivalent, price, availability and specifications before purchase.",CAT-004503,catalog-product,Extracted English catalog record — current status and price require verification,catalog_product,14,,Provisional heuristic; recalculate from User Profile and current offer evidence.,Parker Fittings Catalog.pdf,English,329,601,Parker Fittings Catalog,SRC-0102,,Parker Hannifin,421WC 304 601,37,487/487ST/TC (-4 THRU -12 ONLY) SILVER,,pg-tools-hose,"['human-consumer', 'human-needs', 'need-tools-repair', 'need-tools-repair-hose-fittings', 'pg-tools-hose', 'pg-tools-hose-page-015', 'item-cat-004503']",
True,Historical catalog; technical reference,2015,Industrial Hose / Fittings / Couplings,pg-tools-hose,Industrial Hose / Fittings / Couplings,,"(-6, -8, -10 ONLY) BLACK",English,79,"Parker Fittings Catalog, PDF page 329",72,medium,table_row,need-tools-repair-hose-fittings,need-tools-repair-hose-fittings,83,,"722/722ST/TC/LT (-6, -8, -10 ONLY) BLACK",2015,Parker Hannifin,high,722/722ST/TC/LT,need-tools-repair,90,Tools / Hose / Fittings,16,pg-tools-hose-page-016,722/722ST/TC/LT,"722/722ST/TC/LT (-6, -8, -10 ONLY) BLACK",item-cat-004504,,"Verify current equivalent, price, availability and specifications before purchase.",CAT-004504,catalog-product,Extracted English catalog record — current status and price require verification,catalog_product,26,,Provisional heuristic; recalculate from User Profile and current offer evidence.,Parker Fittings Catalog.pdf,English,329,722/722ST/TC/LT,Parker Fittings Catalog,SRC-0102,,Parker Hannifin,"722/722ST/TC/LT (-6, -8, -10 ONLY) BLACK",37,"722/722ST/TC/LT (-6, -8, -10 ONLY) BLACK",,pg-tools-hose,"['human-consumer', 'human-needs', 'need-tools-repair', 'need-tools-repair-hose-fittings', 'pg-tools-hose', 'pg-tools-hose-page-016', 'item-cat-004504']",
True,Historical catalog; technical reference,2015,Industrial Hose / Fittings / Couplings,pg-tools-hose,Industrial Hose / Fittings / Couplings,,RED PUR YEL BLU ORG GRN BLK WHT Ring,English,85,"Parker Fittings Catalog, PDF page 329",72,medium,table_row,need-tools-repair-hose-fittings,need-tools-repair-hose-fittings,86,,RED PUR YEL BLU ORG GRN BLK WHT Ring,2015,Parker Hannifin,high,80C-A20,need-tools-repair,90,Tools / Hose / Fittings,16,pg-tools-hose-page-022,80C-A20,RED PUR YEL BLU ORG GRN BLK WHT Ring,item-cat-004505,,"Verify current equivalent, price, availability and specifications before purchase.",CAT-004505,catalog-product,Extracted English catalog record — current status and price require verification,catalog_product,24,,Provisional heuristic; recalculate from User Profile and current offer evidence.,Parker Fittings Catalog.pdf,English,329,80C-A20,Parker Fittings Catalog,SRC-0102,,Parker Hannifin,Die Part Number 80C-A04 80C-A05 80C-A06 80C-A08 80C-A10 80C-A12 80C-A16 80C-A20,37,RED PUR YEL BLU ORG GRN BLK WHT Ring,,pg-tools-hose,"['human-consumer', 'human-needs', 'need-tools-repair', 'need-tools-repair-hose-fittings', 'pg-tools-hose', 'pg-tools-hose-page-022', 'item-cat-004505']",
True,Historical catalog; technical reference,2015,Industrial Hose / Fittings / Couplings,pg-tools-hose,Industrial Hose / Fittings / Couplings,,0.700 0.845 SILVER,English,78,"Parker Fittings Catalog, PDF page 329",72,medium,table_row,need-tools-repair-hose-fittings,need-tools-repair-hose-fittings,87,,0.700 0.845 SILVER,2015,Parker Hannifin,high,80C-E16,need-tools-repair,90,Tools / Hose / Fittings,16,pg-tools-hose-page-013,80C-E16,0.700 0.845 SILVER,item-cat-004506,,"Verify current equivalent, price, availability and specifications before purchase.",CAT-004506,catalog-product,Extracted English catalog record — current status and price require verification,catalog_product,17,,Provisional heuristic; recalculate from User Profile and current offer evidence.,Parker Fittings Catalog.pdf,English,329,80C-E16,Parker Fittings Catalog,SRC-0102,,Parker Hannifin,Die Part Number 80C-E04 80C-E05 80C-E06 80C-E08 80C-E10 80C-E12 80C-E16,37,0.700 0.845 SILVER,,pg-tools-hose,"['human-consumer', 'human-needs', 'need-tools-repair', 'need-tools-repair-hose-fittings', 'pg-tools-hose', 'pg-tools-hose-page-013', 'item-cat-004506']",
True,Historical catalog; technical reference,2015,Industrial Hose / Fittings / Couplings,pg-tools-hose,Industrial Hose / Fittings / Couplings,,Die Part Number 80C-H585 80C-H735 80C-H840 80C-H970 80C-H1120,English,84,"Parker Fittings Catalog, PDF page 329",72,medium,table_row,need-tools-repair-hose-fittings,need-tools-repair-hose-fittings,88,,Die Part Number 80C-H585 80C-H735 80C-H840 80C-H970 80C-H1120,2015,Parker Hannifin,high,80C-H1120,need-tools-repair,90,Tools / Hose / Fittings,16,pg-tools-hose-page-019,80C-H1120,Die Part Number 80C-H585 80C-H735 80C-H840 80C-H970 80C-H1120,item-cat-004507,,"Verify current equivalent, price, availability and specifications before purchase.",CAT-004507,catalog-product,Extracted English catalog record — current status and price require verification,catalog_product,23,,Provisional heuristic; recalculate from User Profile and current offer evidence.,Parker Fittings Catalog.pdf,English,329,80C-H1120,Parker Fittings Catalog,SRC-0102,,Parker Hannifin,Die Part Number 80C-H585 80C-H735 80C-H840 80C-H970 80C-H1120,37,Die Part Number 80C-H585 80C-H735 80C-H840 80C-H970 80C-H1120,,pg-tools-hose,"['human-consumer', 'human-needs', 'need-tools-repair', 'need-tools-repair-hose-fittings', 'pg-tools-hose', 'pg-tools-hose-page-019', 'item-cat-004507']",
True,Historical catalog; technical reference,2015,Industrial Hose / Fittings / Couplings,pg-tools-hose,Industrial Hose / Fittings / Couplings,,Die Part Number 80C-H605 80C-H775 80C-H885 80C-H1010 80C-H1170,English,78,"Parker Fittings Catalog, PDF page 329",72,medium,table_row,need-tools-repair-hose-fittings,need-tools-repair-hose-fittings,80,,Die Part Number 80C-H605 80C-H775 80C-H885 80C-H1010 80C-H1170,2015,Parker Hannifin,high,80C-H1170,need-tools-repair,90,Tools / Hose / Fittings,16,pg-tools-hose-page-019,80C-H1170,Die Part Number 80C-H605 80C-H775 80C-H885 80C-H1010 80C-H1170,item-cat-004508,,"Verify current equivalent, price, availability and specifications before purchase.",CAT-004508,catalog-product,Extracted English catalog record — current status and price require verification,catalog_product,24,,Provisional heuristic; recalculate from User Profile and current offer evidence.,Parker Fittings Catalog.pdf,English,329,80C-H1170,Parker Fittings Catalog,SRC-0102,,Parker Hannifin,Die Part Number 80C-H605 80C-H775 80C-H885 80C-H1010 80C-H1170,37,Die Part Number 80C-H605 80C-H775 80C-H885 80C-H1010 80C-H1170,,pg-tools-hose,"['human-consumer', 'human-needs', 'need-tools-repair', 'need-tools-repair-hose-fittings', 'pg-tools-hose', 'pg-tools-hose-page-019', 'item-cat-004508']",
True,Historical catalog; technical reference,2015,Industrial Hose / Fittings / Couplings,pg-tools-hose,Industrial Hose / Fittings / Couplings,,Die Part Number 80C-V12 80C-V16 80C-V20,English,78,"Parker Fittings Catalog, PDF page 329",72,medium,table_row,need-tools-repair-hose-fittings,need-tools-repair-hose-fittings,82,,Die Part Number 80C-V12 80C-V16 80C-V20,2015,Parker Hannifin,high,80C-V20,need-tools-repair,90,Tools / Hose / Fittings,16,pg-tools-hose-page-019,80C-V20,Die Part Number 80C-V12 80C-V16 80C-V20,item-cat-004509,,"Verify current equivalent, price, availability and specifications before purchase.",CAT-004509,catalog-product,Extracted English catalog record — current status and price require verification,catalog_product,14,,Provisional heuristic; recalculate from User Profile and current offer evidence.,Parker Fittings Catalog.pdf,English,329,80C-V20,Parker Fittings Catalog,SRC-0102,,Parker Hannifin,Die Part Number 80C-V12 80C-V16 80C-V20,37,Die Part Number 80C-V12 80C-V16 80C-V20,,pg-tools-hose,"['human-consumer', 'human-needs', 'need-tools-repair', 'need-tools-repair-hose-fittings', 'pg-tools-hose', 'pg-tools-hose-page-019', 'item-cat-004509']",
True,Historical catalog; technical reference,2015,Industrial Hose / Fittings / Couplings,pg-tools-hose,Industrial Hose / Fittings / Couplings,,Die Part Number 80C-Y06 80C-Y08,English,84,"Parker Fittings Catalog, PDF page 329",72,medium,table_row,need-tools-repair-hose-fittings,need-tools-repair-hose-fittings,79,,Die Part Number 80C-Y06 80C-Y08,2015,Parker Hannifin,high,80C-Y08,need-tools-repair,90,Tools / Hose / Fittings,16,pg-tools-hose-page-019,80C-Y08,Die Part Number 80C-Y06 80C-Y08,item-cat-004510,,"Verify current equivalent, price, availability and specifications before purchase.",CAT-004510,catalog-product,Extracted English catalog record — current status and price require verification,catalog_product,26,,Provisional heuristic; recalculate from User Profile and current offer evidence.,Parker Fittings Catalog.pdf,English,329,80C-Y08,Parker Fittings Catalog,SRC-0102,,Parker Hannifin,Die Part Number 80C-Y06 80C-Y08,37,Die Part Number 80C-Y06 80C-Y08,,pg-tools-hose,"['human-consumer', 'human-needs', 'need-tools-repair', 'need-tools-repair-hose-fittings', 'pg-tools-hose', 'pg-tools-hose-page-019', 'item-cat-004510']",
True,Historical catalog; technical reference,2015,Industrial Hose / Fittings / Couplings,pg-tools-hose,Industrial Hose / Fittings / Couplings,,Hose Products Division,English,85,"Parker Fittings Catalog, PDF page 329",72,medium,table_row,need-tools-repair-hose-fittings,need-tools-repair-hose-fittings,84,,C-9 Hose Products Division,2015,Parker Hannifin,high,C-9,need-tools-repair,90,Tools / Hose / Fittings,16,pg-tools-hose-page-019,C-9,C-9 Hose Products Division,item-cat-004511,,"Verify current equivalent, price, availability and specifications before purchase.",CAT-004511,catalog-product,Extracted English catalog record — current status and price require verification,catalog_product,20,,Provisional heuristic; recalculate from User Profile and current offer evidence.,Parker Fittings Catalog.pdf,English,329,C-9,Parker Fittings Catalog,SRC-0102,,Parker Hannifin,C-9 Hose Products Division,37,C-9 Hose Products Division,,pg-tools-hose,"['human-consumer', 'human-needs', 'need-tools-repair', 'need-tools-repair-hose-fittings', 'pg-tools-hose', 'pg-tools-hose-page-019', 'item-cat-004511']",
True,Historical catalog; technical reference,2015,Industrial Hose / Fittings / Couplings,pg-tools-hose,Industrial Hose / Fittings / Couplings,,"lbs (without power unit) • Dimensions: 17” wide, 23” deep, 28” high",English,80,"Parker Fittings Catalog, PDF page 330",72,medium,table_row,need-tools-repair-hose-fittings,need-tools-repair-hose-fittings,81,,Specifications,2015,Parker Hannifin,high,120,need-tools-repair,90,Tools / Hose / Fittings,16,pg-tools-hose-page-022,120,Specifications,item-cat-004512,,"Verify current equivalent, price, availability and specifications before purchase.",CAT-004512,catalog-product,Extracted English catalog record — current status and price require verification,catalog_product,20,,Provisional heuristic; recalculate from User Profile and current offer evidence.,Parker Fittings Catalog.pdf,English,330,120,Parker Fittings Catalog,SRC-0102,,Parker Hannifin,"• Weight: 120 lbs (without power unit) • Dimensions: 17” wide, 23” deep, 28” high",37,Specifications,,pg-tools-hose,"['human-consumer', 'human-needs', 'need-tools-repair', 'need-tools-repair-hose-fittings', 'pg-tools-hose', 'pg-tools-hose-page-022', 'item-cat-004512']",
True,Historical catalog; technical reference,2015,Industrial Hose / Fittings / Couplings,pg-tools-hose,Industrial Hose / Fittings / Couplings,,"1ph, 50hz. Motor",English,82,"Parker Fittings Catalog, PDF page 330",72,medium,table_row,need-tools-repair-hose-fittings,need-tools-repair-hose-fittings,85,,Part Number Individual,2015,Parker Hannifin,high,220-230/110v,need-tools-repair,90,Tools / Hose / Fittings,16,pg-tools-hose-page-021,220-230/110v,Part Number Individual,item-cat-004513,,"Verify current equivalent, price, availability and specifications before purchase.",CAT-004513,catalog-product,Extracted English catalog record — current status and price require verification,catalog_product,15,,Provisional heuristic; recalculate from User Profile and current offer evidence.,Parker Fittings Catalog.pdf,English,330,220-230/110v,Parker Fittings Catalog,SRC-0102,,Parker Hannifin,"and 220-230/110v, 1ph, 50hz. Motor",37,Part Number Individual,,pg-tools-hose,"['human-consumer', 'human-needs', 'need-tools-repair', 'need-tools-repair-hose-fittings', 'pg-tools-hose', 'pg-tools-hose-page-021', 'item-cat-004513']",
True,Historical catalog; technical reference,2015,Industrial Hose / Fittings / Couplings,pg-tools-hose,Industrial Hose / Fittings / Couplings,,Part Number Individual,English,78,"Parker Fittings Catalog, PDF page 330",72,medium,table_row,need-tools-repair-hose-fittings,need-tools-repair-hose-fittings,81,,Part Number Individual,2015,Parker Hannifin,high,85C-1PH,need-tools-repair,90,Tools / Hose / Fittings,16,pg-tools-hose-page-021,85C-1PH,Part Number Individual,item-cat-004514,,"Verify current equivalent, price, availability and specifications before purchase.",CAT-004514,catalog-product,Extracted English catalog record — current status and price require verification,catalog_product,14,,Provisional heuristic; recalculate from User Profile and current offer evidence.,Parker Fittings Catalog.pdf,English,330,85C-1PH,Parker Fittings Catalog,SRC-0102,,Parker Hannifin,Bench Power Unit Assembly 85C-1PH,37,Part Number Individual,,pg-tools-hose,"['human-consumer', 'human-needs', 'need-tools-repair', 'need-tools-repair-hose-fittings', 'pg-tools-hose', 'pg-tools-hose-page-021', 'item-cat-004514']",
True,Historical catalog; technical reference,2015,Industrial Hose / Fittings / Couplings,pg-tools-hose,Industrial Hose / Fittings / Couplings,,85C-061L 85C-KKB Description • Note: M,English,82,"Parker Fittings Catalog, PDF page 330",72,medium,table_row,need-tools-repair-hose-fittings,need-tools-repair-hose-fittings,89,,Part Number Individual,2015,Parker Hannifin,high,85C-CHD,need-tools-repair,90,Tools / Hose / Fittings,16,pg-tools-hose-page-021,85C-CHD,Part Number Individual,item-cat-004515,,"Verify current equivalent, price, availability and specifications before purchase.",CAT-004515,catalog-product,Extracted English catalog record — current status and price require verification,catalog_product,17,,Provisional heuristic; recalculate from User Profile and current offer evidence.,Parker Fittings Catalog.pdf,English,330,85C-CHD,Parker Fittings Catalog,SRC-0102,,Parker Hannifin,85C-CHD 85C-061L 85C-KKB Description • Note: M,37,Part Number Individual,,pg-tools-hose,"['human-consumer', 'human-needs', 'need-tools-repair', 'need-tools-repair-hose-fittings', 'pg-tools-hose', 'pg-tools-hose-page-021', 'item-cat-004515']",
True,Historical catalog; technical reference,2015,Industrial Hose / Fittings / Couplings,pg-tools-hose,Industrial Hose / Fittings / Couplings,,Part Number Individual,English,80,"Parker Fittings Catalog, PDF page 330",72,medium,table_row,need-tools-repair-hose-fittings,need-tools-repair-hose-fittings,85,,Part Number Individual,2015,Parker Hannifin,high,85C-R01,need-tools-repair,90,Tools / Hose / Fittings,16,pg-tools-hose-page-021,85C-R01,Part Number Individual,item-cat-004516,,"Verify current equivalent, price, availability and specifications before purchase.",CAT-004516,catalog-product,Extracted English catalog record — current status and price require verification,catalog_product,19,,Provisional heuristic; recalculate from User Profile and current offer evidence.,Parker Fittings Catalog.pdf,English,330,85C-R01,Parker Fittings Catalog,SRC-0102,,Parker Hannifin,Ä Ä Ä Silver die ring 85C-R01,37,Part Number Individual,,pg-tools-hose,"['human-consumer', 'human-needs', 'need-tools-repair', 'need-tools-repair-hose-fittings', 'pg-tools-hose', 'pg-tools-hose-page-021', 'item-cat-004516']",
True,Historical catalog; technical reference,2015,Industrial Hose / Fittings / Couplings,pg-tools-hose,Industrial Hose / Fittings / Couplings,,Part Number Individual,English,79,"Parker Fittings Catalog, PDF page 330",72,medium,table_row,need-tools-repair-hose-fittings,need-tools-repair-hose-fittings,89,,Part Number Individual,2015,Parker Hannifin,high,85C-R02,need-tools-repair,90,Tools / Hose / Fittings,16,pg-tools-hose-page-021,85C-R02,Part Number Individual,item-cat-004517,,"Verify current equivalent, price, availability and specifications before purchase.",CAT-004517,catalog-product,Extracted English catalog record — current status and price require verification,catalog_product,23,,Provisional heuristic; recalculate from User Profile and current offer evidence.,Parker Fittings Catalog.pdf,English,330,85C-R02,Parker Fittings Catalog,SRC-0102,,Parker Hannifin,Ä Ä Ä Black die ring 85C-R02,37,Part Number Individual,,pg-tools-hose,"['human-consumer', 'human-needs', 'need-tools-repair', 'need-tools-repair-hose-fittings', 'pg-tools-hose', 'pg-tools-hose-page-021', 'item-cat-004517']",
True,Historical catalog; technical reference,2015,Industrial Hose / Fittings / Couplings,pg-tools-hose,Industrial Hose / Fittings / Couplings,,487/487ST/TC (-4 THRU -12 ONLY),English,78,"Parker Fittings Catalog, PDF page 331",72,medium,table_row,need-tools-repair-hose-fittings,need-tools-repair-hose-fittings,86,,487/487ST/TC (-4 THRU -12 ONLY),2015,Parker Hannifin,high,604,need-tools-repair,90,Tools / Hose / Fittings,16,pg-tools-hose-page-015,604,487/487ST/TC (-4 THRU -12 ONLY),item-cat-004518,,"Verify current equivalent, price, availability and specifications before purchase.",CAT-004518,catalog-product,Extracted English catalog record — current status and price require verification,catalog_product,22,,Provisional heuristic; recalculate from User Profile and current offer evidence.,Parker Fittings Catalog.pdf,English,331,604,Parker Fittings Catalog,SRC-0102,,Parker Hannifin,302 341 604,37,487/487ST/TC (-4 THRU -12 ONLY),,pg-tools-hose,"['human-consumer', 'human-needs', 'need-tools-repair', 'need-tools-repair-hose-fittings', 'pg-tools-hose', 'pg-tools-hose-page-015', 'item-cat-004518']",
True,Historical catalog; technical reference,2015,Industrial Hose / Fittings / Couplings,pg-tools-hose,Industrial Hose / Fittings / Couplings,,DO NOT USE THIS MACHINE TO,English,84,"Parker Fittings Catalog, PDF page 331",72,medium,table_row,need-tools-repair-hose-fittings,need-tools-repair-hose-fittings,88,,711 721ST DO NOT USE THIS MACHINE TO 0.950 1.100 1.220 1.355 1.695 2.025,2015,Parker Hannifin,high,721ST,need-tools-repair,90,Tools / Hose / Fittings,16,pg-tools-hose-page-016,721ST,711 721ST DO NOT USE THIS MACHINE TO 0.950 1.100 1.220 1.355 1.695 2.025,item-cat-004519,,"Verify current equivalent, price, availability and specifications before purchase.",CAT-004519,catalog-product,Extracted English catalog record — current status and price require verification,catalog_product,16,,Provisional heuristic; recalculate from User Profile and current offer evidence.,Parker Fittings Catalog.pdf,English,331,721ST,Parker Fittings Catalog,SRC-0102,,Parker Hannifin,711 721ST DO NOT USE THIS MACHINE TO 0.950 1.100 1.220 1.355 1.695 2.025,37,711 721ST DO NOT USE THIS MACHINE TO 0.950 1.100 1.220 1.355 1.695 2.025,,pg-tools-hose,"['human-consumer', 'human-needs', 'need-tools-repair', 'need-tools-repair-hose-fittings', 'pg-tools-hose', 'pg-tools-hose-page-016', 'item-cat-004519']",
True,Historical catalog; technical reference,2015,Industrial Hose / Fittings / Couplings,pg-tools-hose,Industrial Hose / Fittings / Couplings,,772LT -20 STAINLESS FITTINGS,English,83,"Parker Fittings Catalog, PDF page 331",72,medium,table_row,need-tools-repair-hose-fittings,need-tools-repair-hose-fittings,85,,721TC 772LT -20 STAINLESS FITTINGS 0.970 1.120 1.240 1.375 1.715 2.045 SILVER,2015,Parker Hannifin,high,721TC,need-tools-repair,90,Tools / Hose / Fittings,16,pg-tools-hose-page-016,721TC,721TC 772LT -20 STAINLESS FITTINGS 0.970 1.120 1.240 1.375 1.715 2.045 SILVER,item-cat-004520,,"Verify current equivalent, price, availability and specifications before purchase.",CAT-004520,catalog-product,Extracted English catalog record — current status and price require verification,catalog_product,23,,Provisional heuristic; recalculate from User Profile and current offer evidence.,Parker Fittings Catalog.pdf,English,331,721TC,Parker Fittings Catalog,SRC-0102,,Parker Hannifin,721TC 772LT -20 STAINLESS FITTINGS 0.970 1.120 1.240 1.375 1.715 2.045 SILVER,37,721TC 772LT -20 STAINLESS FITTINGS 0.970 1.120 1.240 1.375 1.715 2.045 SILVER,,pg-tools-hose,"['human-consumer', 'human-needs', 'need-tools-repair', 'need-tools-repair-hose-fittings', 'pg-tools-hose', 'pg-tools-hose-page-016', 'item-cat-004520']",
True,Historical catalog; technical reference,2015,Industrial Hose / Fittings / Couplings,pg-tools-hose,Industrial Hose / Fittings / Couplings,,ASSEMBLE ANY 71 SERIES SIZE,English,85,"Parker Fittings Catalog, PDF page 331",72,medium,table_row,need-tools-repair-hose-fittings,need-tools-repair-hose-fittings,85,,721 772TC ASSEMBLE ANY 71 SERIES SIZE,2015,Parker Hannifin,high,772TC,need-tools-repair,90,Tools / Hose / Fittings,16,pg-tools-hose-page-016,772TC,721 772TC ASSEMBLE ANY 71 SERIES SIZE,item-cat-004521,,"Verify current equivalent, price, availability and specifications before purchase.",CAT-004521,catalog-product,Extracted English catalog record — current status and price require verification,catalog_product,25,,Provisional heuristic; recalculate from User Profile and current offer evidence.,Parker Fittings Catalog.pdf,English,331,772TC,Parker Fittings Catalog,SRC-0102,,Parker Hannifin,721 772TC ASSEMBLE ANY 71 SERIES SIZE,37,721 772TC ASSEMBLE ANY 71 SERIES SIZE,,pg-tools-hose,"['human-consumer', 'human-needs', 'need-tools-repair', 'need-tools-repair-hose-fittings', 'pg-tools-hose', 'pg-tools-hose-page-016', 'item-cat-004521']",
True,Historical catalog; technical reference,2015,Industrial Hose / Fittings / Couplings,pg-tools-hose,Industrial Hose / Fittings / Couplings,,1.440 1.750 SILVER,English,81,"Parker Fittings Catalog, PDF page 331",72,medium,table_row,need-tools-repair-hose-fittings,need-tools-repair-hose-fittings,79,,1.440 1.750 SILVER,2015,Parker Hannifin,high,80C-CS12,need-tools-repair,90,Tools / Hose / Fittings,16,pg-tools-hose-page-013,80C-CS12,1.440 1.750 SILVER,item-cat-004522,,"Verify current equivalent, price, availability and specifications before purchase.",CAT-004522,catalog-product,Extracted English catalog record — current status and price require verification,catalog_product,23,,Provisional heuristic; recalculate from User Profile and current offer evidence.,Parker Fittings Catalog.pdf,English,331,80C-CS12,Parker Fittings Catalog,SRC-0102,,Parker Hannifin,Die Part Number 80C-CS08 80C-CS10 80C-CS12,37,1.440 1.750 SILVER,,pg-tools-hose,"['human-consumer', 'human-needs', 'need-tools-repair', 'need-tools-repair-hose-fittings', 'pg-tools-hose', 'pg-tools-hose-page-013', 'item-cat-004522']",
True,Historical catalog; technical reference,2015,Industrial Hose / Fittings / Couplings,pg-tools-hose,Industrial Hose / Fittings / Couplings,,0.655 0.825 0.935 1.060 1.220 1.515 1.930 BLACK,English,82,"Parker Fittings Catalog, PDF page 331",72,medium,table_row,need-tools-repair-hose-fittings,need-tools-repair-hose-fittings,84,,0.655 0.825 0.935 1.060 1.220 1.515 1.930 BLACK,2015,Parker Hannifin,high,80C-H1365,need-tools-repair,90,Tools / Hose / Fittings,16,pg-tools-hose-page-013,80C-H1365,0.655 0.825 0.935 1.060 1.220 1.515 1.930 BLACK,item-cat-004523,,"Verify current equivalent, price, availability and specifications before purchase.",CAT-004523,catalog-product,Extracted English catalog record — current status and price require verification,catalog_product,14,,Provisional heuristic; recalculate from User Profile and current offer evidence.,Parker Fittings Catalog.pdf,English,331,80C-H1365,Parker Fittings Catalog,SRC-0102,,Parker Hannifin,Die Part Number 80C-H595 80C-H735 80C-H860 80C-H1015 80C-H1170 80C-H1365,37,0.655 0.825 0.935 1.060 1.220 1.515 1.930 BLACK,,pg-tools-hose,"['human-consumer', 'human-needs', 'need-tools-repair', 'need-tools-repair-hose-fittings', 'pg-tools-hose', 'pg-tools-hose-page-013', 'item-cat-004523']",
True,Historical catalog; technical reference,2015,Industrial Hose / Fittings / Couplings,pg-tools-hose,Industrial Hose / Fittings / Couplings,,Die Part Number 80C-L12 80C-L16,English,81,"Parker Fittings Catalog, PDF page 331",72,medium,table_row,need-tools-repair-hose-fittings,need-tools-repair-hose-fittings,80,,Die Part Number 80C-L12 80C-L16,2015,Parker Hannifin,high,80C-L16,need-tools-repair,90,Tools / Hose / Fittings,16,pg-tools-hose-page-019,80C-L16,Die Part Number 80C-L12 80C-L16,item-cat-004524,,"Verify current equivalent, price, availability and specifications before purchase.",CAT-004524,catalog-product,Extracted English catalog record — current status and price require verification,catalog_product,26,,Provisional heuristic; recalculate from User Profile and current offer evidence.,Parker Fittings Catalog.pdf,English,331,80C-L16,Parker Fittings Catalog,SRC-0102,,Parker Hannifin,Die Part Number 80C-L12 80C-L16,37,Die Part Number 80C-L12 80C-L16,,pg-tools-hose,"['human-consumer', 'human-needs', 'need-tools-repair', 'need-tools-repair-hose-fittings', 'pg-tools-hose', 'pg-tools-hose-page-019', 'item-cat-004524']",
True,Historical catalog; technical reference,2015,Industrial Hose / Fittings / Couplings,pg-tools-hose,Industrial Hose / Fittings / Couplings,,Die Part Number 83C-D06 83C-D08 83C-D10,English,83,"Parker Fittings Catalog, PDF page 331",72,medium,table_row,need-tools-repair-hose-fittings,need-tools-repair-hose-fittings,81,,Die Part Number 83C-D06 83C-D08 83C-D10,2015,Parker Hannifin,high,83C-D10,need-tools-repair,90,Tools / Hose / Fittings,16,pg-tools-hose-page-019,83C-D10,Die Part Number 83C-D06 83C-D08 83C-D10,item-cat-004525,,"Verify current equivalent, price, availability and specifications before purchase.",CAT-004525,catalog-product,Extracted English catalog record — current status and price require verification,catalog_product,14,,Provisional heuristic; recalculate from User Profile and current offer evidence.,Parker Fittings Catalog.pdf,English,331,83C-D10,Parker Fittings Catalog,SRC-0102,,Parker Hannifin,Die Part Number 83C-D06 83C-D08 83C-D10,37,Die Part Number 83C-D06 83C-D08 83C-D10,,pg-tools-hose,"['human-consumer', 'human-needs', 'need-tools-repair', 'need-tools-repair-hose-fittings', 'pg-tools-hose', 'pg-tools-hose-page-019', 'item-cat-004525']",
True,Historical catalog; technical reference,2015,Industrial Hose / Fittings / Couplings,pg-tools-hose,Industrial Hose / Fittings / Couplings,,Hose Products Division,English,80,"Parker Fittings Catalog, PDF page 331",72,medium,table_row,need-tools-repair-hose-fittings,need-tools-repair-hose-fittings,87,,C-11 Hose Products Division,2015,Parker Hannifin,high,C-11,need-tools-repair,90,Tools / Hose / Fittings,16,pg-tools-hose-page-018,C-11,C-11 Hose Products Division,item-cat-004526,,"Verify current equivalent, price, availability and specifications before purchase.",CAT-004526,catalog-product,Extracted English catalog record — current status and price require verification,catalog_product,23,,Provisional heuristic; recalculate from User Profile and current offer evidence.,Parker Fittings Catalog.pdf,English,331,C-11,Parker Fittings Catalog,SRC-0102,,Parker Hannifin,C-11 Hose Products Division,37,C-11 Hose Products Division,,pg-tools-hose,"['human-consumer', 'human-needs', 'need-tools-repair', 'need-tools-repair-hose-fittings', 'pg-tools-hose', 'pg-tools-hose-page-018', 'item-cat-004526']",
True,Historical catalog; technical reference,2015,Industrial Hose / Fittings / Couplings,pg-tools-hose,Industrial Hose / Fittings / Couplings,,"ton force @ 5,000 psi maximum dies in sizes 1/4”",English,80,"Parker Fittings Catalog, PDF page 332",72,medium,table_row,need-tools-repair-hose-fittings,need-tools-repair-hose-fittings,88,,Ä Ä Ä Ä 83C-080,2015,Parker Hannifin,high,125,need-tools-repair,90,Tools / Hose / Fittings,16,pg-tools-hose-page-023,125,Ä Ä Ä Ä 83C-080,item-cat-004527,,"Verify current equivalent, price, availability and specifications before purchase.",CAT-004527,catalog-product,Extracted English catalog record — current status and price require verification,catalog_product,14,,Provisional heuristic; recalculate from User Profile and current offer evidence.,Parker Fittings Catalog.pdf,English,332,125,Parker Fittings Catalog,SRC-0102,,Parker Hannifin,"• Rating: 125 ton force @ 5,000 psi maximum dies in sizes 1/4”",37,Ä Ä Ä Ä 83C-080,,pg-tools-hose,"['human-consumer', 'human-needs', 'need-tools-repair', 'need-tools-repair-hose-fittings', 'pg-tools-hose', 'pg-tools-hose-page-023', 'item-cat-004527']",
True,Historical catalog; technical reference,2015,Industrial Hose / Fittings / Couplings,pg-tools-hose,Industrial Hose / Fittings / Couplings,,83C-081 83C-002 83C-082 Description Part Number,English,85,"Parker Fittings Catalog, PDF page 332",72,medium,table_row,need-tools-repair-hose-fittings,need-tools-repair-hose-fittings,86,,83C-001 83C-081 83C-002 83C-082 Description Part Number,2015,Parker Hannifin,high,83C-001,need-tools-repair,90,Tools / Hose / Fittings,16,pg-tools-hose-page-016,83C-001,83C-001 83C-081 83C-002 83C-082 Description Part Number,item-cat-004528,,"Verify current equivalent, price, availability and specifications before purchase.",CAT-004528,catalog-product,Extracted English catalog record — current status and price require verification,catalog_product,19,,Provisional heuristic; recalculate from User Profile and current offer evidence.,Parker Fittings Catalog.pdf,English,332,83C-001,Parker Fittings Catalog,SRC-0102,,Parker Hannifin,83C-001 83C-081 83C-002 83C-082 Description Part Number,37,83C-001 83C-081 83C-002 83C-082 Description Part Number,,pg-tools-hose,"['human-consumer', 'human-needs', 'need-tools-repair', 'need-tools-repair-hose-fittings', 'pg-tools-hose', 'pg-tools-hose-page-016', 'item-cat-004528']",
True,Historical catalog; technical reference,2015,Industrial Hose / Fittings / Couplings,pg-tools-hose,Industrial Hose / Fittings / Couplings,,Ä Ä Ä Ä 83C-080,English,83,"Parker Fittings Catalog, PDF page 332",72,medium,table_row,need-tools-repair-hose-fittings,need-tools-repair-hose-fittings,84,,Ä Ä Ä Ä 83C-080,2015,Parker Hannifin,high,83C-080,need-tools-repair,90,Tools / Hose / Fittings,16,pg-tools-hose-page-023,83C-080,Ä Ä Ä Ä 83C-080,item-cat-004529,,"Verify current equivalent, price, availability and specifications before purchase.",CAT-004529,catalog-product,Extracted English catalog record — current status and price require verification,catalog_product,24,,Provisional heuristic; recalculate from User Profile and current offer evidence.,Parker Fittings Catalog.pdf,English,332,83C-080,Parker Fittings Catalog,SRC-0102,,Parker Hannifin,Ä Ä Ä Ä 83C-080,37,Ä Ä Ä Ä 83C-080,,pg-tools-hose,"['human-consumer', 'human-needs', 'need-tools-repair', 'need-tools-repair-hose-fittings', 'pg-tools-hose', 'pg-tools-hose-page-023', 'item-cat-004529']",
True,Historical catalog; technical reference,2015,Industrial Hose / Fittings / Couplings,pg-tools-hose,Industrial Hose / Fittings / Couplings,,Ä Ä Ä Ä 83C-080,English,81,"Parker Fittings Catalog, PDF page 332",72,medium,table_row,need-tools-repair-hose-fittings,need-tools-repair-hose-fittings,82,,Ä Ä Ä Ä 83C-080,2015,Parker Hannifin,high,83C-KDA,need-tools-repair,90,Tools / Hose / Fittings,16,pg-tools-hose-page-023,83C-KDA,Ä Ä Ä Ä 83C-080,item-cat-004530,,"Verify current equivalent, price, availability and specifications before purchase.",CAT-004530,catalog-product,Extracted English catalog record — current status and price require verification,catalog_product,14,,Provisional heuristic; recalculate from User Profile and current offer evidence.,Parker Fittings Catalog.pdf,English,332,83C-KDA,Parker Fittings Catalog,SRC-0102,,Parker Hannifin,Ä Ä 1-1/4” dies and 83C-KDA,37,Ä Ä Ä Ä 83C-080,,pg-tools-hose,"['human-consumer', 'human-needs', 'need-tools-repair', 'need-tools-repair-hose-fittings', 'pg-tools-hose', 'pg-tools-hose-page-023', 'item-cat-004530']",
True,Historical catalog; technical reference,2015,Industrial Hose / Fittings / Couplings,pg-tools-hose,Industrial Hose / Fittings / Couplings,,Ä Ä Ä Ä 83C-080,English,85,"Parker Fittings Catalog, PDF page 332",72,medium,table_row,need-tools-repair-hose-fittings,need-tools-repair-hose-fittings,83,,Ä Ä Ä Ä 83C-080,2015,Parker Hannifin,high,83C-OCB,need-tools-repair,90,Tools / Hose / Fittings,16,pg-tools-hose-page-023,83C-OCB,Ä Ä Ä Ä 83C-080,item-cat-004531,,"Verify current equivalent, price, availability and specifications before purchase.",CAT-004531,catalog-product,Extracted English catalog record — current status and price require verification,catalog_product,25,,Provisional heuristic; recalculate from User Profile and current offer evidence.,Parker Fittings Catalog.pdf,English,332,83C-OCB,Parker Fittings Catalog,SRC-0102,,Parker Hannifin,Ä Ä Ä Ä Adapter bowl 83C-OCB,37,Ä Ä Ä Ä 83C-080,,pg-tools-hose,"['human-consumer', 'human-needs', 'need-tools-repair', 'need-tools-repair-hose-fittings', 'pg-tools-hose', 'pg-tools-hose-page-023', 'item-cat-004531']",
True,Historical catalog; technical reference,2015,Industrial Hose / Fittings / Couplings,pg-tools-hose,Industrial Hose / Fittings / Couplings,,Ä Ä Ä Ä 83C-080,English,82,"Parker Fittings Catalog, PDF page 332",72,medium,table_row,need-tools-repair-hose-fittings,need-tools-repair-hose-fittings,85,,Ä Ä Ä Ä 83C-080,2015,Parker Hannifin,high,83C-R02,need-tools-repair,90,Tools / Hose / Fittings,16,pg-tools-hose-page-023,83C-R02,Ä Ä Ä Ä 83C-080,item-cat-004532,,"Verify current equivalent, price, availability and specifications before purchase.",CAT-004532,catalog-product,Extracted English catalog record — current status and price require verification,catalog_product,15,,Provisional heuristic; recalculate from User Profile and current offer evidence.,Parker Fittings Catalog.pdf,English,332,83C-R02,Parker Fittings Catalog,SRC-0102,,Parker Hannifin,Specifications Ä Ä Ä Ä Spacer ring 83C-R02,37,Ä Ä Ä Ä 83C-080,,pg-tools-hose,"['human-consumer', 'human-needs', 'need-tools-repair', 'need-tools-repair-hose-fittings', 'pg-tools-hose', 'pg-tools-hose-page-023', 'item-cat-004532']",
True,Historical catalog; technical reference,2015,Industrial Hose / Fittings / Couplings,pg-tools-hose,Industrial Hose / Fittings / Couplings,,Ä Ä Ä Ä 83C-080,English,78,"Parker Fittings Catalog, PDF page 332",72,medium,table_row,need-tools-repair-hose-fittings,need-tools-repair-hose-fittings,84,,Ä Ä Ä Ä 83C-080,2015,Parker Hannifin,high,83C-R02H,need-tools-repair,90,Tools / Hose / Fittings,16,pg-tools-hose-page-024,83C-R02H,Ä Ä Ä Ä 83C-080,item-cat-004533,,"Verify current equivalent, price, availability and specifications before purchase.",CAT-004533,catalog-product,Extracted English catalog record — current status and price require verification,catalog_product,15,,Provisional heuristic; recalculate from User Profile and current offer evidence.,Parker Fittings Catalog.pdf,English,332,83C-R02H,Parker Fittings Catalog,SRC-0102,,Parker Hannifin,"E • Dimensions: 31” wide, 24” deep, 77” high Ä Ä Ä Ä Spacer Plate 83C-R02H",37,Ä Ä Ä Ä 83C-080,,pg-tools-hose,"['human-consumer', 'human-needs', 'need-tools-repair', 'need-tools-repair-hose-fittings', 'pg-tools-hose', 'pg-tools-hose-page-024', 'item-cat-004533']",
True,Historical catalog; technical reference,2015,Industrial Hose / Fittings / Couplings,pg-tools-hose,Industrial Hose / Fittings / Couplings,,Ä Ä Ä Ä 83C-080,English,86,"Parker Fittings Catalog, PDF page 332",72,medium,table_row,need-tools-repair-hose-fittings,need-tools-repair-hose-fittings,86,,Ä Ä Ä Ä 83C-080,2015,Parker Hannifin,high,83C-S40,need-tools-repair,90,Tools / Hose / Fittings,16,pg-tools-hose-page-024,83C-S40,Ä Ä Ä Ä 83C-080,item-cat-004534,,"Verify current equivalent, price, availability and specifications before purchase.",CAT-004534,catalog-product,Extracted English catalog record — current status and price require verification,catalog_product,19,,Provisional heuristic; recalculate from User Profile and current offer evidence.,Parker Fittings Catalog.pdf,English,332,83C-S40,Parker Fittings Catalog,SRC-0102,,Parker Hannifin,"• Easy to use vertical design Ä Ä volt, 3 phase, 50/60 83C-S40",37,Ä Ä Ä Ä 83C-080,,pg-tools-hose,"['human-consumer', 'human-needs', 'need-tools-repair', 'need-tools-repair-hose-fittings', 'pg-tools-hose', 'pg-tools-hose-page-024', 'item-cat-004534']",
True,Historical catalog; technical reference,2015,Industrial Hose / Fittings / Couplings,pg-tools-hose,Industrial Hose / Fittings / Couplings,,Hose Products Division,English,83,"Parker Fittings Catalog, PDF page 332",72,medium,table_row,need-tools-repair-hose-fittings,need-tools-repair-hose-fittings,84,,C-12 Hose Products Division,2015,Parker Hannifin,high,C-12,need-tools-repair,90,Tools / Hose / Fittings,16,pg-tools-hose-page-018,C-12,C-12 Hose Products Division,item-cat-004535,,"Verify current equivalent, price, availability and specifications before purchase.",CAT-004535,catalog-product,Extracted English catalog record — current status and price require verification,catalog_product,16,,Provisional heuristic; recalculate from User Profile and current offer evidence.,Parker Fittings Catalog.pdf,English,332,C-12,Parker Fittings Catalog,SRC-0102,,Parker Hannifin,C-12 Hose Products Division,37,C-12 Hose Products Division,,pg-tools-hose,"['human-consumer', 'human-needs', 'need-tools-repair', 'need-tools-repair-hose-fittings', 'pg-tools-hose', 'pg-tools-hose-page-018', 'item-cat-004535']",
True,Historical catalog; technical reference,2015,Industrial Hose / Fittings / Couplings,pg-tools-hose,Industrial Hose / Fittings / Couplings,,Tooling Required,English,80,"Parker Fittings Catalog, PDF page 333",72,medium,table_row,need-tools-repair-hose-fittings,need-tools-repair-hose-fittings,85,,Tooling Required,2015,Parker Hannifin,high,80C-H1880,need-tools-repair,90,Tools / Hose / Fittings,16,pg-tools-hose-page-023,80C-H1880,Tooling Required,item-cat-004536,,"Verify current equivalent, price, availability and specifications before purchase.",CAT-004536,catalog-product,Extracted English catalog record — current status and price require verification,catalog_product,23,,Provisional heuristic; recalculate from User Profile and current offer evidence.,Parker Fittings Catalog.pdf,English,333,80C-H1880,Parker Fittings Catalog,SRC-0102,,Parker Hannifin,Die Part Number 80C-H605 80C-H775 80C-H885 80C-H1010 80C-H1170 80C-H1465 80C-H1880,37,Tooling Required,,pg-tools-hose,"['human-consumer', 'human-needs', 'need-tools-repair', 'need-tools-repair-hose-fittings', 'pg-tools-hose', 'pg-tools-hose-page-023', 'item-cat-004536']",
True,Historical catalog; technical reference,2015,Industrial Hose / Fittings / Couplings,pg-tools-hose,Industrial Hose / Fittings / Couplings,,small dies,English,83,"Parker Fittings Catalog, PDF page 333",72,medium,table_row,need-tools-repair-hose-fittings,need-tools-repair-hose-fittings,88,,Tooling Required,2015,Parker Hannifin,high,80C-xxx/83C-xxx,need-tools-repair,90,Tools / Hose / Fittings,16,pg-tools-hose-page-023,80C-xxx/83C-xxx,Tooling Required,item-cat-004537,,"Verify current equivalent, price, availability and specifications before purchase.",CAT-004537,catalog-product,Extracted English catalog record — current status and price require verification,catalog_product,16,,Provisional heuristic; recalculate from User Profile and current offer evidence.,Parker Fittings Catalog.pdf,English,333,80C-xxx/83C-xxx,Parker Fittings Catalog,SRC-0102,,Parker Hannifin,83C-R12 Split Die ring 80C-xxx/83C-xxx small dies 83C-R02 Spacer Ring 83C-xxx Large 83C-R02H Spacer Plate,37,Tooling Required,,pg-tools-hose,"['human-consumer', 'human-needs', 'need-tools-repair', 'need-tools-repair-hose-fittings', 'pg-tools-hose', 'pg-tools-hose-page-023', 'item-cat-004537']",
True,Historical catalog; technical reference,2015,Industrial Hose / Fittings / Couplings,pg-tools-hose,Industrial Hose / Fittings / Couplings,,HOSE RED PUR YEL BLU ORG GRN BLK WHT RED GRN,English,79,"Parker Fittings Catalog, PDF page 333",72,medium,table_row,need-tools-repair-hose-fittings,need-tools-repair-hose-fittings,85,,HOSE RED PUR YEL BLU ORG GRN BLK WHT RED GRN,2015,Parker Hannifin,high,83C-A32,need-tools-repair,90,Tools / Hose / Fittings,16,pg-tools-hose-page-020,83C-A32,HOSE RED PUR YEL BLU ORG GRN BLK WHT RED GRN,item-cat-004538,,"Verify current equivalent, price, availability and specifications before purchase.",CAT-004538,catalog-product,Extracted English catalog record — current status and price require verification,catalog_product,14,,Provisional heuristic; recalculate from User Profile and current offer evidence.,Parker Fittings Catalog.pdf,English,333,83C-A32,Parker Fittings Catalog,SRC-0102,,Parker Hannifin,Die Part Number 80C-A04 80C-A05 80C-A06 80C-A08 80C-A10 80C-A12 80C-A16 80C-A20 83C-A24 83C-A32,37,HOSE RED PUR YEL BLU ORG GRN BLK WHT RED GRN,,pg-tools-hose,"['human-consumer', 'human-needs', 'need-tools-repair', 'need-tools-repair-hose-fittings', 'pg-tools-hose', 'pg-tools-hose-page-020', 'item-cat-004538']",
True,Historical catalog; technical reference,2015,Industrial Hose / Fittings / Couplings,pg-tools-hose,Industrial Hose / Fittings / Couplings,,Tooling Required B,English,80,"Parker Fittings Catalog, PDF page 333",72,medium,table_row,need-tools-repair-hose-fittings,need-tools-repair-hose-fittings,83,,Tooling Required B,2015,Parker Hannifin,high,83C-CS32,need-tools-repair,90,Tools / Hose / Fittings,16,pg-tools-hose-page-023,83C-CS32,Tooling Required B,item-cat-004539,,"Verify current equivalent, price, availability and specifications before purchase.",CAT-004539,catalog-product,Extracted English catalog record — current status and price require verification,catalog_product,21,,Provisional heuristic; recalculate from User Profile and current offer evidence.,Parker Fittings Catalog.pdf,English,333,83C-CS32,Parker Fittings Catalog,SRC-0102,,Parker Hannifin,Die Part Number 80C-CS08 80C-CS10 80C-CS12 83C-CS16 83C-CS20 83C-CS24 83C-CS32,37,Tooling Required B,,pg-tools-hose,"['human-consumer', 'human-needs', 'need-tools-repair', 'need-tools-repair-hose-fittings', 'pg-tools-hose', 'pg-tools-hose-page-023', 'item-cat-004539']",
True,Historical catalog; technical reference,2015,Industrial Hose / Fittings / Couplings,pg-tools-hose,Industrial Hose / Fittings / Couplings,,Tooling Required,English,84,"Parker Fittings Catalog, PDF page 333",72,medium,table_row,need-tools-repair-hose-fittings,need-tools-repair-hose-fittings,85,,Tooling Required,2015,Parker Hannifin,high,83C-D32,need-tools-repair,90,Tools / Hose / Fittings,16,pg-tools-hose-page-023,83C-D32,Tooling Required,item-cat-004540,,"Verify current equivalent, price, availability and specifications before purchase.",CAT-004540,catalog-product,Extracted English catalog record — current status and price require verification,catalog_product,15,,Provisional heuristic; recalculate from User Profile and current offer evidence.,Parker Fittings Catalog.pdf,English,333,83C-D32,Parker Fittings Catalog,SRC-0102,,Parker Hannifin,Die Part Number 83C-D06 83C-D08 83C-D10 83C-D12 83C-D16 83C-D20 83C-D24 83C-D32,37,Tooling Required,,pg-tools-hose,"['human-consumer', 'human-needs', 'need-tools-repair', 'need-tools-repair-hose-fittings', 'pg-tools-hose', 'pg-tools-hose-page-023', 'item-cat-004540']",
True,Historical catalog; technical reference,2015,Industrial Hose / Fittings / Couplings,pg-tools-hose,Industrial Hose / Fittings / Couplings,,Tooling Required,English,86,"Parker Fittings Catalog, PDF page 333",72,medium,table_row,need-tools-repair-hose-fittings,need-tools-repair-hose-fittings,81,,Tooling Required,2015,Parker Hannifin,high,83C-E32,need-tools-repair,90,Tools / Hose / Fittings,16,pg-tools-hose-page-023,83C-E32,Tooling Required,item-cat-004541,,"Verify current equivalent, price, availability and specifications before purchase.",CAT-004541,catalog-product,Extracted English catalog record — current status and price require verification,catalog_product,26,,Provisional heuristic; recalculate from User Profile and current offer evidence.,Parker Fittings Catalog.pdf,English,333,83C-E32,Parker Fittings Catalog,SRC-0102,,Parker Hannifin,Die Part Number 80C-E04 80C-E05 80C-E06 80C-E08 80C-E10 80C-E12 80C-E16 83C-E20 83C-E24 83C-E32,37,Tooling Required,,pg-tools-hose,"['human-consumer', 'human-needs', 'need-tools-repair', 'need-tools-repair-hose-fittings', 'pg-tools-hose', 'pg-tools-hose-page-023', 'item-cat-004541']",
True,Historical catalog; technical reference,2015,Industrial Hose / Fittings / Couplings,pg-tools-hose,Industrial Hose / Fittings / Couplings,,Die Part Number 83C-L12 83C-L16 83C-L20 83C-L24,English,86,"Parker Fittings Catalog, PDF page 333",72,medium,table_row,need-tools-repair-hose-fittings,need-tools-repair-hose-fittings,86,,Die Part Number 83C-L12 83C-L16 83C-L20 83C-L24,2015,Parker Hannifin,high,83C-L24,need-tools-repair,90,Tools / Hose / Fittings,16,pg-tools-hose-page-019,83C-L24,Die Part Number 83C-L12 83C-L16 83C-L20 83C-L24,item-cat-004542,,"Verify current equivalent, price, availability and specifications before purchase.",CAT-004542,catalog-product,Extracted English catalog record — current status and price require verification,catalog_product,23,,Provisional heuristic; recalculate from User Profile and current offer evidence.,Parker Fittings Catalog.pdf,English,333,83C-L24,Parker Fittings Catalog,SRC-0102,,Parker Hannifin,Die Part Number 83C-L12 83C-L16 83C-L20 83C-L24,37,Die Part Number 83C-L12 83C-L16 83C-L20 83C-L24,,pg-tools-hose,"['human-consumer', 'human-needs', 'need-tools-repair', 'need-tools-repair-hose-fittings', 'pg-tools-hose', 'pg-tools-hose-page-019', 'item-cat-004542']",
True,Historical catalog; technical reference,2015,Industrial Hose / Fittings / Couplings,pg-tools-hose,Industrial Hose / Fittings / Couplings,,Die Part Number 83C-L12 83C-L16 83C-L20 83C-L24 83C-L32,English,81,"Parker Fittings Catalog, PDF page 333",72,medium,table_row,need-tools-repair-hose-fittings,need-tools-repair-hose-fittings,83,,Die Part Number 83C-L12 83C-L16 83C-L20 83C-L24 83C-L32,2015,Parker Hannifin,high,83C-L32,need-tools-repair,90,Tools / Hose / Fittings,16,pg-tools-hose-page-019,83C-L32,Die Part Number 83C-L12 83C-L16 83C-L20 83C-L24 83C-L32,item-cat-004543,,"Verify current equivalent, price, availability and specifications before purchase.",CAT-004543,catalog-product,Extracted English catalog record — current status and price require verification,catalog_product,16,,Provisional heuristic; recalculate from User Profile and current offer evidence.,Parker Fittings Catalog.pdf,English,333,83C-L32,Parker Fittings Catalog,SRC-0102,,Parker Hannifin,Die Part Number 83C-L12 83C-L16 83C-L20 83C-L24 83C-L32,37,Die Part Number 83C-L12 83C-L16 83C-L20 83C-L24 83C-L32,,pg-tools-hose,"['human-consumer', 'human-needs', 'need-tools-repair', 'need-tools-repair-hose-fittings', 'pg-tools-hose', 'pg-tools-hose-page-019', 'item-cat-004543']",
True,Historical catalog; technical reference,2015,Industrial Hose / Fittings / Couplings,pg-tools-hose,Industrial Hose / Fittings / Couplings,,Split Die ring,English,85,"Parker Fittings Catalog, PDF page 333",72,medium,table_row,need-tools-repair-hose-fittings,need-tools-repair-hose-fittings,86,,Tooling Required,2015,Parker Hannifin,high,83C-R12,need-tools-repair,90,Tools / Hose / Fittings,16,pg-tools-hose-page-023,83C-R12,Tooling Required,item-cat-004544,,"Verify current equivalent, price, availability and specifications before purchase.",CAT-004544,catalog-product,Extracted English catalog record — current status and price require verification,catalog_product,17,,Provisional heuristic; recalculate from User Profile and current offer evidence.,Parker Fittings Catalog.pdf,English,333,83C-R12,Parker Fittings Catalog,SRC-0102,,Parker Hannifin,83C-R12 Split Die ring 80C-xxx/83C-xxx small dies 83C-R02 Spacer Ring 83C-xxx Large 83C-R02H Spacer Plate,37,Tooling Required,,pg-tools-hose,"['human-consumer', 'human-needs', 'need-tools-repair', 'need-tools-repair-hose-fittings', 'pg-tools-hose', 'pg-tools-hose-page-023', 'item-cat-004544']",
True,Historical catalog; technical reference,2015,Industrial Hose / Fittings / Couplings,pg-tools-hose,Industrial Hose / Fittings / Couplings,,Die Part Number 83C-U12 83C-U16,English,79,"Parker Fittings Catalog, PDF page 333",72,medium,table_row,need-tools-repair-hose-fittings,need-tools-repair-hose-fittings,84,,Die Part Number 83C-U12 83C-U16,2015,Parker Hannifin,high,83C-U16,need-tools-repair,90,Tools / Hose / Fittings,16,pg-tools-hose-page-019,83C-U16,Die Part Number 83C-U12 83C-U16,item-cat-004545,,"Verify current equivalent, price, availability and specifications before purchase.",CAT-004545,catalog-product,Extracted English catalog record — current status and price require verification,catalog_product,16,,Provisional heuristic; recalculate from User Profile and current offer evidence.,Parker Fittings Catalog.pdf,English,333,83C-U16,Parker Fittings Catalog,SRC-0102,,Parker Hannifin,Die Part Number 83C-U12 83C-U16,37,Die Part Number 83C-U12 83C-U16,,pg-tools-hose,"['human-consumer', 'human-needs', 'need-tools-repair', 'need-tools-repair-hose-fittings', 'pg-tools-hose', 'pg-tools-hose-page-019', 'item-cat-004545']",
True,Historical catalog; technical reference,2015,Industrial Hose / Fittings / Couplings,pg-tools-hose,Industrial Hose / Fittings / Couplings,,Die Part Number 80C-V12 80C-V16 80C-V20 83C-V24 83C-V32,English,85,"Parker Fittings Catalog, PDF page 333",72,medium,table_row,need-tools-repair-hose-fittings,need-tools-repair-hose-fittings,88,,Die Part Number 80C-V12 80C-V16 80C-V20 83C-V24 83C-V32,2015,Parker Hannifin,high,83C-V32,need-tools-repair,90,Tools / Hose / Fittings,16,pg-tools-hose-page-019,83C-V32,Die Part Number 80C-V12 80C-V16 80C-V20 83C-V24 83C-V32,item-cat-004546,,"Verify current equivalent, price, availability and specifications before purchase.",CAT-004546,catalog-product,Extracted English catalog record — current status and price require verification,catalog_product,24,,Provisional heuristic; recalculate from User Profile and current offer evidence.,Parker Fittings Catalog.pdf,English,333,83C-V32,Parker Fittings Catalog,SRC-0102,,Parker Hannifin,Die Part Number 80C-V12 80C-V16 80C-V20 83C-V24 83C-V32,37,Die Part Number 80C-V12 80C-V16 80C-V20 83C-V24 83C-V32,,pg-tools-hose,"['human-consumer', 'human-needs', 'need-tools-repair', 'need-tools-repair-hose-fittings', 'pg-tools-hose', 'pg-tools-hose-page-019', 'item-cat-004546']",
True,Historical catalog; technical reference,2015,Industrial Hose / Fittings / Couplings,pg-tools-hose,Industrial Hose / Fittings / Couplings,,Hose Products Division,English,82,"Parker Fittings Catalog, PDF page 333",72,medium,table_row,need-tools-repair-hose-fittings,need-tools-repair-hose-fittings,82,,C-13 Hose Products Division,2015,Parker Hannifin,high,C-13,need-tools-repair,90,Tools / Hose / Fittings,16,pg-tools-hose-page-018,C-13,C-13 Hose Products Division,item-cat-004547,,"Verify current equivalent, price, availability and specifications before purchase.",CAT-004547,catalog-product,Extracted English catalog record — current status and price require verification,catalog_product,16,,Provisional heuristic; recalculate from User Profile and current offer evidence.,Parker Fittings Catalog.pdf,English,333,C-13,Parker Fittings Catalog,SRC-0102,,Parker Hannifin,C-13 Hose Products Division,37,C-13 Hose Products Division,,pg-tools-hose,"['human-consumer', 'human-needs', 'need-tools-repair', 'need-tools-repair-hose-fittings', 'pg-tools-hose', 'pg-tools-hose-page-018', 'item-cat-004547']",
True,Historical catalog; technical reference,2015,Industrial Hose / Fittings / Couplings,pg-tools-hose,Industrial Hose / Fittings / Couplings,,Series Fittings are used on P35-32 Hose Only C,English,82,"Parker Fittings Catalog, PDF page 333",72,medium,table_row,need-tools-repair-hose-fittings,need-tools-repair-hose-fittings,86,,Series,2015,Parker Hannifin,high,S6,need-tools-repair,90,Tools / Hose / Fittings,16,pg-tools-hose-page-022,S6,Series,item-cat-004548,,"Verify current equivalent, price, availability and specifications before purchase.",CAT-004548,catalog-product,Extracted English catalog record — current status and price require verification,catalog_product,22,,Provisional heuristic; recalculate from User Profile and current offer evidence.,Parker Fittings Catalog.pdf,English,333,S6,Parker Fittings Catalog,SRC-0102,,Parker Hannifin,Tooling Required S6 Series Fittings are used on P35-32 Hose Only C,37,Series,,pg-tools-hose,"['human-consumer', 'human-needs', 'need-tools-repair', 'need-tools-repair-hose-fittings', 'pg-tools-hose', 'pg-tools-hose-page-022', 'item-cat-004548']",
True,Historical catalog; technical reference,2015,Industrial Hose / Fittings / Couplings,pg-tools-hose,Industrial Hose / Fittings / Couplings,,Hose Products Division,English,81,"Parker Fittings Catalog, PDF page 334",72,medium,table_row,need-tools-repair-hose-fittings,need-tools-repair-hose-fittings,85,,C-14 Hose Products Division,2015,Parker Hannifin,high,C-14,need-tools-repair,90,Tools / Hose / Fittings,16,pg-tools-hose-page-018,C-14,C-14 Hose Products Division,item-cat-004549,,"Verify current equivalent, price, availability and specifications before purchase.",CAT-004549,catalog-product,Extracted English catalog record — current status and price require verification,catalog_product,14,,Provisional heuristic; recalculate from User Profile and current offer evidence.,Parker Fittings Catalog.pdf,English,334,C-14,Parker Fittings Catalog,SRC-0102,,Parker Hannifin,C-14 Hose Products Division,37,C-14 Hose Products Division,,pg-tools-hose,"['human-consumer', 'human-needs', 'need-tools-repair', 'need-tools-repair-hose-fittings', 'pg-tools-hose', 'pg-tools-hose-page-018', 'item-cat-004549']",
True,Historical catalog; technical reference,2015,Industrial Hose / Fittings / Couplings,pg-tools-hose,Industrial Hose / Fittings / Couplings,,Hose Products Division,English,86,"Parker Fittings Catalog, PDF page 336",72,medium,table_row,need-tools-repair-hose-fittings,need-tools-repair-hose-fittings,88,,C-16 Hose Products Division,2015,Parker Hannifin,high,C-16,need-tools-repair,90,Tools / Hose / Fittings,16,pg-tools-hose-page-018,C-16,C-16 Hose Products Division,item-cat-004550,,"Verify current equivalent, price, availability and specifications before purchase.",CAT-004550,catalog-product,Extracted English catalog record — current status and price require verification,catalog_product,14,,Provisional heuristic; recalculate from User Profile and current offer evidence.,Parker Fittings Catalog.pdf,English,336,C-16,Parker Fittings Catalog,SRC-0102,,Parker Hannifin,C-16 Hose Products Division,37,C-16 Hose Products Division,,pg-tools-hose,"['human-consumer', 'human-needs', 'need-tools-repair', 'need-tools-repair-hose-fittings', 'pg-tools-hose', 'pg-tools-hose-page-018', 'item-cat-004550']",
True,Historical catalog; technical reference,2015,Industrial Hose / Fittings / Couplings,pg-tools-hose,Industrial Hose / Fittings / Couplings,,If using small unitized dies 3 Place spacer ring,English,82,"Parker Fittings Catalog, PDF page 337",72,medium,table_row,need-tools-repair-hose-fittings,need-tools-repair-hose-fittings,80,,Parkrimp Assembly Instructions,2015,Parker Hannifin,high,2b,need-tools-repair,90,Tools / Hose / Fittings,16,pg-tools-hose-page-020,2b,Parkrimp Assembly Instructions,item-cat-004551,,"Verify current equivalent, price, availability and specifications before purchase.",CAT-004551,catalog-product,Extracted English catalog record — current status and price require verification,catalog_product,14,,Provisional heuristic; recalculate from User Profile and current offer evidence.,Parker Fittings Catalog.pdf,English,337,2b,Parker Fittings Catalog,SRC-0102,,Parker Hannifin,2b If using small unitized dies 3 Place spacer ring,37,Parkrimp Assembly Instructions,,pg-tools-hose,"['human-consumer', 'human-needs', 'need-tools-repair', 'need-tools-repair-hose-fittings', 'pg-tools-hose', 'pg-tools-hose-page-020', 'item-cat-004551']",
True,Historical catalog; technical reference,2015,Industrial Hose / Fittings / Couplings,pg-tools-hose,Industrial Hose / Fittings / Couplings,,Hose Products Division,English,78,"Parker Fittings Catalog, PDF page 337",72,medium,table_row,need-tools-repair-hose-fittings,need-tools-repair-hose-fittings,79,,C-17 Hose Products Division,2015,Parker Hannifin,high,C-17,need-tools-repair,90,Tools / Hose / Fittings,16,pg-tools-hose-page-018,C-17,C-17 Hose Products Division,item-cat-004552,,"Verify current equivalent, price, availability and specifications before purchase.",CAT-004552,catalog-product,Extracted English catalog record — current status and price require verification,catalog_product,18,,Provisional heuristic; recalculate from User Profile and current offer evidence.,Parker Fittings Catalog.pdf,English,337,C-17,Parker Fittings Catalog,SRC-0102,,Parker Hannifin,C-17 Hose Products Division,37,C-17 Hose Products Division,,pg-tools-hose,"['human-consumer', 'human-needs', 'need-tools-repair', 'need-tools-repair-hose-fittings', 'pg-tools-hose', 'pg-tools-hose-page-018', 'item-cat-004552']",
True,Historical catalog; technical reference,2015,Industrial Hose / Fittings / Couplings,pg-tools-hose,Industrial Hose / Fittings / Couplings,,Hose Products Division,English,85,"Parker Fittings Catalog, PDF page 338",72,medium,table_row,need-tools-repair-hose-fittings,need-tools-repair-hose-fittings,80,,C-18 Hose Products Division,2015,Parker Hannifin,high,C-18,need-tools-repair,90,Tools / Hose / Fittings,16,pg-tools-hose-page-018,C-18,C-18 Hose Products Division,item-cat-004553,,"Verify current equivalent, price, availability and specifications before purchase.",CAT-004553,catalog-product,Extracted English catalog record — current status and price require verification,catalog_product,19,,Provisional heuristic; recalculate from User Profile and current offer evidence.,Parker Fittings Catalog.pdf,English,338,C-18,Parker Fittings Catalog,SRC-0102,,Parker Hannifin,C-18 Hose Products Division,37,C-18 Hose Products Division,,pg-tools-hose,"['human-consumer', 'human-needs', 'need-tools-repair', 'need-tools-repair-hose-fittings', 'pg-tools-hose', 'pg-tools-hose-page-018', 'item-cat-004553']",
True,Historical catalog; technical reference,2015,Industrial Hose / Fittings / Couplings,pg-tools-hose,Industrial Hose / Fittings / Couplings,,Hose Products Division,English,85,"Parker Fittings Catalog, PDF page 339",72,medium,table_row,need-tools-repair-hose-fittings,need-tools-repair-hose-fittings,85,,C-19 Hose Products Division,2015,Parker Hannifin,high,C-19,need-tools-repair,90,Tools / Hose / Fittings,16,pg-tools-hose-page-018,C-19,C-19 Hose Products Division,item-cat-004554,,"Verify current equivalent, price, availability and specifications before purchase.",CAT-004554,catalog-product,Extracted English catalog record — current status and price require verification,catalog_product,18,,Provisional heuristic; recalculate from User Profile and current offer evidence.,Parker Fittings Catalog.pdf,English,339,C-19,Parker Fittings Catalog,SRC-0102,,Parker Hannifin,C-19 Hose Products Division,37,C-19 Hose Products Division,,pg-tools-hose,"['human-consumer', 'human-needs', 'need-tools-repair', 'need-tools-repair-hose-fittings', 'pg-tools-hose', 'pg-tools-hose-page-018', 'item-cat-004554']",
True,Historical catalog; technical reference,2015,Industrial Hose / Fittings / Couplings,pg-tools-hose,Industrial Hose / Fittings / Couplings,,D Ä Black Die Ring 81C-R02,English,83,"Parker Fittings Catalog, PDF page 340",72,medium,table_row,need-tools-repair-hose-fittings,need-tools-repair-hose-fittings,86,,D Ä Black Die Ring 81C-R02,2015,Parker Hannifin,high,80C-Axx,need-tools-repair,90,Tools / Hose / Fittings,16,pg-tools-hose-page-019,80C-Axx,D Ä Black Die Ring 81C-R02,item-cat-004555,,"Verify current equivalent, price, availability and specifications before purchase.",CAT-004555,catalog-product,Extracted English catalog record — current status and price require verification,catalog_product,21,,Provisional heuristic; recalculate from User Profile and current offer evidence.,Parker Fittings Catalog.pdf,English,340,80C-Axx,Parker Fittings Catalog,SRC-0102,,Parker Hannifin,"Ä 43 Series Dies in 1/4”, 3/8”, 1/2” and 3/4” 80C-Axx",37,D Ä Black Die Ring 81C-R02,,pg-tools-hose,"['human-consumer', 'human-needs', 'need-tools-repair', 'need-tools-repair-hose-fittings', 'pg-tools-hose', 'pg-tools-hose-page-019', 'item-cat-004555']",
True,Historical catalog; technical reference,2015,Industrial Hose / Fittings / Couplings,pg-tools-hose,Industrial Hose / Fittings / Couplings,,Ä Silver Die Ring 81C-R01,English,79,"Parker Fittings Catalog, PDF page 340",72,medium,table_row,need-tools-repair-hose-fittings,need-tools-repair-hose-fittings,79,,Ä Silver Die Ring 81C-R01,2015,Parker Hannifin,high,81C-R01,need-tools-repair,90,Tools / Hose / Fittings,16,pg-tools-hose-page-023,81C-R01,Ä Silver Die Ring 81C-R01,item-cat-004556,,"Verify current equivalent, price, availability and specifications before purchase.",CAT-004556,catalog-product,Extracted English catalog record — current status and price require verification,catalog_product,24,,Provisional heuristic; recalculate from User Profile and current offer evidence.,Parker Fittings Catalog.pdf,English,340,81C-R01,Parker Fittings Catalog,SRC-0102,,Parker Hannifin,Ä Silver Die Ring 81C-R01,37,Ä Silver Die Ring 81C-R01,,pg-tools-hose,"['human-consumer', 'human-needs', 'need-tools-repair', 'need-tools-repair-hose-fittings', 'pg-tools-hose', 'pg-tools-hose-page-023', 'item-cat-004556']",
True,Historical catalog; technical reference,2015,Industrial Hose / Fittings / Couplings,pg-tools-hose,Industrial Hose / Fittings / Couplings,,D Ä Black Die Ring 81C-R02,English,80,"Parker Fittings Catalog, PDF page 340",72,medium,table_row,need-tools-repair-hose-fittings,need-tools-repair-hose-fittings,87,,D Ä Black Die Ring 81C-R02,2015,Parker Hannifin,high,81C-R02,need-tools-repair,90,Tools / Hose / Fittings,16,pg-tools-hose-page-019,81C-R02,D Ä Black Die Ring 81C-R02,item-cat-004557,,"Verify current equivalent, price, availability and specifications before purchase.",CAT-004557,catalog-product,Extracted English catalog record — current status and price require verification,catalog_product,20,,Provisional heuristic; recalculate from User Profile and current offer evidence.,Parker Fittings Catalog.pdf,English,340,81C-R02,Parker Fittings Catalog,SRC-0102,,Parker Hannifin,D Ä Black Die Ring 81C-R02,37,D Ä Black Die Ring 81C-R02,,pg-tools-hose,"['human-consumer', 'human-needs', 'need-tools-repair', 'need-tools-repair-hose-fittings', 'pg-tools-hose', 'pg-tools-hose-page-019', 'item-cat-004557']",
True,Historical catalog; technical reference,2015,Industrial Hose / Fittings / Couplings,pg-tools-hose,Industrial Hose / Fittings / Couplings,,Part Number Individual,English,85,"Parker Fittings Catalog, PDF page 340",72,medium,table_row,need-tools-repair-hose-fittings,need-tools-repair-hose-fittings,87,,Part Number Individual,2015,Parker Hannifin,high,8PC-00P,need-tools-repair,90,Tools / Hose / Fittings,16,pg-tools-hose-page-022,8PC-00P,Part Number Individual,item-cat-004558,,"Verify current equivalent, price, availability and specifications before purchase.",CAT-004558,catalog-product,Extracted English catalog record — current status and price require verification,catalog_product,14,,Provisional heuristic; recalculate from User Profile and current offer evidence.,Parker Fittings Catalog.pdf,English,340,8PC-00P,Parker Fittings Catalog,SRC-0102,,Parker Hannifin,Ä Pusher 8PC-00P,37,Part Number Individual,,pg-tools-hose,"['human-consumer', 'human-needs', 'need-tools-repair', 'need-tools-repair-hose-fittings', 'pg-tools-hose', 'pg-tools-hose-page-022', 'item-cat-004558']",
True,Historical catalog; technical reference,2015,Industrial Hose / Fittings / Couplings,pg-tools-hose,Industrial Hose / Fittings / Couplings,,Part Number Individual,English,84,"Parker Fittings Catalog, PDF page 340",72,medium,table_row,need-tools-repair-hose-fittings,need-tools-repair-hose-fittings,86,,Part Number Individual,2015,Parker Hannifin,high,8PC-030,need-tools-repair,90,Tools / Hose / Fittings,16,pg-tools-hose-page-022,8PC-030,Part Number Individual,item-cat-004559,,"Verify current equivalent, price, availability and specifications before purchase.",CAT-004559,catalog-product,Extracted English catalog record — current status and price require verification,catalog_product,14,,Provisional heuristic; recalculate from User Profile and current offer evidence.,Parker Fittings Catalog.pdf,English,340,8PC-030,Parker Fittings Catalog,SRC-0102,,Parker Hannifin,Ä Bowl Assembly 8PC-030,37,Part Number Individual,,pg-tools-hose,"['human-consumer', 'human-needs', 'need-tools-repair', 'need-tools-repair-hose-fittings', 'pg-tools-hose', 'pg-tools-hose-page-022', 'item-cat-004559']",
True,Historical catalog; technical reference,2015,Industrial Hose / Fittings / Couplings,pg-tools-hose,Industrial Hose / Fittings / Couplings,,Part Number Individual,English,83,"Parker Fittings Catalog, PDF page 340",72,medium,table_row,need-tools-repair-hose-fittings,need-tools-repair-hose-fittings,88,,Part Number Individual,2015,Parker Hannifin,high,8WC-00P,need-tools-repair,90,Tools / Hose / Fittings,16,pg-tools-hose-page-022,8WC-00P,Part Number Individual,item-cat-004560,,"Verify current equivalent, price, availability and specifications before purchase.",CAT-004560,catalog-product,Extracted English catalog record — current status and price require verification,catalog_product,17,,Provisional heuristic; recalculate from User Profile and current offer evidence.,Parker Fittings Catalog.pdf,English,340,8WC-00P,Parker Fittings Catalog,SRC-0102,,Parker Hannifin,Ä Pusher 8WC-00P,37,Part Number Individual,,pg-tools-hose,"['human-consumer', 'human-needs', 'need-tools-repair', 'need-tools-repair-hose-fittings', 'pg-tools-hose', 'pg-tools-hose-page-022', 'item-cat-004560']",
True,Historical catalog; technical reference,2015,Industrial Hose / Fittings / Couplings,pg-tools-hose,Industrial Hose / Fittings / Couplings,,339 Description,English,86,"Parker Fittings Catalog, PDF page 341",72,medium,table_row,need-tools-repair-hose-fittings,need-tools-repair-hose-fittings,79,,Part Number,2015,Parker Hannifin,high,239,need-tools-repair,90,Tools / Hose / Fittings,16,pg-tools-hose-page-021,239,Part Number,item-cat-004561,,"Verify current equivalent, price, availability and specifications before purchase.",CAT-004561,catalog-product,Extracted English catalog record — current status and price require verification,catalog_product,26,,Provisional heuristic; recalculate from User Profile and current offer evidence.,Parker Fittings Catalog.pdf,English,341,239,Parker Fittings Catalog,SRC-0102,,Parker Hannifin,Saw Part Number: TH3-51 239 339 Description,37,Part Number,,pg-tools-hose,"['human-consumer', 'human-needs', 'need-tools-repair', 'need-tools-repair-hose-fittings', 'pg-tools-hose', 'pg-tools-hose-page-021', 'item-cat-004561']",
True,Historical catalog; technical reference,2015,Industrial Hose / Fittings / Couplings,pg-tools-hose,Industrial Hose / Fittings / Couplings,,• Optional Equipment: Ä,English,83,"Parker Fittings Catalog, PDF page 341",72,medium,table_row,need-tools-repair-hose-fittings,need-tools-repair-hose-fittings,85,,• Optional Equipment: Ä,2015,Parker Hannifin,high,24248,need-tools-repair,90,Tools / Hose / Fittings,16,pg-tools-hose-page-024,24248,• Optional Equipment: Ä,item-cat-004562,,"Verify current equivalent, price, availability and specifications before purchase.",CAT-004562,catalog-product,Extracted English catalog record — current status and price require verification,catalog_product,14,,Provisional heuristic; recalculate from User Profile and current offer evidence.,Parker Fittings Catalog.pdf,English,341,24248,Parker Fittings Catalog,SRC-0102,,Parker Hannifin,Ä Ä 24248,37,• Optional Equipment: Ä,,pg-tools-hose,"['human-consumer', 'human-needs', 'need-tools-repair', 'need-tools-repair-hose-fittings', 'pg-tools-hose', 'pg-tools-hose-page-024', 'item-cat-004562']",
True,Historical catalog; technical reference,2015,Industrial Hose / Fittings / Couplings,pg-tools-hose,Industrial Hose / Fittings / Couplings,,Ä 631140 Scallop Cutting Blade,English,79,"Parker Fittings Catalog, PDF page 341",72,medium,table_row,need-tools-repair-hose-fittings,need-tools-repair-hose-fittings,83,,Ä 631140 Scallop Cutting Blade,2015,Parker Hannifin,high,24398,need-tools-repair,90,Tools / Hose / Fittings,16,pg-tools-hose-page-023,24398,Ä 631140 Scallop Cutting Blade,item-cat-004563,,"Verify current equivalent, price, availability and specifications before purchase.",CAT-004563,catalog-product,Extracted English catalog record — current status and price require verification,catalog_product,19,,Provisional heuristic; recalculate from User Profile and current offer evidence.,Parker Fittings Catalog.pdf,English,341,24398,Parker Fittings Catalog,SRC-0102,,Parker Hannifin,universal AC motor Ä 24398,37,Ä 631140 Scallop Cutting Blade,,pg-tools-hose,"['human-consumer', 'human-needs', 'need-tools-repair', 'need-tools-repair-hose-fittings', 'pg-tools-hose', 'pg-tools-hose-page-023', 'item-cat-004563']",
True,Historical catalog; technical reference,2015,Industrial Hose / Fittings / Couplings,pg-tools-hose,Industrial Hose / Fittings / Couplings,,Description,English,80,"Parker Fittings Catalog, PDF page 341",72,medium,table_row,need-tools-repair-hose-fittings,need-tools-repair-hose-fittings,82,,Part Number,2015,Parker Hannifin,high,339,need-tools-repair,90,Tools / Hose / Fittings,16,pg-tools-hose-page-021,339,Part Number,item-cat-004564,,"Verify current equivalent, price, availability and specifications before purchase.",CAT-004564,catalog-product,Extracted English catalog record — current status and price require verification,catalog_product,19,,Provisional heuristic; recalculate from User Profile and current offer evidence.,Parker Fittings Catalog.pdf,English,341,339,Parker Fittings Catalog,SRC-0102,,Parker Hannifin,Saw Part Number: TH3-51 239 339 Description,37,Part Number,,pg-tools-hose,"['human-consumer', 'human-needs', 'need-tools-repair', 'need-tools-repair-hose-fittings', 'pg-tools-hose', 'pg-tools-hose-page-021', 'item-cat-004564']",
True,Historical catalog; technical reference,2015,Industrial Hose / Fittings / Couplings,pg-tools-hose,Industrial Hose / Fittings / Couplings,,Ä 631140 Scallop Cutting Blade,English,81,"Parker Fittings Catalog, PDF page 341",72,medium,table_row,need-tools-repair-hose-fittings,need-tools-repair-hose-fittings,85,,Ä 631140 Scallop Cutting Blade,2015,Parker Hannifin,high,621102,need-tools-repair,90,Tools / Hose / Fittings,16,pg-tools-hose-page-023,621102,Ä 631140 Scallop Cutting Blade,item-cat-004565,,"Verify current equivalent, price, availability and specifications before purchase.",CAT-004565,catalog-product,Extracted English catalog record — current status and price require verification,catalog_product,20,,Provisional heuristic; recalculate from User Profile and current offer evidence.,Parker Fittings Catalog.pdf,English,341,621102,Parker Fittings Catalog,SRC-0102,,Parker Hannifin,Ä Cutting blade (7” with 5/8” arbor size) 621102,37,Ä 631140 Scallop Cutting Blade,,pg-tools-hose,"['human-consumer', 'human-needs', 'need-tools-repair', 'need-tools-repair-hose-fittings', 'pg-tools-hose', 'pg-tools-hose-page-023', 'item-cat-004565']",
True,Historical catalog; technical reference,2015,Industrial Hose / Fittings / Couplings,pg-tools-hose,Industrial Hose / Fittings / Couplings,,Ä 631140 Scallop Cutting Blade,English,79,"Parker Fittings Catalog, PDF page 341",72,medium,table_row,need-tools-repair-hose-fittings,need-tools-repair-hose-fittings,87,,Ä 631140 Scallop Cutting Blade,2015,Parker Hannifin,high,631076,need-tools-repair,90,Tools / Hose / Fittings,16,pg-tools-hose-page-023,631076,Ä 631140 Scallop Cutting Blade,item-cat-004566,,"Verify current equivalent, price, availability and specifications before purchase.",CAT-004566,catalog-product,Extracted English catalog record — current status and price require verification,catalog_product,25,,Provisional heuristic; recalculate from User Profile and current offer evidence.,Parker Fittings Catalog.pdf,English,341,631076,Parker Fittings Catalog,SRC-0102,,Parker Hannifin,Ä 631076,37,Ä 631140 Scallop Cutting Blade,,pg-tools-hose,"['human-consumer', 'human-needs', 'need-tools-repair', 'need-tools-repair-hose-fittings', 'pg-tools-hose', 'pg-tools-hose-page-023', 'item-cat-004566']",
True,Historical catalog; technical reference,2015,Industrial Hose / Fittings / Couplings,pg-tools-hose,Industrial Hose / Fittings / Couplings,,Scallop Cutting Blade,English,82,"Parker Fittings Catalog, PDF page 341",72,medium,table_row,need-tools-repair-hose-fittings,need-tools-repair-hose-fittings,79,,Ä 631140 Scallop Cutting Blade,2015,Parker Hannifin,high,631140,need-tools-repair,90,Tools / Hose / Fittings,16,pg-tools-hose-page-023,631140,Ä 631140 Scallop Cutting Blade,item-cat-004567,,"Verify current equivalent, price, availability and specifications before purchase.",CAT-004567,catalog-product,Extracted English catalog record — current status and price require verification,catalog_product,26,,Provisional heuristic; recalculate from User Profile and current offer evidence.,Parker Fittings Catalog.pdf,English,341,631140,Parker Fittings Catalog,SRC-0102,,Parker Hannifin,Ä 631140 Scallop Cutting Blade,37,Ä 631140 Scallop Cutting Blade,,pg-tools-hose,"['human-consumer', 'human-needs', 'need-tools-repair', 'need-tools-repair-hose-fittings', 'pg-tools-hose', 'pg-tools-hose-page-023', 'item-cat-004567']",
True,Historical catalog; technical reference,2015,Industrial Hose / Fittings / Couplings,pg-tools-hose,Industrial Hose / Fittings / Couplings,,Hose Products Division,English,84,"Parker Fittings Catalog, PDF page 342",72,medium,table_row,need-tools-repair-hose-fittings,need-tools-repair-hose-fittings,88,,C-22 Hose Products Division,2015,Parker Hannifin,high,C-22,need-tools-repair,90,Tools / Hose / Fittings,16,pg-tools-hose-page-018,C-22,C-22 Hose Products Division,item-cat-004568,,"Verify current equivalent, price, availability and specifications before purchase.",CAT-004568,catalog-product,Extracted English catalog record — current status and price require verification,catalog_product,20,,Provisional heuristic; recalculate from User Profile and current offer evidence.,Parker Fittings Catalog.pdf,English,342,C-22,Parker Fittings Catalog,SRC-0102,,Parker Hannifin,C-22 Hose Products Division,37,C-22 Hose Products Division,,pg-tools-hose,"['human-consumer', 'human-needs', 'need-tools-repair', 'need-tools-repair-hose-fittings', 'pg-tools-hose', 'pg-tools-hose-page-018', 'item-cat-004568']",
True,Historical catalog; technical reference,2015,Industrial Hose / Fittings / Couplings,pg-tools-hose,Industrial Hose / Fittings / Couplings,,Hose Products Division,English,84,"Parker Fittings Catalog, PDF page 343",72,medium,table_row,need-tools-repair-hose-fittings,need-tools-repair-hose-fittings,85,,C-23 Hose Products Division,2015,Parker Hannifin,high,C-23,need-tools-repair,90,Tools / Hose / Fittings,16,pg-tools-hose-page-018,C-23,C-23 Hose Products Division,item-cat-004569,,"Verify current equivalent, price, availability and specifications before purchase.",CAT-004569,catalog-product,Extracted English catalog record — current status and price require verification,catalog_product,21,,Provisional heuristic; recalculate from User Profile and current offer evidence.,Parker Fittings Catalog.pdf,English,343,C-23,Parker Fittings Catalog,SRC-0102,,Parker Hannifin,C-23 Hose Products Division,37,C-23 Hose Products Division,,pg-tools-hose,"['human-consumer', 'human-needs', 'need-tools-repair', 'need-tools-repair-hose-fittings', 'pg-tools-hose', 'pg-tools-hose-page-018', 'item-cat-004569']",
True,Historical catalog; technical reference,2015,Industrial Hose / Fittings / Couplings,pg-tools-hose,Industrial Hose / Fittings / Couplings,,3/16” TH6-10-H06 TH6-10-P06 1/4” TH6-10-J06 TH6-10-P06,English,78,"Parker Fittings Catalog, PDF page 343",72,medium,table_row,need-tools-repair-hose-fittings,need-tools-repair-hose-fittings,87,,3/16” TH6-10-H06 TH6-10-P06 1/4” TH6-10-J06 TH6-10-P06,2015,Parker Hannifin,high,TH6-10-P06,need-tools-repair,90,Tools / Hose / Fittings,16,pg-tools-hose-page-015,TH6-10-P06,3/16” TH6-10-H06 TH6-10-P06 1/4” TH6-10-J06 TH6-10-P06,item-cat-004570,,"Verify current equivalent, price, availability and specifications before purchase.",CAT-004570,catalog-product,Extracted English catalog record — current status and price require verification,catalog_product,17,,Provisional heuristic; recalculate from User Profile and current offer evidence.,Parker Fittings Catalog.pdf,English,343,TH6-10-P06,Parker Fittings Catalog,SRC-0102,,Parker Hannifin,3/16” TH6-10-H06 TH6-10-P06 1/4” TH6-10-J06 TH6-10-P06,37,3/16” TH6-10-H06 TH6-10-P06 1/4” TH6-10-J06 TH6-10-P06,,pg-tools-hose,"['human-consumer', 'human-needs', 'need-tools-repair', 'need-tools-repair-hose-fittings', 'pg-tools-hose', 'pg-tools-hose-page-015', 'item-cat-004570']",
True,Historical catalog; technical reference,2015,Industrial Hose / Fittings / Couplings,pg-tools-hose,Industrial Hose / Fittings / Couplings,,PROJECTILE 1/4”,English,79,"Parker Fittings Catalog, PDF page 343",72,medium,table_row,need-tools-repair-hose-fittings,need-tools-repair-hose-fittings,89,,TH6-10-P10 PROJECTILE 1/4” 100 PER BAG,2015,Parker Hannifin,high,TH6-10-P10,need-tools-repair,90,Tools / Hose / Fittings,16,pg-tools-hose-page-023,TH6-10-P10,TH6-10-P10 PROJECTILE 1/4” 100 PER BAG,item-cat-004571,,"Verify current equivalent, price, availability and specifications before purchase.",CAT-004571,catalog-product,Extracted English catalog record — current status and price require verification,catalog_product,16,,Provisional heuristic; recalculate from User Profile and current offer evidence.,Parker Fittings Catalog.pdf,English,343,TH6-10-P10,Parker Fittings Catalog,SRC-0102,,Parker Hannifin,TH6-10-P10 PROJECTILE 1/4” 100 PER BAG,37,TH6-10-P10 PROJECTILE 1/4” 100 PER BAG,,pg-tools-hose,"['human-consumer', 'human-needs', 'need-tools-repair', 'need-tools-repair-hose-fittings', 'pg-tools-hose', 'pg-tools-hose-page-023', 'item-cat-004571']",
True,Historical catalog; technical reference,2015,Industrial Hose / Fittings / Couplings,pg-tools-hose,Industrial Hose / Fittings / Couplings,,1/4” TH6-10-H06 TH6-10-P10 3/8” TH6-10-J10 TH6-10-P12,English,79,"Parker Fittings Catalog, PDF page 343",72,medium,table_row,need-tools-repair-hose-fittings,need-tools-repair-hose-fittings,85,,1/4” TH6-10-H06 TH6-10-P10 3/8” TH6-10-J10 TH6-10-P12,2015,Parker Hannifin,high,TH6-10-P12,need-tools-repair,90,Tools / Hose / Fittings,16,pg-tools-hose-page-013,TH6-10-P12,1/4” TH6-10-H06 TH6-10-P10 3/8” TH6-10-J10 TH6-10-P12,item-cat-004572,,"Verify current equivalent, price, availability and specifications before purchase.",CAT-004572,catalog-product,Extracted English catalog record — current status and price require verification,catalog_product,16,,Provisional heuristic; recalculate from User Profile and current offer evidence.,Parker Fittings Catalog.pdf,English,343,TH6-10-P12,Parker Fittings Catalog,SRC-0102,,Parker Hannifin,1/4” TH6-10-H06 TH6-10-P10 3/8” TH6-10-J10 TH6-10-P12,37,1/4” TH6-10-H06 TH6-10-P10 3/8” TH6-10-J10 TH6-10-P12,,pg-tools-hose,"['human-consumer', 'human-needs', 'need-tools-repair', 'need-tools-repair-hose-fittings', 'pg-tools-hose', 'pg-tools-hose-page-013', 'item-cat-004572']",
True,Historical catalog; technical reference,2015,Industrial Hose / Fittings / Couplings,pg-tools-hose,Industrial Hose / Fittings / Couplings,,PROJECTILE 3/8”,English,84,"Parker Fittings Catalog, PDF page 343",72,medium,table_row,need-tools-repair-hose-fittings,need-tools-repair-hose-fittings,85,,TH6-10-P14 PROJECTILE 3/8” 100 PER BAG,2015,Parker Hannifin,high,TH6-10-P14,need-tools-repair,90,Tools / Hose / Fittings,16,pg-tools-hose-page-023,TH6-10-P14,TH6-10-P14 PROJECTILE 3/8” 100 PER BAG,item-cat-004573,,"Verify current equivalent, price, availability and specifications before purchase.",CAT-004573,catalog-product,Extracted English catalog record — current status and price require verification,catalog_product,20,,Provisional heuristic; recalculate from User Profile and current offer evidence.,Parker Fittings Catalog.pdf,English,343,TH6-10-P14,Parker Fittings Catalog,SRC-0102,,Parker Hannifin,TH6-10-P14 PROJECTILE 3/8” 100 PER BAG,37,TH6-10-P14 PROJECTILE 3/8” 100 PER BAG,,pg-tools-hose,"['human-consumer', 'human-needs', 'need-tools-repair', 'need-tools-repair-hose-fittings', 'pg-tools-hose', 'pg-tools-hose-page-023', 'item-cat-004573']",
True,Historical catalog; technical reference,2015,Industrial Hose / Fittings / Couplings,pg-tools-hose,Industrial Hose / Fittings / Couplings,,1/4” TH6-10-4FFORX TH6-10-P06 1/2” TH6-10-H10 TH6-10-P16,English,78,"Parker Fittings Catalog, PDF page 343",72,medium,table_row,need-tools-repair-hose-fittings,need-tools-repair-hose-fittings,81,,1/4” TH6-10-4FFORX TH6-10-P06 1/2” TH6-10-H10 TH6-10-P16,2015,Parker Hannifin,high,TH6-10-P16,need-tools-repair,90,Tools / Hose / Fittings,16,pg-tools-hose-page-013,TH6-10-P16,1/4” TH6-10-4FFORX TH6-10-P06 1/2” TH6-10-H10 TH6-10-P16,item-cat-004574,,"Verify current equivalent, price, availability and specifications before purchase.",CAT-004574,catalog-product,Extracted English catalog record — current status and price require verification,catalog_product,26,,Provisional heuristic; recalculate from User Profile and current offer evidence.,Parker Fittings Catalog.pdf,English,343,TH6-10-P16,Parker Fittings Catalog,SRC-0102,,Parker Hannifin,1/4” TH6-10-4FFORX TH6-10-P06 1/2” TH6-10-H10 TH6-10-P16,37,1/4” TH6-10-4FFORX TH6-10-P06 1/2” TH6-10-H10 TH6-10-P16,,pg-tools-hose,"['human-consumer', 'human-needs', 'need-tools-repair', 'need-tools-repair-hose-fittings', 'pg-tools-hose', 'pg-tools-hose-page-013', 'item-cat-004574']",
True,Historical catalog; technical reference,2015,Industrial Hose / Fittings / Couplings,pg-tools-hose,Industrial Hose / Fittings / Couplings,,PROJECTILE 1/2”,English,85,"Parker Fittings Catalog, PDF page 343",72,medium,table_row,need-tools-repair-hose-fittings,need-tools-repair-hose-fittings,88,,TH6-10-P18 PROJECTILE 1/2” 100 PER BAG,2015,Parker Hannifin,high,TH6-10-P18,need-tools-repair,90,Tools / Hose / Fittings,16,pg-tools-hose-page-023,TH6-10-P18,TH6-10-P18 PROJECTILE 1/2” 100 PER BAG,item-cat-004575,,"Verify current equivalent, price, availability and specifications before purchase.",CAT-004575,catalog-product,Extracted English catalog record — current status and price require verification,catalog_product,22,,Provisional heuristic; recalculate from User Profile and current offer evidence.,Parker Fittings Catalog.pdf,English,343,TH6-10-P18,Parker Fittings Catalog,SRC-0102,,Parker Hannifin,TH6-10-P18 PROJECTILE 1/2” 100 PER BAG,37,TH6-10-P18 PROJECTILE 1/2” 100 PER BAG,,pg-tools-hose,"['human-consumer', 'human-needs', 'need-tools-repair', 'need-tools-repair-hose-fittings', 'pg-tools-hose', 'pg-tools-hose-page-023', 'item-cat-004575']",
True,Historical catalog; technical reference,2015,Industrial Hose / Fittings / Couplings,pg-tools-hose,Industrial Hose / Fittings / Couplings,,1/2” TH6-10-H13 TH6-10-P18 5/8” TH6-10-J16 TH6-10-P22,English,79,"Parker Fittings Catalog, PDF page 343",72,medium,table_row,need-tools-repair-hose-fittings,need-tools-repair-hose-fittings,80,,1/2” TH6-10-H13 TH6-10-P18 5/8” TH6-10-J16 TH6-10-P22,2015,Parker Hannifin,high,TH6-10-P22,need-tools-repair,90,Tools / Hose / Fittings,16,pg-tools-hose-page-013,TH6-10-P22,1/2” TH6-10-H13 TH6-10-P18 5/8” TH6-10-J16 TH6-10-P22,item-cat-004576,,"Verify current equivalent, price, availability and specifications before purchase.",CAT-004576,catalog-product,Extracted English catalog record — current status and price require verification,catalog_product,22,,Provisional heuristic; recalculate from User Profile and current offer evidence.,Parker Fittings Catalog.pdf,English,343,TH6-10-P22,Parker Fittings Catalog,SRC-0102,,Parker Hannifin,1/2” TH6-10-H13 TH6-10-P18 5/8” TH6-10-J16 TH6-10-P22,37,1/2” TH6-10-H13 TH6-10-P18 5/8” TH6-10-J16 TH6-10-P22,,pg-tools-hose,"['human-consumer', 'human-needs', 'need-tools-repair', 'need-tools-repair-hose-fittings', 'pg-tools-hose', 'pg-tools-hose-page-013', 'item-cat-004576']",
True,Historical catalog; technical reference,2015,Industrial Hose / Fittings / Couplings,pg-tools-hose,Industrial Hose / Fittings / Couplings,,5/8” TH6-10-H16 TH6-10-P22 3/4” TH6-10-J19 TH6-10-P26,English,78,"Parker Fittings Catalog, PDF page 343",72,medium,table_row,need-tools-repair-hose-fittings,need-tools-repair-hose-fittings,85,,5/8” TH6-10-H16 TH6-10-P22 3/4” TH6-10-J19 TH6-10-P26,2015,Parker Hannifin,high,TH6-10-P26,need-tools-repair,90,Tools / Hose / Fittings,16,pg-tools-hose-page-015,TH6-10-P26,5/8” TH6-10-H16 TH6-10-P22 3/4” TH6-10-J19 TH6-10-P26,item-cat-004577,,"Verify current equivalent, price, availability and specifications before purchase.",CAT-004577,catalog-product,Extracted English catalog record — current status and price require verification,catalog_product,18,,Provisional heuristic; recalculate from User Profile and current offer evidence.,Parker Fittings Catalog.pdf,English,343,TH6-10-P26,Parker Fittings Catalog,SRC-0102,,Parker Hannifin,5/8” TH6-10-H16 TH6-10-P22 3/4” TH6-10-J19 TH6-10-P26,37,5/8” TH6-10-H16 TH6-10-P22 3/4” TH6-10-J19 TH6-10-P26,,pg-tools-hose,"['human-consumer', 'human-needs', 'need-tools-repair', 'need-tools-repair-hose-fittings', 'pg-tools-hose', 'pg-tools-hose-page-015', 'item-cat-004577']",
True,Historical catalog; technical reference,2015,Industrial Hose / Fittings / Couplings,pg-tools-hose,Industrial Hose / Fittings / Couplings,,3/4” TH6-10-H19 TH6-10-P26 1” TH6-10-J25 TH6-10-P33,English,83,"Parker Fittings Catalog, PDF page 343",72,medium,table_row,need-tools-repair-hose-fittings,need-tools-repair-hose-fittings,83,,3/4” TH6-10-H19 TH6-10-P26 1” TH6-10-J25 TH6-10-P33,2015,Parker Hannifin,high,TH6-10-P33,need-tools-repair,90,Tools / Hose / Fittings,16,pg-tools-hose-page-015,TH6-10-P33,3/4” TH6-10-H19 TH6-10-P26 1” TH6-10-J25 TH6-10-P33,item-cat-004578,,"Verify current equivalent, price, availability and specifications before purchase.",CAT-004578,catalog-product,Extracted English catalog record — current status and price require verification,catalog_product,17,,Provisional heuristic; recalculate from User Profile and current offer evidence.,Parker Fittings Catalog.pdf,English,343,TH6-10-P33,Parker Fittings Catalog,SRC-0102,,Parker Hannifin,3/4” TH6-10-H19 TH6-10-P26 1” TH6-10-J25 TH6-10-P33,37,3/4” TH6-10-H19 TH6-10-P26 1” TH6-10-J25 TH6-10-P33,,pg-tools-hose,"['human-consumer', 'human-needs', 'need-tools-repair', 'need-tools-repair-hose-fittings', 'pg-tools-hose', 'pg-tools-hose-page-015', 'item-cat-004578']",
True,Historical catalog; technical reference,2015,Industrial Hose / Fittings / Couplings,pg-tools-hose,Industrial Hose / Fittings / Couplings,,5/8” TH6-10-H13 TH6-10-P22 1-1/4” TH6-10-H25 TH6-10-P40,English,80,"Parker Fittings Catalog, PDF page 343",72,medium,table_row,need-tools-repair-hose-fittings,need-tools-repair-hose-fittings,81,,5/8” TH6-10-H13 TH6-10-P22 1-1/4” TH6-10-H25 TH6-10-P40,2015,Parker Hannifin,high,TH6-10-P40,need-tools-repair,90,Tools / Hose / Fittings,16,pg-tools-hose-page-015,TH6-10-P40,5/8” TH6-10-H13 TH6-10-P22 1-1/4” TH6-10-H25 TH6-10-P40,item-cat-004579,,"Verify current equivalent, price, availability and specifications before purchase.",CAT-004579,catalog-product,Extracted English catalog record — current status and price require verification,catalog_product,25,,Provisional heuristic; recalculate from User Profile and current offer evidence.,Parker Fittings Catalog.pdf,English,343,TH6-10-P40,Parker Fittings Catalog,SRC-0102,,Parker Hannifin,5/8” TH6-10-H13 TH6-10-P22 1-1/4” TH6-10-H25 TH6-10-P40,37,5/8” TH6-10-H13 TH6-10-P22 1-1/4” TH6-10-H25 TH6-10-P40,,pg-tools-hose,"['human-consumer', 'human-needs', 'need-tools-repair', 'need-tools-repair-hose-fittings', 'pg-tools-hose', 'pg-tools-hose-page-015', 'item-cat-004579']",
True,Historical catalog; technical reference,2015,Industrial Hose / Fittings / Couplings,pg-tools-hose,Industrial Hose / Fittings / Couplings,,1-1/4” TH6-10-H32 TH6-10-P40 1-1/2” TH6-10-J38 TH6-10-P50,English,78,"Parker Fittings Catalog, PDF page 343",72,medium,table_row,need-tools-repair-hose-fittings,need-tools-repair-hose-fittings,81,,1-1/4” TH6-10-H32 TH6-10-P40 1-1/2” TH6-10-J38 TH6-10-P50,2015,Parker Hannifin,high,TH6-10-P50,need-tools-repair,90,Tools / Hose / Fittings,16,pg-tools-hose-page-013,TH6-10-P50,1-1/4” TH6-10-H32 TH6-10-P40 1-1/2” TH6-10-J38 TH6-10-P50,item-cat-004580,,"Verify current equivalent, price, availability and specifications before purchase.",CAT-004580,catalog-product,Extracted English catalog record — current status and price require verification,catalog_product,14,,Provisional heuristic; recalculate from User Profile and current offer evidence.,Parker Fittings Catalog.pdf,English,343,TH6-10-P50,Parker Fittings Catalog,SRC-0102,,Parker Hannifin,1-1/4” TH6-10-H32 TH6-10-P40 1-1/2” TH6-10-J38 TH6-10-P50,37,1-1/4” TH6-10-H32 TH6-10-P40 1-1/2” TH6-10-J38 TH6-10-P50,,pg-tools-hose,"['human-consumer', 'human-needs', 'need-tools-repair', 'need-tools-repair-hose-fittings', 'pg-tools-hose', 'pg-tools-hose-page-013', 'item-cat-004580']",
True,Historical catalog; technical reference,2015,Industrial Hose / Fittings / Couplings,pg-tools-hose,Industrial Hose / Fittings / Couplings,,1-1/2” TH6-10-H38 TH6-10-P50 2” TH6-10-J50 TH6-10-P60,English,85,"Parker Fittings Catalog, PDF page 343",72,medium,table_row,need-tools-repair-hose-fittings,need-tools-repair-hose-fittings,83,,1-1/2” TH6-10-H38 TH6-10-P50 2” TH6-10-J50 TH6-10-P60,2015,Parker Hannifin,high,TH6-10-P60,need-tools-repair,90,Tools / Hose / Fittings,16,pg-tools-hose-page-013,TH6-10-P60,1-1/2” TH6-10-H38 TH6-10-P50 2” TH6-10-J50 TH6-10-P60,item-cat-004581,,"Verify current equivalent, price, availability and specifications before purchase.",CAT-004581,catalog-product,Extracted English catalog record — current status and price require verification,catalog_product,20,,Provisional heuristic; recalculate from User Profile and current offer evidence.,Parker Fittings Catalog.pdf,English,343,TH6-10-P60,Parker Fittings Catalog,SRC-0102,,Parker Hannifin,1-1/2” TH6-10-H38 TH6-10-P50 2” TH6-10-J50 TH6-10-P60,37,1-1/2” TH6-10-H38 TH6-10-P50 2” TH6-10-J50 TH6-10-P60,,pg-tools-hose,"['human-consumer', 'human-needs', 'need-tools-repair', 'need-tools-repair-hose-fittings', 'pg-tools-hose', 'pg-tools-hose-page-013', 'item-cat-004581']",
True,Historical catalog; technical reference,2015,Industrial Hose / Fittings / Couplings,pg-tools-hose,Industrial Hose / Fittings / Couplings,,26 Series -4 through -10,English,83,"Parker Fittings Catalog, PDF page 344",72,medium,table_row,need-tools-repair-hose-fittings,need-tools-repair-hose-fittings,85,,Part Number Description,2015,Parker Hannifin,high,TH9-1-26A,need-tools-repair,90,Tools / Hose / Fittings,16,pg-tools-hose-page-021,TH9-1-26A,Part Number Description,item-cat-004582,,"Verify current equivalent, price, availability and specifications before purchase.",CAT-004582,catalog-product,Extracted English catalog record — current status and price require verification,catalog_product,19,,Provisional heuristic; recalculate from User Profile and current offer evidence.,Parker Fittings Catalog.pdf,English,344,TH9-1-26A,Parker Fittings Catalog,SRC-0102,,Parker Hannifin,E TH9-1-26A 26 Series -4 through -10,37,Part Number Description,,pg-tools-hose,"['human-consumer', 'human-needs', 'need-tools-repair', 'need-tools-repair-hose-fittings', 'pg-tools-hose', 'pg-tools-hose-page-021', 'item-cat-004582']",
True,Historical catalog; technical reference,2015,Industrial Hose / Fittings / Couplings,pg-tools-hose,Industrial Hose / Fittings / Couplings,,26 Series -12 through -32,English,79,"Parker Fittings Catalog, PDF page 344",72,medium,table_row,need-tools-repair-hose-fittings,need-tools-repair-hose-fittings,85,,Part Number Description,2015,Parker Hannifin,high,TH9-1-26B,need-tools-repair,90,Tools / Hose / Fittings,16,pg-tools-hose-page-021,TH9-1-26B,Part Number Description,item-cat-004583,,"Verify current equivalent, price, availability and specifications before purchase.",CAT-004583,catalog-product,Extracted English catalog record — current status and price require verification,catalog_product,14,,Provisional heuristic; recalculate from User Profile and current offer evidence.,Parker Fittings Catalog.pdf,English,344,TH9-1-26B,Parker Fittings Catalog,SRC-0102,,Parker Hannifin,TH9-1-26B 26 Series -12 through -32,37,Part Number Description,,pg-tools-hose,"['human-consumer', 'human-needs', 'need-tools-repair', 'need-tools-repair-hose-fittings', 'pg-tools-hose', 'pg-tools-hose-page-021', 'item-cat-004583']",
True,Historical catalog; technical reference,2015,Industrial Hose / Fittings / Couplings,pg-tools-hose,Industrial Hose / Fittings / Couplings,,43 Series -4 through -10,English,84,"Parker Fittings Catalog, PDF page 344",72,medium,table_row,need-tools-repair-hose-fittings,need-tools-repair-hose-fittings,80,,Part Number Description,2015,Parker Hannifin,high,TH9-1-43A,need-tools-repair,90,Tools / Hose / Fittings,16,pg-tools-hose-page-021,TH9-1-43A,Part Number Description,item-cat-004584,,"Verify current equivalent, price, availability and specifications before purchase.",CAT-004584,catalog-product,Extracted English catalog record — current status and price require verification,catalog_product,25,,Provisional heuristic; recalculate from User Profile and current offer evidence.,Parker Fittings Catalog.pdf,English,344,TH9-1-43A,Parker Fittings Catalog,SRC-0102,,Parker Hannifin,TH9-1-43A 43 Series -4 through -10,37,Part Number Description,,pg-tools-hose,"['human-consumer', 'human-needs', 'need-tools-repair', 'need-tools-repair-hose-fittings', 'pg-tools-hose', 'pg-tools-hose-page-021', 'item-cat-004584']",
True,Historical catalog; technical reference,2015,Industrial Hose / Fittings / Couplings,pg-tools-hose,Industrial Hose / Fittings / Couplings,,43 Series -12 through -32,English,83,"Parker Fittings Catalog, PDF page 344",72,medium,table_row,need-tools-repair-hose-fittings,need-tools-repair-hose-fittings,88,,Part Number Description,2015,Parker Hannifin,high,TH9-1-43B,need-tools-repair,90,Tools / Hose / Fittings,16,pg-tools-hose-page-021,TH9-1-43B,Part Number Description,item-cat-004585,,"Verify current equivalent, price, availability and specifications before purchase.",CAT-004585,catalog-product,Extracted English catalog record — current status and price require verification,catalog_product,26,,Provisional heuristic; recalculate from User Profile and current offer evidence.,Parker Fittings Catalog.pdf,English,344,TH9-1-43B,Parker Fittings Catalog,SRC-0102,,Parker Hannifin,TH9-1-43B 43 Series -12 through -32,37,Part Number Description,,pg-tools-hose,"['human-consumer', 'human-needs', 'need-tools-repair', 'need-tools-repair-hose-fittings', 'pg-tools-hose', 'pg-tools-hose-page-021', 'item-cat-004585']",
True,Historical catalog; technical reference,2015,Industrial Hose / Fittings / Couplings,pg-tools-hose,Industrial Hose / Fittings / Couplings,,70 Series -6 through -20,English,85,"Parker Fittings Catalog, PDF page 344",72,medium,table_row,need-tools-repair-hose-fittings,need-tools-repair-hose-fittings,89,,Part Number Description,2015,Parker Hannifin,high,TH9-1-70,need-tools-repair,90,Tools / Hose / Fittings,16,pg-tools-hose-page-021,TH9-1-70,Part Number Description,item-cat-004586,,"Verify current equivalent, price, availability and specifications before purchase.",CAT-004586,catalog-product,Extracted English catalog record — current status and price require verification,catalog_product,19,,Provisional heuristic; recalculate from User Profile and current offer evidence.,Parker Fittings Catalog.pdf,English,344,TH9-1-70,Parker Fittings Catalog,SRC-0102,,Parker Hannifin,TH9-1-70 70 Series -6 through -20,37,Part Number Description,,pg-tools-hose,"['human-consumer', 'human-needs', 'need-tools-repair', 'need-tools-repair-hose-fittings', 'pg-tools-hose', 'pg-tools-hose-page-021', 'item-cat-004586']",
True,Historical catalog; technical reference,2015,Industrial Hose / Fittings / Couplings,pg-tools-hose,Industrial Hose / Fittings / Couplings,,71 Series -6 through -32 • Dimensions: 8” long,English,82,"Parker Fittings Catalog, PDF page 344",72,medium,table_row,need-tools-repair-hose-fittings,need-tools-repair-hose-fittings,80,,Specifications,2015,Parker Hannifin,high,TH9-1-71,need-tools-repair,90,Tools / Hose / Fittings,16,pg-tools-hose-page-022,TH9-1-71,Specifications,item-cat-004587,,"Verify current equivalent, price, availability and specifications before purchase.",CAT-004587,catalog-product,Extracted English catalog record — current status and price require verification,catalog_product,15,,Provisional heuristic; recalculate from User Profile and current offer evidence.,Parker Fittings Catalog.pdf,English,344,TH9-1-71,Parker Fittings Catalog,SRC-0102,,Parker Hannifin,TH9-1-71 71 Series -6 through -32 • Dimensions: 8” long,37,Specifications,,pg-tools-hose,"['human-consumer', 'human-needs', 'need-tools-repair', 'need-tools-repair-hose-fittings', 'pg-tools-hose', 'pg-tools-hose-page-022', 'item-cat-004587']",
True,Historical catalog; technical reference,2015,Industrial Hose / Fittings / Couplings,pg-tools-hose,Industrial Hose / Fittings / Couplings,,73 Series -12 through -32 • Shipping Weight: 0.3 lbs.,English,82,"Parker Fittings Catalog, PDF page 344",72,medium,table_row,need-tools-repair-hose-fittings,need-tools-repair-hose-fittings,89,,Specifications,2015,Parker Hannifin,high,TH9-1-73,need-tools-repair,90,Tools / Hose / Fittings,16,pg-tools-hose-page-022,TH9-1-73,Specifications,item-cat-004588,,"Verify current equivalent, price, availability and specifications before purchase.",CAT-004588,catalog-product,Extracted English catalog record — current status and price require verification,catalog_product,24,,Provisional heuristic; recalculate from User Profile and current offer evidence.,Parker Fittings Catalog.pdf,English,344,TH9-1-73,Parker Fittings Catalog,SRC-0102,,Parker Hannifin,TH9-1-73 73 Series -12 through -32 • Shipping Weight: 0.3 lbs.,37,Specifications,,pg-tools-hose,"['human-consumer', 'human-needs', 'need-tools-repair', 'need-tools-repair-hose-fittings', 'pg-tools-hose', 'pg-tools-hose-page-022', 'item-cat-004588']",
True,Historical catalog; technical reference,2015,Industrial Hose / Fittings / Couplings,pg-tools-hose,Industrial Hose / Fittings / Couplings,,77 Series -8 through -16,English,78,"Parker Fittings Catalog, PDF page 344",72,medium,table_row,need-tools-repair-hose-fittings,need-tools-repair-hose-fittings,79,,Specifications,2015,Parker Hannifin,high,TH9-1-77,need-tools-repair,90,Tools / Hose / Fittings,16,pg-tools-hose-page-022,TH9-1-77,Specifications,item-cat-004589,,"Verify current equivalent, price, availability and specifications before purchase.",CAT-004589,catalog-product,Extracted English catalog record — current status and price require verification,catalog_product,17,,Provisional heuristic; recalculate from User Profile and current offer evidence.,Parker Fittings Catalog.pdf,English,344,TH9-1-77,Parker Fittings Catalog,SRC-0102,,Parker Hannifin,TH9-1-77 77 Series -8 through -16,37,Specifications,,pg-tools-hose,"['human-consumer', 'human-needs', 'need-tools-repair', 'need-tools-repair-hose-fittings', 'pg-tools-hose', 'pg-tools-hose-page-022', 'item-cat-004589']",
True,Historical catalog; technical reference,2015,Industrial Hose / Fittings / Couplings,pg-tools-hose,Industrial Hose / Fittings / Couplings,,78 Series -12 through -32,English,79,"Parker Fittings Catalog, PDF page 344",72,medium,table_row,need-tools-repair-hose-fittings,need-tools-repair-hose-fittings,82,,Specifications,2015,Parker Hannifin,high,TH9-1-78,need-tools-repair,90,Tools / Hose / Fittings,16,pg-tools-hose-page-022,TH9-1-78,Specifications,item-cat-004590,,"Verify current equivalent, price, availability and specifications before purchase.",CAT-004590,catalog-product,Extracted English catalog record — current status and price require verification,catalog_product,22,,Provisional heuristic; recalculate from User Profile and current offer evidence.,Parker Fittings Catalog.pdf,English,344,TH9-1-78,Parker Fittings Catalog,SRC-0102,,Parker Hannifin,TH9-1-78 78 Series -12 through -32,37,Specifications,,pg-tools-hose,"['human-consumer', 'human-needs', 'need-tools-repair', 'need-tools-repair-hose-fittings', 'pg-tools-hose', 'pg-tools-hose-page-022', 'item-cat-004590']",
True,Historical catalog; technical reference,2015,Industrial Hose / Fittings / Couplings,pg-tools-hose,Industrial Hose / Fittings / Couplings,,79 Series -12 through -24,English,86,"Parker Fittings Catalog, PDF page 344",72,medium,table_row,need-tools-repair-hose-fittings,need-tools-repair-hose-fittings,88,,Specifications,2015,Parker Hannifin,high,TH9-1-79,need-tools-repair,90,Tools / Hose / Fittings,16,pg-tools-hose-page-022,TH9-1-79,Specifications,item-cat-004591,,"Verify current equivalent, price, availability and specifications before purchase.",CAT-004591,catalog-product,Extracted English catalog record — current status and price require verification,catalog_product,24,,Provisional heuristic; recalculate from User Profile and current offer evidence.,Parker Fittings Catalog.pdf,English,344,TH9-1-79,Parker Fittings Catalog,SRC-0102,,Parker Hannifin,TH9-1-79 79 Series -12 through -24,37,Specifications,,pg-tools-hose,"['human-consumer', 'human-needs', 'need-tools-repair', 'need-tools-repair-hose-fittings', 'pg-tools-hose', 'pg-tools-hose-page-022', 'item-cat-004591']",
True,Historical catalog; technical reference,2015,Industrial Hose / Fittings / Couplings,pg-tools-hose,Industrial Hose / Fittings / Couplings,,HY Series -4 through -16,English,78,"Parker Fittings Catalog, PDF page 344",72,medium,table_row,need-tools-repair-hose-fittings,need-tools-repair-hose-fittings,82,,Specifications,2015,Parker Hannifin,high,TH9-1-HY,need-tools-repair,90,Tools / Hose / Fittings,16,pg-tools-hose-page-023,TH9-1-HY,Specifications,item-cat-004592,,"Verify current equivalent, price, availability and specifications before purchase.",CAT-004592,catalog-product,Extracted English catalog record — current status and price require verification,catalog_product,18,,Provisional heuristic; recalculate from User Profile and current offer evidence.,Parker Fittings Catalog.pdf,English,344,TH9-1-HY,Parker Fittings Catalog,SRC-0102,,Parker Hannifin,TH9-1-HY HY Series -4 through -16,37,Specifications,,pg-tools-hose,"['human-consumer', 'human-needs', 'need-tools-repair', 'need-tools-repair-hose-fittings', 'pg-tools-hose', 'pg-tools-hose-page-023', 'item-cat-004592']",
True,Historical catalog; technical reference,2015,Industrial Hose / Fittings / Couplings,pg-tools-hose,Industrial Hose / Fittings / Couplings,,Swivel Die Rack Base,English,85,"Parker Fittings Catalog, PDF page 345",72,medium,table_row,need-tools-repair-hose-fittings,need-tools-repair-hose-fittings,83,,Part Number Description,2015,Parker Hannifin,high,80C-SDR-BASE,need-tools-repair,90,Tools / Hose / Fittings,16,pg-tools-hose-page-021,80C-SDR-BASE,Part Number Description,item-cat-004593,,"Verify current equivalent, price, availability and specifications before purchase.",CAT-004593,catalog-product,Extracted English catalog record — current status and price require verification,catalog_product,15,,Provisional heuristic; recalculate from User Profile and current offer evidence.,Parker Fittings Catalog.pdf,English,345,80C-SDR-BASE,Parker Fittings Catalog,SRC-0102,,Parker Hannifin,80C-SDR-BASE Swivel Die Rack Base,37,Part Number Description,,pg-tools-hose,"['human-consumer', 'human-needs', 'need-tools-repair', 'need-tools-repair-hose-fittings', 'pg-tools-hose', 'pg-tools-hose-page-021', 'item-cat-004593']",
True,Historical catalog; technical reference,2015,Industrial Hose / Fittings / Couplings,pg-tools-hose,Industrial Hose / Fittings / Couplings,,Swivel Die Rack and Large Die Holder • Elbow Pusher Set (TH2-7-ELS),English,86,"Parker Fittings Catalog, PDF page 345",72,medium,table_row,need-tools-repair-hose-fittings,need-tools-repair-hose-fittings,81,,Part Number Description,2015,Parker Hannifin,high,80C-SDR-LG,need-tools-repair,90,Tools / Hose / Fittings,16,pg-tools-hose-page-021,80C-SDR-LG,Part Number Description,item-cat-004594,,"Verify current equivalent, price, availability and specifications before purchase.",CAT-004594,catalog-product,Extracted English catalog record — current status and price require verification,catalog_product,24,,Provisional heuristic; recalculate from User Profile and current offer evidence.,Parker Fittings Catalog.pdf,English,345,80C-SDR-LG,Parker Fittings Catalog,SRC-0102,,Parker Hannifin,80C-SDR-LG Swivel Die Rack and Large Die Holder • Elbow Pusher Set (TH2-7-ELS),37,Part Number Description,,pg-tools-hose,"['human-consumer', 'human-needs', 'need-tools-repair', 'need-tools-repair-hose-fittings', 'pg-tools-hose', 'pg-tools-hose-page-021', 'item-cat-004594']",
True,Historical catalog; technical reference,2015,Industrial Hose / Fittings / Couplings,pg-tools-hose,Industrial Hose / Fittings / Couplings,,Swivel Die Rack and Small Die Holder Optional Tooling,English,81,"Parker Fittings Catalog, PDF page 345",72,medium,table_row,need-tools-repair-hose-fittings,need-tools-repair-hose-fittings,81,,Part Number Description,2015,Parker Hannifin,high,80C-SDR-SM,need-tools-repair,90,Tools / Hose / Fittings,16,pg-tools-hose-page-021,80C-SDR-SM,Part Number Description,item-cat-004595,,"Verify current equivalent, price, availability and specifications before purchase.",CAT-004595,catalog-product,Extracted English catalog record — current status and price require verification,catalog_product,20,,Provisional heuristic; recalculate from User Profile and current offer evidence.,Parker Fittings Catalog.pdf,English,345,80C-SDR-SM,Parker Fittings Catalog,SRC-0102,,Parker Hannifin,80C-SDR-SM Swivel Die Rack and Small Die Holder Optional Tooling,37,Part Number Description,,pg-tools-hose,"['human-consumer', 'human-needs', 'need-tools-repair', 'need-tools-repair-hose-fittings', 'pg-tools-hose', 'pg-tools-hose-page-021', 'item-cat-004595']",
True,Historical catalog; technical reference,2015,Industrial Hose / Fittings / Couplings,pg-tools-hose,Industrial Hose / Fittings / Couplings,,"Karrykrimp2, Minikrimp Parkrimp2",English,86,"Parker Fittings Catalog, PDF page 347",72,medium,table_row,need-tools-repair-hose-fittings,need-tools-repair-hose-fittings,83,,"Karrykrimp2, Minikrimp Parkrimp2",2015,Parker Hannifin,high,Parkrimp2,need-tools-repair,90,Tools / Hose / Fittings,16,pg-tools-hose-page-020,Parkrimp2,"Karrykrimp2, Minikrimp Parkrimp2",item-cat-004596,,"Verify current equivalent, price, availability and specifications before purchase.",CAT-004596,catalog-product,Extracted English catalog record — current status and price require verification,catalog_product,24,,Provisional heuristic; recalculate from User Profile and current offer evidence.,Parker Fittings Catalog.pdf,English,347,Parkrimp2,Parker Fittings Catalog,SRC-0102,,Parker Hannifin,"Karrykrimp2, Minikrimp Parkrimp2",37,"Karrykrimp2, Minikrimp Parkrimp2",,pg-tools-hose,"['human-consumer', 'human-needs', 'need-tools-repair', 'need-tools-repair-hose-fittings', 'pg-tools-hose', 'pg-tools-hose-page-020', 'item-cat-004596']",
True,Historical catalog; technical reference,2015,Industrial Hose / Fittings / Couplings,pg-tools-hose,Industrial Hose / Fittings / Couplings,,Hose Products Division,English,80,"Parker Fittings Catalog, PDF page 348",72,medium,table_row,need-tools-repair-hose-fittings,need-tools-repair-hose-fittings,86,,C-28 Hose Products Division,2015,Parker Hannifin,high,C-28,need-tools-repair,90,Tools / Hose / Fittings,16,pg-tools-hose-page-018,C-28,C-28 Hose Products Division,item-cat-004597,,"Verify current equivalent, price, availability and specifications before purchase.",CAT-004597,catalog-product,Extracted English catalog record — current status and price require verification,catalog_product,17,,Provisional heuristic; recalculate from User Profile and current offer evidence.,Parker Fittings Catalog.pdf,English,348,C-28,Parker Fittings Catalog,SRC-0102,,Parker Hannifin,C-28 Hose Products Division,37,C-28 Hose Products Division,,pg-tools-hose,"['human-consumer', 'human-needs', 'need-tools-repair', 'need-tools-repair-hose-fittings', 'pg-tools-hose', 'pg-tools-hose-page-018', 'item-cat-004597']",
True,Historical catalog; technical reference,2015,Industrial Hose / Fittings / Couplings,pg-tools-hose,Industrial Hose / Fittings / Couplings,,psi - 90 ̊ Elbow Code 62 - JIC 37 ̊,English,79,"Parker Fittings Catalog, PDF page 350",72,medium,table_row,need-tools-repair-hose-fittings,need-tools-repair-hose-fittings,79,,39T3 D-6 41T3 D-6 4AH3 D-6 4FH3 D-7 4NH3 D-7 6AH3 D-7,2015,Parker Hannifin,high,5000,need-tools-repair,90,Tools / Hose / Fittings,16,pg-tools-hose-page-015,5000,39T3 D-6 41T3 D-6 4AH3 D-6 4FH3 D-7 4NH3 D-7 6AH3 D-7,item-cat-004598,,"Verify current equivalent, price, availability and specifications before purchase.",CAT-004598,catalog-product,Extracted English catalog record — current status and price require verification,catalog_product,19,,Provisional heuristic; recalculate from User Profile and current offer evidence.,Parker Fittings Catalog.pdf,English,350,5000,Parker Fittings Catalog,SRC-0102,,Parker Hannifin,JIC 37 ̊ - 90 ̊ Elbow 90 ̊ Elbow - Long 5000 psi 5000 psi - 45 ̊ Elbow 5000 psi - 90 ̊ Elbow Code 62 - JIC 37 ̊,37,39T3 D-6 41T3 D-6 4AH3 D-6 4FH3 D-7 4NH3 D-7 6AH3 D-7,,pg-tools-hose,"['human-consumer', 'human-needs', 'need-tools-repair', 'need-tools-repair-hose-fittings', 'pg-tools-hose', 'pg-tools-hose-page-015', 'item-cat-004598']",
True,Historical catalog; technical reference,2015,Industrial Hose / Fittings / Couplings,pg-tools-hose,Industrial Hose / Fittings / Couplings,,6FH3 D-7 6NH3 D-8 4AJM D-8 4FJM D-8 4NJM D-8 6AJM D-9,English,81,"Parker Fittings Catalog, PDF page 350",72,medium,table_row,need-tools-repair-hose-fittings,need-tools-repair-hose-fittings,89,,6FH3 D-7 6NH3 D-8 4AJM D-8 4FJM D-8 4NJM D-8 6AJM D-9,2015,Parker Hannifin,high,D-11,need-tools-repair,90,Tools / Hose / Fittings,16,pg-tools-hose-page-016,D-11,6FH3 D-7 6NH3 D-8 4AJM D-8 4FJM D-8 4NJM D-8 6AJM D-9,item-cat-004599,,"Verify current equivalent, price, availability and specifications before purchase.",CAT-004599,catalog-product,Extracted English catalog record — current status and price require verification,catalog_product,14,,Provisional heuristic; recalculate from User Profile and current offer evidence.,Parker Fittings Catalog.pdf,English,350,D-11,Parker Fittings Catalog,SRC-0102,,Parker Hannifin,B 6FJM D-9 6NJM D-9 Standard Pressure High Pressure 50H D-10 5050HK D-11,37,6FH3 D-7 6NH3 D-8 4AJM D-8 4FJM D-8 4NJM D-8 6AJM D-9,,pg-tools-hose,"['human-consumer', 'human-needs', 'need-tools-repair', 'need-tools-repair-hose-fittings', 'pg-tools-hose', 'pg-tools-hose-page-016', 'item-cat-004599']",
True,Historical catalog; technical reference,2015,Industrial Hose / Fittings / Couplings,pg-tools-hose,Industrial Hose / Fittings / Couplings,,51H D-11 5151HK D-11 HFH D-12 HFHFHK D-12 8FH D-12 8FHFHK D-12,English,82,"Parker Fittings Catalog, PDF page 350",72,medium,table_row,need-tools-repair-hose-fittings,need-tools-repair-hose-fittings,84,,51H D-11 5151HK D-11 HFH D-12 HFHFHK D-12 8FH D-12 8FHFHK D-12,2015,Parker Hannifin,high,D-12,need-tools-repair,90,Tools / Hose / Fittings,16,pg-tools-hose-page-015,D-12,51H D-11 5151HK D-11 HFH D-12 HFHFHK D-12 8FH D-12 8FHFHK D-12,item-cat-004600,,"Verify current equivalent, price, availability and specifications before purchase.",CAT-004600,catalog-product,Extracted English catalog record — current status and price require verification,catalog_product,16,,Provisional heuristic; recalculate from User Profile and current offer evidence.,Parker Fittings Catalog.pdf,English,350,D-12,Parker Fittings Catalog,SRC-0102,,Parker Hannifin,51H D-11 5151HK D-11 HFH D-12 HFHFHK D-12 8FH D-12 8FHFHK D-12,37,51H D-11 5151HK D-11 HFH D-12 HFHFHK D-12 8FH D-12 8FHFHK D-12,,pg-tools-hose,"['human-consumer', 'human-needs', 'need-tools-repair', 'need-tools-repair-hose-fittings', 'pg-tools-hose', 'pg-tools-hose-page-015', 'item-cat-004600']",
True,Historical catalog; technical reference,2015,Industrial Hose / Fittings / Couplings,pg-tools-hose,Industrial Hose / Fittings / Couplings,,D FFK61 D-13 M1H D-14 M1M1HK D-14 M2H D-15 M2M2HK D-15 XCXCHK D-15,English,83,"Parker Fittings Catalog, PDF page 350",72,medium,table_row,need-tools-repair-hose-fittings,need-tools-repair-hose-fittings,81,,D FFK61 D-13 M1H D-14 M1M1HK D-14 M2H D-15 M2M2HK D-15 XCXCHK D-15,2015,Parker Hannifin,high,D-15,need-tools-repair,90,Tools / Hose / Fittings,16,pg-tools-hose-page-019,D-15,D FFK61 D-13 M1H D-14 M1M1HK D-14 M2H D-15 M2M2HK D-15 XCXCHK D-15,item-cat-004601,,"Verify current equivalent, price, availability and specifications before purchase.",CAT-004601,catalog-product,Extracted English catalog record — current status and price require verification,catalog_product,26,,Provisional heuristic; recalculate from User Profile and current offer evidence.,Parker Fittings Catalog.pdf,English,350,D-15,Parker Fittings Catalog,SRC-0102,,Parker Hannifin,D FFK61 D-13 M1H D-14 M1M1HK D-14 M2H D-15 M2M2HK D-15 XCXCHK D-15,37,D FFK61 D-13 M1H D-14 M1M1HK D-14 M2H D-15 M2M2HK D-15 XCXCHK D-15,,pg-tools-hose,"['human-consumer', 'human-needs', 'need-tools-repair', 'need-tools-repair-hose-fittings', 'pg-tools-hose', 'pg-tools-hose-page-019', 'item-cat-004601']",
True,Historical catalog; technical reference,2015,Industrial Hose / Fittings / Couplings,pg-tools-hose,Industrial Hose / Fittings / Couplings,,711509 D-16 711510 D-16 C9RG D-16 C9RG D-16 D9DT D-16,English,83,"Parker Fittings Catalog, PDF page 350",72,medium,table_row,need-tools-repair-hose-fittings,need-tools-repair-hose-fittings,83,,711509 D-16 711510 D-16 C9RG D-16 C9RG D-16 D9DT D-16,2015,Parker Hannifin,high,D-16,need-tools-repair,90,Tools / Hose / Fittings,16,pg-tools-hose-page-016,D-16,711509 D-16 711510 D-16 C9RG D-16 C9RG D-16 D9DT D-16,item-cat-004602,,"Verify current equivalent, price, availability and specifications before purchase.",CAT-004602,catalog-product,Extracted English catalog record — current status and price require verification,catalog_product,19,,Provisional heuristic; recalculate from User Profile and current offer evidence.,Parker Fittings Catalog.pdf,English,350,D-16,Parker Fittings Catalog,SRC-0102,,Parker Hannifin,711509 D-16 711510 D-16 C9RG D-16 C9RG D-16 D9DT D-16,37,711509 D-16 711510 D-16 C9RG D-16 C9RG D-16 D9DT D-16,,pg-tools-hose,"['human-consumer', 'human-needs', 'need-tools-repair', 'need-tools-repair-hose-fittings', 'pg-tools-hose', 'pg-tools-hose-page-016', 'item-cat-004602']",
True,Historical catalog; technical reference,2015,Industrial Hose / Fittings / Couplings,pg-tools-hose,Industrial Hose / Fittings / Couplings,,J0RG D-17 XARG D-17 8ARG D-17 59RG D-18 T1RG D-18 CORG D-18,English,82,"Parker Fittings Catalog, PDF page 350",72,medium,table_row,need-tools-repair-hose-fittings,need-tools-repair-hose-fittings,82,,J0RG D-17 XARG D-17 8ARG D-17 59RG D-18 T1RG D-18 CORG D-18,2015,Parker Hannifin,high,D-18,need-tools-repair,90,Tools / Hose / Fittings,16,pg-tools-hose-page-020,D-18,J0RG D-17 XARG D-17 8ARG D-17 59RG D-18 T1RG D-18 CORG D-18,item-cat-004603,,"Verify current equivalent, price, availability and specifications before purchase.",CAT-004603,catalog-product,Extracted English catalog record — current status and price require verification,catalog_product,23,,Provisional heuristic; recalculate from User Profile and current offer evidence.,Parker Fittings Catalog.pdf,English,350,D-18,Parker Fittings Catalog,SRC-0102,,Parker Hannifin,J0RG D-17 XARG D-17 8ARG D-17 59RG D-18 T1RG D-18 CORG D-18,37,J0RG D-17 XARG D-17 8ARG D-17 59RG D-18 T1RG D-18 CORG D-18,,pg-tools-hose,"['human-consumer', 'human-needs', 'need-tools-repair', 'need-tools-repair-hose-fittings', 'pg-tools-hose', 'pg-tools-hose-page-020', 'item-cat-004603']",
True,Historical catalog; technical reference,2015,Industrial Hose / Fittings / Couplings,pg-tools-hose,Industrial Hose / Fittings / Couplings,,Hose Products Division,English,85,"Parker Fittings Catalog, PDF page 350",72,medium,table_row,need-tools-repair-hose-fittings,need-tools-repair-hose-fittings,79,,D-2 Hose Products Division,2015,Parker Hannifin,high,D-2,need-tools-repair,90,Tools / Hose / Fittings,16,pg-tools-hose-page-019,D-2,D-2 Hose Products Division,item-cat-004604,,"Verify current equivalent, price, availability and specifications before purchase.",CAT-004604,catalog-product,Extracted English catalog record — current status and price require verification,catalog_product,19,,Provisional heuristic; recalculate from User Profile and current offer evidence.,Parker Fittings Catalog.pdf,English,350,D-2,Parker Fittings Catalog,SRC-0102,,Parker Hannifin,D-2 Hose Products Division,37,D-2 Hose Products Division,,pg-tools-hose,"['human-consumer', 'human-needs', 'need-tools-repair', 'need-tools-repair-hose-fittings', 'pg-tools-hose', 'pg-tools-hose-page-019', 'item-cat-004604']",
True,Historical catalog; technical reference,2015,Industrial Hose / Fittings / Couplings,pg-tools-hose,Industrial Hose / Fittings / Couplings,,39T3 D-6 41T3 D-6 4AH3 D-6 4FH3 D-7 4NH3 D-7 6AH3 D-7,English,82,"Parker Fittings Catalog, PDF page 350",72,medium,table_row,need-tools-repair-hose-fittings,need-tools-repair-hose-fittings,86,,39T3 D-6 41T3 D-6 4AH3 D-6 4FH3 D-7 4NH3 D-7 6AH3 D-7,2015,Parker Hannifin,high,D-7,need-tools-repair,90,Tools / Hose / Fittings,16,pg-tools-hose-page-015,D-7,39T3 D-6 41T3 D-6 4AH3 D-6 4FH3 D-7 4NH3 D-7 6AH3 D-7,item-cat-004605,,"Verify current equivalent, price, availability and specifications before purchase.",CAT-004605,catalog-product,Extracted English catalog record — current status and price require verification,catalog_product,14,,Provisional heuristic; recalculate from User Profile and current offer evidence.,Parker Fittings Catalog.pdf,English,350,D-7,Parker Fittings Catalog,SRC-0102,,Parker Hannifin,39T3 D-6 41T3 D-6 4AH3 D-6 4FH3 D-7 4NH3 D-7 6AH3 D-7,37,39T3 D-6 41T3 D-6 4AH3 D-6 4FH3 D-7 4NH3 D-7 6AH3 D-7,,pg-tools-hose,"['human-consumer', 'human-needs', 'need-tools-repair', 'need-tools-repair-hose-fittings', 'pg-tools-hose', 'pg-tools-hose-page-015', 'item-cat-004605']",
True,Historical catalog; technical reference,2015,Industrial Hose / Fittings / Couplings,pg-tools-hose,Industrial Hose / Fittings / Couplings,,6FH3 D-7 6NH3 D-8 4AJM D-8 4FJM D-8 4NJM D-8 6AJM D-9,English,80,"Parker Fittings Catalog, PDF page 350",72,medium,table_row,need-tools-repair-hose-fittings,need-tools-repair-hose-fittings,81,,6FH3 D-7 6NH3 D-8 4AJM D-8 4FJM D-8 4NJM D-8 6AJM D-9,2015,Parker Hannifin,high,D-9,need-tools-repair,90,Tools / Hose / Fittings,16,pg-tools-hose-page-016,D-9,6FH3 D-7 6NH3 D-8 4AJM D-8 4FJM D-8 4NJM D-8 6AJM D-9,item-cat-004606,,"Verify current equivalent, price, availability and specifications before purchase.",CAT-004606,catalog-product,Extracted English catalog record — current status and price require verification,catalog_product,19,,Provisional heuristic; recalculate from User Profile and current offer evidence.,Parker Fittings Catalog.pdf,English,350,D-9,Parker Fittings Catalog,SRC-0102,,Parker Hannifin,6FH3 D-7 6NH3 D-8 4AJM D-8 4FJM D-8 4NJM D-8 6AJM D-9,37,6FH3 D-7 6NH3 D-8 4AJM D-8 4FJM D-8 4NJM D-8 6AJM D-9,,pg-tools-hose,"['human-consumer', 'human-needs', 'need-tools-repair', 'need-tools-repair-hose-fittings', 'pg-tools-hose', 'pg-tools-hose-page-016', 'item-cat-004606']",
True,Historical catalog; technical reference,2015,Industrial Hose / Fittings / Couplings,pg-tools-hose,Industrial Hose / Fittings / Couplings,,D-17 XARG,English,80,"Parker Fittings Catalog, PDF page 350",72,medium,table_row,need-tools-repair-hose-fittings,need-tools-repair-hose-fittings,81,,J0RG D-17 XARG D-17 8ARG D-17 59RG D-18 T1RG D-18 CORG D-18,2015,Parker Hannifin,high,J0RG,need-tools-repair,90,Tools / Hose / Fittings,16,pg-tools-hose-page-020,J0RG,J0RG D-17 XARG D-17 8ARG D-17 59RG D-18 T1RG D-18 CORG D-18,item-cat-004607,,"Verify current equivalent, price, availability and specifications before purchase.",CAT-004607,catalog-product,Extracted English catalog record — current status and price require verification,catalog_product,22,,Provisional heuristic; recalculate from User Profile and current offer evidence.,Parker Fittings Catalog.pdf,English,350,J0RG,Parker Fittings Catalog,SRC-0102,,Parker Hannifin,J0RG D-17 XARG D-17 8ARG D-17 59RG D-18 T1RG D-18 CORG D-18,37,J0RG D-17 XARG D-17 8ARG D-17 59RG D-18 T1RG D-18 CORG D-18,,pg-tools-hose,"['human-consumer', 'human-needs', 'need-tools-repair', 'need-tools-repair-hose-fittings', 'pg-tools-hose', 'pg-tools-hose-page-020', 'item-cat-004607']",
True,Historical catalog; technical reference,2015,Industrial Hose / Fittings / Couplings,pg-tools-hose,Industrial Hose / Fittings / Couplings,,D-15 M2M2HK,English,81,"Parker Fittings Catalog, PDF page 350",72,medium,table_row,need-tools-repair-hose-fittings,need-tools-repair-hose-fittings,80,,D FFK61 D-13 M1H D-14 M1M1HK D-14 M2H D-15 M2M2HK D-15 XCXCHK D-15,2015,Parker Hannifin,high,M2H,need-tools-repair,90,Tools / Hose / Fittings,16,pg-tools-hose-page-019,M2H,D FFK61 D-13 M1H D-14 M1M1HK D-14 M2H D-15 M2M2HK D-15 XCXCHK D-15,item-cat-004608,,"Verify current equivalent, price, availability and specifications before purchase.",CAT-004608,catalog-product,Extracted English catalog record — current status and price require verification,catalog_product,23,,Provisional heuristic; recalculate from User Profile and current offer evidence.,Parker Fittings Catalog.pdf,English,350,M2H,Parker Fittings Catalog,SRC-0102,,Parker Hannifin,D FFK61 D-13 M1H D-14 M1M1HK D-14 M2H D-15 M2M2HK D-15 XCXCHK D-15,37,D FFK61 D-13 M1H D-14 M1M1HK D-14 M2H D-15 M2M2HK D-15 XCXCHK D-15,,pg-tools-hose,"['human-consumer', 'human-needs', 'need-tools-repair', 'need-tools-repair-hose-fittings', 'pg-tools-hose', 'pg-tools-hose-page-019', 'item-cat-004608']",
True,Historical catalog; technical reference,2015,Industrial Hose / Fittings / Couplings,pg-tools-hose,Industrial Hose / Fittings / Couplings,,D-35 HR6 Hose Bin,English,82,"Parker Fittings Catalog, PDF page 351",72,medium,table_row,need-tools-repair-hose-fittings,need-tools-repair-hose-fittings,80,,Workstations Reel Rack,2015,Parker Hannifin,high,72B-Cabinet,need-tools-repair,90,Tools / Hose / Fittings,16,pg-tools-hose-page-023,72B-Cabinet,Workstations Reel Rack,item-cat-004609,,"Verify current equivalent, price, availability and specifications before purchase.",CAT-004609,catalog-product,Extracted English catalog record — current status and price require verification,catalog_product,20,,Provisional heuristic; recalculate from User Profile and current offer evidence.,Parker Fittings Catalog.pdf,English,351,72B-Cabinet,Parker Fittings Catalog,SRC-0102,,Parker Hannifin,72B-Cabinet D-35 HR6 Hose Bin D-35,37,Workstations Reel Rack,,pg-tools-hose,"['human-consumer', 'human-needs', 'need-tools-repair', 'need-tools-repair-hose-fittings', 'pg-tools-hose', 'pg-tools-hose-page-023', 'item-cat-004609']",
True,Historical catalog; technical reference,2015,Industrial Hose / Fittings / Couplings,pg-tools-hose,Industrial Hose / Fittings / Couplings,,PolyGuard (HG) D-22 ParKoilTM (PG) D-22,English,85,"Parker Fittings Catalog, PDF page 351",72,medium,table_row,need-tools-repair-hose-fittings,need-tools-repair-hose-fittings,82,,Visual Index,2015,Parker Hannifin,high,D-21,need-tools-repair,90,Tools / Hose / Fittings,16,pg-tools-hose-page-023,D-21,Visual Index,item-cat-004610,,"Verify current equivalent, price, availability and specifications before purchase.",CAT-004610,catalog-product,Extracted English catalog record — current status and price require verification,catalog_product,16,,Provisional heuristic; recalculate from User Profile and current offer evidence.,Parker Fittings Catalog.pdf,English,351,D-21,Parker Fittings Catalog,SRC-0102,,Parker Hannifin,Partek Defense D-19 Partek Wrap D-20 Partek Sleeve D-21 PolyGuard (HG) D-22 ParKoilTM (PG) D-22,37,Visual Index,,pg-tools-hose,"['human-consumer', 'human-needs', 'need-tools-repair', 'need-tools-repair-hose-fittings', 'pg-tools-hose', 'pg-tools-hose-page-023', 'item-cat-004610']",
True,Historical catalog; technical reference,2015,Industrial Hose / Fittings / Couplings,pg-tools-hose,Industrial Hose / Fittings / Couplings,,Firesleeve (FS-F) D-28 FSC Clamp,English,86,"Parker Fittings Catalog, PDF page 351",72,medium,table_row,need-tools-repair-hose-fittings,need-tools-repair-hose-fittings,80,,Guards,2015,Parker Hannifin,high,D-24,need-tools-repair,90,Tools / Hose / Fittings,16,pg-tools-hose-page-020,D-24,Guards,item-cat-004611,,"Verify current equivalent, price, availability and specifications before purchase.",CAT-004611,catalog-product,Extracted English catalog record — current status and price require verification,catalog_product,23,,Provisional heuristic; recalculate from User Profile and current offer evidence.,Parker Fittings Catalog.pdf,English,351,D-24,Parker Fittings Catalog,SRC-0102,,Parker Hannifin,Spring Guard (SG) D-23 Polyguard D-23 Hose Whip D-24 Firesleeve (FS-F) D-28 FSC Clamp D-28 Firesleeve D-29,37,Guards,,pg-tools-hose,"['human-consumer', 'human-needs', 'need-tools-repair', 'need-tools-repair-hose-fittings', 'pg-tools-hose', 'pg-tools-hose-page-020', 'item-cat-004611']",
True,Historical catalog; technical reference,2015,Industrial Hose / Fittings / Couplings,pg-tools-hose,Industrial Hose / Fittings / Couplings,,Hose Products Division,English,84,"Parker Fittings Catalog, PDF page 351",72,medium,table_row,need-tools-repair-hose-fittings,need-tools-repair-hose-fittings,85,,D-3 Hose Products Division,2015,Parker Hannifin,high,D-3,need-tools-repair,90,Tools / Hose / Fittings,16,pg-tools-hose-page-019,D-3,D-3 Hose Products Division,item-cat-004612,,"Verify current equivalent, price, availability and specifications before purchase.",CAT-004612,catalog-product,Extracted English catalog record — current status and price require verification,catalog_product,21,,Provisional heuristic; recalculate from User Profile and current offer evidence.,Parker Fittings Catalog.pdf,English,351,D-3,Parker Fittings Catalog,SRC-0102,,Parker Hannifin,D-3 Hose Products Division,37,D-3 Hose Products Division,,pg-tools-hose,"['human-consumer', 'human-needs', 'need-tools-repair', 'need-tools-repair-hose-fittings', 'pg-tools-hose', 'pg-tools-hose-page-019', 'item-cat-004612']",
True,Historical catalog; technical reference,2015,Industrial Hose / Fittings / Couplings,pg-tools-hose,Industrial Hose / Fittings / Couplings,,Workstations Reel Rack,English,85,"Parker Fittings Catalog, PDF page 351",72,medium,table_row,need-tools-repair-hose-fittings,need-tools-repair-hose-fittings,84,,Workstations Reel Rack,2015,Parker Hannifin,high,D-35,need-tools-repair,90,Tools / Hose / Fittings,16,pg-tools-hose-page-023,D-35,Workstations Reel Rack,item-cat-004613,,"Verify current equivalent, price, availability and specifications before purchase.",CAT-004613,catalog-product,Extracted English catalog record — current status and price require verification,catalog_product,25,,Provisional heuristic; recalculate from User Profile and current offer evidence.,Parker Fittings Catalog.pdf,English,351,D-35,Parker Fittings Catalog,SRC-0102,,Parker Hannifin,72B-Cabinet D-35 HR6 Hose Bin D-35,37,Workstations Reel Rack,,pg-tools-hose,"['human-consumer', 'human-needs', 'need-tools-repair', 'need-tools-repair-hose-fittings', 'pg-tools-hose', 'pg-tools-hose-page-023', 'item-cat-004613']",
True,Historical catalog; technical reference,2015,Industrial Hose / Fittings / Couplings,pg-tools-hose,Industrial Hose / Fittings / Couplings,,for more detailed application,English,84,"Parker Fittings Catalog, PDF page 352",72,medium,table_row,need-tools-repair-hose-fittings,need-tools-repair-hose-fittings,82,,Stainless Steel Materials: Steel,2015,Parker Hannifin,high,4300,need-tools-repair,90,Tools / Hose / Fittings,16,pg-tools-hose-page-023,4300,Stainless Steel Materials: Steel,item-cat-004614,,"Verify current equivalent, price, availability and specifications before purchase.",CAT-004614,catalog-product,Extracted English catalog record — current status and price require verification,catalog_product,21,,Provisional heuristic; recalculate from User Profile and current offer evidence.,Parker Fittings Catalog.pdf,English,352,4300,Parker Fittings Catalog,SRC-0102,,Parker Hannifin,of each type of adapter desired. Be sure to double check tube and hose 4300 for more detailed application,37,Stainless Steel Materials: Steel,,pg-tools-hose,"['human-consumer', 'human-needs', 'need-tools-repair', 'need-tools-repair-hose-fittings', 'pg-tools-hose', 'pg-tools-hose-page-023', 'item-cat-004614']",
True,Historical catalog; technical reference,2015,Industrial Hose / Fittings / Couplings,pg-tools-hose,Industrial Hose / Fittings / Couplings,,psi Pressures: Up to,English,80,"Parker Fittings Catalog, PDF page 352",72,medium,table_row,need-tools-repair-hose-fittings,need-tools-repair-hose-fittings,83,,Triple-Lok®,2015,Parker Hannifin,high,9000,need-tools-repair,90,Tools / Hose / Fittings,16,pg-tools-hose-page-023,9000,Triple-Lok®,item-cat-004615,,"Verify current equivalent, price, availability and specifications before purchase.",CAT-004615,catalog-product,Extracted English catalog record — current status and price require verification,catalog_product,24,,Provisional heuristic; recalculate from User Profile and current offer evidence.,Parker Fittings Catalog.pdf,English,352,9000,Parker Fittings Catalog,SRC-0102,,Parker Hannifin,9000 psi Pressures: Up to 7200 psi,37,Triple-Lok®,,pg-tools-hose,"['human-consumer', 'human-needs', 'need-tools-repair', 'need-tools-repair-hose-fittings', 'pg-tools-hose', 'pg-tools-hose-page-023', 'item-cat-004615']",
True,Historical catalog; technical reference,2015,Industrial Hose / Fittings / Couplings,pg-tools-hose,Industrial Hose / Fittings / Couplings,,psi Pressures: Up to Stainless Steel Pressures: Up to,English,85,"Parker Fittings Catalog, PDF page 352",72,medium,table_row,need-tools-repair-hose-fittings,need-tools-repair-hose-fittings,84,,Triple-Lok®,2015,Parker Hannifin,high,9200,need-tools-repair,90,Tools / Hose / Fittings,16,pg-tools-hose-page-023,9200,Triple-Lok®,item-cat-004616,,"Verify current equivalent, price, availability and specifications before purchase.",CAT-004616,catalog-product,Extracted English catalog record — current status and price require verification,catalog_product,21,,Provisional heuristic; recalculate from User Profile and current offer evidence.,Parker Fittings Catalog.pdf,English,352,9200,Parker Fittings Catalog,SRC-0102,,Parker Hannifin,9200 psi 9200 psi Pressures: Up to Stainless Steel Pressures: Up to 7700 psi,37,Triple-Lok®,,pg-tools-hose,"['human-consumer', 'human-needs', 'need-tools-repair', 'need-tools-repair-hose-fittings', 'pg-tools-hose', 'pg-tools-hose-page-023', 'item-cat-004616']",
True,Historical catalog; technical reference,2015,Industrial Hose / Fittings / Couplings,pg-tools-hose,Industrial Hose / Fittings / Couplings,,Hose Products Division,English,85,"Parker Fittings Catalog, PDF page 352",72,medium,table_row,need-tools-repair-hose-fittings,need-tools-repair-hose-fittings,88,,D-4 Hose Products Division,2015,Parker Hannifin,high,D-4,need-tools-repair,90,Tools / Hose / Fittings,16,pg-tools-hose-page-019,D-4,D-4 Hose Products Division,item-cat-004617,,"Verify current equivalent, price, availability and specifications before purchase.",CAT-004617,catalog-product,Extracted English catalog record — current status and price require verification,catalog_product,19,,Provisional heuristic; recalculate from User Profile and current offer evidence.,Parker Fittings Catalog.pdf,English,352,D-4,Parker Fittings Catalog,SRC-0102,,Parker Hannifin,D-4 Hose Products Division,37,D-4 Hose Products Division,,pg-tools-hose,"['human-consumer', 'human-needs', 'need-tools-repair', 'need-tools-repair-hose-fittings', 'pg-tools-hose', 'pg-tools-hose-page-019', 'item-cat-004617']",
True,Historical catalog; technical reference,2015,Industrial Hose / Fittings / Couplings,pg-tools-hose,Industrial Hose / Fittings / Couplings,,Pipe Swivels,English,82,"Parker Fittings Catalog, PDF page 352",72,medium,table_row,need-tools-repair-hose-fittings,need-tools-repair-hose-fittings,81,,Pipe Swivels,2015,Parker Hannifin,high,K4,need-tools-repair,90,Tools / Hose / Fittings,16,pg-tools-hose-page-022,K4,Pipe Swivels,item-cat-004618,,"Verify current equivalent, price, availability and specifications before purchase.",CAT-004618,catalog-product,Extracted English catalog record — current status and price require verification,catalog_product,22,,Provisional heuristic; recalculate from User Profile and current offer evidence.,Parker Fittings Catalog.pdf,English,352,K4,Parker Fittings Catalog,SRC-0102,,Parker Hannifin,and Flange Industrial Komatsu Style K4,37,Pipe Swivels,,pg-tools-hose,"['human-consumer', 'human-needs', 'need-tools-repair', 'need-tools-repair-hose-fittings', 'pg-tools-hose', 'pg-tools-hose-page-022', 'item-cat-004618']",
True,Historical catalog; technical reference,2015,Industrial Hose / Fittings / Couplings,pg-tools-hose,Industrial Hose / Fittings / Couplings,,Hose Products Division,English,85,"Parker Fittings Catalog, PDF page 353",72,medium,table_row,need-tools-repair-hose-fittings,need-tools-repair-hose-fittings,79,,D-5 Hose Products Division,2015,Parker Hannifin,high,D-5,need-tools-repair,90,Tools / Hose / Fittings,16,pg-tools-hose-page-019,D-5,D-5 Hose Products Division,item-cat-004619,,"Verify current equivalent, price, availability and specifications before purchase.",CAT-004619,catalog-product,Extracted English catalog record — current status and price require verification,catalog_product,21,,Provisional heuristic; recalculate from User Profile and current offer evidence.,Parker Fittings Catalog.pdf,English,353,D-5,Parker Fittings Catalog,SRC-0102,,Parker Hannifin,D-5 Hose Products Division,37,D-5 Hose Products Division,,pg-tools-hose,"['human-consumer', 'human-needs', 'need-tools-repair', 'need-tools-repair-hose-fittings', 'pg-tools-hose', 'pg-tools-hose-page-019', 'item-cat-004619']",
True,Historical catalog; technical reference,2015,Industrial Hose / Fittings / Couplings,pg-tools-hose,Industrial Hose / Fittings / Couplings,,inch mm inch mm inch inch,English,78,"Parker Fittings Catalog, PDF page 353",72,medium,table_row,need-tools-repair-hose-fittings,need-tools-repair-hose-fittings,79,,Part Flange Thread A E W F,2015,Parker Hannifin,high,T1,need-tools-repair,90,Tools / Hose / Fittings,16,pg-tools-hose-page-021,T1,Part Flange Thread A E W F,item-cat-004620,,"Verify current equivalent, price, availability and specifications before purchase.",CAT-004620,catalog-product,Extracted English catalog record — current status and price require verification,catalog_product,15,,Provisional heuristic; recalculate from User Profile and current offer evidence.,Parker Fittings Catalog.pdf,English,353,T1,Parker Fittings Catalog,SRC-0102,,Parker Hannifin,Number inch T1 inch mm inch mm inch inch,37,Part Flange Thread A E W F,,pg-tools-hose,"['human-consumer', 'human-needs', 'need-tools-repair', 'need-tools-repair-hose-fittings', 'pg-tools-hose', 'pg-tools-hose-page-021', 'item-cat-004620']",
True,Historical catalog; technical reference,2015,Industrial Hose / Fittings / Couplings,pg-tools-hose,Industrial Hose / Fittings / Couplings,,Hose Products Division,English,81,"Parker Fittings Catalog, PDF page 356",72,medium,table_row,need-tools-repair-hose-fittings,need-tools-repair-hose-fittings,87,,D-8 Hose Products Division,2015,Parker Hannifin,high,D-8,need-tools-repair,90,Tools / Hose / Fittings,16,pg-tools-hose-page-019,D-8,D-8 Hose Products Division,item-cat-004621,,"Verify current equivalent, price, availability and specifications before purchase.",CAT-004621,catalog-product,Extracted English catalog record — current status and price require verification,catalog_product,23,,Provisional heuristic; recalculate from User Profile and current offer evidence.,Parker Fittings Catalog.pdf,English,356,D-8,Parker Fittings Catalog,SRC-0102,,Parker Hannifin,D-8 Hose Products Division,37,D-8 Hose Products Division,,pg-tools-hose,"['human-consumer', 'human-needs', 'need-tools-repair', 'need-tools-repair-hose-fittings', 'pg-tools-hose', 'pg-tools-hose-page-019', 'item-cat-004621']",
True,Historical catalog; technical reference,2015,Industrial Hose / Fittings / Couplings,pg-tools-hose,Industrial Hose / Fittings / Couplings,,does not include O-rings. Order separately. D,English,78,"Parker Fittings Catalog, PDF page 357",72,medium,table_row,need-tools-repair-hose-fittings,need-tools-repair-hose-fittings,88,,6NJM-20-20 1-1/4 1-11/16x12 4.44 113 2.99 76 1-3/4 2-1/8,2015,Parker Hannifin,high,6NJM,need-tools-repair,90,Tools / Hose / Fittings,16,pg-tools-hose-page-016,6NJM,6NJM-20-20 1-1/4 1-11/16x12 4.44 113 2.99 76 1-3/4 2-1/8,item-cat-004622,,"Verify current equivalent, price, availability and specifications before purchase.",CAT-004622,catalog-product,Extracted English catalog record — current status and price require verification,catalog_product,26,,Provisional heuristic; recalculate from User Profile and current offer evidence.,Parker Fittings Catalog.pdf,English,357,6NJM,Parker Fittings Catalog,SRC-0102,,Parker Hannifin,6NJM does not include O-rings. Order separately. D,37,6NJM-20-20 1-1/4 1-11/16x12 4.44 113 2.99 76 1-3/4 2-1/8,,pg-tools-hose,"['human-consumer', 'human-needs', 'need-tools-repair', 'need-tools-repair-hose-fittings', 'pg-tools-hose', 'pg-tools-hose-page-016', 'item-cat-004622']",
True,Historical catalog; technical reference,2015,Industrial Hose / Fittings / Couplings,pg-tools-hose,Industrial Hose / Fittings / Couplings,,Hose Products Division,English,78,"Parker Fittings Catalog, PDF page 358",72,medium,table_row,need-tools-repair-hose-fittings,need-tools-repair-hose-fittings,80,,D-10 Hose Products Division,2015,Parker Hannifin,high,D-10,need-tools-repair,90,Tools / Hose / Fittings,16,pg-tools-hose-page-019,D-10,D-10 Hose Products Division,item-cat-004623,,"Verify current equivalent, price, availability and specifications before purchase.",CAT-004623,catalog-product,Extracted English catalog record — current status and price require verification,catalog_product,24,,Provisional heuristic; recalculate from User Profile and current offer evidence.,Parker Fittings Catalog.pdf,English,358,D-10,Parker Fittings Catalog,SRC-0102,,Parker Hannifin,D-10 Hose Products Division,37,D-10 Hose Products Division,,pg-tools-hose,"['human-consumer', 'human-needs', 'need-tools-repair', 'need-tools-repair-hose-fittings', 'pg-tools-hose', 'pg-tools-hose-page-019', 'item-cat-004623']",
True,Historical catalog; technical reference,2015,Industrial Hose / Fittings / Couplings,pg-tools-hose,Industrial Hose / Fittings / Couplings,,XRG-16 ring kits using the part numbers shown.,English,81,"Parker Fittings Catalog, PDF page 361",72,medium,table_row,need-tools-repair-hose-fittings,need-tools-repair-hose-fittings,81,,RK-12 R12X XRG-12,2015,Parker Hannifin,high,R16X,need-tools-repair,90,Tools / Hose / Fittings,16,pg-tools-hose-page-022,R16X,RK-12 R12X XRG-12,item-cat-004624,,"Verify current equivalent, price, availability and specifications before purchase.",CAT-004624,catalog-product,Extracted English catalog record — current status and price require verification,catalog_product,14,,Provisional heuristic; recalculate from User Profile and current offer evidence.,Parker Fittings Catalog.pdf,English,361,R16X,Parker Fittings Catalog,SRC-0102,,Parker Hannifin,RK-16 R16X XRG-16 ring kits using the part numbers shown.,37,RK-12 R12X XRG-12,,pg-tools-hose,"['human-consumer', 'human-needs', 'need-tools-repair', 'need-tools-repair-hose-fittings', 'pg-tools-hose', 'pg-tools-hose-page-022', 'item-cat-004624']",
True,Historical catalog; technical reference,2015,Industrial Hose / Fittings / Couplings,pg-tools-hose,Industrial Hose / Fittings / Couplings,,R12X UNC 3/8 - 16,English,82,"Parker Fittings Catalog, PDF page 361",72,medium,table_row,need-tools-repair-hose-fittings,need-tools-repair-hose-fittings,81,,"FFK61-12 3/4 5,000 R312-35-CFX XRG-12 R12X UNC 3/8 - 16 1-1/2",2015,Parker Hannifin,high,XRG-12,need-tools-repair,90,Tools / Hose / Fittings,16,pg-tools-hose-page-020,XRG-12,"FFK61-12 3/4 5,000 R312-35-CFX XRG-12 R12X UNC 3/8 - 16 1-1/2",item-cat-004625,,"Verify current equivalent, price, availability and specifications before purchase.",CAT-004625,catalog-product,Extracted English catalog record — current status and price require verification,catalog_product,24,,Provisional heuristic; recalculate from User Profile and current offer evidence.,Parker Fittings Catalog.pdf,English,361,XRG-12,Parker Fittings Catalog,SRC-0102,,Parker Hannifin,"FFK61-12 3/4 5,000 R312-35-CFX XRG-12 R12X UNC 3/8 - 16 1-1/2",37,"FFK61-12 3/4 5,000 R312-35-CFX XRG-12 R12X UNC 3/8 - 16 1-1/2",,pg-tools-hose,"['human-consumer', 'human-needs', 'need-tools-repair', 'need-tools-repair-hose-fittings', 'pg-tools-hose', 'pg-tools-hose-page-020', 'item-cat-004625']",
True,Historical catalog; technical reference,2015,Industrial Hose / Fittings / Couplings,pg-tools-hose,Industrial Hose / Fittings / Couplings,,ring kits using the part numbers shown.,English,79,"Parker Fittings Catalog, PDF page 361",72,medium,table_row,need-tools-repair-hose-fittings,need-tools-repair-hose-fittings,88,,RK-12 R12X XRG-12,2015,Parker Hannifin,high,XRG-16,need-tools-repair,90,Tools / Hose / Fittings,16,pg-tools-hose-page-022,XRG-16,RK-12 R12X XRG-12,item-cat-004626,,"Verify current equivalent, price, availability and specifications before purchase.",CAT-004626,catalog-product,Extracted English catalog record — current status and price require verification,catalog_product,15,,Provisional heuristic; recalculate from User Profile and current offer evidence.,Parker Fittings Catalog.pdf,English,361,XRG-16,Parker Fittings Catalog,SRC-0102,,Parker Hannifin,RK-16 R16X XRG-16 ring kits using the part numbers shown.,37,RK-12 R12X XRG-12,,pg-tools-hose,"['human-consumer', 'human-needs', 'need-tools-repair', 'need-tools-repair-hose-fittings', 'pg-tools-hose', 'pg-tools-hose-page-022', 'item-cat-004626']",
True,Historical catalog; technical reference,2015,Industrial Hose / Fittings / Couplings,pg-tools-hose,Industrial Hose / Fittings / Couplings,,R20X UNC 7/16 - 14,English,81,"Parker Fittings Catalog, PDF page 361",72,medium,table_row,need-tools-repair-hose-fittings,need-tools-repair-hose-fittings,83,,"FFK61-20 1 1/4 5,000 R320-12.5-CFX XRG-20 R20X UNC 7/16 - 14 1-1/2",2015,Parker Hannifin,high,XRG-20,need-tools-repair,90,Tools / Hose / Fittings,16,pg-tools-hose-page-020,XRG-20,"FFK61-20 1 1/4 5,000 R320-12.5-CFX XRG-20 R20X UNC 7/16 - 14 1-1/2",item-cat-004627,,"Verify current equivalent, price, availability and specifications before purchase.",CAT-004627,catalog-product,Extracted English catalog record — current status and price require verification,catalog_product,22,,Provisional heuristic; recalculate from User Profile and current offer evidence.,Parker Fittings Catalog.pdf,English,361,XRG-20,Parker Fittings Catalog,SRC-0102,,Parker Hannifin,"FFK61-20 1 1/4 5,000 R320-12.5-CFX XRG-20 R20X UNC 7/16 - 14 1-1/2",37,"FFK61-20 1 1/4 5,000 R320-12.5-CFX XRG-20 R20X UNC 7/16 - 14 1-1/2",,pg-tools-hose,"['human-consumer', 'human-needs', 'need-tools-repair', 'need-tools-repair-hose-fittings', 'pg-tools-hose', 'pg-tools-hose-page-020', 'item-cat-004627']",
True,Historical catalog; technical reference,2015,Industrial Hose / Fittings / Couplings,pg-tools-hose,Industrial Hose / Fittings / Couplings,,R24X UNC 1/2 - 13,English,81,"Parker Fittings Catalog, PDF page 361",72,medium,table_row,need-tools-repair-hose-fittings,need-tools-repair-hose-fittings,89,,"FFK61-24 1 1/2 5,000 R324-CFX XRG-24 R24X UNC 1/2 - 13 1-3/4",2015,Parker Hannifin,high,XRG-24,need-tools-repair,90,Tools / Hose / Fittings,16,pg-tools-hose-page-020,XRG-24,"FFK61-24 1 1/2 5,000 R324-CFX XRG-24 R24X UNC 1/2 - 13 1-3/4",item-cat-004628,,"Verify current equivalent, price, availability and specifications before purchase.",CAT-004628,catalog-product,Extracted English catalog record — current status and price require verification,catalog_product,23,,Provisional heuristic; recalculate from User Profile and current offer evidence.,Parker Fittings Catalog.pdf,English,361,XRG-24,Parker Fittings Catalog,SRC-0102,,Parker Hannifin,"FFK61-24 1 1/2 5,000 R324-CFX XRG-24 R24X UNC 1/2 - 13 1-3/4",37,"FFK61-24 1 1/2 5,000 R324-CFX XRG-24 R24X UNC 1/2 - 13 1-3/4",,pg-tools-hose,"['human-consumer', 'human-needs', 'need-tools-repair', 'need-tools-repair-hose-fittings', 'pg-tools-hose', 'pg-tools-hose-page-020', 'item-cat-004628']",
True,Historical catalog; technical reference,2015,Industrial Hose / Fittings / Couplings,pg-tools-hose,Industrial Hose / Fittings / Couplings,,R32X UNC 1/2 - 13,English,84,"Parker Fittings Catalog, PDF page 361",72,medium,table_row,need-tools-repair-hose-fittings,need-tools-repair-hose-fittings,89,,"FFK61-32 2 5,000 R332-CFX XRG-32 R32X UNC 1/2 - 13 1-3/4",2015,Parker Hannifin,high,XRG-32,need-tools-repair,90,Tools / Hose / Fittings,16,pg-tools-hose-page-020,XRG-32,"FFK61-32 2 5,000 R332-CFX XRG-32 R32X UNC 1/2 - 13 1-3/4",item-cat-004629,,"Verify current equivalent, price, availability and specifications before purchase.",CAT-004629,catalog-product,Extracted English catalog record — current status and price require verification,catalog_product,21,,Provisional heuristic; recalculate from User Profile and current offer evidence.,Parker Fittings Catalog.pdf,English,361,XRG-32,Parker Fittings Catalog,SRC-0102,,Parker Hannifin,"FFK61-32 2 5,000 R332-CFX XRG-32 R32X UNC 1/2 - 13 1-3/4",37,"FFK61-32 2 5,000 R332-CFX XRG-32 R32X UNC 1/2 - 13 1-3/4",,pg-tools-hose,"['human-consumer', 'human-needs', 'need-tools-repair', 'need-tools-repair-hose-fittings', 'pg-tools-hose', 'pg-tools-hose-page-020', 'item-cat-004629']",
True,Historical catalog; technical reference,2015,Industrial Hose / Fittings / Couplings,pg-tools-hose,Industrial Hose / Fittings / Couplings,,Hose Products Division,English,80,"Parker Fittings Catalog, PDF page 362",72,medium,table_row,need-tools-repair-hose-fittings,need-tools-repair-hose-fittings,87,,D-14 Hose Products Division,2015,Parker Hannifin,high,D-14,need-tools-repair,90,Tools / Hose / Fittings,16,pg-tools-hose-page-019,D-14,D-14 Hose Products Division,item-cat-004630,,"Verify current equivalent, price, availability and specifications before purchase.",CAT-004630,catalog-product,Extracted English catalog record — current status and price require verification,catalog_product,20,,Provisional heuristic; recalculate from User Profile and current offer evidence.,Parker Fittings Catalog.pdf,English,362,D-14,Parker Fittings Catalog,SRC-0102,,Parker Hannifin,D-14 Hose Products Division,37,D-14 Hose Products Division,,pg-tools-hose,"['human-consumer', 'human-needs', 'need-tools-repair', 'need-tools-repair-hose-fittings', 'pg-tools-hose', 'pg-tools-hose-page-019', 'item-cat-004630']",
True,Historical catalog; technical reference,2015,Industrial Hose / Fittings / Couplings,pg-tools-hose,Industrial Hose / Fittings / Couplings,,"2,5 33,0 Division. Please contact TFD for additional size",English,85,"Parker Fittings Catalog, PDF page 364",72,medium,table_row,need-tools-repair-hose-fittings,need-tools-repair-hose-fittings,83,,"CARG-28 2,0 26,0 C9RG-30 2,4 25,3",2015,Parker Hannifin,high,C9RG-38,need-tools-repair,90,Tools / Hose / Fittings,16,pg-tools-hose-page-019,C9RG-38,"CARG-28 2,0 26,0 C9RG-30 2,4 25,3",item-cat-004631,,"Verify current equivalent, price, availability and specifications before purchase.",CAT-004631,catalog-product,Extracted English catalog record — current status and price require verification,catalog_product,23,,Provisional heuristic; recalculate from User Profile and current offer evidence.,Parker Fittings Catalog.pdf,English,364,C9RG-38,Parker Fittings Catalog,SRC-0102,,Parker Hannifin,"C9RG-38 2,5 33,0 Division. Please contact TFD for additional size",37,"CARG-28 2,0 26,0 C9RG-30 2,4 25,3",,pg-tools-hose,"['human-consumer', 'human-needs', 'need-tools-repair', 'need-tools-repair-hose-fittings', 'pg-tools-hose', 'pg-tools-hose-page-019', 'item-cat-004631']",
True,Historical catalog; technical reference,2015,Industrial Hose / Fittings / Couplings,pg-tools-hose,Industrial Hose / Fittings / Couplings,,C9RG C9RG D9DT,English,81,"Parker Fittings Catalog, PDF page 364",72,medium,table_row,need-tools-repair-hose-fittings,need-tools-repair-hose-fittings,79,,C9RG C9RG D9DT,2015,Parker Hannifin,high,D9DT,need-tools-repair,90,Tools / Hose / Fittings,16,pg-tools-hose-page-019,D9DT,C9RG C9RG D9DT,item-cat-004632,,"Verify current equivalent, price, availability and specifications before purchase.",CAT-004632,catalog-product,Extracted English catalog record — current status and price require verification,catalog_product,20,,Provisional heuristic; recalculate from User Profile and current offer evidence.,Parker Fittings Catalog.pdf,English,364,D9DT,Parker Fittings Catalog,SRC-0102,,Parker Hannifin,C9RG C9RG D9DT,37,C9RG C9RG D9DT,,pg-tools-hose,"['human-consumer', 'human-needs', 'need-tools-repair', 'need-tools-repair-hose-fittings', 'pg-tools-hose', 'pg-tools-hose-page-019', 'item-cat-004632']",
True,Historical catalog; technical reference,2015,Industrial Hose / Fittings / Couplings,pg-tools-hose,Industrial Hose / Fittings / Couplings,,Tube Tube Parker Port,English,82,"Parker Fittings Catalog, PDF page 366",72,medium,table_row,need-tools-repair-hose-fittings,need-tools-repair-hose-fittings,88,,Tube Tube Parker Port,2015,Parker Hannifin,high,7/16x20,need-tools-repair,90,Tools / Hose / Fittings,16,pg-tools-hose-page-023,7/16x20,Tube Tube Parker Port,item-cat-004633,,"Verify current equivalent, price, availability and specifications before purchase.",CAT-004633,catalog-product,Extracted English catalog record — current status and price require verification,catalog_product,14,,Provisional heuristic; recalculate from User Profile and current offer evidence.,Parker Fittings Catalog.pdf,English,366,7/16x20,Parker Fittings Catalog,SRC-0102,,Parker Hannifin,T1RG-6 3/8 -6 2-012 940199 -6 & -8 Straight High High 940249 7/16x20,37,Tube Tube Parker Port,,pg-tools-hose,"['human-consumer', 'human-needs', 'need-tools-repair', 'need-tools-repair-hose-fittings', 'pg-tools-hose', 'pg-tools-hose-page-023', 'item-cat-004633']",
True,Historical catalog; technical reference,2015,Industrial Hose / Fittings / Couplings,pg-tools-hose,Industrial Hose / Fittings / Couplings,,6 & -8 Elbows Standard High,English,80,"Parker Fittings Catalog, PDF page 366",72,medium,table_row,need-tools-repair-hose-fittings,need-tools-repair-hose-fittings,82,,Tube Tube Parker Port,2015,Parker Hannifin,high,940188,need-tools-repair,90,Tools / Hose / Fittings,16,pg-tools-hose-page-023,940188,Tube Tube Parker Port,item-cat-004634,,"Verify current equivalent, price, availability and specifications before purchase.",CAT-004634,catalog-product,Extracted English catalog record — current status and price require verification,catalog_product,21,,Provisional heuristic; recalculate from User Profile and current offer evidence.,Parker Fittings Catalog.pdf,English,366,940188,Parker Fittings Catalog,SRC-0102,,Parker Hannifin,T1RG-10 5/8 -10 2-016 940188 -6 & -8 Elbows Standard High,37,Tube Tube Parker Port,,pg-tools-hose,"['human-consumer', 'human-needs', 'need-tools-repair', 'need-tools-repair-hose-fittings', 'pg-tools-hose', 'pg-tools-hose-page-023', 'item-cat-004634']",
True,Historical catalog; technical reference,2015,Industrial Hose / Fittings / Couplings,pg-tools-hose,Industrial Hose / Fittings / Couplings,,10 & -12 Elbows Standard Low,English,83,"Parker Fittings Catalog, PDF page 366",72,medium,table_row,need-tools-repair-hose-fittings,need-tools-repair-hose-fittings,87,,Tube Tube Parker Port,2015,Parker Hannifin,high,940189,need-tools-repair,90,Tools / Hose / Fittings,16,pg-tools-hose-page-023,940189,Tube Tube Parker Port,item-cat-004635,,"Verify current equivalent, price, availability and specifications before purchase.",CAT-004635,catalog-product,Extracted English catalog record — current status and price require verification,catalog_product,24,,Provisional heuristic; recalculate from User Profile and current offer evidence.,Parker Fittings Catalog.pdf,English,366,940189,Parker Fittings Catalog,SRC-0102,,Parker Hannifin,T1RG-12 3/4 -12 2-018 940189 -10 & -12 Elbows Standard Low,37,Tube Tube Parker Port,,pg-tools-hose,"['human-consumer', 'human-needs', 'need-tools-repair', 'need-tools-repair-hose-fittings', 'pg-tools-hose', 'pg-tools-hose-page-023', 'item-cat-004635']",
True,Historical catalog; technical reference,2015,Industrial Hose / Fittings / Couplings,pg-tools-hose,Industrial Hose / Fittings / Couplings,,6 & -8 Straight High High,English,79,"Parker Fittings Catalog, PDF page 366",72,medium,table_row,need-tools-repair-hose-fittings,need-tools-repair-hose-fittings,87,,Tube Tube Parker Port,2015,Parker Hannifin,high,940199,need-tools-repair,90,Tools / Hose / Fittings,16,pg-tools-hose-page-023,940199,Tube Tube Parker Port,item-cat-004636,,"Verify current equivalent, price, availability and specifications before purchase.",CAT-004636,catalog-product,Extracted English catalog record — current status and price require verification,catalog_product,16,,Provisional heuristic; recalculate from User Profile and current offer evidence.,Parker Fittings Catalog.pdf,English,366,940199,Parker Fittings Catalog,SRC-0102,,Parker Hannifin,T1RG-6 3/8 -6 2-012 940199 -6 & -8 Straight High High 940249 7/16x20,37,Tube Tube Parker Port,,pg-tools-hose,"['human-consumer', 'human-needs', 'need-tools-repair', 'need-tools-repair-hose-fittings', 'pg-tools-hose', 'pg-tools-hose-page-023', 'item-cat-004636']",
True,Historical catalog; technical reference,2015,Industrial Hose / Fittings / Couplings,pg-tools-hose,Industrial Hose / Fittings / Couplings,,10 & -12 Straight High Low,English,86,"Parker Fittings Catalog, PDF page 366",72,medium,table_row,need-tools-repair-hose-fittings,need-tools-repair-hose-fittings,88,,Tube Tube Parker Port,2015,Parker Hannifin,high,940200,need-tools-repair,90,Tools / Hose / Fittings,16,pg-tools-hose-page-023,940200,Tube Tube Parker Port,item-cat-004637,,"Verify current equivalent, price, availability and specifications before purchase.",CAT-004637,catalog-product,Extracted English catalog record — current status and price require verification,catalog_product,23,,Provisional heuristic; recalculate from User Profile and current offer evidence.,Parker Fittings Catalog.pdf,English,366,940200,Parker Fittings Catalog,SRC-0102,,Parker Hannifin,C T1RG-8 1/2 -8 2-014 940200 -10 & -12 Straight High Low,37,Tube Tube Parker Port,,pg-tools-hose,"['human-consumer', 'human-needs', 'need-tools-repair', 'need-tools-repair-hose-fittings', 'pg-tools-hose', 'pg-tools-hose-page-023', 'item-cat-004637']",
True,Historical catalog; technical reference,2015,Industrial Hose / Fittings / Couplings,pg-tools-hose,Industrial Hose / Fittings / Couplings,,CORG-AT10 Bench,English,82,"Parker Fittings Catalog, PDF page 366",72,medium,table_row,need-tools-repair-hose-fittings,need-tools-repair-hose-fittings,84,,10 CORG-10 CORG-AT10 Bench,2015,Parker Hannifin,high,CORG-10,need-tools-repair,90,Tools / Hose / Fittings,16,pg-tools-hose-page-013,CORG-10,10 CORG-10 CORG-AT10 Bench,item-cat-004638,,"Verify current equivalent, price, availability and specifications before purchase.",CAT-004638,catalog-product,Extracted English catalog record — current status and price require verification,catalog_product,17,,Provisional heuristic; recalculate from User Profile and current offer evidence.,Parker Fittings Catalog.pdf,English,366,CORG-10,Parker Fittings Catalog,SRC-0102,,Parker Hannifin,10 CORG-10 CORG-AT10 Bench,37,10 CORG-10 CORG-AT10 Bench,,pg-tools-hose,"['human-consumer', 'human-needs', 'need-tools-repair', 'need-tools-repair-hose-fittings', 'pg-tools-hose', 'pg-tools-hose-page-013', 'item-cat-004638']",
True,Historical catalog; technical reference,2015,Industrial Hose / Fittings / Couplings,pg-tools-hose,Industrial Hose / Fittings / Couplings,,CORG-AT12 Bench,English,78,"Parker Fittings Catalog, PDF page 366",72,medium,table_row,need-tools-repair-hose-fittings,need-tools-repair-hose-fittings,89,,E -12 CORG-12 CORG-AT12 Bench,2015,Parker Hannifin,high,CORG-12,need-tools-repair,90,Tools / Hose / Fittings,16,pg-tools-hose-page-019,CORG-12,E -12 CORG-12 CORG-AT12 Bench,item-cat-004639,,"Verify current equivalent, price, availability and specifications before purchase.",CAT-004639,catalog-product,Extracted English catalog record — current status and price require verification,catalog_product,15,,Provisional heuristic; recalculate from User Profile and current offer evidence.,Parker Fittings Catalog.pdf,English,366,CORG-12,Parker Fittings Catalog,SRC-0102,,Parker Hannifin,E -12 CORG-12 CORG-AT12 Bench,37,E -12 CORG-12 CORG-AT12 Bench,,pg-tools-hose,"['human-consumer', 'human-needs', 'need-tools-repair', 'need-tools-repair-hose-fittings', 'pg-tools-hose', 'pg-tools-hose-page-019', 'item-cat-004639']",
True,Historical catalog; technical reference,2015,Industrial Hose / Fittings / Couplings,pg-tools-hose,Industrial Hose / Fittings / Couplings,,CORG-AT16 Bench,English,81,"Parker Fittings Catalog, PDF page 366",72,medium,table_row,need-tools-repair-hose-fittings,need-tools-repair-hose-fittings,82,,16 CORG-16 CORG-AT16 Bench,2015,Parker Hannifin,high,CORG-16,need-tools-repair,90,Tools / Hose / Fittings,16,pg-tools-hose-page-014,CORG-16,16 CORG-16 CORG-AT16 Bench,item-cat-004640,,"Verify current equivalent, price, availability and specifications before purchase.",CAT-004640,catalog-product,Extracted English catalog record — current status and price require verification,catalog_product,16,,Provisional heuristic; recalculate from User Profile and current offer evidence.,Parker Fittings Catalog.pdf,English,366,CORG-16,Parker Fittings Catalog,SRC-0102,,Parker Hannifin,16 CORG-16 CORG-AT16 Bench,37,16 CORG-16 CORG-AT16 Bench,,pg-tools-hose,"['human-consumer', 'human-needs', 'need-tools-repair', 'need-tools-repair-hose-fittings', 'pg-tools-hose', 'pg-tools-hose-page-014', 'item-cat-004640']",
True,Historical catalog; technical reference,2015,Industrial Hose / Fittings / Couplings,pg-tools-hose,Industrial Hose / Fittings / Couplings,,CORG-AT20 Bench,English,82,"Parker Fittings Catalog, PDF page 366",72,medium,table_row,need-tools-repair-hose-fittings,need-tools-repair-hose-fittings,81,,20 CORG-20 CORG-AT20 Bench,2015,Parker Hannifin,high,CORG-20,need-tools-repair,90,Tools / Hose / Fittings,16,pg-tools-hose-page-014,CORG-20,20 CORG-20 CORG-AT20 Bench,item-cat-004641,,"Verify current equivalent, price, availability and specifications before purchase.",CAT-004641,catalog-product,Extracted English catalog record — current status and price require verification,catalog_product,23,,Provisional heuristic; recalculate from User Profile and current offer evidence.,Parker Fittings Catalog.pdf,English,366,CORG-20,Parker Fittings Catalog,SRC-0102,,Parker Hannifin,20 CORG-20 CORG-AT20 Bench,37,20 CORG-20 CORG-AT20 Bench,,pg-tools-hose,"['human-consumer', 'human-needs', 'need-tools-repair', 'need-tools-repair-hose-fittings', 'pg-tools-hose', 'pg-tools-hose-page-014', 'item-cat-004641']",
True,Historical catalog; technical reference,2015,Industrial Hose / Fittings / Couplings,pg-tools-hose,Industrial Hose / Fittings / Couplings,,CORG-AT24 Bench,English,84,"Parker Fittings Catalog, PDF page 366",72,medium,table_row,need-tools-repair-hose-fittings,need-tools-repair-hose-fittings,88,,24 CORG-24 CORG-AT24 Bench,2015,Parker Hannifin,high,CORG-24,need-tools-repair,90,Tools / Hose / Fittings,16,pg-tools-hose-page-015,CORG-24,24 CORG-24 CORG-AT24 Bench,item-cat-004642,,"Verify current equivalent, price, availability and specifications before purchase.",CAT-004642,catalog-product,Extracted English catalog record — current status and price require verification,catalog_product,26,,Provisional heuristic; recalculate from User Profile and current offer evidence.,Parker Fittings Catalog.pdf,English,366,CORG-24,Parker Fittings Catalog,SRC-0102,,Parker Hannifin,24 CORG-24 CORG-AT24 Bench,37,24 CORG-24 CORG-AT24 Bench,,pg-tools-hose,"['human-consumer', 'human-needs', 'need-tools-repair', 'need-tools-repair-hose-fittings', 'pg-tools-hose', 'pg-tools-hose-page-015', 'item-cat-004642']",
True,Historical catalog; technical reference,2015,Industrial Hose / Fittings / Couplings,pg-tools-hose,Industrial Hose / Fittings / Couplings,,CORG-AT04 Bench,English,81,"Parker Fittings Catalog, PDF page 366",72,medium,table_row,need-tools-repair-hose-fittings,need-tools-repair-hose-fittings,84,,4 CORG-4 CORG-AT04 Bench,2015,Parker Hannifin,high,CORG-4,need-tools-repair,90,Tools / Hose / Fittings,16,pg-tools-hose-page-015,CORG-4,4 CORG-4 CORG-AT04 Bench,item-cat-004643,,"Verify current equivalent, price, availability and specifications before purchase.",CAT-004643,catalog-product,Extracted English catalog record — current status and price require verification,catalog_product,18,,Provisional heuristic; recalculate from User Profile and current offer evidence.,Parker Fittings Catalog.pdf,English,366,CORG-4,Parker Fittings Catalog,SRC-0102,,Parker Hannifin,4 CORG-4 CORG-AT04 Bench,37,4 CORG-4 CORG-AT04 Bench,,pg-tools-hose,"['human-consumer', 'human-needs', 'need-tools-repair', 'need-tools-repair-hose-fittings', 'pg-tools-hose', 'pg-tools-hose-page-015', 'item-cat-004643']",
True,Historical catalog; technical reference,2015,Industrial Hose / Fittings / Couplings,pg-tools-hose,Industrial Hose / Fittings / Couplings,,CORG-AT06 Bench,English,83,"Parker Fittings Catalog, PDF page 366",72,medium,table_row,need-tools-repair-hose-fittings,need-tools-repair-hose-fittings,82,,6 CORG-6 CORG-AT06 Bench,2015,Parker Hannifin,high,CORG-6,need-tools-repair,90,Tools / Hose / Fittings,16,pg-tools-hose-page-015,CORG-6,6 CORG-6 CORG-AT06 Bench,item-cat-004644,,"Verify current equivalent, price, availability and specifications before purchase.",CAT-004644,catalog-product,Extracted English catalog record — current status and price require verification,catalog_product,15,,Provisional heuristic; recalculate from User Profile and current offer evidence.,Parker Fittings Catalog.pdf,English,366,CORG-6,Parker Fittings Catalog,SRC-0102,,Parker Hannifin,6 CORG-6 CORG-AT06 Bench,37,6 CORG-6 CORG-AT06 Bench,,pg-tools-hose,"['human-consumer', 'human-needs', 'need-tools-repair', 'need-tools-repair-hose-fittings', 'pg-tools-hose', 'pg-tools-hose-page-015', 'item-cat-004644']",
True,Historical catalog; technical reference,2015,Industrial Hose / Fittings / Couplings,pg-tools-hose,Industrial Hose / Fittings / Couplings,,CORG-AT08 Bench,English,85,"Parker Fittings Catalog, PDF page 366",72,medium,table_row,need-tools-repair-hose-fittings,need-tools-repair-hose-fittings,81,,8 CORG-8 CORG-AT08 Bench,2015,Parker Hannifin,high,CORG-8,need-tools-repair,90,Tools / Hose / Fittings,16,pg-tools-hose-page-016,CORG-8,8 CORG-8 CORG-AT08 Bench,item-cat-004645,,"Verify current equivalent, price, availability and specifications before purchase.",CAT-004645,catalog-product,Extracted English catalog record — current status and price require verification,catalog_product,26,,Provisional heuristic; recalculate from User Profile and current offer evidence.,Parker Fittings Catalog.pdf,English,366,CORG-8,Parker Fittings Catalog,SRC-0102,,Parker Hannifin,8 CORG-8 CORG-AT08 Bench,37,8 CORG-8 CORG-AT08 Bench,,pg-tools-hose,"['human-consumer', 'human-needs', 'need-tools-repair', 'need-tools-repair-hose-fittings', 'pg-tools-hose', 'pg-tools-hose-page-016', 'item-cat-004645']",
True,Historical catalog; technical reference,2015,Industrial Hose / Fittings / Couplings,pg-tools-hose,Industrial Hose / Fittings / Couplings,,Number Inch Size Number,English,78,"Parker Fittings Catalog, PDF page 366",72,medium,table_row,need-tools-repair-hose-fittings,need-tools-repair-hose-fittings,82,,Number Inch Size Number,2015,Parker Hannifin,high,R12,need-tools-repair,90,Tools / Hose / Fittings,16,pg-tools-hose-page-020,R12,Number Inch Size Number,item-cat-004646,,"Verify current equivalent, price, availability and specifications before purchase.",CAT-004646,catalog-product,Extracted English catalog record — current status and price require verification,catalog_product,26,,Provisional heuristic; recalculate from User Profile and current offer evidence.,Parker Fittings Catalog.pdf,English,366,R12,Parker Fittings Catalog,SRC-0102,,Parker Hannifin,B Fittings (1T126) R134a R12,37,Number Inch Size Number,,pg-tools-hose,"['human-consumer', 'human-needs', 'need-tools-repair', 'need-tools-repair-hose-fittings', 'pg-tools-hose', 'pg-tools-hose-page-020', 'item-cat-004646']",
True,Historical catalog; technical reference,2015,Industrial Hose / Fittings / Couplings,pg-tools-hose,Industrial Hose / Fittings / Couplings,,Hose Products Division,English,85,"Parker Fittings Catalog, PDF page 367",72,medium,table_row,need-tools-repair-hose-fittings,need-tools-repair-hose-fittings,79,,D-19 Hose Products Division,2015,Parker Hannifin,high,D-19,need-tools-repair,90,Tools / Hose / Fittings,16,pg-tools-hose-page-019,D-19,D-19 Hose Products Division,item-cat-004647,,"Verify current equivalent, price, availability and specifications before purchase.",CAT-004647,catalog-product,Extracted English catalog record — current status and price require verification,catalog_product,20,,Provisional heuristic; recalculate from User Profile and current offer evidence.,Parker Fittings Catalog.pdf,English,367,D-19,Parker Fittings Catalog,SRC-0102,,Parker Hannifin,D-19 Hose Products Division,37,D-19 Hose Products Division,,pg-tools-hose,"['human-consumer', 'human-needs', 'need-tools-repair', 'need-tools-repair-hose-fittings', 'pg-tools-hose', 'pg-tools-hose-page-019', 'item-cat-004647']",
True,Historical catalog; technical reference,2015,Industrial Hose / Fittings / Couplings,pg-tools-hose,Industrial Hose / Fittings / Couplings,,Hose Products Division,English,86,"Parker Fittings Catalog, PDF page 368",72,medium,table_row,need-tools-repair-hose-fittings,need-tools-repair-hose-fittings,83,,D-20 Hose Products Division,2015,Parker Hannifin,high,D-20,need-tools-repair,90,Tools / Hose / Fittings,16,pg-tools-hose-page-019,D-20,D-20 Hose Products Division,item-cat-004648,,"Verify current equivalent, price, availability and specifications before purchase.",CAT-004648,catalog-product,Extracted English catalog record — current status and price require verification,catalog_product,15,,Provisional heuristic; recalculate from User Profile and current offer evidence.,Parker Fittings Catalog.pdf,English,368,D-20,Parker Fittings Catalog,SRC-0102,,Parker Hannifin,D-20 Hose Products Division,37,D-20 Hose Products Division,,pg-tools-hose,"['human-consumer', 'human-needs', 'need-tools-repair', 'need-tools-repair-hose-fittings', 'pg-tools-hose', 'pg-tools-hose-page-019', 'item-cat-004648']",
True,Historical catalog; technical reference,2015,Industrial Hose / Fittings / Couplings,pg-tools-hose,Industrial Hose / Fittings / Couplings,,"293 421WC 482TC, 482ST 273 646 787TC, 797TC F42, P35 836",English,85,"Parker Fittings Catalog, PDF page 369",72,medium,table_row,need-tools-repair-hose-fittings,need-tools-repair-hose-fittings,83,,"351TC, 351ST 731, 781",2015,Parker Hannifin,high,266,need-tools-repair,90,Tools / Hose / Fittings,16,pg-tools-hose-page-015,266,"351TC, 351ST 731, 781",item-cat-004649,,"Verify current equivalent, price, availability and specifications before purchase.",CAT-004649,catalog-product,Extracted English catalog record — current status and price require verification,catalog_product,21,,Provisional heuristic; recalculate from User Profile and current offer evidence.,Parker Fittings Catalog.pdf,English,369,266,Parker Fittings Catalog,SRC-0102,,Parker Hannifin,"Number Number Number A B 266 293 421WC 482TC, 482ST 273 646 787TC, 797TC F42, P35 836 881 275 761 Line",37,"351TC, 351ST 731, 781",,pg-tools-hose,"['human-consumer', 'human-needs', 'need-tools-repair', 'need-tools-repair-hose-fittings', 'pg-tools-hose', 'pg-tools-hose-page-015', 'item-cat-004649']",
True,Historical catalog; technical reference,2015,Industrial Hose / Fittings / Couplings,pg-tools-hose,Industrial Hose / Fittings / Couplings,,811HT Twin,English,80,"Parker Fittings Catalog, PDF page 369",72,medium,table_row,need-tools-repair-hose-fittings,need-tools-repair-hose-fittings,79,,"351TC, 351ST 731, 781",2015,Parker Hannifin,high,831,need-tools-repair,90,Tools / Hose / Fittings,16,pg-tools-hose-page-015,831,"351TC, 351ST 731, 781",item-cat-004650,,"Verify current equivalent, price, availability and specifications before purchase.",CAT-004650,catalog-product,Extracted English catalog record — current status and price require verification,catalog_product,26,,Provisional heuristic; recalculate from User Profile and current offer evidence.,Parker Fittings Catalog.pdf,English,369,831,Parker Fittings Catalog,SRC-0102,,Parker Hannifin,"Part Part Part 244 285 381 472TC 636 772ST, 774 792ST 831 811HT Twin",37,"351TC, 351ST 731, 781",,pg-tools-hose,"['human-consumer', 'human-needs', 'need-tools-repair', 'need-tools-repair-hose-fittings', 'pg-tools-hose', 'pg-tools-hose-page-015', 'item-cat-004650']",
True,Historical catalog; technical reference,2015,Industrial Hose / Fittings / Couplings,pg-tools-hose,Industrial Hose / Fittings / Couplings,,"AS-Y-13 PS-B-13 1.34 0.86 -5,-6 -5,-6 -4,-5 -5,-6 -4 -4,-5 -5,-6",English,80,"Parker Fittings Catalog, PDF page 369",72,medium,table_row,need-tools-repair-hose-fittings,need-tools-repair-hose-fittings,84,,"AS-B-13 AS-Y-13 PS-B-13 1.34 0.86 -5,-6 -5,-6 -4,-5 -5,-6 -4 -4,-5 -5,-6",2015,Parker Hannifin,high,AS-B-13,need-tools-repair,90,Tools / Hose / Fittings,16,pg-tools-hose-page-016,AS-B-13,"AS-B-13 AS-Y-13 PS-B-13 1.34 0.86 -5,-6 -5,-6 -4,-5 -5,-6 -4 -4,-5 -5,-6",item-cat-004651,,"Verify current equivalent, price, availability and specifications before purchase.",CAT-004651,catalog-product,Extracted English catalog record — current status and price require verification,catalog_product,17,,Provisional heuristic; recalculate from User Profile and current offer evidence.,Parker Fittings Catalog.pdf,English,369,AS-B-13,Parker Fittings Catalog,SRC-0102,,Parker Hannifin,"AS-B-13 AS-Y-13 PS-B-13 1.34 0.86 -5,-6 -5,-6 -4,-5 -5,-6 -4 -4,-5 -5,-6",37,"AS-B-13 AS-Y-13 PS-B-13 1.34 0.86 -5,-6 -5,-6 -4,-5 -5,-6 -4 -4,-5 -5,-6",,pg-tools-hose,"['human-consumer', 'human-needs', 'need-tools-repair', 'need-tools-repair-hose-fittings', 'pg-tools-hose', 'pg-tools-hose-page-016', 'item-cat-004651']",
True,Historical catalog; technical reference,2015,Industrial Hose / Fittings / Couplings,pg-tools-hose,Industrial Hose / Fittings / Couplings,,"AS-Y-15 PS-B-15 1.66 1.06 -8 -8,-10 -6 -8 -6 -6",English,83,"Parker Fittings Catalog, PDF page 369",72,medium,table_row,need-tools-repair-hose-fittings,need-tools-repair-hose-fittings,83,,"AS-B-15 AS-Y-15 PS-B-15 1.66 1.06 -8 -8,-10 -6 -8 -6 -6 -6 -8",2015,Parker Hannifin,high,AS-B-15,need-tools-repair,90,Tools / Hose / Fittings,16,pg-tools-hose-page-016,AS-B-15,"AS-B-15 AS-Y-15 PS-B-15 1.66 1.06 -8 -8,-10 -6 -8 -6 -6 -6 -8",item-cat-004652,,"Verify current equivalent, price, availability and specifications before purchase.",CAT-004652,catalog-product,Extracted English catalog record — current status and price require verification,catalog_product,19,,Provisional heuristic; recalculate from User Profile and current offer evidence.,Parker Fittings Catalog.pdf,English,369,AS-B-15,Parker Fittings Catalog,SRC-0102,,Parker Hannifin,"AS-B-15 AS-Y-15 PS-B-15 1.66 1.06 -8 -8,-10 -6 -8 -6 -6 -6 -8",37,"AS-B-15 AS-Y-15 PS-B-15 1.66 1.06 -8 -8,-10 -6 -8 -6 -6 -6 -8",,pg-tools-hose,"['human-consumer', 'human-needs', 'need-tools-repair', 'need-tools-repair-hose-fittings', 'pg-tools-hose', 'pg-tools-hose-page-016', 'item-cat-004652']",
True,Historical catalog; technical reference,2015,Industrial Hose / Fittings / Couplings,pg-tools-hose,Industrial Hose / Fittings / Couplings,,"AS-Y-17 PS-B-17 1.92 1.22 -10 -12 -8,-10 -10 -8 -8",English,86,"Parker Fittings Catalog, PDF page 369",72,medium,table_row,need-tools-repair-hose-fittings,need-tools-repair-hose-fittings,86,,"AS-B-17 AS-Y-17 PS-B-17 1.92 1.22 -10 -12 -8,-10 -10 -8 -8 -8 -10 -10",2015,Parker Hannifin,high,AS-B-17,need-tools-repair,90,Tools / Hose / Fittings,16,pg-tools-hose-page-016,AS-B-17,"AS-B-17 AS-Y-17 PS-B-17 1.92 1.22 -10 -12 -8,-10 -10 -8 -8 -8 -10 -10",item-cat-004653,,"Verify current equivalent, price, availability and specifications before purchase.",CAT-004653,catalog-product,Extracted English catalog record — current status and price require verification,catalog_product,15,,Provisional heuristic; recalculate from User Profile and current offer evidence.,Parker Fittings Catalog.pdf,English,369,AS-B-17,Parker Fittings Catalog,SRC-0102,,Parker Hannifin,"AS-B-17 AS-Y-17 PS-B-17 1.92 1.22 -10 -12 -8,-10 -10 -8 -8 -8 -10 -10",37,"AS-B-17 AS-Y-17 PS-B-17 1.92 1.22 -10 -12 -8,-10 -10 -8 -8 -8 -10 -10",,pg-tools-hose,"['human-consumer', 'human-needs', 'need-tools-repair', 'need-tools-repair-hose-fittings', 'pg-tools-hose', 'pg-tools-hose-page-016', 'item-cat-004653']",
True,Historical catalog; technical reference,2015,Industrial Hose / Fittings / Couplings,pg-tools-hose,Industrial Hose / Fittings / Couplings,,AS-Y-22 PS-B-22 2.24 1.42 -16 -16 -12 -12 -12,English,82,"Parker Fittings Catalog, PDF page 369",72,medium,table_row,need-tools-repair-hose-fittings,need-tools-repair-hose-fittings,82,,AS-B-22 AS-Y-22 PS-B-22 2.24 1.42 -16 -16 -12 -12 -12 -10 -16 -12 -16 E,2015,Parker Hannifin,high,AS-B-22,need-tools-repair,90,Tools / Hose / Fittings,16,pg-tools-hose-page-016,AS-B-22,AS-B-22 AS-Y-22 PS-B-22 2.24 1.42 -16 -16 -12 -12 -12 -10 -16 -12 -16 E,item-cat-004654,,"Verify current equivalent, price, availability and specifications before purchase.",CAT-004654,catalog-product,Extracted English catalog record — current status and price require verification,catalog_product,22,,Provisional heuristic; recalculate from User Profile and current offer evidence.,Parker Fittings Catalog.pdf,English,369,AS-B-22,Parker Fittings Catalog,SRC-0102,,Parker Hannifin,AS-B-22 AS-Y-22 PS-B-22 2.24 1.42 -16 -16 -12 -12 -12 -10 -16 -12 -16 E,37,AS-B-22 AS-Y-22 PS-B-22 2.24 1.42 -16 -16 -12 -12 -12 -10 -16 -12 -16 E,,pg-tools-hose,"['human-consumer', 'human-needs', 'need-tools-repair', 'need-tools-repair-hose-fittings', 'pg-tools-hose', 'pg-tools-hose-page-016', 'item-cat-004654']",
True,Historical catalog; technical reference,2015,Industrial Hose / Fittings / Couplings,pg-tools-hose,Industrial Hose / Fittings / Couplings,,AS-Y-33 PS-B-33 2.85 1.81 -20 -20 -16 -16 -16,English,78,"Parker Fittings Catalog, PDF page 369",72,medium,table_row,need-tools-repair-hose-fittings,need-tools-repair-hose-fittings,84,,AS-B-33 AS-Y-33 PS-B-33 2.85 1.81 -20 -20 -16 -16 -16 -16 -16 -16 8-8,2015,Parker Hannifin,high,AS-B-33,need-tools-repair,90,Tools / Hose / Fittings,16,pg-tools-hose-page-016,AS-B-33,AS-B-33 AS-Y-33 PS-B-33 2.85 1.81 -20 -20 -16 -16 -16 -16 -16 -16 8-8,item-cat-004655,,"Verify current equivalent, price, availability and specifications before purchase.",CAT-004655,catalog-product,Extracted English catalog record — current status and price require verification,catalog_product,15,,Provisional heuristic; recalculate from User Profile and current offer evidence.,Parker Fittings Catalog.pdf,English,369,AS-B-33,Parker Fittings Catalog,SRC-0102,,Parker Hannifin,AS-B-33 AS-Y-33 PS-B-33 2.85 1.81 -20 -20 -16 -16 -16 -16 -16 -16 8-8,37,AS-B-33 AS-Y-33 PS-B-33 2.85 1.81 -20 -20 -16 -16 -16 -16 -16 -16 8-8,,pg-tools-hose,"['human-consumer', 'human-needs', 'need-tools-repair', 'need-tools-repair-hose-fittings', 'pg-tools-hose', 'pg-tools-hose-page-016', 'item-cat-004655']",
True,Historical catalog; technical reference,2015,Industrial Hose / Fittings / Couplings,pg-tools-hose,Industrial Hose / Fittings / Couplings,,AS-Y-37 PS-B-37 3.73 2.38 -20 -24 -20 -20 -24,English,79,"Parker Fittings Catalog, PDF page 369",72,medium,table_row,need-tools-repair-hose-fittings,need-tools-repair-hose-fittings,79,,AS-B-37 AS-Y-37 PS-B-37 3.73 2.38 -20 -24 -20 -20 -24,2015,Parker Hannifin,high,AS-B-37,need-tools-repair,90,Tools / Hose / Fittings,16,pg-tools-hose-page-016,AS-B-37,AS-B-37 AS-Y-37 PS-B-37 3.73 2.38 -20 -24 -20 -20 -24,item-cat-004656,,"Verify current equivalent, price, availability and specifications before purchase.",CAT-004656,catalog-product,Extracted English catalog record — current status and price require verification,catalog_product,24,,Provisional heuristic; recalculate from User Profile and current offer evidence.,Parker Fittings Catalog.pdf,English,369,AS-B-37,Parker Fittings Catalog,SRC-0102,,Parker Hannifin,AS-B-37 AS-Y-37 PS-B-37 3.73 2.38 -20 -24 -20 -20 -24,37,AS-B-37 AS-Y-37 PS-B-37 3.73 2.38 -20 -24 -20 -20 -24,,pg-tools-hose,"['human-consumer', 'human-needs', 'need-tools-repair', 'need-tools-repair-hose-fittings', 'pg-tools-hose', 'pg-tools-hose-page-016', 'item-cat-004656']",
True,Historical catalog; technical reference,2015,Industrial Hose / Fittings / Couplings,pg-tools-hose,Industrial Hose / Fittings / Couplings,,"BXX 426, 431 721, 721TC",English,81,"Parker Fittings Catalog, PDF page 369",72,medium,table_row,need-tools-repair-hose-fittings,need-tools-repair-hose-fittings,83,,"351TC, 351ST 731, 781",2015,Parker Hannifin,high,SS25UL,need-tools-repair,90,Tools / Hose / Fittings,16,pg-tools-hose-page-015,SS25UL,"351TC, 351ST 731, 781",item-cat-004657,,"Verify current equivalent, price, availability and specifications before purchase.",CAT-004657,catalog-product,Extracted English catalog record — current status and price require verification,catalog_product,20,,Provisional heuristic; recalculate from User Profile and current offer evidence.,Parker Fittings Catalog.pdf,English,369,SS25UL,Parker Fittings Catalog,SRC-0102,,Parker Hannifin,"Partek Diameter SS25UL BXX 426, 431 721, 721TC 782ST 801 D",37,"351TC, 351ST 731, 781",,pg-tools-hose,"['human-consumer', 'human-needs', 'need-tools-repair', 'need-tools-repair-hose-fittings', 'pg-tools-hose', 'pg-tools-hose-page-015', 'item-cat-004657']",
True,Historical catalog; technical reference,2015,Industrial Hose / Fittings / Couplings,pg-tools-hose,Industrial Hose / Fittings / Couplings,,"482TC, 482ST 273 646 787TC, 797TC F42, P35 836",English,83,"Parker Fittings Catalog, PDF page 370",72,medium,table_row,need-tools-repair-hose-fittings,need-tools-repair-hose-fittings,84,,"Poly 221FR 213 301LT 451ST, 471TC 601 722LT, 722TC 792LT 821",2015,Parker Hannifin,high,421WC,need-tools-repair,90,Tools / Hose / Fittings,16,pg-tools-hose-page-022,421WC,"Poly 221FR 213 301LT 451ST, 471TC 601 722LT, 722TC 792LT 821",item-cat-004658,,"Verify current equivalent, price, availability and specifications before purchase.",CAT-004658,catalog-product,Extracted English catalog record — current status and price require verification,catalog_product,21,,Provisional heuristic; recalculate from User Profile and current offer evidence.,Parker Fittings Catalog.pdf,English,370,421WC,Parker Fittings Catalog,SRC-0102,,Parker Hannifin,"Number Number Dia. 266 293 421WC 482TC, 482ST 273 646 787TC, 797TC F42, P35 836 881 275 761 Line",37,"Poly 221FR 213 301LT 451ST, 471TC 601 722LT, 722TC 792LT 821",,pg-tools-hose,"['human-consumer', 'human-needs', 'need-tools-repair', 'need-tools-repair-hose-fittings', 'pg-tools-hose', 'pg-tools-hose-page-022', 'item-cat-004658']",
True,Historical catalog; current online refresh possible,circa 2014,Modular Framing / Profiles / Panels,pg-tools-modular,Modular Framing / Profiles / Panels,,Quick Reference Guide,English,80,"80/20 Catalog 20, PDF page 2",72,medium,table_row,need-tools-repair-modular-framing,need-tools-repair-modular-framing,88,,Design Tools 34,circa 2014,80/20 Inc.,high,1),need-tools-repair,90,Tools / Modular Framing,16,pg-tools-modular-page-005,1),Design Tools 34,item-cat-004659,,"Verify current equivalent, price, availability and specifications before purchase.",CAT-004659,catalog-product,Extracted English catalog record — current status and price require verification,catalog_product,16,,Provisional heuristic; recalculate from User Profile and current offer evidence.,Catalog_20_20.pdf,English,2,1),80/20 Catalog 20,SRC-0104,,80/20 Inc.,start turning as you begin to imagine all of the versatile ways you can use 80/20. Ready Tube 163 1) Quick Reference Guide,37,Design Tools 34,,pg-tools-modular,"['human-consumer', 'human-needs', 'need-tools-repair', 'need-tools-repair-modular-framing', 'pg-tools-modular', 'pg-tools-modular-page-005', 'item-cat-004659']",
True,Historical catalog; current online refresh possible,circa 2014,Modular Framing / Profiles / Panels,pg-tools-modular,Modular Framing / Profiles / Panels,,Profile Anchor Fastener,English,78,"80/20 Catalog 20, PDF page 2",72,medium,table_row,need-tools-repair-modular-framing,need-tools-repair-modular-framing,83,,Hardware 342,circa 2014,80/20 Inc.,high,1515-UL,need-tools-repair,90,Tools / Modular Framing,16,pg-tools-modular-page-008,1515-UL,Hardware 342,item-cat-004660,,"Verify current equivalent, price, availability and specifications before purchase.",CAT-004660,catalog-product,Extracted English catalog record — current status and price require verification,catalog_product,24,,Provisional heuristic; recalculate from User Profile and current offer evidence.,Catalog_20_20.pdf,English,2,1515-UL,80/20 Catalog 20,SRC-0104,,80/20 Inc.,1515-UL Profile Anchor Fastener,37,Hardware 342,,pg-tools-modular,"['human-consumer', 'human-needs', 'need-tools-repair', 'need-tools-repair-modular-framing', 'pg-tools-modular', 'pg-tools-modular-page-008', 'item-cat-004660']",
True,Historical catalog; current online refresh possible,circa 2014,Modular Framing / Profiles / Panels,pg-tools-modular,Modular Framing / Profiles / Panels,,Part Number Index,English,82,"80/20 Catalog 20, PDF page 2",72,medium,table_row,need-tools-repair-modular-framing,need-tools-repair-modular-framing,88,,"Blocks, Brackets, Clamps & Retainers 453",circa 2014,80/20 Inc.,high,3),need-tools-repair,90,Tools / Modular Framing,16,pg-tools-modular-page-005,3),"Blocks, Brackets, Clamps & Retainers 453",item-cat-004661,,"Verify current equivalent, price, availability and specifications before purchase.",CAT-004661,catalog-product,Extracted English catalog record — current status and price require verification,catalog_product,21,,Provisional heuristic; recalculate from User Profile and current offer evidence.,Catalog_20_20.pdf,English,2,3),80/20 Catalog 20,SRC-0104,,80/20 Inc.,Hinges & Roller Wheels 490 3) Part Number Index,37,"Blocks, Brackets, Clamps & Retainers 453",,pg-tools-modular,"['human-consumer', 'human-needs', 'need-tools-repair', 'need-tools-repair-modular-framing', 'pg-tools-modular', 'pg-tools-modular-page-005', 'item-cat-004661']",
True,Historical catalog; current online refresh possible,circa 2014,Modular Framing / Profiles / Panels,pg-tools-modular,Modular Framing / Profiles / Panels,,Variable Connectors 314,English,82,"80/20 Catalog 20, PDF page 2",72,medium,table_row,need-tools-repair-modular-framing,need-tools-repair-modular-framing,79,,Variable Connectors 314,circa 2014,80/20 Inc.,high,314,need-tools-repair,90,Tools / Modular Framing,16,pg-tools-modular-page-017,314,Variable Connectors 314,item-cat-004662,,"Verify current equivalent, price, availability and specifications before purchase.",CAT-004662,catalog-product,Extracted English catalog record — current status and price require verification,catalog_product,19,,Provisional heuristic; recalculate from User Profile and current offer evidence.,Catalog_20_20.pdf,English,2,314,80/20 Catalog 20,SRC-0104,,80/20 Inc.,Variable Connectors 314,37,Variable Connectors 314,,pg-tools-modular,"['human-consumer', 'human-needs', 'need-tools-repair', 'need-tools-repair-modular-framing', 'pg-tools-modular', 'pg-tools-modular-page-017', 'item-cat-004662']",
True,Historical catalog; current online refresh possible,circa 2014,Modular Framing / Profiles / Panels,pg-tools-modular,Modular Framing / Profiles / Panels,,Hardware 342,English,83,"80/20 Catalog 20, PDF page 2",72,medium,table_row,need-tools-repair-modular-framing,need-tools-repair-modular-framing,81,,Hardware 342,circa 2014,80/20 Inc.,high,342,need-tools-repair,90,Tools / Modular Framing,16,pg-tools-modular-page-008,342,Hardware 342,item-cat-004663,,"Verify current equivalent, price, availability and specifications before purchase.",CAT-004663,catalog-product,Extracted English catalog record — current status and price require verification,catalog_product,20,,Provisional heuristic; recalculate from User Profile and current offer evidence.,Catalog_20_20.pdf,English,2,342,80/20 Catalog 20,SRC-0104,,80/20 Inc.,Hardware 342,37,Hardware 342,,pg-tools-modular,"['human-consumer', 'human-needs', 'need-tools-repair', 'need-tools-repair-modular-framing', 'pg-tools-modular', 'pg-tools-modular-page-008', 'item-cat-004663']",
True,Historical catalog; current online refresh possible,circa 2014,Modular Framing / Profiles / Panels,pg-tools-modular,Modular Framing / Profiles / Panels,,Bolt Assemblies 385,English,86,"80/20 Catalog 20, PDF page 2",72,medium,table_row,need-tools-repair-modular-framing,need-tools-repair-modular-framing,83,,Bolt Assemblies 385,circa 2014,80/20 Inc.,high,385,need-tools-repair,90,Tools / Modular Framing,16,pg-tools-modular-page-005,385,Bolt Assemblies 385,item-cat-004664,,"Verify current equivalent, price, availability and specifications before purchase.",CAT-004664,catalog-product,Extracted English catalog record — current status and price require verification,catalog_product,24,,Provisional heuristic; recalculate from User Profile and current offer evidence.,Catalog_20_20.pdf,English,2,385,80/20 Catalog 20,SRC-0104,,80/20 Inc.,Bolt Assemblies 385,37,Bolt Assemblies 385,,pg-tools-modular,"['human-consumer', 'human-needs', 'need-tools-repair', 'need-tools-repair-modular-framing', 'pg-tools-modular', 'pg-tools-modular-page-005', 'item-cat-004664']",
True,Historical catalog; current online refresh possible,circa 2014,Modular Framing / Profiles / Panels,pg-tools-modular,Modular Framing / Profiles / Panels,,Quick Frame Connectors 403,English,82,"80/20 Catalog 20, PDF page 2",72,medium,table_row,need-tools-repair-modular-framing,need-tools-repair-modular-framing,81,,Quick Frame Connectors 403,circa 2014,80/20 Inc.,high,403,need-tools-repair,90,Tools / Modular Framing,16,pg-tools-modular-page-012,403,Quick Frame Connectors 403,item-cat-004665,,"Verify current equivalent, price, availability and specifications before purchase.",CAT-004665,catalog-product,Extracted English catalog record — current status and price require verification,catalog_product,15,,Provisional heuristic; recalculate from User Profile and current offer evidence.,Catalog_20_20.pdf,English,2,403,80/20 Catalog 20,SRC-0104,,80/20 Inc.,Quick Frame Connectors 403,37,Quick Frame Connectors 403,,pg-tools-modular,"['human-consumer', 'human-needs', 'need-tools-repair', 'need-tools-repair-modular-framing', 'pg-tools-modular', 'pg-tools-modular-page-012', 'item-cat-004665']",
True,Historical catalog; current online refresh possible,circa 2014,Modular Framing / Profiles / Panels,pg-tools-modular,Modular Framing / Profiles / Panels,,3) Part Number Index,English,84,"80/20 Catalog 20, PDF page 2",72,medium,table_row,need-tools-repair-modular-framing,need-tools-repair-modular-framing,89,,"Blocks, Brackets, Clamps & Retainers 453",circa 2014,80/20 Inc.,high,490,need-tools-repair,90,Tools / Modular Framing,16,pg-tools-modular-page-005,490,"Blocks, Brackets, Clamps & Retainers 453",item-cat-004666,,"Verify current equivalent, price, availability and specifications before purchase.",CAT-004666,catalog-product,Extracted English catalog record — current status and price require verification,catalog_product,25,,Provisional heuristic; recalculate from User Profile and current offer evidence.,Catalog_20_20.pdf,English,2,490,80/20 Catalog 20,SRC-0104,,80/20 Inc.,Hinges & Roller Wheels 490 3) Part Number Index,37,"Blocks, Brackets, Clamps & Retainers 453",,pg-tools-modular,"['human-consumer', 'human-needs', 'need-tools-repair', 'need-tools-repair-modular-framing', 'pg-tools-modular', 'pg-tools-modular-page-005', 'item-cat-004666']",
True,Historical catalog; current online refresh possible,circa 2014,Modular Framing / Profiles / Panels,pg-tools-modular,Modular Framing / Profiles / Panels,,Use this index (located at the,English,79,"80/20 Catalog 20, PDF page 2",72,medium,table_row,need-tools-repair-modular-framing,need-tools-repair-modular-framing,80,,"Blocks, Brackets, Clamps & Retainers 453",circa 2014,80/20 Inc.,high,537,need-tools-repair,90,Tools / Modular Framing,16,pg-tools-modular-page-005,537,"Blocks, Brackets, Clamps & Retainers 453",item-cat-004667,,"Verify current equivalent, price, availability and specifications before purchase.",CAT-004667,catalog-product,Extracted English catalog record — current status and price require verification,catalog_product,16,,Provisional heuristic; recalculate from User Profile and current offer evidence.,Catalog_20_20.pdf,English,2,537,80/20 Catalog 20,SRC-0104,,80/20 Inc.,Handles & Latches 537 Use this index (located at the,37,"Blocks, Brackets, Clamps & Retainers 453",,pg-tools-modular,"['human-consumer', 'human-needs', 'need-tools-repair', 'need-tools-repair-modular-framing', 'pg-tools-modular', 'pg-tools-modular-page-005', 'item-cat-004667']",
True,Historical catalog; current online refresh possible,circa 2014,Modular Framing / Profiles / Panels,pg-tools-modular,Modular Framing / Profiles / Panels,,more information about a,English,85,"80/20 Catalog 20, PDF page 2",72,medium,table_row,need-tools-repair-modular-framing,need-tools-repair-modular-framing,83,,"Blocks, Brackets, Clamps & Retainers 453",circa 2014,80/20 Inc.,high,570,need-tools-repair,90,Tools / Modular Framing,16,pg-tools-modular-page-005,570,"Blocks, Brackets, Clamps & Retainers 453",item-cat-004668,,"Verify current equivalent, price, availability and specifications before purchase.",CAT-004668,catalog-product,Extracted English catalog record — current status and price require verification,catalog_product,21,,Provisional heuristic; recalculate from User Profile and current offer evidence.,Catalog_20_20.pdf,English,2,570,80/20 Catalog 20,SRC-0104,,80/20 Inc.,Casters & Leveling Feet 570 more information about a,37,"Blocks, Brackets, Clamps & Retainers 453",,pg-tools-modular,"['human-consumer', 'human-needs', 'need-tools-repair', 'need-tools-repair-modular-framing', 'pg-tools-modular', 'pg-tools-modular-page-005', 'item-cat-004668']",
True,Historical catalog; current online refresh possible,circa 2014,Modular Framing / Profiles / Panels,pg-tools-modular,Modular Framing / Profiles / Panels,,Base Plates 605,English,85,"80/20 Catalog 20, PDF page 2",72,medium,table_row,need-tools-repair-modular-framing,need-tools-repair-modular-framing,85,,Base Plates 605,circa 2014,80/20 Inc.,high,605,need-tools-repair,90,Tools / Modular Framing,16,pg-tools-modular-page-005,605,Base Plates 605,item-cat-004669,,"Verify current equivalent, price, availability and specifications before purchase.",CAT-004669,catalog-product,Extracted English catalog record — current status and price require verification,catalog_product,19,,Provisional heuristic; recalculate from User Profile and current offer evidence.,Catalog_20_20.pdf,English,2,605,80/20 Catalog 20,SRC-0104,,80/20 Inc.,Base Plates 605,37,Base Plates 605,,pg-tools-modular,"['human-consumer', 'human-needs', 'need-tools-repair', 'need-tools-repair-modular-framing', 'pg-tools-modular', 'pg-tools-modular-page-005', 'item-cat-004669']",
True,Historical catalog; current online refresh possible,circa 2014,Modular Framing / Profiles / Panels,pg-tools-modular,Modular Framing / Profiles / Panels,,Pressure Manifolds 723,English,86,"80/20 Catalog 20, PDF page 2",72,medium,table_row,need-tools-repair-modular-framing,need-tools-repair-modular-framing,85,,Pressure Manifolds 723,circa 2014,80/20 Inc.,high,723,need-tools-repair,90,Tools / Modular Framing,16,pg-tools-modular-page-012,723,Pressure Manifolds 723,item-cat-004670,,"Verify current equivalent, price, availability and specifications before purchase.",CAT-004670,catalog-product,Extracted English catalog record — current status and price require verification,catalog_product,21,,Provisional heuristic; recalculate from User Profile and current offer evidence.,Catalog_20_20.pdf,English,2,723,80/20 Catalog 20,SRC-0104,,80/20 Inc.,Pressure Manifolds 723,37,Pressure Manifolds 723,,pg-tools-modular,"['human-consumer', 'human-needs', 'need-tools-repair', 'need-tools-repair-modular-framing', 'pg-tools-modular', 'pg-tools-modular-page-012', 'item-cat-004670']",
True,Historical catalog; current online refresh possible,circa 2014,Modular Framing / Profiles / Panels,pg-tools-modular,Modular Framing / Profiles / Panels,,"Gravity Rollers, Rods & Stoppers 734",English,81,"80/20 Catalog 20, PDF page 2",72,medium,table_row,need-tools-repair-modular-framing,need-tools-repair-modular-framing,80,,"Gravity Rollers, Rods & Stoppers 734",circa 2014,80/20 Inc.,high,734,need-tools-repair,90,Tools / Modular Framing,16,pg-tools-modular-page-008,734,"Gravity Rollers, Rods & Stoppers 734",item-cat-004671,,"Verify current equivalent, price, availability and specifications before purchase.",CAT-004671,catalog-product,Extracted English catalog record — current status and price require verification,catalog_product,15,,Provisional heuristic; recalculate from User Profile and current offer evidence.,Catalog_20_20.pdf,English,2,734,80/20 Catalog 20,SRC-0104,,80/20 Inc.,"Gravity Rollers, Rods & Stoppers 734",37,"Gravity Rollers, Rods & Stoppers 734",,pg-tools-modular,"['human-consumer', 'human-needs', 'need-tools-repair', 'need-tools-repair-modular-framing', 'pg-tools-modular', 'pg-tools-modular-page-008', 'item-cat-004671']",
True,Historical catalog; current online refresh possible,circa 2014,Modular Framing / Profiles / Panels,pg-tools-modular,Modular Framing / Profiles / Panels,,This index (located at the back of,English,86,"80/20 Catalog 20, PDF page 2",72,medium,table_row,need-tools-repair-modular-framing,need-tools-repair-modular-framing,81,,4) Product Type Index,circa 2014,80/20 Inc.,high,739,need-tools-repair,90,Tools / Modular Framing,16,pg-tools-modular-page-002,739,4) Product Type Index,item-cat-004672,,"Verify current equivalent, price, availability and specifications before purchase.",CAT-004672,catalog-product,Extracted English catalog record — current status and price require verification,catalog_product,20,,Provisional heuristic; recalculate from User Profile and current offer evidence.,Catalog_20_20.pdf,English,2,739,80/20 Catalog 20,SRC-0104,,80/20 Inc.,Stanchions 739 This index (located at the back of,37,4) Product Type Index,,pg-tools-modular,"['human-consumer', 'human-needs', 'need-tools-repair', 'need-tools-repair-modular-framing', 'pg-tools-modular', 'pg-tools-modular-page-002', 'item-cat-004672']",
True,Historical catalog; current online refresh possible,circa 2014,Modular Framing / Profiles / Panels,pg-tools-modular,Modular Framing / Profiles / Panels,,Transition Plates ..............219-230,English,80,"80/20 Catalog 20, PDF page 2",72,medium,table_row,need-tools-repair-modular-framing,need-tools-repair-modular-framing,88,,Transition Plates ..............219-230,circa 2014,80/20 Inc.,high,www.8020.net,need-tools-repair,90,Tools / Modular Framing,16,pg-tools-modular-page-013,www.8020.net,Transition Plates ..............219-230,item-cat-004673,,"Verify current equivalent, price, availability and specifications before purchase.",CAT-004673,catalog-product,Extracted English catalog record — current status and price require verification,catalog_product,14,,Provisional heuristic; recalculate from User Profile and current offer evidence.,Catalog_20_20.pdf,English,2,www.8020.net,80/20 Catalog 20,SRC-0104,,80/20 Inc.,CALL 260-248-8030 TODAY! www.8020.net,37,Transition Plates ..............219-230,,pg-tools-modular,"['human-consumer', 'human-needs', 'need-tools-repair', 'need-tools-repair-modular-framing', 'pg-tools-modular', 'pg-tools-modular-page-013', 'item-cat-004673']",
True,Historical catalog; current online refresh possible,circa 2014,Modular Framing / Profiles / Panels,pg-tools-modular,Modular Framing / Profiles / Panels,,and/ or tap for mounting accessories,English,85,"80/20 Catalog 20, PDF page 4",72,medium,table_row,need-tools-repair-modular-framing,need-tools-repair-modular-framing,86,,WHAT IS 80/20?,circa 2014,80/20 Inc.,high,10.Drill,need-tools-repair,90,Tools / Modular Framing,16,pg-tools-modular-page-017,10.Drill,WHAT IS 80/20?,item-cat-004674,,"Verify current equivalent, price, availability and specifications before purchase.",CAT-004674,catalog-product,Extracted English catalog record — current status and price require verification,catalog_product,22,,Provisional heuristic; recalculate from User Profile and current offer evidence.,Catalog_20_20.pdf,English,4,10.Drill,80/20 Catalog 20,SRC-0104,,80/20 Inc.,es to get the job • Uses standard fractional or metric fasteners 10.Drill and/ or tap for mounting accessories,37,WHAT IS 80/20?,,pg-tools-modular,"['human-consumer', 'human-needs', 'need-tools-repair', 'need-tools-repair-modular-framing', 'pg-tools-modular', 'pg-tools-modular-page-017', 'item-cat-004674']",
True,Historical catalog; current online refresh possible,circa 2014,Modular Framing / Profiles / Panels,pg-tools-modular,Modular Framing / Profiles / Panels,,non- paint areas,English,83,"80/20 Catalog 20, PDF page 4",72,medium,table_row,need-tools-repair-modular-framing,need-tools-repair-modular-framing,86,,WHAT IS 80/20?,circa 2014,80/20 Inc.,high,12.Mask,need-tools-repair,90,Tools / Modular Framing,16,pg-tools-modular-page-017,12.Mask,WHAT IS 80/20?,item-cat-004675,,"Verify current equivalent, price, availability and specifications before purchase.",CAT-004675,catalog-product,Extracted English catalog record — current status and price require verification,catalog_product,26,,Provisional heuristic; recalculate from User Profile and current offer evidence.,Catalog_20_20.pdf,English,4,12.Mask,80/20 Catalog 20,SRC-0104,,80/20 Inc.,90% how I react to it.” of things going 12.Mask non- paint areas,37,WHAT IS 80/20?,,pg-tools-modular,"['human-consumer', 'human-needs', 'need-tools-repair', 'need-tools-repair-modular-framing', 'pg-tools-modular', 'pg-tools-modular-page-017', 'item-cat-004675']",
True,Historical catalog; current online refresh possible,circa 2014,Modular Framing / Profiles / Panels,pg-tools-modular,Modular Framing / Profiles / Panels,,WHAT IS 80/20?,English,82,"80/20 Catalog 20, PDF page 4",72,medium,table_row,need-tools-repair-modular-framing,need-tools-repair-modular-framing,81,,WHAT IS 80/20?,circa 2014,80/20 Inc.,high,14.Paint,need-tools-repair,90,Tools / Modular Framing,16,pg-tools-modular-page-017,14.Paint,WHAT IS 80/20?,item-cat-004676,,"Verify current equivalent, price, availability and specifications before purchase.",CAT-004676,catalog-product,Extracted English catalog record — current status and price require verification,catalog_product,21,,Provisional heuristic; recalculate from User Profile and current offer evidence.,Catalog_20_20.pdf,English,4,14.Paint,80/20 Catalog 20,SRC-0104,,80/20 Inc.,the decisions o control gas pric 14.Paint,37,WHAT IS 80/20?,,pg-tools-modular,"['human-consumer', 'human-needs', 'need-tools-repair', 'need-tools-repair-modular-framing', 'pg-tools-modular', 'pg-tools-modular-page-017', 'item-cat-004676']",
True,Historical catalog; current online refresh possible,circa 2014,Modular Framing / Profiles / Panels,pg-tools-modular,Modular Framing / Profiles / Panels,,Day Air ND TX LA,English,80,"80/20 Catalog 20, PDF page 24",72,medium,table_row,need-tools-repair-modular-framing,need-tools-repair-modular-framing,80,,5 OK VT,circa 2014,80/20 Inc.,high,2nd,need-tools-repair,90,Tools / Modular Framing,16,pg-tools-modular-page-003,2nd,5 OK VT,item-cat-004677,,"Verify current equivalent, price, availability and specifications before purchase.",CAT-004677,catalog-product,Extracted English catalog record — current status and price require verification,catalog_product,23,,Provisional heuristic; recalculate from User Profile and current offer evidence.,Catalog_20_20.pdf,English,24,2nd,80/20 Catalog 20,SRC-0104,,80/20 Inc.,AR UPS 2nd Day Air ND TX LA,37,5 OK VT,,pg-tools-modular,"['human-consumer', 'human-needs', 'need-tools-repair', 'need-tools-repair-modular-framing', 'pg-tools-modular', 'pg-tools-modular-page-003', 'item-cat-004677']",
True,Historical catalog; current online refresh possible,circa 2014,Modular Framing / Profiles / Panels,pg-tools-modular,Modular Framing / Profiles / Panels,,Shipping Schedule,English,85,"80/20 Catalog 20, PDF page 24",72,medium,table_row,need-tools-repair-modular-framing,need-tools-repair-modular-framing,87,,Shipping Schedule,circa 2014,80/20 Inc.,high,5profiles,need-tools-repair,90,Tools / Modular Framing,16,pg-tools-modular-page-013,5profiles,Shipping Schedule,item-cat-004678,,"Verify current equivalent, price, availability and specifications before purchase.",CAT-004678,catalog-product,Extracted English catalog record — current status and price require verification,catalog_product,14,,Provisional heuristic; recalculate from User Profile and current offer evidence.,Catalog_20_20.pdf,English,24,5profiles,80/20 Catalog 20,SRC-0104,,80/20 Inc.,Consider the following when deciding whether to buy pre-cut or full length 5profiles,37,Shipping Schedule,,pg-tools-modular,"['human-consumer', 'human-needs', 'need-tools-repair', 'need-tools-repair-modular-framing', 'pg-tools-modular', 'pg-tools-modular-page-013', 'item-cat-004678']",
True,Historical catalog; current online refresh possible,circa 2014,Modular Framing / Profiles / Panels,pg-tools-modular,Modular Framing / Profiles / Panels,,profiles and parts,English,83,"80/20 Catalog 20, PDF page 24",72,medium,table_row,need-tools-repair-modular-framing,need-tools-repair-modular-framing,86,,NM GA,circa 2014,80/20 Inc.,high,inu6,need-tools-repair,90,Tools / Modular Framing,16,pg-tools-modular-page-011,inu6,NM GA,item-cat-004679,,"Verify current equivalent, price, availability and specifications before purchase.",CAT-004679,catalog-product,Extracted English catalog record — current status and price require verification,catalog_product,25,,Provisional heuristic; recalculate from User Profile and current offer evidence.,Catalog_20_20.pdf,English,24,inu6,80/20 Catalog 20,SRC-0104,,80/20 Inc.,alu inu6 profiles and parts,37,NM GA,,pg-tools-modular,"['human-consumer', 'human-needs', 'need-tools-repair', 'need-tools-repair-modular-framing', 'pg-tools-modular', 'pg-tools-modular-page-011', 'item-cat-004679']",
True,Historical catalog; current online refresh possible,circa 2014,Modular Framing / Profiles / Panels,pg-tools-modular,Modular Framing / Profiles / Panels,,Lbs. .0548 Lbs. .0767 Lbs. .1124 Lbs. .1171 Lbs. .2178 Lbs.,English,85,"80/20 Catalog 20, PDF page 26",72,medium,table_row,need-tools-repair-modular-framing,need-tools-repair-modular-framing,83,,IY=.0323”4 IY=.0146”4 IY=.0833”4 IY=.1238”4 IY=.5509”4 IY=1.0513”4,circa 2014,80/20 Inc.,high,0306,need-tools-repair,90,Tools / Modular Framing,16,pg-tools-modular-page-009,0306,IY=.0323”4 IY=.0146”4 IY=.0833”4 IY=.1238”4 IY=.5509”4 IY=1.0513”4,item-cat-004680,,"Verify current equivalent, price, availability and specifications before purchase.",CAT-004680,catalog-product,Extracted English catalog record — current status and price require verification,catalog_product,24,,Provisional heuristic; recalculate from User Profile and current offer evidence.,Catalog_20_20.pdf,English,26,0306,80/20 Catalog 20,SRC-0104,,80/20 Inc.,Weight Per Inch .0306 Lbs. .0548 Lbs. .0767 Lbs. .1124 Lbs. .1171 Lbs. .2178 Lbs.,37,IY=.0323”4 IY=.0146”4 IY=.0833”4 IY=.1238”4 IY=.5509”4 IY=1.0513”4,,pg-tools-modular,"['human-consumer', 'human-needs', 'need-tools-repair', 'need-tools-repair-modular-framing', 'pg-tools-modular', 'pg-tools-modular-page-009', 'item-cat-004680']",
True,Historical catalog; current online refresh possible,circa 2014,Modular Framing / Profiles / Panels,pg-tools-modular,Modular Framing / Profiles / Panels,,Lbs. .0491 Lbs. .0468 Lbs. .0444 Lbs. .0467 Lbs. .0415 Lbs.,English,86,"80/20 Catalog 20, PDF page 26",72,medium,table_row,need-tools-repair-modular-framing,need-tools-repair-modular-framing,85,,"IY=.0442""4 IY=.0542""4 IY=.0492""4 IY=.0491""4 IY=.0541""4 IY=.0400""4",circa 2014,80/20 Inc.,high,0424,need-tools-repair,90,Tools / Modular Framing,16,pg-tools-modular-page-009,0424,"IY=.0442""4 IY=.0542""4 IY=.0492""4 IY=.0491""4 IY=.0541""4 IY=.0400""4",item-cat-004681,,"Verify current equivalent, price, availability and specifications before purchase.",CAT-004681,catalog-product,Extracted English catalog record — current status and price require verification,catalog_product,25,,Provisional heuristic; recalculate from User Profile and current offer evidence.,Catalog_20_20.pdf,English,26,0424,80/20 Catalog 20,SRC-0104,,80/20 Inc.,Weight Per Inch .0424 Lbs. .0491 Lbs. .0468 Lbs. .0444 Lbs. .0467 Lbs. .0415 Lbs.,37,"IY=.0442""4 IY=.0542""4 IY=.0492""4 IY=.0491""4 IY=.0541""4 IY=.0400""4",,pg-tools-modular,"['human-consumer', 'human-needs', 'need-tools-repair', 'need-tools-repair-modular-framing', 'pg-tools-modular', 'pg-tools-modular-page-009', 'item-cat-004681']",
True,Historical catalog; current online refresh possible,circa 2014,Modular Framing / Profiles / Panels,pg-tools-modular,Modular Framing / Profiles / Panels,,Lbs. .0767 Lbs. .1124 Lbs. .1171 Lbs. .2178 Lbs.,English,83,"80/20 Catalog 20, PDF page 26",72,medium,table_row,need-tools-repair-modular-framing,need-tools-repair-modular-framing,82,,IY=.0323”4 IY=.0146”4 IY=.0833”4 IY=.1238”4 IY=.5509”4 IY=1.0513”4,circa 2014,80/20 Inc.,high,0548,need-tools-repair,90,Tools / Modular Framing,16,pg-tools-modular-page-009,0548,IY=.0323”4 IY=.0146”4 IY=.0833”4 IY=.1238”4 IY=.5509”4 IY=1.0513”4,item-cat-004682,,"Verify current equivalent, price, availability and specifications before purchase.",CAT-004682,catalog-product,Extracted English catalog record — current status and price require verification,catalog_product,19,,Provisional heuristic; recalculate from User Profile and current offer evidence.,Catalog_20_20.pdf,English,26,0548,80/20 Catalog 20,SRC-0104,,80/20 Inc.,Weight Per Inch .0306 Lbs. .0548 Lbs. .0767 Lbs. .1124 Lbs. .1171 Lbs. .2178 Lbs.,37,IY=.0323”4 IY=.0146”4 IY=.0833”4 IY=.1238”4 IY=.5509”4 IY=1.0513”4,,pg-tools-modular,"['human-consumer', 'human-needs', 'need-tools-repair', 'need-tools-repair-modular-framing', 'pg-tools-modular', 'pg-tools-modular-page-009', 'item-cat-004682']",
True,Historical catalog; current online refresh possible,circa 2014,Modular Framing / Profiles / Panels,pg-tools-modular,Modular Framing / Profiles / Panels,,Lbs. .1124 Lbs. .1171 Lbs. .2178 Lbs.,English,82,"80/20 Catalog 20, PDF page 26",72,medium,table_row,need-tools-repair-modular-framing,need-tools-repair-modular-framing,87,,IY=.0323”4 IY=.0146”4 IY=.0833”4 IY=.1238”4 IY=.5509”4 IY=1.0513”4,circa 2014,80/20 Inc.,high,0767,need-tools-repair,90,Tools / Modular Framing,16,pg-tools-modular-page-009,0767,IY=.0323”4 IY=.0146”4 IY=.0833”4 IY=.1238”4 IY=.5509”4 IY=1.0513”4,item-cat-004683,,"Verify current equivalent, price, availability and specifications before purchase.",CAT-004683,catalog-product,Extracted English catalog record — current status and price require verification,catalog_product,25,,Provisional heuristic; recalculate from User Profile and current offer evidence.,Catalog_20_20.pdf,English,26,0767,80/20 Catalog 20,SRC-0104,,80/20 Inc.,Weight Per Inch .0306 Lbs. .0548 Lbs. .0767 Lbs. .1124 Lbs. .1171 Lbs. .2178 Lbs.,37,IY=.0323”4 IY=.0146”4 IY=.0833”4 IY=.1238”4 IY=.5509”4 IY=1.0513”4,,pg-tools-modular,"['human-consumer', 'human-needs', 'need-tools-repair', 'need-tools-repair-modular-framing', 'pg-tools-modular', 'pg-tools-modular-page-009', 'item-cat-004683']",
True,Historical catalog; current online refresh possible,circa 2014,Modular Framing / Profiles / Panels,pg-tools-modular,Modular Framing / Profiles / Panels,,,English,81,"80/20 Catalog 20, PDF page 26",72,medium,table_row,need-tools-repair-modular-framing,need-tools-repair-modular-framing,80,,80/20 Catalog 20,circa 2014,80/20 Inc.,high,1012,need-tools-repair,90,Tools / Modular Framing,16,pg-tools-modular-page-003,1012,80/20 Catalog 20,item-cat-004684,,"Verify current equivalent, price, availability and specifications before purchase.",CAT-004684,catalog-product,Extracted English catalog record — current status and price require verification,catalog_product,20,,Provisional heuristic; recalculate from User Profile and current offer evidence.,Catalog_20_20.pdf,English,26,1012,80/20 Catalog 20,SRC-0104,,80/20 Inc.,Part No. 1010 1001 1002 1003 1004 1012,37,80/20 Catalog 20,,pg-tools-modular,"['human-consumer', 'human-needs', 'need-tools-repair', 'need-tools-repair-modular-framing', 'pg-tools-modular', 'pg-tools-modular-page-003', 'item-cat-004684']",
True,Historical catalog; current online refresh possible,circa 2014,Modular Framing / Profiles / Panels,pg-tools-modular,Modular Framing / Profiles / Panels,,Lbs. .1171 Lbs. .2178 Lbs.,English,82,"80/20 Catalog 20, PDF page 26",72,medium,table_row,need-tools-repair-modular-framing,need-tools-repair-modular-framing,80,,IY=.0323”4 IY=.0146”4 IY=.0833”4 IY=.1238”4 IY=.5509”4 IY=1.0513”4,circa 2014,80/20 Inc.,high,1124,need-tools-repair,90,Tools / Modular Framing,16,pg-tools-modular-page-009,1124,IY=.0323”4 IY=.0146”4 IY=.0833”4 IY=.1238”4 IY=.5509”4 IY=1.0513”4,item-cat-004685,,"Verify current equivalent, price, availability and specifications before purchase.",CAT-004685,catalog-product,Extracted English catalog record — current status and price require verification,catalog_product,17,,Provisional heuristic; recalculate from User Profile and current offer evidence.,Catalog_20_20.pdf,English,26,1124,80/20 Catalog 20,SRC-0104,,80/20 Inc.,Weight Per Inch .0306 Lbs. .0548 Lbs. .0767 Lbs. .1124 Lbs. .1171 Lbs. .2178 Lbs.,37,IY=.0323”4 IY=.0146”4 IY=.0833”4 IY=.1238”4 IY=.5509”4 IY=1.0513”4,,pg-tools-modular,"['human-consumer', 'human-needs', 'need-tools-repair', 'need-tools-repair-modular-framing', 'pg-tools-modular', 'pg-tools-modular-page-009', 'item-cat-004685']",
True,Historical catalog; current online refresh possible,circa 2014,Modular Framing / Profiles / Panels,pg-tools-modular,Modular Framing / Profiles / Panels,,Lbs. .2178 Lbs.,English,79,"80/20 Catalog 20, PDF page 26",72,medium,table_row,need-tools-repair-modular-framing,need-tools-repair-modular-framing,83,,IY=.0323”4 IY=.0146”4 IY=.0833”4 IY=.1238”4 IY=.5509”4 IY=1.0513”4,circa 2014,80/20 Inc.,high,1171,need-tools-repair,90,Tools / Modular Framing,16,pg-tools-modular-page-009,1171,IY=.0323”4 IY=.0146”4 IY=.0833”4 IY=.1238”4 IY=.5509”4 IY=1.0513”4,item-cat-004686,,"Verify current equivalent, price, availability and specifications before purchase.",CAT-004686,catalog-product,Extracted English catalog record — current status and price require verification,catalog_product,18,,Provisional heuristic; recalculate from User Profile and current offer evidence.,Catalog_20_20.pdf,English,26,1171,80/20 Catalog 20,SRC-0104,,80/20 Inc.,Weight Per Inch .0306 Lbs. .0548 Lbs. .0767 Lbs. .1124 Lbs. .1171 Lbs. .2178 Lbs.,37,IY=.0323”4 IY=.0146”4 IY=.0833”4 IY=.1238”4 IY=.5509”4 IY=1.0513”4,,pg-tools-modular,"['human-consumer', 'human-needs', 'need-tools-repair', 'need-tools-repair-modular-framing', 'pg-tools-modular', 'pg-tools-modular-page-009', 'item-cat-004686']",
True,Historical catalog; current online refresh possible,circa 2014,Modular Framing / Profiles / Panels,pg-tools-modular,Modular Framing / Profiles / Panels,,Sq. In. .5653 Sq. In. .7914 Sq. In.,English,82,"80/20 Catalog 20, PDF page 26",72,medium,table_row,need-tools-repair-modular-framing,need-tools-repair-modular-framing,82,,IY=.0323”4 IY=.0146”4 IY=.0833”4 IY=.1238”4 IY=.5509”4 IY=1.0513”4,circa 2014,80/20 Inc.,high,3161,need-tools-repair,90,Tools / Modular Framing,16,pg-tools-modular-page-009,3161,IY=.0323”4 IY=.0146”4 IY=.0833”4 IY=.1238”4 IY=.5509”4 IY=1.0513”4,item-cat-004687,,"Verify current equivalent, price, availability and specifications before purchase.",CAT-004687,catalog-product,Extracted English catalog record — current status and price require verification,catalog_product,20,,Provisional heuristic; recalculate from User Profile and current offer evidence.,Catalog_20_20.pdf,English,26,3161,80/20 Catalog 20,SRC-0104,,80/20 Inc.,Estimated Area .3161 Sq. In. .5653 Sq. In. .7914 Sq. In. 1.1596 Sq. In. 1.2079 Sq. In. 2.2462 Sq. In.,37,IY=.0323”4 IY=.0146”4 IY=.0833”4 IY=.1238”4 IY=.5509”4 IY=1.0513”4,,pg-tools-modular,"['human-consumer', 'human-needs', 'need-tools-repair', 'need-tools-repair-modular-framing', 'pg-tools-modular', 'pg-tools-modular-page-009', 'item-cat-004687']",
True,Historical catalog; current online refresh possible,circa 2014,Modular Framing / Profiles / Panels,pg-tools-modular,Modular Framing / Profiles / Panels,,Sq. In. .5069 Sq. In. .4834 Sq. In. .4582 Sq. In. .4819 Sq. In. .4280 Sq. In.,English,86,"80/20 Catalog 20, PDF page 26",72,medium,table_row,need-tools-repair-modular-framing,need-tools-repair-modular-framing,86,,"IY=.0442""4 IY=.0542""4 IY=.0492""4 IY=.0491""4 IY=.0541""4 IY=.0400""4",circa 2014,80/20 Inc.,high,4379,need-tools-repair,90,Tools / Modular Framing,16,pg-tools-modular-page-009,4379,"IY=.0442""4 IY=.0542""4 IY=.0492""4 IY=.0491""4 IY=.0541""4 IY=.0400""4",item-cat-004688,,"Verify current equivalent, price, availability and specifications before purchase.",CAT-004688,catalog-product,Extracted English catalog record — current status and price require verification,catalog_product,25,,Provisional heuristic; recalculate from User Profile and current offer evidence.,Catalog_20_20.pdf,English,26,4379,80/20 Catalog 20,SRC-0104,,80/20 Inc.,Estimated Area .4379 Sq. In. .5069 Sq. In. .4834 Sq. In. .4582 Sq. In. .4819 Sq. In. .4280 Sq. In.,37,"IY=.0442""4 IY=.0542""4 IY=.0492""4 IY=.0491""4 IY=.0541""4 IY=.0400""4",,pg-tools-modular,"['human-consumer', 'human-needs', 'need-tools-repair', 'need-tools-repair-modular-framing', 'pg-tools-modular', 'pg-tools-modular-page-009', 'item-cat-004688']",
True,Historical catalog; current online refresh possible,circa 2014,Modular Framing / Profiles / Panels,pg-tools-modular,Modular Framing / Profiles / Panels,,Sq. In. .4819 Sq. In. .4280 Sq. In.,English,82,"80/20 Catalog 20, PDF page 26",72,medium,table_row,need-tools-repair-modular-framing,need-tools-repair-modular-framing,87,,"IY=.0442""4 IY=.0542""4 IY=.0492""4 IY=.0491""4 IY=.0541""4 IY=.0400""4",circa 2014,80/20 Inc.,high,4582,need-tools-repair,90,Tools / Modular Framing,16,pg-tools-modular-page-009,4582,"IY=.0442""4 IY=.0542""4 IY=.0492""4 IY=.0491""4 IY=.0541""4 IY=.0400""4",item-cat-004689,,"Verify current equivalent, price, availability and specifications before purchase.",CAT-004689,catalog-product,Extracted English catalog record — current status and price require verification,catalog_product,14,,Provisional heuristic; recalculate from User Profile and current offer evidence.,Catalog_20_20.pdf,English,26,4582,80/20 Catalog 20,SRC-0104,,80/20 Inc.,Estimated Area .4379 Sq. In. .5069 Sq. In. .4834 Sq. In. .4582 Sq. In. .4819 Sq. In. .4280 Sq. In.,37,"IY=.0442""4 IY=.0542""4 IY=.0492""4 IY=.0491""4 IY=.0541""4 IY=.0400""4",,pg-tools-modular,"['human-consumer', 'human-needs', 'need-tools-repair', 'need-tools-repair-modular-framing', 'pg-tools-modular', 'pg-tools-modular-page-009', 'item-cat-004689']",
True,Historical catalog; current online refresh possible,circa 2014,Modular Framing / Profiles / Panels,pg-tools-modular,Modular Framing / Profiles / Panels,,Sq. In. .4280 Sq. In.,English,78,"80/20 Catalog 20, PDF page 26",72,medium,table_row,need-tools-repair-modular-framing,need-tools-repair-modular-framing,83,,"IY=.0442""4 IY=.0542""4 IY=.0492""4 IY=.0491""4 IY=.0541""4 IY=.0400""4",circa 2014,80/20 Inc.,high,4819,need-tools-repair,90,Tools / Modular Framing,16,pg-tools-modular-page-009,4819,"IY=.0442""4 IY=.0542""4 IY=.0492""4 IY=.0491""4 IY=.0541""4 IY=.0400""4",item-cat-004690,,"Verify current equivalent, price, availability and specifications before purchase.",CAT-004690,catalog-product,Extracted English catalog record — current status and price require verification,catalog_product,15,,Provisional heuristic; recalculate from User Profile and current offer evidence.,Catalog_20_20.pdf,English,26,4819,80/20 Catalog 20,SRC-0104,,80/20 Inc.,Estimated Area .4379 Sq. In. .5069 Sq. In. .4834 Sq. In. .4582 Sq. In. .4819 Sq. In. .4280 Sq. In.,37,"IY=.0442""4 IY=.0542""4 IY=.0492""4 IY=.0491""4 IY=.0541""4 IY=.0400""4",,pg-tools-modular,"['human-consumer', 'human-needs', 'need-tools-repair', 'need-tools-repair-modular-framing', 'pg-tools-modular', 'pg-tools-modular-page-009', 'item-cat-004690']",
True,Historical catalog; current online refresh possible,circa 2014,Modular Framing / Profiles / Panels,pg-tools-modular,Modular Framing / Profiles / Panels,,Sq. In. .4582 Sq. In. .4819 Sq. In. .4280 Sq. In.,English,79,"80/20 Catalog 20, PDF page 26",72,medium,table_row,need-tools-repair-modular-framing,need-tools-repair-modular-framing,84,,"IY=.0442""4 IY=.0542""4 IY=.0492""4 IY=.0491""4 IY=.0541""4 IY=.0400""4",circa 2014,80/20 Inc.,high,4834,need-tools-repair,90,Tools / Modular Framing,16,pg-tools-modular-page-009,4834,"IY=.0442""4 IY=.0542""4 IY=.0492""4 IY=.0491""4 IY=.0541""4 IY=.0400""4",item-cat-004691,,"Verify current equivalent, price, availability and specifications before purchase.",CAT-004691,catalog-product,Extracted English catalog record — current status and price require verification,catalog_product,22,,Provisional heuristic; recalculate from User Profile and current offer evidence.,Catalog_20_20.pdf,English,26,4834,80/20 Catalog 20,SRC-0104,,80/20 Inc.,Estimated Area .4379 Sq. In. .5069 Sq. In. .4834 Sq. In. .4582 Sq. In. .4819 Sq. In. .4280 Sq. In.,37,"IY=.0442""4 IY=.0542""4 IY=.0492""4 IY=.0491""4 IY=.0541""4 IY=.0400""4",,pg-tools-modular,"['human-consumer', 'human-needs', 'need-tools-repair', 'need-tools-repair-modular-framing', 'pg-tools-modular', 'pg-tools-modular-page-009', 'item-cat-004691']",
True,Historical catalog; current online refresh possible,circa 2014,Modular Framing / Profiles / Panels,pg-tools-modular,Modular Framing / Profiles / Panels,,Sq. In. .4834 Sq. In. .4582 Sq. In. .4819 Sq. In. .4280 Sq. In.,English,79,"80/20 Catalog 20, PDF page 26",72,medium,table_row,need-tools-repair-modular-framing,need-tools-repair-modular-framing,82,,"IY=.0442""4 IY=.0542""4 IY=.0492""4 IY=.0491""4 IY=.0541""4 IY=.0400""4",circa 2014,80/20 Inc.,high,5069,need-tools-repair,90,Tools / Modular Framing,16,pg-tools-modular-page-009,5069,"IY=.0442""4 IY=.0542""4 IY=.0492""4 IY=.0491""4 IY=.0541""4 IY=.0400""4",item-cat-004692,,"Verify current equivalent, price, availability and specifications before purchase.",CAT-004692,catalog-product,Extracted English catalog record — current status and price require verification,catalog_product,25,,Provisional heuristic; recalculate from User Profile and current offer evidence.,Catalog_20_20.pdf,English,26,5069,80/20 Catalog 20,SRC-0104,,80/20 Inc.,Estimated Area .4379 Sq. In. .5069 Sq. In. .4834 Sq. In. .4582 Sq. In. .4819 Sq. In. .4280 Sq. In.,37,"IY=.0442""4 IY=.0542""4 IY=.0492""4 IY=.0491""4 IY=.0541""4 IY=.0400""4",,pg-tools-modular,"['human-consumer', 'human-needs', 'need-tools-repair', 'need-tools-repair-modular-framing', 'pg-tools-modular', 'pg-tools-modular-page-009', 'item-cat-004692']",
True,Historical catalog; current online refresh possible,circa 2014,Modular Framing / Profiles / Panels,pg-tools-modular,Modular Framing / Profiles / Panels,,Sq. In. .7914 Sq. In.,English,81,"80/20 Catalog 20, PDF page 26",72,medium,table_row,need-tools-repair-modular-framing,need-tools-repair-modular-framing,81,,IY=.0323”4 IY=.0146”4 IY=.0833”4 IY=.1238”4 IY=.5509”4 IY=1.0513”4,circa 2014,80/20 Inc.,high,5653,need-tools-repair,90,Tools / Modular Framing,16,pg-tools-modular-page-009,5653,IY=.0323”4 IY=.0146”4 IY=.0833”4 IY=.1238”4 IY=.5509”4 IY=1.0513”4,item-cat-004693,,"Verify current equivalent, price, availability and specifications before purchase.",CAT-004693,catalog-product,Extracted English catalog record — current status and price require verification,catalog_product,24,,Provisional heuristic; recalculate from User Profile and current offer evidence.,Catalog_20_20.pdf,English,26,5653,80/20 Catalog 20,SRC-0104,,80/20 Inc.,Estimated Area .3161 Sq. In. .5653 Sq. In. .7914 Sq. In. 1.1596 Sq. In. 1.2079 Sq. In. 2.2462 Sq. In.,37,IY=.0323”4 IY=.0146”4 IY=.0833”4 IY=.1238”4 IY=.5509”4 IY=1.0513”4,,pg-tools-modular,"['human-consumer', 'human-needs', 'need-tools-repair', 'need-tools-repair-modular-framing', 'pg-tools-modular', 'pg-tools-modular-page-009', 'item-cat-004693']",
True,Historical catalog; current online refresh possible,circa 2014,Modular Framing / Profiles / Panels,pg-tools-modular,Modular Framing / Profiles / Panels,,Profile - Profile - Profile,English,79,"80/20 Catalog 20, PDF page 27",72,medium,table_row,need-tools-repair-modular-framing,need-tools-repair-modular-framing,86,,IY=.0323”4 IY=.0146”4 IY=.0833”4 IY=.1238”4 IY=.5509”4 IY=1.0513”4,circa 2014,80/20 Inc.,high,5-Lite,need-tools-repair,90,Tools / Modular Framing,16,pg-tools-modular-page-009,5-Lite,IY=.0323”4 IY=.0146”4 IY=.0833”4 IY=.1238”4 IY=.5509”4 IY=1.0513”4,item-cat-004694,,"Verify current equivalent, price, availability and specifications before purchase.",CAT-004694,catalog-product,Extracted English catalog record — current status and price require verification,catalog_product,14,,Provisional heuristic; recalculate from User Profile and current offer evidence.,Catalog_20_20.pdf,English,27,5-Lite,80/20 Catalog 20,SRC-0104,,80/20 Inc.,Lite Profile - Profile - Profile - Profile - 5-Lite Profile - Profile - Profile,37,IY=.0323”4 IY=.0146”4 IY=.0833”4 IY=.1238”4 IY=.5509”4 IY=1.0513”4,,pg-tools-modular,"['human-consumer', 'human-needs', 'need-tools-repair', 'need-tools-repair-modular-framing', 'pg-tools-modular', 'pg-tools-modular-page-009', 'item-cat-004694']",
True,Historical catalog; current online refresh possible,circa 2014,Modular Framing / Profiles / Panels,pg-tools-modular,Modular Framing / Profiles / Panels,,Drop Vibration but for many it’s not an option for many reasons,English,83,"80/20 Catalog 20, PDF page 28",72,medium,table_row,need-tools-repair-modular-framing,need-tools-repair-modular-framing,83,,Aluminum Steel,circa 2014,80/20 Inc.,high,2o,need-tools-repair,90,Tools / Modular Framing,16,pg-tools-modular-page-003,2o,Aluminum Steel,item-cat-004695,,"Verify current equivalent, price, availability and specifications before purchase.",CAT-004695,catalog-product,Extracted English catalog record — current status and price require verification,catalog_product,18,,Provisional heuristic; recalculate from User Profile and current offer evidence.,Catalog_20_20.pdf,English,28,2o,80/20 Catalog 20,SRC-0104,,80/20 Inc.,2o Drop Vibration but for many it’s not an option for many reasons,37,Aluminum Steel,,pg-tools-modular,"['human-consumer', 'human-needs', 'need-tools-repair', 'need-tools-repair-modular-framing', 'pg-tools-modular', 'pg-tools-modular-page-003', 'item-cat-004695']",
True,Historical catalog; current online refresh possible,circa 2014,Modular Framing / Profiles / Panels,pg-tools-modular,Modular Framing / Profiles / Panels,,ME TRIC RE CTANGL E,English,85,"80/20 Catalog 20, PDF page 29",72,medium,table_row,need-tools-repair-modular-framing,need-tools-repair-modular-framing,87,,ME TRIC RE CTANGL E,circa 2014,80/20 Inc.,high,45mm,need-tools-repair,90,Tools / Modular Framing,16,pg-tools-modular-page-011,45mm,ME TRIC RE CTANGL E,item-cat-004696,,"Verify current equivalent, price, availability and specifications before purchase.",CAT-004696,catalog-product,Extracted English catalog record — current status and price require verification,catalog_product,23,,Provisional heuristic; recalculate from User Profile and current offer evidence.,Catalog_20_20.pdf,English,29,45mm,80/20 Catalog 20,SRC-0104,,80/20 Inc.,20mm 25mm 30mm 40mm 45mm,37,ME TRIC RE CTANGL E,,pg-tools-modular,"['human-consumer', 'human-needs', 'need-tools-repair', 'need-tools-repair-modular-framing', 'pg-tools-modular', 'pg-tools-modular-page-011', 'item-cat-004696']",
True,Historical catalog; current online refresh possible,circa 2014,Modular Framing / Profiles / Panels,pg-tools-modular,Modular Framing / Profiles / Panels,,T5 N er an haracteristics ini ini,English,82,"80/20 Catalog 20, PDF page 30",72,medium,table_row,need-tools-repair-modular-framing,need-tools-repair-modular-framing,89,,Metric Profile Naming Standards Why 6105-T5 Aluminum Alloy?,circa 2014,80/20 Inc.,high,6105,need-tools-repair,90,Tools / Modular Framing,16,pg-tools-modular-page-011,6105,Metric Profile Naming Standards Why 6105-T5 Aluminum Alloy?,item-cat-004697,,"Verify current equivalent, price, availability and specifications before purchase.",CAT-004697,catalog-product,Extracted English catalog record — current status and price require verification,catalog_product,25,,Provisional heuristic; recalculate from User Profile and current offer evidence.,Catalog_20_20.pdf,English,30,6105,80/20 Catalog 20,SRC-0104,,80/20 Inc.,Alloy 6105 with a T5 6105 T5 N er an haracteristics ini ini,37,Metric Profile Naming Standards Why 6105-T5 Aluminum Alloy?,,pg-tools-modular,"['human-consumer', 'human-needs', 'need-tools-repair', 'need-tools-repair-modular-framing', 'pg-tools-modular', 'pg-tools-modular-page-011', 'item-cat-004697']",
True,Historical catalog; current online refresh possible,circa 2014,Modular Framing / Profiles / Panels,pg-tools-modular,Modular Framing / Profiles / Panels,,N er an haracteristics ini ini,English,85,"80/20 Catalog 20, PDF page 30",72,medium,table_row,need-tools-repair-modular-framing,need-tools-repair-modular-framing,79,,Metric Profile Naming Standards Why 6105-T5 Aluminum Alloy?,circa 2014,80/20 Inc.,high,T5,need-tools-repair,90,Tools / Modular Framing,16,pg-tools-modular-page-011,T5,Metric Profile Naming Standards Why 6105-T5 Aluminum Alloy?,item-cat-004698,,"Verify current equivalent, price, availability and specifications before purchase.",CAT-004698,catalog-product,Extracted English catalog record — current status and price require verification,catalog_product,23,,Provisional heuristic; recalculate from User Profile and current offer evidence.,Catalog_20_20.pdf,English,30,T5,80/20 Catalog 20,SRC-0104,,80/20 Inc.,Alloy 6105 with a T5 6105 T5 N er an haracteristics ini ini,37,Metric Profile Naming Standards Why 6105-T5 Aluminum Alloy?,,pg-tools-modular,"['human-consumer', 'human-needs', 'need-tools-repair', 'need-tools-repair-modular-framing', 'pg-tools-modular', 'pg-tools-modular-page-011', 'item-cat-004698']",
True,Historical catalog; current online refresh possible,circa 2014,Modular Framing / Profiles / Panels,pg-tools-modular,Modular Framing / Profiles / Panels,,per 25.4mm of width,English,81,"80/20 Catalog 20, PDF page 31",72,medium,table_row,need-tools-repair-modular-framing,need-tools-repair-modular-framing,79,,FRACTIONAL METRIC,circa 2014,80/20 Inc.,high,0.1mm,need-tools-repair,90,Tools / Modular Framing,16,pg-tools-modular-page-008,0.1mm,FRACTIONAL METRIC,item-cat-004699,,"Verify current equivalent, price, availability and specifications before purchase.",CAT-004699,catalog-product,Extracted English catalog record — current status and price require verification,catalog_product,24,,Provisional heuristic; recalculate from User Profile and current offer evidence.,Catalog_20_20.pdf,English,31,0.1mm,80/20 Catalog 20,SRC-0104,,80/20 Inc.,.004” per 1 inch of width Flatness 0.1mm per 25.4mm of width,37,FRACTIONAL METRIC,,pg-tools-modular,"['human-consumer', 'human-needs', 'need-tools-repair', 'need-tools-repair-modular-framing', 'pg-tools-modular', 'pg-tools-modular-page-008', 'item-cat-004699']",
True,Historical catalog; current online refresh possible,circa 2014,Modular Framing / Profiles / Panels,pg-tools-modular,Modular Framing / Profiles / Panels,,"per 304mm of length, not",English,79,"80/20 Catalog 20, PDF page 31",72,medium,table_row,need-tools-repair-modular-framing,need-tools-repair-modular-framing,86,,FRACTIONAL METRIC,circa 2014,80/20 Inc.,high,0.32mm,need-tools-repair,90,Tools / Modular Framing,16,pg-tools-modular-page-008,0.32mm,FRACTIONAL METRIC,item-cat-004700,,"Verify current equivalent, price, availability and specifications before purchase.",CAT-004700,catalog-product,Extracted English catalog record — current status and price require verification,catalog_product,18,,Provisional heuristic; recalculate from User Profile and current offer evidence.,Catalog_20_20.pdf,English,31,0.32mm,80/20 Catalog 20,SRC-0104,,80/20 Inc.,"0.0125 inches per 1 foot of length not to 0.32mm per 304mm of length, not",37,FRACTIONAL METRIC,,pg-tools-modular,"['human-consumer', 'human-needs', 'need-tools-repair', 'need-tools-repair-modular-framing', 'pg-tools-modular', 'pg-tools-modular-page-008', 'item-cat-004700']",
True,Historical catalog; current online refresh possible,circa 2014,Modular Framing / Profiles / Panels,pg-tools-modular,Modular Framing / Profiles / Panels,,5/ 16-18 x 11/ 16 Flanged B H SC S & Econom y T-N ut,English,86,"80/20 Catalog 20, PDF page 31",72,medium,table_row,need-tools-repair-modular-framing,need-tools-repair-modular-framing,82,,Pressure,circa 2014,80/20 Inc.,high,3320,need-tools-repair,90,Tools / Modular Framing,16,pg-tools-modular-page-011,3320,Pressure,item-cat-004701,,"Verify current equivalent, price, availability and specifications before purchase.",CAT-004701,catalog-product,Extracted English catalog record — current status and price require verification,catalog_product,16,,Provisional heuristic; recalculate from User Profile and current offer evidence.,Catalog_20_20.pdf,English,31,3320,80/20 Catalog 20,SRC-0104,,80/20 Inc.,3320 5/ 16-18 x 11/ 16 Flanged B H SC S & Econom y T-N ut 1515 10.00 15.00,37,Pressure,,pg-tools-modular,"['human-consumer', 'human-needs', 'need-tools-repair', 'need-tools-repair-modular-framing', 'pg-tools-modular', 'pg-tools-modular-page-011', 'item-cat-004701']",
True,Historical catalog; current online refresh possible,circa 2014,Modular Framing / Profiles / Panels,pg-tools-modular,Modular Framing / Profiles / Panels,,1/ 4-20 x 1/ 2 Flanged B H SC S & Econom y T-N ut,English,82,"80/20 Catalog 20, PDF page 31",72,medium,table_row,need-tools-repair-modular-framing,need-tools-repair-modular-framing,88,,Pressure,circa 2014,80/20 Inc.,high,3321,need-tools-repair,90,Tools / Modular Framing,16,pg-tools-modular-page-011,3321,Pressure,item-cat-004702,,"Verify current equivalent, price, availability and specifications before purchase.",CAT-004702,catalog-product,Extracted English catalog record — current status and price require verification,catalog_product,21,,Provisional heuristic; recalculate from User Profile and current offer evidence.,Catalog_20_20.pdf,English,31,3321,80/20 Catalog 20,SRC-0104,,80/20 Inc.,the end of the beam. 3321 1/ 4-20 x 1/ 2 Flanged B H SC S & Econom y T-N ut 1010 4.00 6.00,37,Pressure,,pg-tools-modular,"['human-consumer', 'human-needs', 'need-tools-repair', 'need-tools-repair-modular-framing', 'pg-tools-modular', 'pg-tools-modular-page-011', 'item-cat-004702']",
True,Historical catalog; current online refresh possible,circa 2014,Modular Framing / Profiles / Panels,pg-tools-modular,Modular Framing / Profiles / Panels,,"5/ 16-18 x 3/ 4 Econom y T-Slot Stud, W asher & H ex N ut",English,83,"80/20 Catalog 20, PDF page 31",72,medium,table_row,need-tools-repair-modular-framing,need-tools-repair-modular-framing,79,,Pressure,circa 2014,80/20 Inc.,high,3325,need-tools-repair,90,Tools / Modular Framing,16,pg-tools-modular-page-012,3325,Pressure,item-cat-004703,,"Verify current equivalent, price, availability and specifications before purchase.",CAT-004703,catalog-product,Extracted English catalog record — current status and price require verification,catalog_product,18,,Provisional heuristic; recalculate from User Profile and current offer evidence.,Catalog_20_20.pdf,English,31,3325,80/20 Catalog 20,SRC-0104,,80/20 Inc.,"This formula will yield worst case This formula will yield worst case This formula will yield worst case 3325 5/ 16-18 x 3/ 4 Econom y T-Slot Stud, W asher & H ex N ut 1515 25.00 30.00",37,Pressure,,pg-tools-modular,"['human-consumer', 'human-needs', 'need-tools-repair', 'need-tools-repair-modular-framing', 'pg-tools-modular', 'pg-tools-modular-page-012', 'item-cat-004703']",
True,Historical catalog; current online refresh possible,circa 2014,Modular Framing / Profiles / Panels,pg-tools-modular,Modular Framing / Profiles / Panels,,15 Series Anchor Fastener Assem b ly,English,83,"80/20 Catalog 20, PDF page 31",72,medium,table_row,need-tools-repair-modular-framing,need-tools-repair-modular-framing,85,,Pressure,circa 2014,80/20 Inc.,high,3360,need-tools-repair,90,Tools / Modular Framing,16,pg-tools-modular-page-012,3360,Pressure,item-cat-004704,,"Verify current equivalent, price, availability and specifications before purchase.",CAT-004704,catalog-product,Extracted English catalog record — current status and price require verification,catalog_product,21,,Provisional heuristic; recalculate from User Profile and current offer evidence.,Catalog_20_20.pdf,English,31,3360,80/20 Catalog 20,SRC-0104,,80/20 Inc.,3360 15 Series Anchor Fastener Assem b ly 1515-L ite 10.00 20.00,37,Pressure,,pg-tools-modular,"['human-consumer', 'human-needs', 'need-tools-repair', 'need-tools-repair-modular-framing', 'pg-tools-modular', 'pg-tools-modular-page-012', 'item-cat-004704']",
True,Historical catalog; current online refresh possible,circa 2014,Modular Framing / Profiles / Panels,pg-tools-modular,Modular Framing / Profiles / Panels,,3 •W L 3 •W newton meters req uired to activate the 2 degree drop- lock feature,English,86,"80/20 Catalog 20, PDF page 31",72,medium,table_row,need-tools-repair-modular-framing,need-tools-repair-modular-framing,85,,Engaged,circa 2014,80/20 Inc.,high,5L,need-tools-repair,90,Tools / Modular Framing,16,pg-tools-modular-page-006,5L,Engaged,item-cat-004705,,"Verify current equivalent, price, availability and specifications before purchase.",CAT-004705,catalog-product,Extracted English catalog record — current status and price require verification,catalog_product,22,,Provisional heuristic; recalculate from User Profile and current offer evidence.,Catalog_20_20.pdf,English,31,5L,80/20 Catalog 20,SRC-0104,,80/20 Inc.,L 3 •W 5L 3 •W L 3 •W newton meters req uired to activate the 2 degree drop- lock feature,37,Engaged,,pg-tools-modular,"['human-consumer', 'human-needs', 'need-tools-repair', 'need-tools-repair-modular-framing', 'pg-tools-modular', 'pg-tools-modular-page-006', 'item-cat-004705']",
True,Historical catalog; current online refresh possible,circa 2014,Modular Framing / Profiles / Panels,pg-tools-modular,Modular Framing / Profiles / Panels,,minimum 8%,English,78,"80/20 Catalog 20, PDF page 31",72,medium,table_row,need-tools-repair-modular-framing,need-tools-repair-modular-framing,86,,FRACTIONAL METRIC,circa 2014,80/20 Inc.,high,A10,need-tools-repair,90,Tools / Modular Framing,16,pg-tools-modular-page-008,A10,FRACTIONAL METRIC,item-cat-004706,,"Verify current equivalent, price, availability and specifications before purchase.",CAT-004706,catalog-product,Extracted English catalog record — current status and price require verification,catalog_product,18,,Provisional heuristic; recalculate from User Profile and current offer evidence.,Catalog_20_20.pdf,English,31,A10,80/20 Catalog 20,SRC-0104,,80/20 Inc.,A5 minimum 10% Elongation A10 minimum 8%,37,FRACTIONAL METRIC,,pg-tools-modular,"['human-consumer', 'human-needs', 'need-tools-repair', 'need-tools-repair-modular-framing', 'pg-tools-modular', 'pg-tools-modular-page-008', 'item-cat-004706']",
True,Historical catalog; current online refresh possible,circa 2014,Modular Framing / Profiles / Panels,pg-tools-modular,Modular Framing / Profiles / Panels,,minimum 10% Elongation,English,80,"80/20 Catalog 20, PDF page 31",72,medium,table_row,need-tools-repair-modular-framing,need-tools-repair-modular-framing,88,,FRACTIONAL METRIC,circa 2014,80/20 Inc.,high,A5,need-tools-repair,90,Tools / Modular Framing,16,pg-tools-modular-page-008,A5,FRACTIONAL METRIC,item-cat-004707,,"Verify current equivalent, price, availability and specifications before purchase.",CAT-004707,catalog-product,Extracted English catalog record — current status and price require verification,catalog_product,14,,Provisional heuristic; recalculate from User Profile and current offer evidence.,Catalog_20_20.pdf,English,31,A5,80/20 Catalog 20,SRC-0104,,80/20 Inc.,A5 minimum 10% Elongation A10 minimum 8%,37,FRACTIONAL METRIC,,pg-tools-modular,"['human-consumer', 'human-needs', 'need-tools-repair', 'need-tools-repair-modular-framing', 'pg-tools-modular', 'pg-tools-modular-page-008', 'item-cat-004707']",
True,Historical catalog; current online refresh possible,circa 2014,Modular Framing / Profiles / Panels,pg-tools-modular,Modular Framing / Profiles / Panels,,lb eight Per nch .0780 lb .0770 lb .0877 lb .0871 lb,English,81,"80/20 Catalog 20, PDF page 34",72,medium,table_row,need-tools-repair-modular-framing,need-tools-repair-modular-framing,79,,PROFILES,circa 2014,80/20 Inc.,high,0415,need-tools-repair,90,Tools / Modular Framing,16,pg-tools-modular-page-012,0415,PROFILES,item-cat-004708,,"Verify current equivalent, price, availability and specifications before purchase.",CAT-004708,catalog-product,Extracted English catalog record — current status and price require verification,catalog_product,20,,Provisional heuristic; recalculate from User Profile and current offer evidence.,Catalog_20_20.pdf,English,34,0415,80/20 Catalog 20,SRC-0104,,80/20 Inc.,eight Per nch .0424 lb .0491 lb .0468 lb .0444 lb .0467 lb .0415 lb eight Per nch .0780 lb .0770 lb .0877 lb .0871 lb .1111 lb,37,PROFILES,,pg-tools-modular,"['human-consumer', 'human-needs', 'need-tools-repair', 'need-tools-repair-modular-framing', 'pg-tools-modular', 'pg-tools-modular-page-012', 'item-cat-004708']",
True,Historical catalog; current online refresh possible,circa 2014,Modular Framing / Profiles / Panels,pg-tools-modular,Modular Framing / Profiles / Panels,,lb .0467 lb .0415 lb eight Per nch .0780 lb .0770 lb,English,78,"80/20 Catalog 20, PDF page 34",72,medium,table_row,need-tools-repair-modular-framing,need-tools-repair-modular-framing,86,,PROFILES,circa 2014,80/20 Inc.,high,0444,need-tools-repair,90,Tools / Modular Framing,16,pg-tools-modular-page-012,0444,PROFILES,item-cat-004709,,"Verify current equivalent, price, availability and specifications before purchase.",CAT-004709,catalog-product,Extracted English catalog record — current status and price require verification,catalog_product,14,,Provisional heuristic; recalculate from User Profile and current offer evidence.,Catalog_20_20.pdf,English,34,0444,80/20 Catalog 20,SRC-0104,,80/20 Inc.,eight Per nch .0424 lb .0491 lb .0468 lb .0444 lb .0467 lb .0415 lb eight Per nch .0780 lb .0770 lb .0877 lb .0871 lb .1111 lb,37,PROFILES,,pg-tools-modular,"['human-consumer', 'human-needs', 'need-tools-repair', 'need-tools-repair-modular-framing', 'pg-tools-modular', 'pg-tools-modular-page-012', 'item-cat-004709']",
True,Historical catalog; current online refresh possible,circa 2014,Modular Framing / Profiles / Panels,pg-tools-modular,Modular Framing / Profiles / Panels,,lb .0415 lb eight Per nch .0780 lb .0770 lb .0877 lb,English,79,"80/20 Catalog 20, PDF page 34",72,medium,table_row,need-tools-repair-modular-framing,need-tools-repair-modular-framing,88,,PROFILES,circa 2014,80/20 Inc.,high,0467,need-tools-repair,90,Tools / Modular Framing,16,pg-tools-modular-page-012,0467,PROFILES,item-cat-004710,,"Verify current equivalent, price, availability and specifications before purchase.",CAT-004710,catalog-product,Extracted English catalog record — current status and price require verification,catalog_product,15,,Provisional heuristic; recalculate from User Profile and current offer evidence.,Catalog_20_20.pdf,English,34,0467,80/20 Catalog 20,SRC-0104,,80/20 Inc.,eight Per nch .0424 lb .0491 lb .0468 lb .0444 lb .0467 lb .0415 lb eight Per nch .0780 lb .0770 lb .0877 lb .0871 lb .1111 lb,37,PROFILES,,pg-tools-modular,"['human-consumer', 'human-needs', 'need-tools-repair', 'need-tools-repair-modular-framing', 'pg-tools-modular', 'pg-tools-modular-page-012', 'item-cat-004710']",
True,Historical catalog; current online refresh possible,circa 2014,Modular Framing / Profiles / Panels,pg-tools-modular,Modular Framing / Profiles / Panels,,lb .0444 lb .0467 lb .0415 lb eight Per nch .0780 lb,English,81,"80/20 Catalog 20, PDF page 34",72,medium,table_row,need-tools-repair-modular-framing,need-tools-repair-modular-framing,87,,PROFILES,circa 2014,80/20 Inc.,high,0468,need-tools-repair,90,Tools / Modular Framing,16,pg-tools-modular-page-012,0468,PROFILES,item-cat-004711,,"Verify current equivalent, price, availability and specifications before purchase.",CAT-004711,catalog-product,Extracted English catalog record — current status and price require verification,catalog_product,25,,Provisional heuristic; recalculate from User Profile and current offer evidence.,Catalog_20_20.pdf,English,34,0468,80/20 Catalog 20,SRC-0104,,80/20 Inc.,eight Per nch .0424 lb .0491 lb .0468 lb .0444 lb .0467 lb .0415 lb eight Per nch .0780 lb .0770 lb .0877 lb .0871 lb .1111 lb,37,PROFILES,,pg-tools-modular,"['human-consumer', 'human-needs', 'need-tools-repair', 'need-tools-repair-modular-framing', 'pg-tools-modular', 'pg-tools-modular-page-012', 'item-cat-004711']",
True,Historical catalog; current online refresh possible,circa 2014,Modular Framing / Profiles / Panels,pg-tools-modular,Modular Framing / Profiles / Panels,,lb .0468 lb .0444 lb .0467 lb .0415 lb eight Per nch,English,83,"80/20 Catalog 20, PDF page 34",72,medium,table_row,need-tools-repair-modular-framing,need-tools-repair-modular-framing,83,,PROFILES,circa 2014,80/20 Inc.,high,0491,need-tools-repair,90,Tools / Modular Framing,16,pg-tools-modular-page-012,0491,PROFILES,item-cat-004712,,"Verify current equivalent, price, availability and specifications before purchase.",CAT-004712,catalog-product,Extracted English catalog record — current status and price require verification,catalog_product,25,,Provisional heuristic; recalculate from User Profile and current offer evidence.,Catalog_20_20.pdf,English,34,0491,80/20 Catalog 20,SRC-0104,,80/20 Inc.,eight Per nch .0424 lb .0491 lb .0468 lb .0444 lb .0467 lb .0415 lb eight Per nch .0780 lb .0770 lb .0877 lb .0871 lb .1111 lb,37,PROFILES,,pg-tools-modular,"['human-consumer', 'human-needs', 'need-tools-repair', 'need-tools-repair-modular-framing', 'pg-tools-modular', 'pg-tools-modular-page-012', 'item-cat-004712']",
True,Historical catalog; current online refresh possible,circa 2014,Modular Framing / Profiles / Panels,pg-tools-modular,Modular Framing / Profiles / Panels,,lb .0810 lb .0815 lb,English,85,"80/20 Catalog 20, PDF page 34",72,medium,table_row,need-tools-repair-modular-framing,need-tools-repair-modular-framing,86,,I Y =. 174” 4 I Y =. 180” 4 I Y =. 172” 4 I Y =. 169” 4 I Y =. 185” 4 I Y =. 178” 4,circa 2014,80/20 Inc.,high,0722,need-tools-repair,90,Tools / Modular Framing,16,pg-tools-modular-page-008,0722,I Y =. 174” 4 I Y =. 180” 4 I Y =. 172” 4 I Y =. 169” 4 I Y =. 185” 4 I Y =. 178” 4,item-cat-004713,,"Verify current equivalent, price, availability and specifications before purchase.",CAT-004713,catalog-product,Extracted English catalog record — current status and price require verification,catalog_product,24,,Provisional heuristic; recalculate from User Profile and current offer evidence.,Catalog_20_20.pdf,English,34,0722,80/20 Catalog 20,SRC-0104,,80/20 Inc.,eight Per nch .0844 lb .0794 lb .0811 lb .0722 lb .0810 lb .0815 lb,37,I Y =. 174” 4 I Y =. 180” 4 I Y =. 172” 4 I Y =. 169” 4 I Y =. 185” 4 I Y =. 178” 4,,pg-tools-modular,"['human-consumer', 'human-needs', 'need-tools-repair', 'need-tools-repair-modular-framing', 'pg-tools-modular', 'pg-tools-modular-page-008', 'item-cat-004713']",
True,Historical catalog; current online refresh possible,circa 2014,Modular Framing / Profiles / Panels,pg-tools-modular,Modular Framing / Profiles / Panels,,lb .0877 lb .0871 lb .1111 lb,English,84,"80/20 Catalog 20, PDF page 34",72,medium,table_row,need-tools-repair-modular-framing,need-tools-repair-modular-framing,80,,PROFILES,circa 2014,80/20 Inc.,high,0770,need-tools-repair,90,Tools / Modular Framing,16,pg-tools-modular-page-012,0770,PROFILES,item-cat-004714,,"Verify current equivalent, price, availability and specifications before purchase.",CAT-004714,catalog-product,Extracted English catalog record — current status and price require verification,catalog_product,19,,Provisional heuristic; recalculate from User Profile and current offer evidence.,Catalog_20_20.pdf,English,34,0770,80/20 Catalog 20,SRC-0104,,80/20 Inc.,eight Per nch .0424 lb .0491 lb .0468 lb .0444 lb .0467 lb .0415 lb eight Per nch .0780 lb .0770 lb .0877 lb .0871 lb .1111 lb,37,PROFILES,,pg-tools-modular,"['human-consumer', 'human-needs', 'need-tools-repair', 'need-tools-repair-modular-framing', 'pg-tools-modular', 'pg-tools-modular-page-012', 'item-cat-004714']",
True,Historical catalog; current online refresh possible,circa 2014,Modular Framing / Profiles / Panels,pg-tools-modular,Modular Framing / Profiles / Panels,,lb .0770 lb .0877 lb .0871 lb .1111 lb,English,78,"80/20 Catalog 20, PDF page 34",72,medium,table_row,need-tools-repair-modular-framing,need-tools-repair-modular-framing,86,,PROFILES,circa 2014,80/20 Inc.,high,0780,need-tools-repair,90,Tools / Modular Framing,16,pg-tools-modular-page-012,0780,PROFILES,item-cat-004715,,"Verify current equivalent, price, availability and specifications before purchase.",CAT-004715,catalog-product,Extracted English catalog record — current status and price require verification,catalog_product,19,,Provisional heuristic; recalculate from User Profile and current offer evidence.,Catalog_20_20.pdf,English,34,0780,80/20 Catalog 20,SRC-0104,,80/20 Inc.,eight Per nch .0424 lb .0491 lb .0468 lb .0444 lb .0467 lb .0415 lb eight Per nch .0780 lb .0770 lb .0877 lb .0871 lb .1111 lb,37,PROFILES,,pg-tools-modular,"['human-consumer', 'human-needs', 'need-tools-repair', 'need-tools-repair-modular-framing', 'pg-tools-modular', 'pg-tools-modular-page-012', 'item-cat-004715']",
True,Historical catalog; current online refresh possible,circa 2014,Modular Framing / Profiles / Panels,pg-tools-modular,Modular Framing / Profiles / Panels,,lb .0811 lb .0722 lb .0810 lb .0815 lb,English,79,"80/20 Catalog 20, PDF page 34",72,medium,table_row,need-tools-repair-modular-framing,need-tools-repair-modular-framing,79,,I Y =. 174” 4 I Y =. 180” 4 I Y =. 172” 4 I Y =. 169” 4 I Y =. 185” 4 I Y =. 178” 4,circa 2014,80/20 Inc.,high,0794,need-tools-repair,90,Tools / Modular Framing,16,pg-tools-modular-page-008,0794,I Y =. 174” 4 I Y =. 180” 4 I Y =. 172” 4 I Y =. 169” 4 I Y =. 185” 4 I Y =. 178” 4,item-cat-004716,,"Verify current equivalent, price, availability and specifications before purchase.",CAT-004716,catalog-product,Extracted English catalog record — current status and price require verification,catalog_product,15,,Provisional heuristic; recalculate from User Profile and current offer evidence.,Catalog_20_20.pdf,English,34,0794,80/20 Catalog 20,SRC-0104,,80/20 Inc.,eight Per nch .0844 lb .0794 lb .0811 lb .0722 lb .0810 lb .0815 lb,37,I Y =. 174” 4 I Y =. 180” 4 I Y =. 172” 4 I Y =. 169” 4 I Y =. 185” 4 I Y =. 178” 4,,pg-tools-modular,"['human-consumer', 'human-needs', 'need-tools-repair', 'need-tools-repair-modular-framing', 'pg-tools-modular', 'pg-tools-modular-page-008', 'item-cat-004716']",
True,Historical catalog; current online refresh possible,circa 2014,Modular Framing / Profiles / Panels,pg-tools-modular,Modular Framing / Profiles / Panels,,lb .0806 lb .0812 lb .0825 lb .0822 lb,English,80,"80/20 Catalog 20, PDF page 34",72,medium,table_row,need-tools-repair-modular-framing,need-tools-repair-modular-framing,86,,"I Y =. 255"" 4 I Y =. 182"" 4 I Y =. 173"" 4 I Y =. 188"" 4 I Y =. 179"" 4 I Y =. 183"" 4",circa 2014,80/20 Inc.,high,0798,need-tools-repair,90,Tools / Modular Framing,16,pg-tools-modular-page-008,0798,"I Y =. 255"" 4 I Y =. 182"" 4 I Y =. 173"" 4 I Y =. 188"" 4 I Y =. 179"" 4 I Y =. 183"" 4",item-cat-004717,,"Verify current equivalent, price, availability and specifications before purchase.",CAT-004717,catalog-product,Extracted English catalog record — current status and price require verification,catalog_product,25,,Provisional heuristic; recalculate from User Profile and current offer evidence.,Catalog_20_20.pdf,English,34,0798,80/20 Catalog 20,SRC-0104,,80/20 Inc.,eight Per nch .1119 lb .0798 lb .0806 lb .0812 lb .0825 lb .0822 lb,37,"I Y =. 255"" 4 I Y =. 182"" 4 I Y =. 173"" 4 I Y =. 188"" 4 I Y =. 179"" 4 I Y =. 183"" 4",,pg-tools-modular,"['human-consumer', 'human-needs', 'need-tools-repair', 'need-tools-repair-modular-framing', 'pg-tools-modular', 'pg-tools-modular-page-008', 'item-cat-004717']",
True,Historical catalog; current online refresh possible,circa 2014,Modular Framing / Profiles / Panels,pg-tools-modular,Modular Framing / Profiles / Panels,,lb .0812 lb .0825 lb .0822 lb,English,78,"80/20 Catalog 20, PDF page 34",72,medium,table_row,need-tools-repair-modular-framing,need-tools-repair-modular-framing,79,,"I Y =. 255"" 4 I Y =. 182"" 4 I Y =. 173"" 4 I Y =. 188"" 4 I Y =. 179"" 4 I Y =. 183"" 4",circa 2014,80/20 Inc.,high,0806,need-tools-repair,90,Tools / Modular Framing,16,pg-tools-modular-page-008,0806,"I Y =. 255"" 4 I Y =. 182"" 4 I Y =. 173"" 4 I Y =. 188"" 4 I Y =. 179"" 4 I Y =. 183"" 4",item-cat-004718,,"Verify current equivalent, price, availability and specifications before purchase.",CAT-004718,catalog-product,Extracted English catalog record — current status and price require verification,catalog_product,20,,Provisional heuristic; recalculate from User Profile and current offer evidence.,Catalog_20_20.pdf,English,34,0806,80/20 Catalog 20,SRC-0104,,80/20 Inc.,eight Per nch .1119 lb .0798 lb .0806 lb .0812 lb .0825 lb .0822 lb,37,"I Y =. 255"" 4 I Y =. 182"" 4 I Y =. 173"" 4 I Y =. 188"" 4 I Y =. 179"" 4 I Y =. 183"" 4",,pg-tools-modular,"['human-consumer', 'human-needs', 'need-tools-repair', 'need-tools-repair-modular-framing', 'pg-tools-modular', 'pg-tools-modular-page-008', 'item-cat-004718']",
True,Historical catalog; current online refresh possible,circa 2014,Modular Framing / Profiles / Panels,pg-tools-modular,Modular Framing / Profiles / Panels,,lb .0722 lb .0810 lb .0815 lb,English,86,"80/20 Catalog 20, PDF page 34",72,medium,table_row,need-tools-repair-modular-framing,need-tools-repair-modular-framing,84,,I Y =. 174” 4 I Y =. 180” 4 I Y =. 172” 4 I Y =. 169” 4 I Y =. 185” 4 I Y =. 178” 4,circa 2014,80/20 Inc.,high,0811,need-tools-repair,90,Tools / Modular Framing,16,pg-tools-modular-page-008,0811,I Y =. 174” 4 I Y =. 180” 4 I Y =. 172” 4 I Y =. 169” 4 I Y =. 185” 4 I Y =. 178” 4,item-cat-004719,,"Verify current equivalent, price, availability and specifications before purchase.",CAT-004719,catalog-product,Extracted English catalog record — current status and price require verification,catalog_product,14,,Provisional heuristic; recalculate from User Profile and current offer evidence.,Catalog_20_20.pdf,English,34,0811,80/20 Catalog 20,SRC-0104,,80/20 Inc.,eight Per nch .0844 lb .0794 lb .0811 lb .0722 lb .0810 lb .0815 lb,37,I Y =. 174” 4 I Y =. 180” 4 I Y =. 172” 4 I Y =. 169” 4 I Y =. 185” 4 I Y =. 178” 4,,pg-tools-modular,"['human-consumer', 'human-needs', 'need-tools-repair', 'need-tools-repair-modular-framing', 'pg-tools-modular', 'pg-tools-modular-page-008', 'item-cat-004719']",
True,Historical catalog; current online refresh possible,circa 2014,Modular Framing / Profiles / Panels,pg-tools-modular,Modular Framing / Profiles / Panels,,lb .0825 lb .0822 lb,English,80,"80/20 Catalog 20, PDF page 34",72,medium,table_row,need-tools-repair-modular-framing,need-tools-repair-modular-framing,88,,"I Y =. 255"" 4 I Y =. 182"" 4 I Y =. 173"" 4 I Y =. 188"" 4 I Y =. 179"" 4 I Y =. 183"" 4",circa 2014,80/20 Inc.,high,0812,need-tools-repair,90,Tools / Modular Framing,16,pg-tools-modular-page-008,0812,"I Y =. 255"" 4 I Y =. 182"" 4 I Y =. 173"" 4 I Y =. 188"" 4 I Y =. 179"" 4 I Y =. 183"" 4",item-cat-004720,,"Verify current equivalent, price, availability and specifications before purchase.",CAT-004720,catalog-product,Extracted English catalog record — current status and price require verification,catalog_product,18,,Provisional heuristic; recalculate from User Profile and current offer evidence.,Catalog_20_20.pdf,English,34,0812,80/20 Catalog 20,SRC-0104,,80/20 Inc.,eight Per nch .1119 lb .0798 lb .0806 lb .0812 lb .0825 lb .0822 lb,37,"I Y =. 255"" 4 I Y =. 182"" 4 I Y =. 173"" 4 I Y =. 188"" 4 I Y =. 179"" 4 I Y =. 183"" 4",,pg-tools-modular,"['human-consumer', 'human-needs', 'need-tools-repair', 'need-tools-repair-modular-framing', 'pg-tools-modular', 'pg-tools-modular-page-008', 'item-cat-004720']",
True,Historical catalog; current online refresh possible,circa 2014,Modular Framing / Profiles / Panels,pg-tools-modular,Modular Framing / Profiles / Panels,,lb .0794 lb .0811 lb .0722 lb .0810 lb .0815 lb,English,83,"80/20 Catalog 20, PDF page 34",72,medium,table_row,need-tools-repair-modular-framing,need-tools-repair-modular-framing,87,,I Y =. 174” 4 I Y =. 180” 4 I Y =. 172” 4 I Y =. 169” 4 I Y =. 185” 4 I Y =. 178” 4,circa 2014,80/20 Inc.,high,0844,need-tools-repair,90,Tools / Modular Framing,16,pg-tools-modular-page-008,0844,I Y =. 174” 4 I Y =. 180” 4 I Y =. 172” 4 I Y =. 169” 4 I Y =. 185” 4 I Y =. 178” 4,item-cat-004721,,"Verify current equivalent, price, availability and specifications before purchase.",CAT-004721,catalog-product,Extracted English catalog record — current status and price require verification,catalog_product,15,,Provisional heuristic; recalculate from User Profile and current offer evidence.,Catalog_20_20.pdf,English,34,0844,80/20 Catalog 20,SRC-0104,,80/20 Inc.,eight Per nch .0844 lb .0794 lb .0811 lb .0722 lb .0810 lb .0815 lb,37,I Y =. 174” 4 I Y =. 180” 4 I Y =. 172” 4 I Y =. 169” 4 I Y =. 185” 4 I Y =. 178” 4,,pg-tools-modular,"['human-consumer', 'human-needs', 'need-tools-repair', 'need-tools-repair-modular-framing', 'pg-tools-modular', 'pg-tools-modular-page-008', 'item-cat-004721']",
True,Historical catalog; current online refresh possible,circa 2014,Modular Framing / Profiles / Panels,pg-tools-modular,Modular Framing / Profiles / Panels,,lb .0871 lb .1111 lb,English,79,"80/20 Catalog 20, PDF page 34",72,medium,table_row,need-tools-repair-modular-framing,need-tools-repair-modular-framing,81,,PROFILES,circa 2014,80/20 Inc.,high,0877,need-tools-repair,90,Tools / Modular Framing,16,pg-tools-modular-page-012,0877,PROFILES,item-cat-004722,,"Verify current equivalent, price, availability and specifications before purchase.",CAT-004722,catalog-product,Extracted English catalog record — current status and price require verification,catalog_product,24,,Provisional heuristic; recalculate from User Profile and current offer evidence.,Catalog_20_20.pdf,English,34,0877,80/20 Catalog 20,SRC-0104,,80/20 Inc.,eight Per nch .0424 lb .0491 lb .0468 lb .0444 lb .0467 lb .0415 lb eight Per nch .0780 lb .0770 lb .0877 lb .0871 lb .1111 lb,37,PROFILES,,pg-tools-modular,"['human-consumer', 'human-needs', 'need-tools-repair', 'need-tools-repair-modular-framing', 'pg-tools-modular', 'pg-tools-modular-page-012', 'item-cat-004722']",
True,Historical catalog; current online refresh possible,circa 2014,Modular Framing / Profiles / Panels,pg-tools-modular,Modular Framing / Profiles / Panels,,lb .0798 lb .0806 lb .0812 lb .0825 lb .0822 lb,English,81,"80/20 Catalog 20, PDF page 34",72,medium,table_row,need-tools-repair-modular-framing,need-tools-repair-modular-framing,81,,"I Y =. 255"" 4 I Y =. 182"" 4 I Y =. 173"" 4 I Y =. 188"" 4 I Y =. 179"" 4 I Y =. 183"" 4",circa 2014,80/20 Inc.,high,1119,need-tools-repair,90,Tools / Modular Framing,16,pg-tools-modular-page-008,1119,"I Y =. 255"" 4 I Y =. 182"" 4 I Y =. 173"" 4 I Y =. 188"" 4 I Y =. 179"" 4 I Y =. 183"" 4",item-cat-004723,,"Verify current equivalent, price, availability and specifications before purchase.",CAT-004723,catalog-product,Extracted English catalog record — current status and price require verification,catalog_product,24,,Provisional heuristic; recalculate from User Profile and current offer evidence.,Catalog_20_20.pdf,English,34,1119,80/20 Catalog 20,SRC-0104,,80/20 Inc.,eight Per nch .1119 lb .0798 lb .0806 lb .0812 lb .0825 lb .0822 lb,37,"I Y =. 255"" 4 I Y =. 182"" 4 I Y =. 173"" 4 I Y =. 188"" 4 I Y =. 179"" 4 I Y =. 183"" 4",,pg-tools-modular,"['human-consumer', 'human-needs', 'need-tools-repair', 'need-tools-repair-modular-framing', 'pg-tools-modular', 'pg-tools-modular-page-008', 'item-cat-004723']",
True,Historical catalog; current online refresh possible,circa 2014,Modular Framing / Profiles / Panels,pg-tools-modular,Modular Framing / Profiles / Panels,,15 Series,English,81,"80/20 Catalog 20, PDF page 34",72,medium,table_row,need-tools-repair-modular-framing,need-tools-repair-modular-framing,83,,15 Series,circa 2014,80/20 Inc.,high,1503-LS,need-tools-repair,90,Tools / Modular Framing,16,pg-tools-modular-page-002,1503-LS,15 Series,item-cat-004724,,"Verify current equivalent, price, availability and specifications before purchase.",CAT-004724,catalog-product,Extracted English catalog record — current status and price require verification,catalog_product,21,,Provisional heuristic; recalculate from User Profile and current offer evidence.,Catalog_20_20.pdf,English,34,1503-LS,80/20 Catalog 20,SRC-0104,,80/20 Inc.,Part No. 1515 1501-LS 1501 1502-LS 1502 1503-LS,37,15 Series,,pg-tools-modular,"['human-consumer', 'human-needs', 'need-tools-repair', 'need-tools-repair-modular-framing', 'pg-tools-modular', 'pg-tools-modular-page-002', 'item-cat-004724']",
True,Historical catalog; current online refresh possible,circa 2014,Modular Framing / Profiles / Panels,pg-tools-modular,Modular Framing / Profiles / Panels,,10 Series 15 Series,English,78,"80/20 Catalog 20, PDF page 34",72,medium,table_row,need-tools-repair-modular-framing,need-tools-repair-modular-framing,83,,10 Series 15 Series,circa 2014,80/20 Inc.,high,1515-S,need-tools-repair,90,Tools / Modular Framing,16,pg-tools-modular-page-002,1515-S,10 Series 15 Series,item-cat-004725,,"Verify current equivalent, price, availability and specifications before purchase.",CAT-004725,catalog-product,Extracted English catalog record — current status and price require verification,catalog_product,18,,Provisional heuristic; recalculate from User Profile and current offer evidence.,Catalog_20_20.pdf,English,34,1515-S,80/20 Catalog 20,SRC-0104,,80/20 Inc.,Part No. 1010 1001 1002 1003 1004 1012 Part No. 1515-ULS 1515-UL 1515-LS 1515-Lite 1515-S,37,10 Series 15 Series,,pg-tools-modular,"['human-consumer', 'human-needs', 'need-tools-repair', 'need-tools-repair-modular-framing', 'pg-tools-modular', 'pg-tools-modular-page-002', 'item-cat-004725']",
True,Historical catalog; current online refresh possible,circa 2014,Modular Framing / Profiles / Panels,pg-tools-modular,Modular Framing / Profiles / Panels,,I Y =. 033” 4 I Y =. 224” 4 I Y =. 305” 4 I Y =. 961” 4 I Y =. 552” 4 I Y =3 .564” 4,English,85,"80/20 Catalog 20, PDF page 34",72,medium,table_row,need-tools-repair-modular-framing,need-tools-repair-modular-framing,84,,I Y =. 033” 4 I Y =. 224” 4 I Y =. 305” 4 I Y =. 961” 4 I Y =. 552” 4 I Y =3 .564” 4,circa 2014,80/20 Inc.,high,1517,need-tools-repair,90,Tools / Modular Framing,16,pg-tools-modular-page-008,1517,I Y =. 033” 4 I Y =. 224” 4 I Y =. 305” 4 I Y =. 961” 4 I Y =. 552” 4 I Y =3 .564” 4,item-cat-004726,,"Verify current equivalent, price, availability and specifications before purchase.",CAT-004726,catalog-product,Extracted English catalog record — current status and price require verification,catalog_product,21,,Provisional heuristic; recalculate from User Profile and current offer evidence.,Catalog_20_20.pdf,English,34,1517,80/20 Catalog 20,SRC-0104,,80/20 Inc.,Part No. 1503 1504-LS 1504 1547 1517-LS 1517,37,I Y =. 033” 4 I Y =. 224” 4 I Y =. 305” 4 I Y =. 961” 4 I Y =. 552” 4 I Y =3 .564” 4,,pg-tools-modular,"['human-consumer', 'human-needs', 'need-tools-repair', 'need-tools-repair-modular-framing', 'pg-tools-modular', 'pg-tools-modular-page-008', 'item-cat-004726']",
True,Historical catalog; current online refresh possible,circa 2014,Modular Framing / Profiles / Panels,pg-tools-modular,Modular Framing / Profiles / Panels,,in.2 sti ate Area .810 in.2 .787 in.2 .882 in.2 .896 in.2,English,86,"80/20 Catalog 20, PDF page 34",72,medium,table_row,need-tools-repair-modular-framing,need-tools-repair-modular-framing,88,,PROFILES,circa 2014,80/20 Inc.,high,423,need-tools-repair,90,Tools / Modular Framing,16,pg-tools-modular-page-012,423,PROFILES,item-cat-004727,,"Verify current equivalent, price, availability and specifications before purchase.",CAT-004727,catalog-product,Extracted English catalog record — current status and price require verification,catalog_product,17,,Provisional heuristic; recalculate from User Profile and current offer evidence.,Catalog_20_20.pdf,English,34,423,80/20 Catalog 20,SRC-0104,,80/20 Inc.,sti ate Area .435 in.2 .506 in.2 .483 in.2 .459 in.2 .482 in.2 .423 in.2 sti ate Area .810 in.2 .787 in.2 .882 in.2 .896 in.2 1.138 in.2,37,PROFILES,,pg-tools-modular,"['human-consumer', 'human-needs', 'need-tools-repair', 'need-tools-repair-modular-framing', 'pg-tools-modular', 'pg-tools-modular-page-012', 'item-cat-004727']",
True,Historical catalog; current online refresh possible,circa 2014,Modular Framing / Profiles / Panels,pg-tools-modular,Modular Framing / Profiles / Panels,,in.2 .506 in.2 .483 in.2 .459 in.2 .482 in.2 .423 in.2,English,79,"80/20 Catalog 20, PDF page 34",72,medium,table_row,need-tools-repair-modular-framing,need-tools-repair-modular-framing,80,,PROFILES,circa 2014,80/20 Inc.,high,435,need-tools-repair,90,Tools / Modular Framing,16,pg-tools-modular-page-012,435,PROFILES,item-cat-004728,,"Verify current equivalent, price, availability and specifications before purchase.",CAT-004728,catalog-product,Extracted English catalog record — current status and price require verification,catalog_product,26,,Provisional heuristic; recalculate from User Profile and current offer evidence.,Catalog_20_20.pdf,English,34,435,80/20 Catalog 20,SRC-0104,,80/20 Inc.,sti ate Area .435 in.2 .506 in.2 .483 in.2 .459 in.2 .482 in.2 .423 in.2 sti ate Area .810 in.2 .787 in.2 .882 in.2 .896 in.2 1.138 in.2,37,PROFILES,,pg-tools-modular,"['human-consumer', 'human-needs', 'need-tools-repair', 'need-tools-repair-modular-framing', 'pg-tools-modular', 'pg-tools-modular-page-012', 'item-cat-004728']",
True,Historical catalog; current online refresh possible,circa 2014,Modular Framing / Profiles / Panels,pg-tools-modular,Modular Framing / Profiles / Panels,,in.2 .482 in.2 .423 in.2 sti ate Area .810 in.2 .787 in.2,English,83,"80/20 Catalog 20, PDF page 34",72,medium,table_row,need-tools-repair-modular-framing,need-tools-repair-modular-framing,81,,PROFILES,circa 2014,80/20 Inc.,high,459,need-tools-repair,90,Tools / Modular Framing,16,pg-tools-modular-page-012,459,PROFILES,item-cat-004729,,"Verify current equivalent, price, availability and specifications before purchase.",CAT-004729,catalog-product,Extracted English catalog record — current status and price require verification,catalog_product,14,,Provisional heuristic; recalculate from User Profile and current offer evidence.,Catalog_20_20.pdf,English,34,459,80/20 Catalog 20,SRC-0104,,80/20 Inc.,sti ate Area .435 in.2 .506 in.2 .483 in.2 .459 in.2 .482 in.2 .423 in.2 sti ate Area .810 in.2 .787 in.2 .882 in.2 .896 in.2 1.138 in.2,37,PROFILES,,pg-tools-modular,"['human-consumer', 'human-needs', 'need-tools-repair', 'need-tools-repair-modular-framing', 'pg-tools-modular', 'pg-tools-modular-page-012', 'item-cat-004729']",
True,Historical catalog; current online refresh possible,circa 2014,Modular Framing / Profiles / Panels,pg-tools-modular,Modular Framing / Profiles / Panels,,in.2 .423 in.2 sti ate Area .810 in.2 .787 in.2 .882 in.2,English,78,"80/20 Catalog 20, PDF page 34",72,medium,table_row,need-tools-repair-modular-framing,need-tools-repair-modular-framing,82,,PROFILES,circa 2014,80/20 Inc.,high,482,need-tools-repair,90,Tools / Modular Framing,16,pg-tools-modular-page-012,482,PROFILES,item-cat-004730,,"Verify current equivalent, price, availability and specifications before purchase.",CAT-004730,catalog-product,Extracted English catalog record — current status and price require verification,catalog_product,26,,Provisional heuristic; recalculate from User Profile and current offer evidence.,Catalog_20_20.pdf,English,34,482,80/20 Catalog 20,SRC-0104,,80/20 Inc.,sti ate Area .435 in.2 .506 in.2 .483 in.2 .459 in.2 .482 in.2 .423 in.2 sti ate Area .810 in.2 .787 in.2 .882 in.2 .896 in.2 1.138 in.2,37,PROFILES,,pg-tools-modular,"['human-consumer', 'human-needs', 'need-tools-repair', 'need-tools-repair-modular-framing', 'pg-tools-modular', 'pg-tools-modular-page-012', 'item-cat-004730']",
True,Historical catalog; current online refresh possible,circa 2014,Modular Framing / Profiles / Panels,pg-tools-modular,Modular Framing / Profiles / Panels,,in.2 .459 in.2 .482 in.2 .423 in.2 sti ate Area .810 in.2,English,78,"80/20 Catalog 20, PDF page 34",72,medium,table_row,need-tools-repair-modular-framing,need-tools-repair-modular-framing,89,,PROFILES,circa 2014,80/20 Inc.,high,483,need-tools-repair,90,Tools / Modular Framing,16,pg-tools-modular-page-012,483,PROFILES,item-cat-004731,,"Verify current equivalent, price, availability and specifications before purchase.",CAT-004731,catalog-product,Extracted English catalog record — current status and price require verification,catalog_product,23,,Provisional heuristic; recalculate from User Profile and current offer evidence.,Catalog_20_20.pdf,English,34,483,80/20 Catalog 20,SRC-0104,,80/20 Inc.,sti ate Area .435 in.2 .506 in.2 .483 in.2 .459 in.2 .482 in.2 .423 in.2 sti ate Area .810 in.2 .787 in.2 .882 in.2 .896 in.2 1.138 in.2,37,PROFILES,,pg-tools-modular,"['human-consumer', 'human-needs', 'need-tools-repair', 'need-tools-repair-modular-framing', 'pg-tools-modular', 'pg-tools-modular-page-012', 'item-cat-004731']",
True,Historical catalog; current online refresh possible,circa 2014,Modular Framing / Profiles / Panels,pg-tools-modular,Modular Framing / Profiles / Panels,,in.2 .483 in.2 .459 in.2 .482 in.2 .423 in.2 sti ate Area,English,82,"80/20 Catalog 20, PDF page 34",72,medium,table_row,need-tools-repair-modular-framing,need-tools-repair-modular-framing,83,,PROFILES,circa 2014,80/20 Inc.,high,506,need-tools-repair,90,Tools / Modular Framing,16,pg-tools-modular-page-012,506,PROFILES,item-cat-004732,,"Verify current equivalent, price, availability and specifications before purchase.",CAT-004732,catalog-product,Extracted English catalog record — current status and price require verification,catalog_product,14,,Provisional heuristic; recalculate from User Profile and current offer evidence.,Catalog_20_20.pdf,English,34,506,80/20 Catalog 20,SRC-0104,,80/20 Inc.,sti ate Area .435 in.2 .506 in.2 .483 in.2 .459 in.2 .482 in.2 .423 in.2 sti ate Area .810 in.2 .787 in.2 .882 in.2 .896 in.2 1.138 in.2,37,PROFILES,,pg-tools-modular,"['human-consumer', 'human-needs', 'need-tools-repair', 'need-tools-repair-modular-framing', 'pg-tools-modular', 'pg-tools-modular-page-012', 'item-cat-004732']",
True,Historical catalog; current online refresh possible,circa 2014,Modular Framing / Profiles / Panels,pg-tools-modular,Modular Framing / Profiles / Panels,,in.2 .748 in.2 .765 in.2,English,86,"80/20 Catalog 20, PDF page 34",72,medium,table_row,need-tools-repair-modular-framing,need-tools-repair-modular-framing,88,,I Y =. 174” 4 I Y =. 180” 4 I Y =. 172” 4 I Y =. 169” 4 I Y =. 185” 4 I Y =. 178” 4,circa 2014,80/20 Inc.,high,740,need-tools-repair,90,Tools / Modular Framing,16,pg-tools-modular-page-008,740,I Y =. 174” 4 I Y =. 180” 4 I Y =. 172” 4 I Y =. 169” 4 I Y =. 185” 4 I Y =. 178” 4,item-cat-004733,,"Verify current equivalent, price, availability and specifications before purchase.",CAT-004733,catalog-product,Extracted English catalog record — current status and price require verification,catalog_product,14,,Provisional heuristic; recalculate from User Profile and current offer evidence.,Catalog_20_20.pdf,English,34,740,80/20 Catalog 20,SRC-0104,,80/20 Inc.,sti ate Area .862 in.2 .815 in.2 .827 in.2 .740 in.2 .748 in.2 .765 in.2,37,I Y =. 174” 4 I Y =. 180” 4 I Y =. 172” 4 I Y =. 169” 4 I Y =. 185” 4 I Y =. 178” 4,,pg-tools-modular,"['human-consumer', 'human-needs', 'need-tools-repair', 'need-tools-repair-modular-framing', 'pg-tools-modular', 'pg-tools-modular-page-008', 'item-cat-004733']",
True,Historical catalog; current online refresh possible,circa 2014,Modular Framing / Profiles / Panels,pg-tools-modular,Modular Framing / Profiles / Panels,,in.2 .787 in.2 .882 in.2 .896 in.2,English,85,"80/20 Catalog 20, PDF page 34",72,medium,table_row,need-tools-repair-modular-framing,need-tools-repair-modular-framing,87,,PROFILES,circa 2014,80/20 Inc.,high,810,need-tools-repair,90,Tools / Modular Framing,16,pg-tools-modular-page-012,810,PROFILES,item-cat-004734,,"Verify current equivalent, price, availability and specifications before purchase.",CAT-004734,catalog-product,Extracted English catalog record — current status and price require verification,catalog_product,19,,Provisional heuristic; recalculate from User Profile and current offer evidence.,Catalog_20_20.pdf,English,34,810,80/20 Catalog 20,SRC-0104,,80/20 Inc.,sti ate Area .435 in.2 .506 in.2 .483 in.2 .459 in.2 .482 in.2 .423 in.2 sti ate Area .810 in.2 .787 in.2 .882 in.2 .896 in.2 1.138 in.2,37,PROFILES,,pg-tools-modular,"['human-consumer', 'human-needs', 'need-tools-repair', 'need-tools-repair-modular-framing', 'pg-tools-modular', 'pg-tools-modular-page-012', 'item-cat-004734']",
True,Historical catalog; current online refresh possible,circa 2014,Modular Framing / Profiles / Panels,pg-tools-modular,Modular Framing / Profiles / Panels,,in.2 .740 in.2 .748 in.2 .765 in.2,English,85,"80/20 Catalog 20, PDF page 34",72,medium,table_row,need-tools-repair-modular-framing,need-tools-repair-modular-framing,87,,I Y =. 174” 4 I Y =. 180” 4 I Y =. 172” 4 I Y =. 169” 4 I Y =. 185” 4 I Y =. 178” 4,circa 2014,80/20 Inc.,high,827,need-tools-repair,90,Tools / Modular Framing,16,pg-tools-modular-page-008,827,I Y =. 174” 4 I Y =. 180” 4 I Y =. 172” 4 I Y =. 169” 4 I Y =. 185” 4 I Y =. 178” 4,item-cat-004735,,"Verify current equivalent, price, availability and specifications before purchase.",CAT-004735,catalog-product,Extracted English catalog record — current status and price require verification,catalog_product,15,,Provisional heuristic; recalculate from User Profile and current offer evidence.,Catalog_20_20.pdf,English,34,827,80/20 Catalog 20,SRC-0104,,80/20 Inc.,sti ate Area .862 in.2 .815 in.2 .827 in.2 .740 in.2 .748 in.2 .765 in.2,37,I Y =. 174” 4 I Y =. 180” 4 I Y =. 172” 4 I Y =. 169” 4 I Y =. 185” 4 I Y =. 178” 4,,pg-tools-modular,"['human-consumer', 'human-needs', 'need-tools-repair', 'need-tools-repair-modular-framing', 'pg-tools-modular', 'pg-tools-modular-page-008', 'item-cat-004735']",
True,Historical catalog; current online refresh possible,circa 2014,Modular Framing / Profiles / Panels,pg-tools-modular,Modular Framing / Profiles / Panels,,in.2 .844 in.2 .848 in.2,English,81,"80/20 Catalog 20, PDF page 34",72,medium,table_row,need-tools-repair-modular-framing,need-tools-repair-modular-framing,82,,"I Y =. 255"" 4 I Y =. 182"" 4 I Y =. 173"" 4 I Y =. 188"" 4 I Y =. 179"" 4 I Y =. 183"" 4",circa 2014,80/20 Inc.,high,832,need-tools-repair,90,Tools / Modular Framing,16,pg-tools-modular-page-008,832,"I Y =. 255"" 4 I Y =. 182"" 4 I Y =. 173"" 4 I Y =. 188"" 4 I Y =. 179"" 4 I Y =. 183"" 4",item-cat-004736,,"Verify current equivalent, price, availability and specifications before purchase.",CAT-004736,catalog-product,Extracted English catalog record — current status and price require verification,catalog_product,19,,Provisional heuristic; recalculate from User Profile and current offer evidence.,Catalog_20_20.pdf,English,34,832,80/20 Catalog 20,SRC-0104,,80/20 Inc.,sti ate Area 1.152 in.2 .815 in.2 .826 in.2 .832 in.2 .844 in.2 .848 in.2,37,"I Y =. 255"" 4 I Y =. 182"" 4 I Y =. 173"" 4 I Y =. 188"" 4 I Y =. 179"" 4 I Y =. 183"" 4",,pg-tools-modular,"['human-consumer', 'human-needs', 'need-tools-repair', 'need-tools-repair-modular-framing', 'pg-tools-modular', 'pg-tools-modular-page-008', 'item-cat-004736']",
True,Historical catalog; current online refresh possible,circa 2014,Modular Framing / Profiles / Panels,pg-tools-modular,Modular Framing / Profiles / Panels,,in.2 .815 in.2 .827 in.2 .740 in.2 .748 in.2 .765 in.2,English,79,"80/20 Catalog 20, PDF page 34",72,medium,table_row,need-tools-repair-modular-framing,need-tools-repair-modular-framing,81,,I Y =. 174” 4 I Y =. 180” 4 I Y =. 172” 4 I Y =. 169” 4 I Y =. 185” 4 I Y =. 178” 4,circa 2014,80/20 Inc.,high,862,need-tools-repair,90,Tools / Modular Framing,16,pg-tools-modular-page-008,862,I Y =. 174” 4 I Y =. 180” 4 I Y =. 172” 4 I Y =. 169” 4 I Y =. 185” 4 I Y =. 178” 4,item-cat-004737,,"Verify current equivalent, price, availability and specifications before purchase.",CAT-004737,catalog-product,Extracted English catalog record — current status and price require verification,catalog_product,18,,Provisional heuristic; recalculate from User Profile and current offer evidence.,Catalog_20_20.pdf,English,34,862,80/20 Catalog 20,SRC-0104,,80/20 Inc.,sti ate Area .862 in.2 .815 in.2 .827 in.2 .740 in.2 .748 in.2 .765 in.2,37,I Y =. 174” 4 I Y =. 180” 4 I Y =. 172” 4 I Y =. 169” 4 I Y =. 185” 4 I Y =. 178” 4,,pg-tools-modular,"['human-consumer', 'human-needs', 'need-tools-repair', 'need-tools-repair-modular-framing', 'pg-tools-modular', 'pg-tools-modular-page-008', 'item-cat-004737']",
True,Historical catalog; current online refresh possible,circa 2014,Modular Framing / Profiles / Panels,pg-tools-modular,Modular Framing / Profiles / Panels,,lb .1284 lb .1151 lb .1325 lb .1340 lb eight Per eter,English,82,"80/20 Catalog 20, PDF page 35",72,medium,table_row,need-tools-repair-modular-framing,need-tools-repair-modular-framing,86,,PROFILES,circa 2014,80/20 Inc.,high,0615,need-tools-repair,90,Tools / Modular Framing,16,pg-tools-modular-page-012,0615,PROFILES,item-cat-004738,,"Verify current equivalent, price, availability and specifications before purchase.",CAT-004738,catalog-product,Extracted English catalog record — current status and price require verification,catalog_product,23,,Provisional heuristic; recalculate from User Profile and current offer evidence.,Catalog_20_20.pdf,English,35,0615,80/20 Catalog 20,SRC-0104,,80/20 Inc.,eight Per nch .0666 lb .0615 lb .1284 lb .1151 lb .1325 lb .1340 lb eight Per eter .3969 k g . 7371 k g 1.0773 k g,37,PROFILES,,pg-tools-modular,"['human-consumer', 'human-needs', 'need-tools-repair', 'need-tools-repair-modular-framing', 'pg-tools-modular', 'pg-tools-modular-page-012', 'item-cat-004738']",
True,Historical catalog; current online refresh possible,circa 2014,Modular Framing / Profiles / Panels,pg-tools-modular,Modular Framing / Profiles / Panels,,lb .0615 lb .1284 lb .1151 lb .1325 lb .1340 lb,English,84,"80/20 Catalog 20, PDF page 35",72,medium,table_row,need-tools-repair-modular-framing,need-tools-repair-modular-framing,82,,PROFILES,circa 2014,80/20 Inc.,high,0666,need-tools-repair,90,Tools / Modular Framing,16,pg-tools-modular-page-012,0666,PROFILES,item-cat-004739,,"Verify current equivalent, price, availability and specifications before purchase.",CAT-004739,catalog-product,Extracted English catalog record — current status and price require verification,catalog_product,16,,Provisional heuristic; recalculate from User Profile and current offer evidence.,Catalog_20_20.pdf,English,35,0666,80/20 Catalog 20,SRC-0104,,80/20 Inc.,eight Per nch .0666 lb .0615 lb .1284 lb .1151 lb .1325 lb .1340 lb eight Per eter .3969 k g . 7371 k g 1.0773 k g,37,PROFILES,,pg-tools-modular,"['human-consumer', 'human-needs', 'need-tools-repair', 'need-tools-repair-modular-framing', 'pg-tools-modular', 'pg-tools-modular-page-012', 'item-cat-004739']",
True,Historical catalog; current online refresh possible,circa 2014,Modular Framing / Profiles / Panels,pg-tools-modular,Modular Framing / Profiles / Panels,,lb .1325 lb .1340 lb eight Per eter .3969 k g . 7371 k g,English,79,"80/20 Catalog 20, PDF page 35",72,medium,table_row,need-tools-repair-modular-framing,need-tools-repair-modular-framing,83,,PROFILES,circa 2014,80/20 Inc.,high,1151,need-tools-repair,90,Tools / Modular Framing,16,pg-tools-modular-page-012,1151,PROFILES,item-cat-004740,,"Verify current equivalent, price, availability and specifications before purchase.",CAT-004740,catalog-product,Extracted English catalog record — current status and price require verification,catalog_product,26,,Provisional heuristic; recalculate from User Profile and current offer evidence.,Catalog_20_20.pdf,English,35,1151,80/20 Catalog 20,SRC-0104,,80/20 Inc.,eight Per nch .0666 lb .0615 lb .1284 lb .1151 lb .1325 lb .1340 lb eight Per eter .3969 k g . 7371 k g 1.0773 k g,37,PROFILES,,pg-tools-modular,"['human-consumer', 'human-needs', 'need-tools-repair', 'need-tools-repair-modular-framing', 'pg-tools-modular', 'pg-tools-modular-page-012', 'item-cat-004740']",
True,Historical catalog; current online refresh possible,circa 2014,Modular Framing / Profiles / Panels,pg-tools-modular,Modular Framing / Profiles / Panels,,lb .1151 lb .1325 lb .1340 lb eight Per eter .3969 k g,English,79,"80/20 Catalog 20, PDF page 35",72,medium,table_row,need-tools-repair-modular-framing,need-tools-repair-modular-framing,83,,PROFILES,circa 2014,80/20 Inc.,high,1284,need-tools-repair,90,Tools / Modular Framing,16,pg-tools-modular-page-012,1284,PROFILES,item-cat-004741,,"Verify current equivalent, price, availability and specifications before purchase.",CAT-004741,catalog-product,Extracted English catalog record — current status and price require verification,catalog_product,18,,Provisional heuristic; recalculate from User Profile and current offer evidence.,Catalog_20_20.pdf,English,35,1284,80/20 Catalog 20,SRC-0104,,80/20 Inc.,eight Per nch .0666 lb .0615 lb .1284 lb .1151 lb .1325 lb .1340 lb eight Per eter .3969 k g . 7371 k g 1.0773 k g,37,PROFILES,,pg-tools-modular,"['human-consumer', 'human-needs', 'need-tools-repair', 'need-tools-repair-modular-framing', 'pg-tools-modular', 'pg-tools-modular-page-012', 'item-cat-004741']",
True,Historical catalog; current online refresh possible,circa 2014,Modular Framing / Profiles / Panels,pg-tools-modular,Modular Framing / Profiles / Panels,,lb .1340 lb eight Per eter .3969 k g . 7371 k g,English,79,"80/20 Catalog 20, PDF page 35",72,medium,table_row,need-tools-repair-modular-framing,need-tools-repair-modular-framing,88,,PROFILES,circa 2014,80/20 Inc.,high,1325,need-tools-repair,90,Tools / Modular Framing,16,pg-tools-modular-page-012,1325,PROFILES,item-cat-004742,,"Verify current equivalent, price, availability and specifications before purchase.",CAT-004742,catalog-product,Extracted English catalog record — current status and price require verification,catalog_product,19,,Provisional heuristic; recalculate from User Profile and current offer evidence.,Catalog_20_20.pdf,English,35,1325,80/20 Catalog 20,SRC-0104,,80/20 Inc.,eight Per nch .0666 lb .0615 lb .1284 lb .1151 lb .1325 lb .1340 lb eight Per eter .3969 k g . 7371 k g 1.0773 k g,37,PROFILES,,pg-tools-modular,"['human-consumer', 'human-needs', 'need-tools-repair', 'need-tools-repair-modular-framing', 'pg-tools-modular', 'pg-tools-modular-page-012', 'item-cat-004742']",
True,Historical catalog; current online refresh possible,circa 2014,Modular Framing / Profiles / Panels,pg-tools-modular,Modular Framing / Profiles / Panels,,lb eight Per eter .3969 k g . 7371 k g,English,85,"80/20 Catalog 20, PDF page 35",72,medium,table_row,need-tools-repair-modular-framing,need-tools-repair-modular-framing,85,,PROFILES,circa 2014,80/20 Inc.,high,1340,need-tools-repair,90,Tools / Modular Framing,16,pg-tools-modular-page-012,1340,PROFILES,item-cat-004743,,"Verify current equivalent, price, availability and specifications before purchase.",CAT-004743,catalog-product,Extracted English catalog record — current status and price require verification,catalog_product,20,,Provisional heuristic; recalculate from User Profile and current offer evidence.,Catalog_20_20.pdf,English,35,1340,80/20 Catalog 20,SRC-0104,,80/20 Inc.,eight Per nch .0666 lb .0615 lb .1284 lb .1151 lb .1325 lb .1340 lb eight Per eter .3969 k g . 7371 k g 1.0773 k g,37,PROFILES,,pg-tools-modular,"['human-consumer', 'human-needs', 'need-tools-repair', 'need-tools-repair-modular-framing', 'pg-tools-modular', 'pg-tools-modular-page-012', 'item-cat-004743']",
True,Historical catalog; current online refresh possible,circa 2014,Modular Framing / Profiles / Panels,pg-tools-modular,Modular Framing / Profiles / Panels,,Part No.,English,79,"80/20 Catalog 20, PDF page 35",72,medium,table_row,need-tools-repair-modular-framing,need-tools-repair-modular-framing,84,,15 Series 20 Series,circa 2014,80/20 Inc.,high,1530-UL,need-tools-repair,90,Tools / Modular Framing,16,pg-tools-modular-page-002,1530-UL,15 Series 20 Series,item-cat-004744,,"Verify current equivalent, price, availability and specifications before purchase.",CAT-004744,catalog-product,Extracted English catalog record — current status and price require verification,catalog_product,25,,Provisional heuristic; recalculate from User Profile and current offer evidence.,Catalog_20_20.pdf,English,35,1530-UL,80/20 Catalog 20,SRC-0104,,80/20 Inc.,Part No. 1575 15 -Lite 3075 -Lite 1530-ULS 1530-UL Part No. 20-2020 20-2040 20-4040,37,15 Series 20 Series,,pg-tools-modular,"['human-consumer', 'human-needs', 'need-tools-repair', 'need-tools-repair-modular-framing', 'pg-tools-modular', 'pg-tools-modular-page-002', 'item-cat-004744']",
True,Historical catalog; current online refresh possible,circa 2014,Modular Framing / Profiles / Panels,pg-tools-modular,Modular Framing / Profiles / Panels,,1530-UL Part No.,English,82,"80/20 Catalog 20, PDF page 35",72,medium,table_row,need-tools-repair-modular-framing,need-tools-repair-modular-framing,80,,15 Series 20 Series,circa 2014,80/20 Inc.,high,1530-ULS,need-tools-repair,90,Tools / Modular Framing,16,pg-tools-modular-page-002,1530-ULS,15 Series 20 Series,item-cat-004745,,"Verify current equivalent, price, availability and specifications before purchase.",CAT-004745,catalog-product,Extracted English catalog record — current status and price require verification,catalog_product,23,,Provisional heuristic; recalculate from User Profile and current offer evidence.,Catalog_20_20.pdf,English,35,1530-ULS,80/20 Catalog 20,SRC-0104,,80/20 Inc.,Part No. 1575 15 -Lite 3075 -Lite 1530-ULS 1530-UL Part No. 20-2020 20-2040 20-4040,37,15 Series 20 Series,,pg-tools-modular,"['human-consumer', 'human-needs', 'need-tools-repair', 'need-tools-repair-modular-framing', 'pg-tools-modular', 'pg-tools-modular-page-002', 'item-cat-004745']",
True,Historical catalog; current online refresh possible,circa 2014,Modular Framing / Profiles / Panels,pg-tools-modular,Modular Framing / Profiles / Panels,,1545 Finish Anodiz e # 204-R 1,English,81,"80/20 Catalog 20, PDF page 35",72,medium,table_row,need-tools-repair-modular-framing,need-tools-repair-modular-framing,82,,15 Series,circa 2014,80/20 Inc.,high,1545-S,need-tools-repair,90,Tools / Modular Framing,16,pg-tools-modular-page-002,1545-S,15 Series,item-cat-004746,,"Verify current equivalent, price, availability and specifications before purchase.",CAT-004746,catalog-product,Extracted English catalog record — current status and price require verification,catalog_product,19,,Provisional heuristic; recalculate from User Profile and current offer evidence.,Catalog_20_20.pdf,English,35,1545-S,80/20 Catalog 20,SRC-0104,,80/20 Inc.,Part No. 1530-LS 15 -Lite 1530-S 1530 1545-S 1545 Finish Anodiz e # 204-R 1,37,15 Series,,pg-tools-modular,"['human-consumer', 'human-needs', 'need-tools-repair', 'need-tools-repair-modular-framing', 'pg-tools-modular', 'pg-tools-modular-page-002', 'item-cat-004746']",
True,Historical catalog; current online refresh possible,circa 2014,Modular Framing / Profiles / Panels,pg-tools-modular,Modular Framing / Profiles / Panels,,lb .1987 lb .2017 lb .2863 lb .2914 lb,English,81,"80/20 Catalog 20, PDF page 35",72,medium,table_row,need-tools-repair-modular-framing,need-tools-repair-modular-framing,81,,I Y =1 .382” 4 I Y =1 .382” 4 I Y =1 .803” 4 I Y =1 .803” 4 I Y =5 .634” 4 I Y =5 .688” 4,circa 2014,80/20 Inc.,high,1676,need-tools-repair,90,Tools / Modular Framing,16,pg-tools-modular-page-009,1676,I Y =1 .382” 4 I Y =1 .382” 4 I Y =1 .803” 4 I Y =1 .803” 4 I Y =5 .634” 4 I Y =5 .688” 4,item-cat-004747,,"Verify current equivalent, price, availability and specifications before purchase.",CAT-004747,catalog-product,Extracted English catalog record — current status and price require verification,catalog_product,24,,Provisional heuristic; recalculate from User Profile and current offer evidence.,Catalog_20_20.pdf,English,35,1676,80/20 Catalog 20,SRC-0104,,80/20 Inc.,eight Per nch .1695 lb .1676 lb .1987 lb .2017 lb .2863 lb .2914 lb,37,I Y =1 .382” 4 I Y =1 .382” 4 I Y =1 .803” 4 I Y =1 .803” 4 I Y =5 .634” 4 I Y =5 .688” 4,,pg-tools-modular,"['human-consumer', 'human-needs', 'need-tools-repair', 'need-tools-repair-modular-framing', 'pg-tools-modular', 'pg-tools-modular-page-009', 'item-cat-004747']",
True,Historical catalog; current online refresh possible,circa 2014,Modular Framing / Profiles / Panels,pg-tools-modular,Modular Framing / Profiles / Panels,,lb .1676 lb .1987 lb .2017 lb .2863 lb .2914 lb,English,86,"80/20 Catalog 20, PDF page 35",72,medium,table_row,need-tools-repair-modular-framing,need-tools-repair-modular-framing,80,,I Y =1 .382” 4 I Y =1 .382” 4 I Y =1 .803” 4 I Y =1 .803” 4 I Y =5 .634” 4 I Y =5 .688” 4,circa 2014,80/20 Inc.,high,1695,need-tools-repair,90,Tools / Modular Framing,16,pg-tools-modular-page-009,1695,I Y =1 .382” 4 I Y =1 .382” 4 I Y =1 .803” 4 I Y =1 .803” 4 I Y =5 .634” 4 I Y =5 .688” 4,item-cat-004748,,"Verify current equivalent, price, availability and specifications before purchase.",CAT-004748,catalog-product,Extracted English catalog record — current status and price require verification,catalog_product,20,,Provisional heuristic; recalculate from User Profile and current offer evidence.,Catalog_20_20.pdf,English,35,1695,80/20 Catalog 20,SRC-0104,,80/20 Inc.,eight Per nch .1695 lb .1676 lb .1987 lb .2017 lb .2863 lb .2914 lb,37,I Y =1 .382” 4 I Y =1 .382” 4 I Y =1 .803” 4 I Y =1 .803” 4 I Y =5 .634” 4 I Y =5 .688” 4,,pg-tools-modular,"['human-consumer', 'human-needs', 'need-tools-repair', 'need-tools-repair-modular-framing', 'pg-tools-modular', 'pg-tools-modular-page-009', 'item-cat-004748']",
True,Historical catalog; current online refresh possible,circa 2014,Modular Framing / Profiles / Panels,pg-tools-modular,Modular Framing / Profiles / Panels,,lb .2700 lb .3190 lb .3344 lb .6233 lb,English,80,"80/20 Catalog 20, PDF page 35",72,medium,table_row,need-tools-repair-modular-framing,need-tools-repair-modular-framing,86,,I Y =2 .671” 4 I Y =2 .690” 4 I Y 3= .229” 4 I Y =3 .249” 4 I Y =2 1.154” 4,circa 2014,80/20 Inc.,high,2690,need-tools-repair,90,Tools / Modular Framing,16,pg-tools-modular-page-009,2690,I Y =2 .671” 4 I Y =2 .690” 4 I Y 3= .229” 4 I Y =3 .249” 4 I Y =2 1.154” 4,item-cat-004749,,"Verify current equivalent, price, availability and specifications before purchase.",CAT-004749,catalog-product,Extracted English catalog record — current status and price require verification,catalog_product,26,,Provisional heuristic; recalculate from User Profile and current offer evidence.,Catalog_20_20.pdf,English,35,2690,80/20 Catalog 20,SRC-0104,,80/20 Inc.,eight Per nch .2690 lb .2700 lb .3190 lb .3344 lb .6233 lb,37,I Y =2 .671” 4 I Y =2 .690” 4 I Y 3= .229” 4 I Y =3 .249” 4 I Y =2 1.154” 4,,pg-tools-modular,"['human-consumer', 'human-needs', 'need-tools-repair', 'need-tools-repair-modular-framing', 'pg-tools-modular', 'pg-tools-modular-page-009', 'item-cat-004749']",
True,Historical catalog; current online refresh possible,circa 2014,Modular Framing / Profiles / Panels,pg-tools-modular,Modular Framing / Profiles / Panels,,lb .3190 lb .3344 lb .6233 lb,English,86,"80/20 Catalog 20, PDF page 35",72,medium,table_row,need-tools-repair-modular-framing,need-tools-repair-modular-framing,79,,I Y =2 .671” 4 I Y =2 .690” 4 I Y 3= .229” 4 I Y =3 .249” 4 I Y =2 1.154” 4,circa 2014,80/20 Inc.,high,2700,need-tools-repair,90,Tools / Modular Framing,16,pg-tools-modular-page-009,2700,I Y =2 .671” 4 I Y =2 .690” 4 I Y 3= .229” 4 I Y =3 .249” 4 I Y =2 1.154” 4,item-cat-004750,,"Verify current equivalent, price, availability and specifications before purchase.",CAT-004750,catalog-product,Extracted English catalog record — current status and price require verification,catalog_product,24,,Provisional heuristic; recalculate from User Profile and current offer evidence.,Catalog_20_20.pdf,English,35,2700,80/20 Catalog 20,SRC-0104,,80/20 Inc.,eight Per nch .2690 lb .2700 lb .3190 lb .3344 lb .6233 lb,37,I Y =2 .671” 4 I Y =2 .690” 4 I Y 3= .229” 4 I Y =3 .249” 4 I Y =2 1.154” 4,,pg-tools-modular,"['human-consumer', 'human-needs', 'need-tools-repair', 'need-tools-repair-modular-framing', 'pg-tools-modular', 'pg-tools-modular-page-009', 'item-cat-004750']",
True,Historical catalog; current online refresh possible,circa 2014,Modular Framing / Profiles / Panels,pg-tools-modular,Modular Framing / Profiles / Panels,,lb .3344 lb .6233 lb,English,80,"80/20 Catalog 20, PDF page 35",72,medium,table_row,need-tools-repair-modular-framing,need-tools-repair-modular-framing,88,,I Y =2 .671” 4 I Y =2 .690” 4 I Y 3= .229” 4 I Y =3 .249” 4 I Y =2 1.154” 4,circa 2014,80/20 Inc.,high,3190,need-tools-repair,90,Tools / Modular Framing,16,pg-tools-modular-page-009,3190,I Y =2 .671” 4 I Y =2 .690” 4 I Y 3= .229” 4 I Y =3 .249” 4 I Y =2 1.154” 4,item-cat-004751,,"Verify current equivalent, price, availability and specifications before purchase.",CAT-004751,catalog-product,Extracted English catalog record — current status and price require verification,catalog_product,14,,Provisional heuristic; recalculate from User Profile and current offer evidence.,Catalog_20_20.pdf,English,35,3190,80/20 Catalog 20,SRC-0104,,80/20 Inc.,eight Per nch .2690 lb .2700 lb .3190 lb .3344 lb .6233 lb,37,I Y =2 .671” 4 I Y =2 .690” 4 I Y 3= .229” 4 I Y =3 .249” 4 I Y =2 1.154” 4,,pg-tools-modular,"['human-consumer', 'human-needs', 'need-tools-repair', 'need-tools-repair-modular-framing', 'pg-tools-modular', 'pg-tools-modular-page-009', 'item-cat-004751']",
True,Historical catalog; current online refresh possible,circa 2014,Modular Framing / Profiles / Panels,pg-tools-modular,Modular Framing / Profiles / Panels,,k g .8505 k g .7938 k g .7371 k g .7938 k g .6237 k g,English,83,"80/20 Catalog 20, PDF page 35",72,medium,table_row,need-tools-repair-modular-framing,need-tools-repair-modular-framing,83,,15 Series,circa 2014,80/20 Inc.,high,6804,need-tools-repair,90,Tools / Modular Framing,16,pg-tools-modular-page-002,6804,15 Series,item-cat-004752,,"Verify current equivalent, price, availability and specifications before purchase.",CAT-004752,catalog-product,Extracted English catalog record — current status and price require verification,catalog_product,19,,Provisional heuristic; recalculate from User Profile and current offer evidence.,Catalog_20_20.pdf,English,35,6804,80/20 Catalog 20,SRC-0104,,80/20 Inc.,eight Per eter .6804 k g .8505 k g .7938 k g .7371 k g .7938 k g .6237 k g,37,15 Series,,pg-tools-modular,"['human-consumer', 'human-needs', 'need-tools-repair', 'need-tools-repair-modular-framing', 'pg-tools-modular', 'pg-tools-modular-page-002', 'item-cat-004752']",
True,Historical catalog; current online refresh possible,circa 2014,Modular Framing / Profiles / Panels,pg-tools-modular,Modular Framing / Profiles / Panels,,k g .7938 k g .6237 k g,English,86,"80/20 Catalog 20, PDF page 35",72,medium,table_row,need-tools-repair-modular-framing,need-tools-repair-modular-framing,82,,15 Series,circa 2014,80/20 Inc.,high,7371,need-tools-repair,90,Tools / Modular Framing,16,pg-tools-modular-page-002,7371,15 Series,item-cat-004753,,"Verify current equivalent, price, availability and specifications before purchase.",CAT-004753,catalog-product,Extracted English catalog record — current status and price require verification,catalog_product,19,,Provisional heuristic; recalculate from User Profile and current offer evidence.,Catalog_20_20.pdf,English,35,7371,80/20 Catalog 20,SRC-0104,,80/20 Inc.,eight Per eter .6804 k g .8505 k g .7938 k g .7371 k g .7938 k g .6237 k g,37,15 Series,,pg-tools-modular,"['human-consumer', 'human-needs', 'need-tools-repair', 'need-tools-repair-modular-framing', 'pg-tools-modular', 'pg-tools-modular-page-002', 'item-cat-004753']",
